Copyright 1986-2022 Xilinx, Inc. All Rights Reserved. Copyright 2022-2026 Advanced Micro Devices, Inc. All Rights Reserved.
---------------------------------------------------------------------------------------------------------------------------------------------
| Tool Version : Vivado v.2026.1 (win64) Build 6511674 Tue Jun 16 11:02:23 MDT 2026
| Date         : Tue Sep 29 15:02:52 2026
| Host         : <redacted> running 64-bit major release  (build 9200)
| Command      : report_timing_summary -delay_type min_max -max_paths 25 -file conv3x3_engine_W1920_tim_impl.rpt
| Design       : conv3x3_engine
| Device       : 7z020-clg400
| Speed File   : -1  PRODUCTION 1.12 2019-11-22
| Design State : Routed
---------------------------------------------------------------------------------------------------------------------------------------------

Timing Summary Report

------------------------------------------------------------------------------------------------
| Timer Settings
| --------------
------------------------------------------------------------------------------------------------

  Enable Multi Corner Analysis               :  Yes
  Enable Pessimism Removal                   :  Yes
  Pessimism Removal Resolution               :  Nearest Common Node
  Enable Input Delay Default Clock           :  No
  Enable Preset / Clear Arcs                 :  No
  Disable Flight Delays                      :  No
  Ignore I/O Paths                           :  No
  Timing Early Launch at Borrowing Latches   :  No
  Borrow Time for Max Delay Exceptions       :  Yes
  Merge Timing Exceptions                    :  Yes
  Inter-SLR Compensation                     :  Conservative

  Corner  Analyze    Analyze    
  Name    Max Paths  Min Paths  
  ------  ---------  ---------  
  Slow    Yes        Yes        
  Fast    Yes        Yes        


------------------------------------------------------------------------------------------------
| Report Methodology
| ------------------
------------------------------------------------------------------------------------------------

No report available as report_methodology has not been run prior. Run report_methodology on the current design for the summary of methodology violations.



check_timing report

Table of Contents
-----------------
1. checking no_clock (0)
2. checking constant_clock (0)
3. checking pulse_width_clock (0)
4. checking unconstrained_internal_endpoints (0)
5. checking no_input_delay (0)
6. checking no_output_delay (0)
7. checking multiple_clock (0)
8. checking generated_clocks (0)
9. checking loops (0)
10. checking partial_input_delay (0)
11. checking partial_output_delay (0)
12. checking latch_loops (0)

1. checking no_clock (0)
------------------------
 There are 0 register/latch pins with no clock.


2. checking constant_clock (0)
------------------------------
 There are 0 register/latch pins with constant_clock.


3. checking pulse_width_clock (0)
---------------------------------
 There are 0 register/latch pins which need pulse_width check


4. checking unconstrained_internal_endpoints (0)
------------------------------------------------
 There are 0 pins that are not constrained for maximum delay.

 There are 0 pins that are not constrained for maximum delay due to constant clock.


5. checking no_input_delay (0)
------------------------------
 There are 0 input ports with no input delay specified.

 There are 0 input ports with no input delay but user has a false path constraint.


6. checking no_output_delay (0)
-------------------------------
 There are 0 ports with no output delay specified.

 There are 0 ports with no output delay but user has a false path constraint

 There are 0 ports with no output delay but with a timing clock defined on it or propagating through it


7. checking multiple_clock (0)
------------------------------
 There are 0 register/latch pins with multiple clocks.


8. checking generated_clocks (0)
--------------------------------
 There are 0 generated clocks that are not connected to a clock source.


9. checking loops (0)
---------------------
 There are 0 combinational loops in the design.


10. checking partial_input_delay (0)
------------------------------------
 There are 0 input ports with partial input delay specified.


11. checking partial_output_delay (0)
-------------------------------------
 There are 0 ports with partial output delay specified.


12. checking latch_loops (0)
----------------------------
 There are 0 combinational latch loops in the design through latch input



------------------------------------------------------------------------------------------------
| Design Timing Summary
| ---------------------
------------------------------------------------------------------------------------------------

    WNS(ns)      TNS(ns)  TNS Failing Endpoints  TNS Total Endpoints      WHS(ns)      THS(ns)  THS Failing Endpoints  THS Total Endpoints     WPWS(ns)     TPWS(ns)  TPWS Failing Endpoints  TPWS Total Endpoints  
    -------      -------  ---------------------  -------------------      -------      -------  ---------------------  -------------------     --------     --------  ----------------------  --------------------  
     -0.086       -0.230                      3                12119        0.097        0.000                      0                12119        2.117        0.000                       0                  1887  


Timing constraints are not met.


------------------------------------------------------------------------------------------------
| Clock Summary
| -------------
------------------------------------------------------------------------------------------------

Clock  Waveform(ns)         Period(ns)      Frequency(MHz)
-----  ------------         ----------      --------------
aclk   {0.000 3.367}        6.734           148.500         


------------------------------------------------------------------------------------------------
| Intra Clock Table
| -----------------
------------------------------------------------------------------------------------------------

Clock             WNS(ns)      TNS(ns)  TNS Failing Endpoints  TNS Total Endpoints      WHS(ns)      THS(ns)  THS Failing Endpoints  THS Total Endpoints     WPWS(ns)     TPWS(ns)  TPWS Failing Endpoints  TPWS Total Endpoints  
-----             -------      -------  ---------------------  -------------------      -------      -------  ---------------------  -------------------     --------     --------  ----------------------  --------------------  
aclk               -0.086       -0.230                      3                12119        0.097        0.000                      0                12119        2.117        0.000                       0                  1887  


------------------------------------------------------------------------------------------------
| Inter Clock Table
| -----------------
------------------------------------------------------------------------------------------------

From Clock    To Clock          WNS(ns)      TNS(ns)  TNS Failing Endpoints  TNS Total Endpoints      WHS(ns)      THS(ns)  THS Failing Endpoints  THS Total Endpoints  
----------    --------          -------      -------  ---------------------  -------------------      -------      -------  ---------------------  -------------------  


------------------------------------------------------------------------------------------------
| Other Path Groups Table
| -----------------------
------------------------------------------------------------------------------------------------

Path Group    From Clock    To Clock          WNS(ns)      TNS(ns)  TNS Failing Endpoints  TNS Total Endpoints      WHS(ns)      THS(ns)  THS Failing Endpoints  THS Total Endpoints  
----------    ----------    --------          -------      -------  ---------------------  -------------------      -------      -------  ---------------------  -------------------  


------------------------------------------------------------------------------------------------
| Timing Details
| --------------
------------------------------------------------------------------------------------------------


---------------------------------------------------------------------------------------------------
From Clock:  aclk
  To Clock:  aclk

Setup :            3  Failing Endpoints,  Worst Slack       -0.086ns,  Total Violation       -0.230ns
Hold  :            0  Failing Endpoints,  Worst Slack        0.097ns,  Total Violation        0.000ns
PW    :            0  Failing Endpoints,  Worst Slack        2.117ns,  Total Violation        0.000ns
---------------------------------------------------------------------------------------------------


Max Delay Paths
--------------------------------------------------------------------------------------
Slack (VIOLATED) :        -0.086ns  (required time - arrival time)
  Source:                 col_ff_reg[1]_rep__5/C
                            (rising edge-triggered cell FDRE clocked by aclk  {rise@0.000ns fall@3.367ns period=6.734ns})
  Destination:            t2_b[6]_i_1_psdsp_2/D
                            (rising edge-triggered cell FDRE clocked by aclk  {rise@0.000ns fall@3.367ns period=6.734ns})
  Path Group:             aclk
  Path Type:              Setup (Max at Slow Process Corner)
  Requirement:            6.734ns  (aclk rise@6.734ns - aclk rise@0.000ns)
  Data Path Delay:        6.669ns  (logic 1.731ns (25.956%)  route 4.938ns (74.044%))
  Logic Levels:           6  (LUT3=1 LUT6=2 MUXF7=2 RAMD64E=1)
  Clock Path Skew:        -0.049ns (DCD - SCD + CPR)
    Destination Clock Delay (DCD):    0.924ns = ( 7.658 - 6.734 ) 
    Source Clock Delay      (SCD):    0.973ns
    Clock Pessimism Removal (CPR):    0.000ns
  Clock Uncertainty:      0.035ns  ((TSJ^2 + TIJ^2)^1/2 + DJ) / 2 + PE
    Total System Jitter     (TSJ):    0.071ns
    Total Input Jitter      (TIJ):    0.000ns
    Discrete Jitter          (DJ):    0.000ns
    Phase Error              (PE):    0.000ns

    Location             Delay type                Incr(ns)  Path(ns)    Netlist Resource(s)
  -------------------------------------------------------------------    -------------------
                         (clock aclk rise edge)       0.000     0.000 r  <hidden>
                                                      0.000     0.000 r  aclk
                         net (fo=1886, unset)         0.973     0.973    aclk
    SLICE_X23Y23         FDRE                                         r  col_ff_reg[1]_rep__5/C
  -------------------------------------------------------------------    -------------------
    SLICE_X23Y23         FDRE (Prop_fdre_C_Q)         0.456     1.429 r  col_ff_reg[1]_rep__5/Q
                         net (fo=64, routed)          1.414     2.843    lb1_reg_768_895_6_6/DPRA1
    SLICE_X26Y19         RAMD64E (Prop_ramd64e_RADR1_O)
                                                      0.124     2.967 r  lb1_reg_768_895_6_6/DP.HIGH/O
                         net (fo=1, routed)           0.000     2.967    lb1_reg_768_895_6_6/DPO1
    SLICE_X26Y19         MUXF7 (Prop_muxf7_I1_O)      0.214     3.181 r  lb1_reg_768_895_6_6/F7.DP/O
                         net (fo=1, routed)           0.949     4.129    lb1_reg_768_895_6_6_n_0
    SLICE_X24Y17         LUT6 (Prop_lut6_I1_O)        0.297     4.426 r  t2_b[6]_i_7/O
                         net (fo=1, routed)           0.000     4.426    t2_b[6]_i_7_n_0
    SLICE_X24Y17         MUXF7 (Prop_muxf7_I1_O)      0.217     4.643 r  t2_b_reg[6]_i_3/O
                         net (fo=1, routed)           0.303     4.946    t2_b_reg[6]_i_3_n_0
    SLICE_X27Y16         LUT6 (Prop_lut6_I1_O)        0.299     5.245 r  t2_b[6]_i_2/O
                         net (fo=2, routed)           0.459     5.704    t2_b[6]_i_2_n_0
    SLICE_X27Y13         LUT3 (Prop_lut3_I2_O)        0.124     5.828 r  t2_b[6]_i_1/O
                         net (fo=5, routed)           1.814     7.642    bot_px[6]
    SLICE_X80Y12         FDRE                                         r  t2_b[6]_i_1_psdsp_2/D
  -------------------------------------------------------------------    -------------------

                         (clock aclk rise edge)       6.734     6.734 r  <hidden>
                                                      0.000     6.734 r  aclk
                         net (fo=1886, unset)         0.924     7.658    aclk
    SLICE_X80Y12         FDRE                                         r  t2_b[6]_i_1_psdsp_2/C
                         clock pessimism              0.000     7.658    <hidden>
                         clock uncertainty           -0.035     7.623    <hidden>
    SLICE_X80Y12         FDRE (Setup_fdre_C_D)       -0.067     7.556    t2_b[6]_i_1_psdsp_2
  -------------------------------------------------------------------
                         required time                          7.556    <hidden>
                         arrival time                          -7.642    <hidden>
  -------------------------------------------------------------------
                         slack                                 -0.086    <hidden>

Slack (VIOLATED) :        -0.077ns  (required time - arrival time)
  Source:                 col_in_reg[1]/C
                            (rising edge-triggered cell FDRE clocked by aclk  {rise@0.000ns fall@3.367ns period=6.734ns})
  Destination:            t2_t[7]_i_1_psdsp/D
                            (rising edge-triggered cell FDRE clocked by aclk  {rise@0.000ns fall@3.367ns period=6.734ns})
  Path Group:             aclk
  Path Type:              Setup (Max at Slow Process Corner)
  Requirement:            6.734ns  (aclk rise@6.734ns - aclk rise@0.000ns)
  Data Path Delay:        6.660ns  (logic 1.777ns (26.683%)  route 4.883ns (73.317%))
  Logic Levels:           6  (LUT6=2 MUXF7=2 MUXF8=1 RAMD64E=1)
  Clock Path Skew:        -0.049ns (DCD - SCD + CPR)
    Destination Clock Delay (DCD):    0.924ns = ( 7.658 - 6.734 ) 
    Source Clock Delay      (SCD):    0.973ns
    Clock Pessimism Removal (CPR):    0.000ns
  Clock Uncertainty:      0.035ns  ((TSJ^2 + TIJ^2)^1/2 + DJ) / 2 + PE
    Total System Jitter     (TSJ):    0.071ns
    Total Input Jitter      (TIJ):    0.000ns
    Discrete Jitter          (DJ):    0.000ns
    Phase Error              (PE):    0.000ns

    Location             Delay type                Incr(ns)  Path(ns)    Netlist Resource(s)
  -------------------------------------------------------------------    -------------------
                         (clock aclk rise edge)       0.000     0.000 r  <hidden>
                                                      0.000     0.000 r  aclk
                         net (fo=1886, unset)         0.973     0.973    aclk
    SLICE_X9Y19          FDRE                                         r  col_in_reg[1]/C
  -------------------------------------------------------------------    -------------------
    SLICE_X9Y19          FDRE (Prop_fdre_C_Q)         0.456     1.429 r  col_in_reg[1]/Q
                         net (fo=199, routed)         1.524     2.953    lb2_reg_256_383_7_7/A1
    SLICE_X6Y16          RAMD64E (Prop_ramd64e_RADR1_O)
                                                      0.124     3.077 r  lb2_reg_256_383_7_7/SP.LOW/O
                         net (fo=1, routed)           0.000     3.077    lb2_reg_256_383_7_7/SPO0
    SLICE_X6Y16          MUXF7 (Prop_muxf7_I0_O)      0.241     3.318 r  lb2_reg_256_383_7_7/F7.SP/O
                         net (fo=1, routed)           0.920     4.238    lb2_reg_256_383_7_7_n_1
    SLICE_X9Y15          LUT6 (Prop_lut6_I1_O)        0.298     4.536 r  t2_t[7]_i_12/O
                         net (fo=1, routed)           0.000     4.536    t2_t[7]_i_12_n_0
    SLICE_X9Y15          MUXF7 (Prop_muxf7_I0_O)      0.238     4.774 r  t2_t_reg[7]_i_7/O
                         net (fo=1, routed)           0.000     4.774    t2_t_reg[7]_i_7_n_0
    SLICE_X9Y15          MUXF8 (Prop_muxf8_I0_O)      0.104     4.878 r  t2_t_reg[7]_i_3/O
                         net (fo=1, routed)           1.296     6.174    top_px11_out[7]
    SLICE_X24Y15         LUT6 (Prop_lut6_I2_O)        0.316     6.490 r  t2_t[7]_i_1/O
                         net (fo=5, routed)           1.142     7.633    A[7]
    SLICE_X35Y6          FDRE                                         r  t2_t[7]_i_1_psdsp/D
  -------------------------------------------------------------------    -------------------

                         (clock aclk rise edge)       6.734     6.734 r  <hidden>
                                                      0.000     6.734 r  aclk
                         net (fo=1886, unset)         0.924     7.658    aclk
    SLICE_X35Y6          FDRE                                         r  t2_t[7]_i_1_psdsp/C
                         clock pessimism              0.000     7.658    <hidden>
                         clock uncertainty           -0.035     7.623    <hidden>
    SLICE_X35Y6          FDRE (Setup_fdre_C_D)       -0.067     7.556    t2_t[7]_i_1_psdsp
  -------------------------------------------------------------------
                         required time                          7.556    <hidden>
                         arrival time                          -7.633    <hidden>
  -------------------------------------------------------------------
                         slack                                 -0.077    <hidden>

Slack (VIOLATED) :        -0.068ns  (required time - arrival time)
  Source:                 col_in_reg[1]/C
                            (rising edge-triggered cell FDRE clocked by aclk  {rise@0.000ns fall@3.367ns period=6.734ns})
  Destination:            t2_t_reg[7]/D
                            (rising edge-triggered cell FDRE clocked by aclk  {rise@0.000ns fall@3.367ns period=6.734ns})
  Path Group:             aclk
  Path Type:              Setup (Max at Slow Process Corner)
  Requirement:            6.734ns  (aclk rise@6.734ns - aclk rise@0.000ns)
  Data Path Delay:        6.651ns  (logic 1.777ns (26.719%)  route 4.874ns (73.281%))
  Logic Levels:           6  (LUT6=2 MUXF7=2 MUXF8=1 RAMD64E=1)
  Clock Path Skew:        -0.049ns (DCD - SCD + CPR)
    Destination Clock Delay (DCD):    0.924ns = ( 7.658 - 6.734 ) 
    Source Clock Delay      (SCD):    0.973ns
    Clock Pessimism Removal (CPR):    0.000ns
  Clock Uncertainty:      0.035ns  ((TSJ^2 + TIJ^2)^1/2 + DJ) / 2 + PE
    Total System Jitter     (TSJ):    0.071ns
    Total Input Jitter      (TIJ):    0.000ns
    Discrete Jitter          (DJ):    0.000ns
    Phase Error              (PE):    0.000ns

    Location             Delay type                Incr(ns)  Path(ns)    Netlist Resource(s)
  -------------------------------------------------------------------    -------------------
                         (clock aclk rise edge)       0.000     0.000 r  <hidden>
                                                      0.000     0.000 r  aclk
                         net (fo=1886, unset)         0.973     0.973    aclk
    SLICE_X9Y19          FDRE                                         r  col_in_reg[1]/C
  -------------------------------------------------------------------    -------------------
    SLICE_X9Y19          FDRE (Prop_fdre_C_Q)         0.456     1.429 r  col_in_reg[1]/Q
                         net (fo=199, routed)         1.524     2.953    lb2_reg_256_383_7_7/A1
    SLICE_X6Y16          RAMD64E (Prop_ramd64e_RADR1_O)
                                                      0.124     3.077 r  lb2_reg_256_383_7_7/SP.LOW/O
                         net (fo=1, routed)           0.000     3.077    lb2_reg_256_383_7_7/SPO0
    SLICE_X6Y16          MUXF7 (Prop_muxf7_I0_O)      0.241     3.318 r  lb2_reg_256_383_7_7/F7.SP/O
                         net (fo=1, routed)           0.920     4.238    lb2_reg_256_383_7_7_n_1
    SLICE_X9Y15          LUT6 (Prop_lut6_I1_O)        0.298     4.536 r  t2_t[7]_i_12/O
                         net (fo=1, routed)           0.000     4.536    t2_t[7]_i_12_n_0
    SLICE_X9Y15          MUXF7 (Prop_muxf7_I0_O)      0.238     4.774 r  t2_t_reg[7]_i_7/O
                         net (fo=1, routed)           0.000     4.774    t2_t_reg[7]_i_7_n_0
    SLICE_X9Y15          MUXF8 (Prop_muxf8_I0_O)      0.104     4.878 r  t2_t_reg[7]_i_3/O
                         net (fo=1, routed)           1.296     6.174    top_px11_out[7]
    SLICE_X24Y15         LUT6 (Prop_lut6_I2_O)        0.316     6.490 r  t2_t[7]_i_1/O
                         net (fo=5, routed)           1.133     7.624    A[7]
    SLICE_X23Y1          FDRE                                         r  t2_t_reg[7]/D
  -------------------------------------------------------------------    -------------------

                         (clock aclk rise edge)       6.734     6.734 r  <hidden>
                                                      0.000     6.734 r  aclk
                         net (fo=1886, unset)         0.924     7.658    aclk
    SLICE_X23Y1          FDRE                                         r  t2_t_reg[7]/C
                         clock pessimism              0.000     7.658    <hidden>
                         clock uncertainty           -0.035     7.623    <hidden>
    SLICE_X23Y1          FDRE (Setup_fdre_C_D)       -0.067     7.556    t2_t_reg[7]
  -------------------------------------------------------------------
                         required time                          7.556    <hidden>
                         arrival time                          -7.624    <hidden>
  -------------------------------------------------------------------
                         slack                                 -0.068    <hidden>

Slack (MET) :             0.005ns  (required time - arrival time)
  Source:                 pcnt_q_reg[0]/C
                            (rising edge-triggered cell FDRE clocked by aclk  {rise@0.000ns fall@3.367ns period=6.734ns})
  Destination:            pr1_reg[0]/A[0]
                            (rising edge-triggered cell DSP48E1 clocked by aclk  {rise@0.000ns fall@3.367ns period=6.734ns})
  Path Group:             aclk
  Path Type:              Setup (Max at Slow Process Corner)
  Requirement:            6.734ns  (aclk rise@6.734ns - aclk rise@0.000ns)
  Data Path Delay:        2.923ns  (logic 0.828ns (28.326%)  route 2.095ns (71.674%))
  Logic Levels:           3  (LUT3=1 LUT6=2)
  Clock Path Skew:        -0.049ns (DCD - SCD + CPR)
    Destination Clock Delay (DCD):    0.924ns = ( 7.658 - 6.734 ) 
    Source Clock Delay      (SCD):    0.973ns
    Clock Pessimism Removal (CPR):    0.000ns
  Clock Uncertainty:      0.035ns  ((TSJ^2 + TIJ^2)^1/2 + DJ) / 2 + PE
    Total System Jitter     (TSJ):    0.071ns
    Total Input Jitter      (TIJ):    0.000ns
    Discrete Jitter          (DJ):    0.000ns
    Phase Error              (PE):    0.000ns

    Location             Delay type                Incr(ns)  Path(ns)    Netlist Resource(s)
  -------------------------------------------------------------------    -------------------
                         (clock aclk rise edge)       0.000     0.000 r  <hidden>
                                                      0.000     0.000 r  aclk
                         net (fo=1886, unset)         0.973     0.973    aclk
    SLICE_X13Y3          FDRE                                         r  pcnt_q_reg[0]/C
  -------------------------------------------------------------------    -------------------
    SLICE_X13Y3          FDRE (Prop_fdre_C_Q)         0.456     1.429 f  pcnt_q_reg[0]/Q
                         net (fo=2, routed)           0.815     2.244    pcnt_q[0]
    SLICE_X15Y3          LUT6 (Prop_lut6_I2_O)        0.124     2.368 f  pr2_reg[3]_i_11/O
                         net (fo=2, routed)           0.275     2.643    pr2_reg[3]_i_11_n_0
    SLICE_X15Y3          LUT6 (Prop_lut6_I5_O)        0.124     2.767 r  pr2_reg[3]_i_10/O
                         net (fo=23, routed)          0.581     3.348    lrep
    SLICE_X13Y0          LUT3 (Prop_lut3_I2_O)        0.124     3.472 r  pr2_reg[0]_i_8/O
                         net (fo=2, routed)           0.424     3.896    p_0_in[0]
    DSP48_X0Y0           DSP48E1                                      r  pr1_reg[0]/A[0]
  -------------------------------------------------------------------    -------------------

                         (clock aclk rise edge)       6.734     6.734 r  <hidden>
                                                      0.000     6.734 r  aclk
                         net (fo=1886, unset)         0.924     7.658    aclk
    DSP48_X0Y0           DSP48E1                                      r  pr1_reg[0]/CLK
                         clock pessimism              0.000     7.658    <hidden>
                         clock uncertainty           -0.035     7.623    <hidden>
    DSP48_X0Y0           DSP48E1 (Setup_dsp48e1_CLK_A[0])
                                                     -3.722     3.901    pr1_reg[0]
  -------------------------------------------------------------------
                         required time                          3.901    <hidden>
                         arrival time                          -3.896    <hidden>
  -------------------------------------------------------------------
                         slack                                  0.005    <hidden>

Slack (MET) :             0.005ns  (required time - arrival time)
  Source:                 pcnt_q_reg[0]/C
                            (rising edge-triggered cell FDRE clocked by aclk  {rise@0.000ns fall@3.367ns period=6.734ns})
  Destination:            pr2_reg[0]/A[0]
                            (rising edge-triggered cell DSP48E1 clocked by aclk  {rise@0.000ns fall@3.367ns period=6.734ns})
  Path Group:             aclk
  Path Type:              Setup (Max at Slow Process Corner)
  Requirement:            6.734ns  (aclk rise@6.734ns - aclk rise@0.000ns)
  Data Path Delay:        2.923ns  (logic 0.828ns (28.326%)  route 2.095ns (71.674%))
  Logic Levels:           3  (LUT3=1 LUT6=2)
  Clock Path Skew:        -0.049ns (DCD - SCD + CPR)
    Destination Clock Delay (DCD):    0.924ns = ( 7.658 - 6.734 ) 
    Source Clock Delay      (SCD):    0.973ns
    Clock Pessimism Removal (CPR):    0.000ns
  Clock Uncertainty:      0.035ns  ((TSJ^2 + TIJ^2)^1/2 + DJ) / 2 + PE
    Total System Jitter     (TSJ):    0.071ns
    Total Input Jitter      (TIJ):    0.000ns
    Discrete Jitter          (DJ):    0.000ns
    Phase Error              (PE):    0.000ns

    Location             Delay type                Incr(ns)  Path(ns)    Netlist Resource(s)
  -------------------------------------------------------------------    -------------------
                         (clock aclk rise edge)       0.000     0.000 r  <hidden>
                                                      0.000     0.000 r  aclk
                         net (fo=1886, unset)         0.973     0.973    aclk
    SLICE_X13Y3          FDRE                                         r  pcnt_q_reg[0]/C
  -------------------------------------------------------------------    -------------------
    SLICE_X13Y3          FDRE (Prop_fdre_C_Q)         0.456     1.429 f  pcnt_q_reg[0]/Q
                         net (fo=2, routed)           0.815     2.244    pcnt_q[0]
    SLICE_X15Y3          LUT6 (Prop_lut6_I2_O)        0.124     2.368 f  pr2_reg[3]_i_11/O
                         net (fo=2, routed)           0.275     2.643    pr2_reg[3]_i_11_n_0
    SLICE_X15Y3          LUT6 (Prop_lut6_I5_O)        0.124     2.767 r  pr2_reg[3]_i_10/O
                         net (fo=23, routed)          0.581     3.348    lrep
    SLICE_X13Y0          LUT3 (Prop_lut3_I2_O)        0.124     3.472 r  pr2_reg[0]_i_8/O
                         net (fo=2, routed)           0.424     3.896    p_0_in[0]
    DSP48_X0Y1           DSP48E1                                      r  pr2_reg[0]/A[0]
  -------------------------------------------------------------------    -------------------

                         (clock aclk rise edge)       6.734     6.734 r  <hidden>
                                                      0.000     6.734 r  aclk
                         net (fo=1886, unset)         0.924     7.658    aclk
    DSP48_X0Y1           DSP48E1                                      r  pr2_reg[0]/CLK
                         clock pessimism              0.000     7.658    <hidden>
                         clock uncertainty           -0.035     7.623    <hidden>
    DSP48_X0Y1           DSP48E1 (Setup_dsp48e1_CLK_A[0])
                                                     -3.722     3.901    pr2_reg[0]
  -------------------------------------------------------------------
                         required time                          3.901    <hidden>
                         arrival time                          -3.896    <hidden>
  -------------------------------------------------------------------
                         slack                                  0.005    <hidden>

Slack (MET) :             0.012ns  (required time - arrival time)
  Source:                 pcnt_q_reg[0]/C
                            (rising edge-triggered cell FDRE clocked by aclk  {rise@0.000ns fall@3.367ns period=6.734ns})
  Destination:            pr1_reg[6]/A[5]
                            (rising edge-triggered cell DSP48E1 clocked by aclk  {rise@0.000ns fall@3.367ns period=6.734ns})
  Path Group:             aclk
  Path Type:              Setup (Max at Slow Process Corner)
  Requirement:            6.734ns  (aclk rise@6.734ns - aclk rise@0.000ns)
  Data Path Delay:        2.916ns  (logic 0.828ns (28.391%)  route 2.088ns (71.609%))
  Logic Levels:           3  (LUT3=1 LUT6=2)
  Clock Path Skew:        -0.049ns (DCD - SCD + CPR)
    Destination Clock Delay (DCD):    0.924ns = ( 7.658 - 6.734 ) 
    Source Clock Delay      (SCD):    0.973ns
    Clock Pessimism Removal (CPR):    0.000ns
  Clock Uncertainty:      0.035ns  ((TSJ^2 + TIJ^2)^1/2 + DJ) / 2 + PE
    Total System Jitter     (TSJ):    0.071ns
    Total Input Jitter      (TIJ):    0.000ns
    Discrete Jitter          (DJ):    0.000ns
    Phase Error              (PE):    0.000ns

    Location             Delay type                Incr(ns)  Path(ns)    Netlist Resource(s)
  -------------------------------------------------------------------    -------------------
                         (clock aclk rise edge)       0.000     0.000 r  <hidden>
                                                      0.000     0.000 r  aclk
                         net (fo=1886, unset)         0.973     0.973    aclk
    SLICE_X13Y3          FDRE                                         r  pcnt_q_reg[0]/C
  -------------------------------------------------------------------    -------------------
    SLICE_X13Y3          FDRE (Prop_fdre_C_Q)         0.456     1.429 f  pcnt_q_reg[0]/Q
                         net (fo=2, routed)           0.815     2.244    pcnt_q[0]
    SLICE_X15Y3          LUT6 (Prop_lut6_I2_O)        0.124     2.368 f  pr2_reg[3]_i_11/O
                         net (fo=2, routed)           0.275     2.643    pr2_reg[3]_i_11_n_0
    SLICE_X15Y3          LUT6 (Prop_lut6_I5_O)        0.124     2.767 r  pr2_reg[3]_i_10/O
                         net (fo=23, routed)          0.573     3.340    lrep
    SLICE_X19Y2          LUT3 (Prop_lut3_I2_O)        0.124     3.464 r  pr2_reg[6]_i_3/O
                         net (fo=2, routed)           0.425     3.889    pr2_reg[6]_i_3_n_0
    DSP48_X1Y0           DSP48E1                                      r  pr1_reg[6]/A[5]
  -------------------------------------------------------------------    -------------------

                         (clock aclk rise edge)       6.734     6.734 r  <hidden>
                                                      0.000     6.734 r  aclk
                         net (fo=1886, unset)         0.924     7.658    aclk
    DSP48_X1Y0           DSP48E1                                      r  pr1_reg[6]/CLK
                         clock pessimism              0.000     7.658    <hidden>
                         clock uncertainty           -0.035     7.623    <hidden>
    DSP48_X1Y0           DSP48E1 (Setup_dsp48e1_CLK_A[5])
                                                     -3.722     3.901    pr1_reg[6]
  -------------------------------------------------------------------
                         required time                          3.901    <hidden>
                         arrival time                          -3.889    <hidden>
  -------------------------------------------------------------------
                         slack                                  0.012    <hidden>

Slack (MET) :             0.012ns  (required time - arrival time)
  Source:                 pcnt_q_reg[0]/C
                            (rising edge-triggered cell FDRE clocked by aclk  {rise@0.000ns fall@3.367ns period=6.734ns})
  Destination:            pr2_reg[6]/A[5]
                            (rising edge-triggered cell DSP48E1 clocked by aclk  {rise@0.000ns fall@3.367ns period=6.734ns})
  Path Group:             aclk
  Path Type:              Setup (Max at Slow Process Corner)
  Requirement:            6.734ns  (aclk rise@6.734ns - aclk rise@0.000ns)
  Data Path Delay:        2.916ns  (logic 0.828ns (28.391%)  route 2.088ns (71.609%))
  Logic Levels:           3  (LUT3=1 LUT6=2)
  Clock Path Skew:        -0.049ns (DCD - SCD + CPR)
    Destination Clock Delay (DCD):    0.924ns = ( 7.658 - 6.734 ) 
    Source Clock Delay      (SCD):    0.973ns
    Clock Pessimism Removal (CPR):    0.000ns
  Clock Uncertainty:      0.035ns  ((TSJ^2 + TIJ^2)^1/2 + DJ) / 2 + PE
    Total System Jitter     (TSJ):    0.071ns
    Total Input Jitter      (TIJ):    0.000ns
    Discrete Jitter          (DJ):    0.000ns
    Phase Error              (PE):    0.000ns

    Location             Delay type                Incr(ns)  Path(ns)    Netlist Resource(s)
  -------------------------------------------------------------------    -------------------
                         (clock aclk rise edge)       0.000     0.000 r  <hidden>
                                                      0.000     0.000 r  aclk
                         net (fo=1886, unset)         0.973     0.973    aclk
    SLICE_X13Y3          FDRE                                         r  pcnt_q_reg[0]/C
  -------------------------------------------------------------------    -------------------
    SLICE_X13Y3          FDRE (Prop_fdre_C_Q)         0.456     1.429 f  pcnt_q_reg[0]/Q
                         net (fo=2, routed)           0.815     2.244    pcnt_q[0]
    SLICE_X15Y3          LUT6 (Prop_lut6_I2_O)        0.124     2.368 f  pr2_reg[3]_i_11/O
                         net (fo=2, routed)           0.275     2.643    pr2_reg[3]_i_11_n_0
    SLICE_X15Y3          LUT6 (Prop_lut6_I5_O)        0.124     2.767 r  pr2_reg[3]_i_10/O
                         net (fo=23, routed)          0.573     3.340    lrep
    SLICE_X19Y2          LUT3 (Prop_lut3_I2_O)        0.124     3.464 r  pr2_reg[6]_i_3/O
                         net (fo=2, routed)           0.425     3.889    pr2_reg[6]_i_3_n_0
    DSP48_X1Y1           DSP48E1                                      r  pr2_reg[6]/A[5]
  -------------------------------------------------------------------    -------------------

                         (clock aclk rise edge)       6.734     6.734 r  <hidden>
                                                      0.000     6.734 r  aclk
                         net (fo=1886, unset)         0.924     7.658    aclk
    DSP48_X1Y1           DSP48E1                                      r  pr2_reg[6]/CLK
                         clock pessimism              0.000     7.658    <hidden>
                         clock uncertainty           -0.035     7.623    <hidden>
    DSP48_X1Y1           DSP48E1 (Setup_dsp48e1_CLK_A[5])
                                                     -3.722     3.901    pr2_reg[6]
  -------------------------------------------------------------------
                         required time                          3.901    <hidden>
                         arrival time                          -3.889    <hidden>
  -------------------------------------------------------------------
                         slack                                  0.012    <hidden>

Slack (MET) :             0.014ns  (required time - arrival time)
  Source:                 col_ff_reg[0]_rep/C
                            (rising edge-triggered cell FDRE clocked by aclk  {rise@0.000ns fall@3.367ns period=6.734ns})
  Destination:            t2_b[7]_i_2_psdsp_2/D
                            (rising edge-triggered cell FDRE clocked by aclk  {rise@0.000ns fall@3.367ns period=6.734ns})
  Path Group:             aclk
  Path Type:              Setup (Max at Slow Process Corner)
  Requirement:            6.734ns  (aclk rise@6.734ns - aclk rise@0.000ns)
  Data Path Delay:        6.569ns  (logic 1.339ns (20.383%)  route 5.230ns (79.617%))
  Logic Levels:           5  (LUT3=1 LUT6=2 MUXF7=1 RAMD64E=1)
  Clock Path Skew:        -0.049ns (DCD - SCD + CPR)
    Destination Clock Delay (DCD):    0.924ns = ( 7.658 - 6.734 ) 
    Source Clock Delay      (SCD):    0.973ns
    Clock Pessimism Removal (CPR):    0.000ns
  Clock Uncertainty:      0.035ns  ((TSJ^2 + TIJ^2)^1/2 + DJ) / 2 + PE
    Total System Jitter     (TSJ):    0.071ns
    Total Input Jitter      (TIJ):    0.000ns
    Discrete Jitter          (DJ):    0.000ns
    Phase Error              (PE):    0.000ns

    Location             Delay type                Incr(ns)  Path(ns)    Netlist Resource(s)
  -------------------------------------------------------------------    -------------------
                         (clock aclk rise edge)       0.000     0.000 r  <hidden>
                                                      0.000     0.000 r  aclk
                         net (fo=1886, unset)         0.973     0.973    aclk
    SLICE_X15Y13         FDRE                                         r  col_ff_reg[0]_rep/C
  -------------------------------------------------------------------    -------------------
    SLICE_X15Y13         FDRE (Prop_fdre_C_Q)         0.456     1.429 r  col_ff_reg[0]_rep/Q
                         net (fo=74, routed)          1.319     2.748    lb1_reg_1152_1279_7_7/DPRA0
    SLICE_X12Y9          RAMD64E (Prop_ramd64e_RADR0_O)
                                                      0.124     2.872 r  lb1_reg_1152_1279_7_7/DP.HIGH/O
                         net (fo=1, routed)           0.000     2.872    lb1_reg_1152_1279_7_7/DPO1
    SLICE_X12Y9          MUXF7 (Prop_muxf7_I1_O)      0.214     3.086 r  lb1_reg_1152_1279_7_7/F7.DP/O
                         net (fo=1, routed)           1.217     4.303    lb1_reg_1152_1279_7_7_n_0
    SLICE_X25Y11         LUT6 (Prop_lut6_I3_O)        0.297     4.600 r  t2_b[7]_i_5/O
                         net (fo=1, routed)           0.573     5.173    t2_b[7]_i_5_n_0
    SLICE_X25Y12         LUT6 (Prop_lut6_I3_O)        0.124     5.297 r  t2_b[7]_i_3/O
                         net (fo=2, routed)           0.444     5.741    t2_b[7]_i_3_n_0
    SLICE_X31Y12         LUT3 (Prop_lut3_I2_O)        0.124     5.865 r  t2_b[7]_i_2/O
                         net (fo=5, routed)           1.677     7.542    bot_px[7]
    SLICE_X77Y12         FDRE                                         r  t2_b[7]_i_2_psdsp_2/D
  -------------------------------------------------------------------    -------------------

                         (clock aclk rise edge)       6.734     6.734 r  <hidden>
                                                      0.000     6.734 r  aclk
                         net (fo=1886, unset)         0.924     7.658    aclk
    SLICE_X77Y12         FDRE                                         r  t2_b[7]_i_2_psdsp_2/C
                         clock pessimism              0.000     7.658    <hidden>
                         clock uncertainty           -0.035     7.623    <hidden>
    SLICE_X77Y12         FDRE (Setup_fdre_C_D)       -0.067     7.556    t2_b[7]_i_2_psdsp_2
  -------------------------------------------------------------------
                         required time                          7.556    <hidden>
                         arrival time                          -7.542    <hidden>
  -------------------------------------------------------------------
                         slack                                  0.014    <hidden>

Slack (MET) :             0.017ns  (required time - arrival time)
  Source:                 pcnt_q_reg[0]/C
                            (rising edge-triggered cell FDRE clocked by aclk  {rise@0.000ns fall@3.367ns period=6.734ns})
  Destination:            pr1_reg[6]/A[3]
                            (rising edge-triggered cell DSP48E1 clocked by aclk  {rise@0.000ns fall@3.367ns period=6.734ns})
  Path Group:             aclk
  Path Type:              Setup (Max at Slow Process Corner)
  Requirement:            6.734ns  (aclk rise@6.734ns - aclk rise@0.000ns)
  Data Path Delay:        2.911ns  (logic 0.828ns (28.446%)  route 2.083ns (71.554%))
  Logic Levels:           3  (LUT3=1 LUT6=2)
  Clock Path Skew:        -0.049ns (DCD - SCD + CPR)
    Destination Clock Delay (DCD):    0.924ns = ( 7.658 - 6.734 ) 
    Source Clock Delay      (SCD):    0.973ns
    Clock Pessimism Removal (CPR):    0.000ns
  Clock Uncertainty:      0.035ns  ((TSJ^2 + TIJ^2)^1/2 + DJ) / 2 + PE
    Total System Jitter     (TSJ):    0.071ns
    Total Input Jitter      (TIJ):    0.000ns
    Discrete Jitter          (DJ):    0.000ns
    Phase Error              (PE):    0.000ns

    Location             Delay type                Incr(ns)  Path(ns)    Netlist Resource(s)
  -------------------------------------------------------------------    -------------------
                         (clock aclk rise edge)       0.000     0.000 r  <hidden>
                                                      0.000     0.000 r  aclk
                         net (fo=1886, unset)         0.973     0.973    aclk
    SLICE_X13Y3          FDRE                                         r  pcnt_q_reg[0]/C
  -------------------------------------------------------------------    -------------------
    SLICE_X13Y3          FDRE (Prop_fdre_C_Q)         0.456     1.429 f  pcnt_q_reg[0]/Q
                         net (fo=2, routed)           0.815     2.244    pcnt_q[0]
    SLICE_X15Y3          LUT6 (Prop_lut6_I2_O)        0.124     2.368 f  pr2_reg[3]_i_11/O
                         net (fo=2, routed)           0.275     2.643    pr2_reg[3]_i_11_n_0
    SLICE_X15Y3          LUT6 (Prop_lut6_I5_O)        0.124     2.767 r  pr2_reg[3]_i_10/O
                         net (fo=23, routed)          0.568     3.335    lrep
    SLICE_X19Y1          LUT3 (Prop_lut3_I2_O)        0.124     3.459 r  pr2_reg[6]_i_5/O
                         net (fo=2, routed)           0.424     3.884    pr2_reg[6]_i_5_n_0
    DSP48_X1Y0           DSP48E1                                      r  pr1_reg[6]/A[3]
  -------------------------------------------------------------------    -------------------

                         (clock aclk rise edge)       6.734     6.734 r  <hidden>
                                                      0.000     6.734 r  aclk
                         net (fo=1886, unset)         0.924     7.658    aclk
    DSP48_X1Y0           DSP48E1                                      r  pr1_reg[6]/CLK
                         clock pessimism              0.000     7.658    <hidden>
                         clock uncertainty           -0.035     7.623    <hidden>
    DSP48_X1Y0           DSP48E1 (Setup_dsp48e1_CLK_A[3])
                                                     -3.722     3.901    pr1_reg[6]
  -------------------------------------------------------------------
                         required time                          3.901    <hidden>
                         arrival time                          -3.884    <hidden>
  -------------------------------------------------------------------
                         slack                                  0.017    <hidden>

Slack (MET) :             0.017ns  (required time - arrival time)
  Source:                 pcnt_q_reg[0]/C
                            (rising edge-triggered cell FDRE clocked by aclk  {rise@0.000ns fall@3.367ns period=6.734ns})
  Destination:            pr2_reg[6]/A[3]
                            (rising edge-triggered cell DSP48E1 clocked by aclk  {rise@0.000ns fall@3.367ns period=6.734ns})
  Path Group:             aclk
  Path Type:              Setup (Max at Slow Process Corner)
  Requirement:            6.734ns  (aclk rise@6.734ns - aclk rise@0.000ns)
  Data Path Delay:        2.911ns  (logic 0.828ns (28.446%)  route 2.083ns (71.554%))
  Logic Levels:           3  (LUT3=1 LUT6=2)
  Clock Path Skew:        -0.049ns (DCD - SCD + CPR)
    Destination Clock Delay (DCD):    0.924ns = ( 7.658 - 6.734 ) 
    Source Clock Delay      (SCD):    0.973ns
    Clock Pessimism Removal (CPR):    0.000ns
  Clock Uncertainty:      0.035ns  ((TSJ^2 + TIJ^2)^1/2 + DJ) / 2 + PE
    Total System Jitter     (TSJ):    0.071ns
    Total Input Jitter      (TIJ):    0.000ns
    Discrete Jitter          (DJ):    0.000ns
    Phase Error              (PE):    0.000ns

    Location             Delay type                Incr(ns)  Path(ns)    Netlist Resource(s)
  -------------------------------------------------------------------    -------------------
                         (clock aclk rise edge)       0.000     0.000 r  <hidden>
                                                      0.000     0.000 r  aclk
                         net (fo=1886, unset)         0.973     0.973    aclk
    SLICE_X13Y3          FDRE                                         r  pcnt_q_reg[0]/C
  -------------------------------------------------------------------    -------------------
    SLICE_X13Y3          FDRE (Prop_fdre_C_Q)         0.456     1.429 f  pcnt_q_reg[0]/Q
                         net (fo=2, routed)           0.815     2.244    pcnt_q[0]
    SLICE_X15Y3          LUT6 (Prop_lut6_I2_O)        0.124     2.368 f  pr2_reg[3]_i_11/O
                         net (fo=2, routed)           0.275     2.643    pr2_reg[3]_i_11_n_0
    SLICE_X15Y3          LUT6 (Prop_lut6_I5_O)        0.124     2.767 r  pr2_reg[3]_i_10/O
                         net (fo=23, routed)          0.568     3.335    lrep
    SLICE_X19Y1          LUT3 (Prop_lut3_I2_O)        0.124     3.459 r  pr2_reg[6]_i_5/O
                         net (fo=2, routed)           0.424     3.884    pr2_reg[6]_i_5_n_0
    DSP48_X1Y1           DSP48E1                                      r  pr2_reg[6]/A[3]
  -------------------------------------------------------------------    -------------------

                         (clock aclk rise edge)       6.734     6.734 r  <hidden>
                                                      0.000     6.734 r  aclk
                         net (fo=1886, unset)         0.924     7.658    aclk
    DSP48_X1Y1           DSP48E1                                      r  pr2_reg[6]/CLK
                         clock pessimism              0.000     7.658    <hidden>
                         clock uncertainty           -0.035     7.623    <hidden>
    DSP48_X1Y1           DSP48E1 (Setup_dsp48e1_CLK_A[3])
                                                     -3.722     3.901    pr2_reg[6]
  -------------------------------------------------------------------
                         required time                          3.901    <hidden>
                         arrival time                          -3.884    <hidden>
  -------------------------------------------------------------------
                         slack                                  0.017    <hidden>

Slack (MET) :             0.017ns  (required time - arrival time)
  Source:                 pcnt_q_reg[0]/C
                            (rising edge-triggered cell FDRE clocked by aclk  {rise@0.000ns fall@3.367ns period=6.734ns})
  Destination:            pr1_reg[6]/A[1]
                            (rising edge-triggered cell DSP48E1 clocked by aclk  {rise@0.000ns fall@3.367ns period=6.734ns})
  Path Group:             aclk
  Path Type:              Setup (Max at Slow Process Corner)
  Requirement:            6.734ns  (aclk rise@6.734ns - aclk rise@0.000ns)
  Data Path Delay:        2.911ns  (logic 0.828ns (28.446%)  route 2.083ns (71.554%))
  Logic Levels:           3  (LUT3=1 LUT6=2)
  Clock Path Skew:        -0.049ns (DCD - SCD + CPR)
    Destination Clock Delay (DCD):    0.924ns = ( 7.658 - 6.734 ) 
    Source Clock Delay      (SCD):    0.973ns
    Clock Pessimism Removal (CPR):    0.000ns
  Clock Uncertainty:      0.035ns  ((TSJ^2 + TIJ^2)^1/2 + DJ) / 2 + PE
    Total System Jitter     (TSJ):    0.071ns
    Total Input Jitter      (TIJ):    0.000ns
    Discrete Jitter          (DJ):    0.000ns
    Phase Error              (PE):    0.000ns

    Location             Delay type                Incr(ns)  Path(ns)    Netlist Resource(s)
  -------------------------------------------------------------------    -------------------
                         (clock aclk rise edge)       0.000     0.000 r  <hidden>
                                                      0.000     0.000 r  aclk
                         net (fo=1886, unset)         0.973     0.973    aclk
    SLICE_X13Y3          FDRE                                         r  pcnt_q_reg[0]/C
  -------------------------------------------------------------------    -------------------
    SLICE_X13Y3          FDRE (Prop_fdre_C_Q)         0.456     1.429 f  pcnt_q_reg[0]/Q
                         net (fo=2, routed)           0.815     2.244    pcnt_q[0]
    SLICE_X15Y3          LUT6 (Prop_lut6_I2_O)        0.124     2.368 f  pr2_reg[3]_i_11/O
                         net (fo=2, routed)           0.275     2.643    pr2_reg[3]_i_11_n_0
    SLICE_X15Y3          LUT6 (Prop_lut6_I5_O)        0.124     2.767 r  pr2_reg[3]_i_10/O
                         net (fo=23, routed)          0.424     3.191    lrep
    SLICE_X19Y3          LUT3 (Prop_lut3_I2_O)        0.124     3.315 r  pr2_reg[6]_i_7/O
                         net (fo=2, routed)           0.568     3.884    pr2_reg[6]_i_7_n_0
    DSP48_X1Y0           DSP48E1                                      r  pr1_reg[6]/A[1]
  -------------------------------------------------------------------    -------------------

                         (clock aclk rise edge)       6.734     6.734 r  <hidden>
                                                      0.000     6.734 r  aclk
                         net (fo=1886, unset)         0.924     7.658    aclk
    DSP48_X1Y0           DSP48E1                                      r  pr1_reg[6]/CLK
                         clock pessimism              0.000     7.658    <hidden>
                         clock uncertainty           -0.035     7.623    <hidden>
    DSP48_X1Y0           DSP48E1 (Setup_dsp48e1_CLK_A[1])
                                                     -3.722     3.901    pr1_reg[6]
  -------------------------------------------------------------------
                         required time                          3.901    <hidden>
                         arrival time                          -3.884    <hidden>
  -------------------------------------------------------------------
                         slack                                  0.017    <hidden>

Slack (MET) :             0.017ns  (required time - arrival time)
  Source:                 pcnt_q_reg[0]/C
                            (rising edge-triggered cell FDRE clocked by aclk  {rise@0.000ns fall@3.367ns period=6.734ns})
  Destination:            pr2_reg[6]/A[1]
                            (rising edge-triggered cell DSP48E1 clocked by aclk  {rise@0.000ns fall@3.367ns period=6.734ns})
  Path Group:             aclk
  Path Type:              Setup (Max at Slow Process Corner)
  Requirement:            6.734ns  (aclk rise@6.734ns - aclk rise@0.000ns)
  Data Path Delay:        2.911ns  (logic 0.828ns (28.446%)  route 2.083ns (71.554%))
  Logic Levels:           3  (LUT3=1 LUT6=2)
  Clock Path Skew:        -0.049ns (DCD - SCD + CPR)
    Destination Clock Delay (DCD):    0.924ns = ( 7.658 - 6.734 ) 
    Source Clock Delay      (SCD):    0.973ns
    Clock Pessimism Removal (CPR):    0.000ns
  Clock Uncertainty:      0.035ns  ((TSJ^2 + TIJ^2)^1/2 + DJ) / 2 + PE
    Total System Jitter     (TSJ):    0.071ns
    Total Input Jitter      (TIJ):    0.000ns
    Discrete Jitter          (DJ):    0.000ns
    Phase Error              (PE):    0.000ns

    Location             Delay type                Incr(ns)  Path(ns)    Netlist Resource(s)
  -------------------------------------------------------------------    -------------------
                         (clock aclk rise edge)       0.000     0.000 r  <hidden>
                                                      0.000     0.000 r  aclk
                         net (fo=1886, unset)         0.973     0.973    aclk
    SLICE_X13Y3          FDRE                                         r  pcnt_q_reg[0]/C
  -------------------------------------------------------------------    -------------------
    SLICE_X13Y3          FDRE (Prop_fdre_C_Q)         0.456     1.429 f  pcnt_q_reg[0]/Q
                         net (fo=2, routed)           0.815     2.244    pcnt_q[0]
    SLICE_X15Y3          LUT6 (Prop_lut6_I2_O)        0.124     2.368 f  pr2_reg[3]_i_11/O
                         net (fo=2, routed)           0.275     2.643    pr2_reg[3]_i_11_n_0
    SLICE_X15Y3          LUT6 (Prop_lut6_I5_O)        0.124     2.767 r  pr2_reg[3]_i_10/O
                         net (fo=23, routed)          0.424     3.191    lrep
    SLICE_X19Y3          LUT3 (Prop_lut3_I2_O)        0.124     3.315 r  pr2_reg[6]_i_7/O
                         net (fo=2, routed)           0.568     3.884    pr2_reg[6]_i_7_n_0
    DSP48_X1Y1           DSP48E1                                      r  pr2_reg[6]/A[1]
  -------------------------------------------------------------------    -------------------

                         (clock aclk rise edge)       6.734     6.734 r  <hidden>
                                                      0.000     6.734 r  aclk
                         net (fo=1886, unset)         0.924     7.658    aclk
    DSP48_X1Y1           DSP48E1                                      r  pr2_reg[6]/CLK
                         clock pessimism              0.000     7.658    <hidden>
                         clock uncertainty           -0.035     7.623    <hidden>
    DSP48_X1Y1           DSP48E1 (Setup_dsp48e1_CLK_A[1])
                                                     -3.722     3.901    pr2_reg[6]
  -------------------------------------------------------------------
                         required time                          3.901    <hidden>
                         arrival time                          -3.884    <hidden>
  -------------------------------------------------------------------
                         slack                                  0.017    <hidden>

Slack (MET) :             0.017ns  (required time - arrival time)
  Source:                 pcnt_q_reg[0]/C
                            (rising edge-triggered cell FDRE clocked by aclk  {rise@0.000ns fall@3.367ns period=6.734ns})
  Destination:            pr1_reg[6]/A[7]
                            (rising edge-triggered cell DSP48E1 clocked by aclk  {rise@0.000ns fall@3.367ns period=6.734ns})
  Path Group:             aclk
  Path Type:              Setup (Max at Slow Process Corner)
  Requirement:            6.734ns  (aclk rise@6.734ns - aclk rise@0.000ns)
  Data Path Delay:        2.911ns  (logic 0.828ns (28.448%)  route 2.083ns (71.552%))
  Logic Levels:           3  (LUT3=1 LUT6=2)
  Clock Path Skew:        -0.049ns (DCD - SCD + CPR)
    Destination Clock Delay (DCD):    0.924ns = ( 7.658 - 6.734 ) 
    Source Clock Delay      (SCD):    0.973ns
    Clock Pessimism Removal (CPR):    0.000ns
  Clock Uncertainty:      0.035ns  ((TSJ^2 + TIJ^2)^1/2 + DJ) / 2 + PE
    Total System Jitter     (TSJ):    0.071ns
    Total Input Jitter      (TIJ):    0.000ns
    Discrete Jitter          (DJ):    0.000ns
    Phase Error              (PE):    0.000ns

    Location             Delay type                Incr(ns)  Path(ns)    Netlist Resource(s)
  -------------------------------------------------------------------    -------------------
                         (clock aclk rise edge)       0.000     0.000 r  <hidden>
                                                      0.000     0.000 r  aclk
                         net (fo=1886, unset)         0.973     0.973    aclk
    SLICE_X13Y3          FDRE                                         r  pcnt_q_reg[0]/C
  -------------------------------------------------------------------    -------------------
    SLICE_X13Y3          FDRE (Prop_fdre_C_Q)         0.456     1.429 f  pcnt_q_reg[0]/Q
                         net (fo=2, routed)           0.815     2.244    pcnt_q[0]
    SLICE_X15Y3          LUT6 (Prop_lut6_I2_O)        0.124     2.368 f  pr2_reg[3]_i_11/O
                         net (fo=2, routed)           0.275     2.643    pr2_reg[3]_i_11_n_0
    SLICE_X15Y3          LUT6 (Prop_lut6_I5_O)        0.124     2.767 r  pr2_reg[3]_i_10/O
                         net (fo=23, routed)          0.427     3.194    lrep
    SLICE_X19Y3          LUT3 (Prop_lut3_I2_O)        0.124     3.318 r  pr2_reg[6]_i_1/O
                         net (fo=2, routed)           0.565     3.884    pr2_reg[6]_i_1_n_0
    DSP48_X1Y0           DSP48E1                                      r  pr1_reg[6]/A[7]
  -------------------------------------------------------------------    -------------------

                         (clock aclk rise edge)       6.734     6.734 r  <hidden>
                                                      0.000     6.734 r  aclk
                         net (fo=1886, unset)         0.924     7.658    aclk
    DSP48_X1Y0           DSP48E1                                      r  pr1_reg[6]/CLK
                         clock pessimism              0.000     7.658    <hidden>
                         clock uncertainty           -0.035     7.623    <hidden>
    DSP48_X1Y0           DSP48E1 (Setup_dsp48e1_CLK_A[7])
                                                     -3.722     3.901    pr1_reg[6]
  -------------------------------------------------------------------
                         required time                          3.901    <hidden>
                         arrival time                          -3.884    <hidden>
  -------------------------------------------------------------------
                         slack                                  0.017    <hidden>

Slack (MET) :             0.017ns  (required time - arrival time)
  Source:                 pcnt_q_reg[0]/C
                            (rising edge-triggered cell FDRE clocked by aclk  {rise@0.000ns fall@3.367ns period=6.734ns})
  Destination:            pr2_reg[6]/A[7]
                            (rising edge-triggered cell DSP48E1 clocked by aclk  {rise@0.000ns fall@3.367ns period=6.734ns})
  Path Group:             aclk
  Path Type:              Setup (Max at Slow Process Corner)
  Requirement:            6.734ns  (aclk rise@6.734ns - aclk rise@0.000ns)
  Data Path Delay:        2.911ns  (logic 0.828ns (28.448%)  route 2.083ns (71.552%))
  Logic Levels:           3  (LUT3=1 LUT6=2)
  Clock Path Skew:        -0.049ns (DCD - SCD + CPR)
    Destination Clock Delay (DCD):    0.924ns = ( 7.658 - 6.734 ) 
    Source Clock Delay      (SCD):    0.973ns
    Clock Pessimism Removal (CPR):    0.000ns
  Clock Uncertainty:      0.035ns  ((TSJ^2 + TIJ^2)^1/2 + DJ) / 2 + PE
    Total System Jitter     (TSJ):    0.071ns
    Total Input Jitter      (TIJ):    0.000ns
    Discrete Jitter          (DJ):    0.000ns
    Phase Error              (PE):    0.000ns

    Location             Delay type                Incr(ns)  Path(ns)    Netlist Resource(s)
  -------------------------------------------------------------------    -------------------
                         (clock aclk rise edge)       0.000     0.000 r  <hidden>
                                                      0.000     0.000 r  aclk
                         net (fo=1886, unset)         0.973     0.973    aclk
    SLICE_X13Y3          FDRE                                         r  pcnt_q_reg[0]/C
  -------------------------------------------------------------------    -------------------
    SLICE_X13Y3          FDRE (Prop_fdre_C_Q)         0.456     1.429 f  pcnt_q_reg[0]/Q
                         net (fo=2, routed)           0.815     2.244    pcnt_q[0]
    SLICE_X15Y3          LUT6 (Prop_lut6_I2_O)        0.124     2.368 f  pr2_reg[3]_i_11/O
                         net (fo=2, routed)           0.275     2.643    pr2_reg[3]_i_11_n_0
    SLICE_X15Y3          LUT6 (Prop_lut6_I5_O)        0.124     2.767 r  pr2_reg[3]_i_10/O
                         net (fo=23, routed)          0.427     3.194    lrep
    SLICE_X19Y3          LUT3 (Prop_lut3_I2_O)        0.124     3.318 r  pr2_reg[6]_i_1/O
                         net (fo=2, routed)           0.565     3.884    pr2_reg[6]_i_1_n_0
    DSP48_X1Y1           DSP48E1                                      r  pr2_reg[6]/A[7]
  -------------------------------------------------------------------    -------------------

                         (clock aclk rise edge)       6.734     6.734 r  <hidden>
                                                      0.000     6.734 r  aclk
                         net (fo=1886, unset)         0.924     7.658    aclk
    DSP48_X1Y1           DSP48E1                                      r  pr2_reg[6]/CLK
                         clock pessimism              0.000     7.658    <hidden>
                         clock uncertainty           -0.035     7.623    <hidden>
    DSP48_X1Y1           DSP48E1 (Setup_dsp48e1_CLK_A[7])
                                                     -3.722     3.901    pr2_reg[6]
  -------------------------------------------------------------------
                         required time                          3.901    <hidden>
                         arrival time                          -3.884    <hidden>
  -------------------------------------------------------------------
                         slack                                  0.017    <hidden>

Slack (MET) :             0.018ns  (required time - arrival time)
  Source:                 pcnt_q_reg[0]/C
                            (rising edge-triggered cell FDRE clocked by aclk  {rise@0.000ns fall@3.367ns period=6.734ns})
  Destination:            pr1_reg[0]/A[5]
                            (rising edge-triggered cell DSP48E1 clocked by aclk  {rise@0.000ns fall@3.367ns period=6.734ns})
  Path Group:             aclk
  Path Type:              Setup (Max at Slow Process Corner)
  Requirement:            6.734ns  (aclk rise@6.734ns - aclk rise@0.000ns)
  Data Path Delay:        2.910ns  (logic 0.828ns (28.454%)  route 2.082ns (71.546%))
  Logic Levels:           3  (LUT3=1 LUT6=2)
  Clock Path Skew:        -0.049ns (DCD - SCD + CPR)
    Destination Clock Delay (DCD):    0.924ns = ( 7.658 - 6.734 ) 
    Source Clock Delay      (SCD):    0.973ns
    Clock Pessimism Removal (CPR):    0.000ns
  Clock Uncertainty:      0.035ns  ((TSJ^2 + TIJ^2)^1/2 + DJ) / 2 + PE
    Total System Jitter     (TSJ):    0.071ns
    Total Input Jitter      (TIJ):    0.000ns
    Discrete Jitter          (DJ):    0.000ns
    Phase Error              (PE):    0.000ns

    Location             Delay type                Incr(ns)  Path(ns)    Netlist Resource(s)
  -------------------------------------------------------------------    -------------------
                         (clock aclk rise edge)       0.000     0.000 r  <hidden>
                                                      0.000     0.000 r  aclk
                         net (fo=1886, unset)         0.973     0.973    aclk
    SLICE_X13Y3          FDRE                                         r  pcnt_q_reg[0]/C
  -------------------------------------------------------------------    -------------------
    SLICE_X13Y3          FDRE (Prop_fdre_C_Q)         0.456     1.429 f  pcnt_q_reg[0]/Q
                         net (fo=2, routed)           0.815     2.244    pcnt_q[0]
    SLICE_X15Y3          LUT6 (Prop_lut6_I2_O)        0.124     2.368 f  pr2_reg[3]_i_11/O
                         net (fo=2, routed)           0.275     2.643    pr2_reg[3]_i_11_n_0
    SLICE_X15Y3          LUT6 (Prop_lut6_I5_O)        0.124     2.767 r  pr2_reg[3]_i_10/O
                         net (fo=23, routed)          0.580     3.347    lrep
    SLICE_X13Y1          LUT3 (Prop_lut3_I2_O)        0.124     3.471 r  pr2_reg[0]_i_3/O
                         net (fo=2, routed)           0.412     3.883    p_0_in[5]
    DSP48_X0Y0           DSP48E1                                      r  pr1_reg[0]/A[5]
  -------------------------------------------------------------------    -------------------

                         (clock aclk rise edge)       6.734     6.734 r  <hidden>
                                                      0.000     6.734 r  aclk
                         net (fo=1886, unset)         0.924     7.658    aclk
    DSP48_X0Y0           DSP48E1                                      r  pr1_reg[0]/CLK
                         clock pessimism              0.000     7.658    <hidden>
                         clock uncertainty           -0.035     7.623    <hidden>
    DSP48_X0Y0           DSP48E1 (Setup_dsp48e1_CLK_A[5])
                                                     -3.722     3.901    pr1_reg[0]
  -------------------------------------------------------------------
                         required time                          3.901    <hidden>
                         arrival time                          -3.883    <hidden>
  -------------------------------------------------------------------
                         slack                                  0.018    <hidden>

Slack (MET) :             0.018ns  (required time - arrival time)
  Source:                 pcnt_q_reg[0]/C
                            (rising edge-triggered cell FDRE clocked by aclk  {rise@0.000ns fall@3.367ns period=6.734ns})
  Destination:            pr2_reg[0]/A[5]
                            (rising edge-triggered cell DSP48E1 clocked by aclk  {rise@0.000ns fall@3.367ns period=6.734ns})
  Path Group:             aclk
  Path Type:              Setup (Max at Slow Process Corner)
  Requirement:            6.734ns  (aclk rise@6.734ns - aclk rise@0.000ns)
  Data Path Delay:        2.910ns  (logic 0.828ns (28.454%)  route 2.082ns (71.546%))
  Logic Levels:           3  (LUT3=1 LUT6=2)
  Clock Path Skew:        -0.049ns (DCD - SCD + CPR)
    Destination Clock Delay (DCD):    0.924ns = ( 7.658 - 6.734 ) 
    Source Clock Delay      (SCD):    0.973ns
    Clock Pessimism Removal (CPR):    0.000ns
  Clock Uncertainty:      0.035ns  ((TSJ^2 + TIJ^2)^1/2 + DJ) / 2 + PE
    Total System Jitter     (TSJ):    0.071ns
    Total Input Jitter      (TIJ):    0.000ns
    Discrete Jitter          (DJ):    0.000ns
    Phase Error              (PE):    0.000ns

    Location             Delay type                Incr(ns)  Path(ns)    Netlist Resource(s)
  -------------------------------------------------------------------    -------------------
                         (clock aclk rise edge)       0.000     0.000 r  <hidden>
                                                      0.000     0.000 r  aclk
                         net (fo=1886, unset)         0.973     0.973    aclk
    SLICE_X13Y3          FDRE                                         r  pcnt_q_reg[0]/C
  -------------------------------------------------------------------    -------------------
    SLICE_X13Y3          FDRE (Prop_fdre_C_Q)         0.456     1.429 f  pcnt_q_reg[0]/Q
                         net (fo=2, routed)           0.815     2.244    pcnt_q[0]
    SLICE_X15Y3          LUT6 (Prop_lut6_I2_O)        0.124     2.368 f  pr2_reg[3]_i_11/O
                         net (fo=2, routed)           0.275     2.643    pr2_reg[3]_i_11_n_0
    SLICE_X15Y3          LUT6 (Prop_lut6_I5_O)        0.124     2.767 r  pr2_reg[3]_i_10/O
                         net (fo=23, routed)          0.580     3.347    lrep
    SLICE_X13Y1          LUT3 (Prop_lut3_I2_O)        0.124     3.471 r  pr2_reg[0]_i_3/O
                         net (fo=2, routed)           0.412     3.883    p_0_in[5]
    DSP48_X0Y1           DSP48E1                                      r  pr2_reg[0]/A[5]
  -------------------------------------------------------------------    -------------------

                         (clock aclk rise edge)       6.734     6.734 r  <hidden>
                                                      0.000     6.734 r  aclk
                         net (fo=1886, unset)         0.924     7.658    aclk
    DSP48_X0Y1           DSP48E1                                      r  pr2_reg[0]/CLK
                         clock pessimism              0.000     7.658    <hidden>
                         clock uncertainty           -0.035     7.623    <hidden>
    DSP48_X0Y1           DSP48E1 (Setup_dsp48e1_CLK_A[5])
                                                     -3.722     3.901    pr2_reg[0]
  -------------------------------------------------------------------
                         required time                          3.901    <hidden>
                         arrival time                          -3.883    <hidden>
  -------------------------------------------------------------------
                         slack                                  0.018    <hidden>

Slack (MET) :             0.021ns  (required time - arrival time)
  Source:                 pcnt_q_reg[0]/C
                            (rising edge-triggered cell FDRE clocked by aclk  {rise@0.000ns fall@3.367ns period=6.734ns})
  Destination:            pr1_reg[0]/A[3]
                            (rising edge-triggered cell DSP48E1 clocked by aclk  {rise@0.000ns fall@3.367ns period=6.734ns})
  Path Group:             aclk
  Path Type:              Setup (Max at Slow Process Corner)
  Requirement:            6.734ns  (aclk rise@6.734ns - aclk rise@0.000ns)
  Data Path Delay:        2.907ns  (logic 0.828ns (28.487%)  route 2.079ns (71.513%))
  Logic Levels:           3  (LUT3=1 LUT6=2)
  Clock Path Skew:        -0.049ns (DCD - SCD + CPR)
    Destination Clock Delay (DCD):    0.924ns = ( 7.658 - 6.734 ) 
    Source Clock Delay      (SCD):    0.973ns
    Clock Pessimism Removal (CPR):    0.000ns
  Clock Uncertainty:      0.035ns  ((TSJ^2 + TIJ^2)^1/2 + DJ) / 2 + PE
    Total System Jitter     (TSJ):    0.071ns
    Total Input Jitter      (TIJ):    0.000ns
    Discrete Jitter          (DJ):    0.000ns
    Phase Error              (PE):    0.000ns

    Location             Delay type                Incr(ns)  Path(ns)    Netlist Resource(s)
  -------------------------------------------------------------------    -------------------
                         (clock aclk rise edge)       0.000     0.000 r  <hidden>
                                                      0.000     0.000 r  aclk
                         net (fo=1886, unset)         0.973     0.973    aclk
    SLICE_X13Y3          FDRE                                         r  pcnt_q_reg[0]/C
  -------------------------------------------------------------------    -------------------
    SLICE_X13Y3          FDRE (Prop_fdre_C_Q)         0.456     1.429 f  pcnt_q_reg[0]/Q
                         net (fo=2, routed)           0.815     2.244    pcnt_q[0]
    SLICE_X15Y3          LUT6 (Prop_lut6_I2_O)        0.124     2.368 f  pr2_reg[3]_i_11/O
                         net (fo=2, routed)           0.275     2.643    pr2_reg[3]_i_11_n_0
    SLICE_X15Y3          LUT6 (Prop_lut6_I5_O)        0.124     2.767 r  pr2_reg[3]_i_10/O
                         net (fo=23, routed)          0.578     3.345    lrep
    SLICE_X13Y0          LUT3 (Prop_lut3_I2_O)        0.124     3.469 r  pr2_reg[0]_i_5/O
                         net (fo=2, routed)           0.411     3.880    p_0_in[3]
    DSP48_X0Y0           DSP48E1                                      r  pr1_reg[0]/A[3]
  -------------------------------------------------------------------    -------------------

                         (clock aclk rise edge)       6.734     6.734 r  <hidden>
                                                      0.000     6.734 r  aclk
                         net (fo=1886, unset)         0.924     7.658    aclk
    DSP48_X0Y0           DSP48E1                                      r  pr1_reg[0]/CLK
                         clock pessimism              0.000     7.658    <hidden>
                         clock uncertainty           -0.035     7.623    <hidden>
    DSP48_X0Y0           DSP48E1 (Setup_dsp48e1_CLK_A[3])
                                                     -3.722     3.901    pr1_reg[0]
  -------------------------------------------------------------------
                         required time                          3.901    <hidden>
                         arrival time                          -3.880    <hidden>
  -------------------------------------------------------------------
                         slack                                  0.021    <hidden>

Slack (MET) :             0.021ns  (required time - arrival time)
  Source:                 pcnt_q_reg[0]/C
                            (rising edge-triggered cell FDRE clocked by aclk  {rise@0.000ns fall@3.367ns period=6.734ns})
  Destination:            pr2_reg[0]/A[3]
                            (rising edge-triggered cell DSP48E1 clocked by aclk  {rise@0.000ns fall@3.367ns period=6.734ns})
  Path Group:             aclk
  Path Type:              Setup (Max at Slow Process Corner)
  Requirement:            6.734ns  (aclk rise@6.734ns - aclk rise@0.000ns)
  Data Path Delay:        2.907ns  (logic 0.828ns (28.487%)  route 2.079ns (71.513%))
  Logic Levels:           3  (LUT3=1 LUT6=2)
  Clock Path Skew:        -0.049ns (DCD - SCD + CPR)
    Destination Clock Delay (DCD):    0.924ns = ( 7.658 - 6.734 ) 
    Source Clock Delay      (SCD):    0.973ns
    Clock Pessimism Removal (CPR):    0.000ns
  Clock Uncertainty:      0.035ns  ((TSJ^2 + TIJ^2)^1/2 + DJ) / 2 + PE
    Total System Jitter     (TSJ):    0.071ns
    Total Input Jitter      (TIJ):    0.000ns
    Discrete Jitter          (DJ):    0.000ns
    Phase Error              (PE):    0.000ns

    Location             Delay type                Incr(ns)  Path(ns)    Netlist Resource(s)
  -------------------------------------------------------------------    -------------------
                         (clock aclk rise edge)       0.000     0.000 r  <hidden>
                                                      0.000     0.000 r  aclk
                         net (fo=1886, unset)         0.973     0.973    aclk
    SLICE_X13Y3          FDRE                                         r  pcnt_q_reg[0]/C
  -------------------------------------------------------------------    -------------------
    SLICE_X13Y3          FDRE (Prop_fdre_C_Q)         0.456     1.429 f  pcnt_q_reg[0]/Q
                         net (fo=2, routed)           0.815     2.244    pcnt_q[0]
    SLICE_X15Y3          LUT6 (Prop_lut6_I2_O)        0.124     2.368 f  pr2_reg[3]_i_11/O
                         net (fo=2, routed)           0.275     2.643    pr2_reg[3]_i_11_n_0
    SLICE_X15Y3          LUT6 (Prop_lut6_I5_O)        0.124     2.767 r  pr2_reg[3]_i_10/O
                         net (fo=23, routed)          0.578     3.345    lrep
    SLICE_X13Y0          LUT3 (Prop_lut3_I2_O)        0.124     3.469 r  pr2_reg[0]_i_5/O
                         net (fo=2, routed)           0.411     3.880    p_0_in[3]
    DSP48_X0Y1           DSP48E1                                      r  pr2_reg[0]/A[3]
  -------------------------------------------------------------------    -------------------

                         (clock aclk rise edge)       6.734     6.734 r  <hidden>
                                                      0.000     6.734 r  aclk
                         net (fo=1886, unset)         0.924     7.658    aclk
    DSP48_X0Y1           DSP48E1                                      r  pr2_reg[0]/CLK
                         clock pessimism              0.000     7.658    <hidden>
                         clock uncertainty           -0.035     7.623    <hidden>
    DSP48_X0Y1           DSP48E1 (Setup_dsp48e1_CLK_A[3])
                                                     -3.722     3.901    pr2_reg[0]
  -------------------------------------------------------------------
                         required time                          3.901    <hidden>
                         arrival time                          -3.880    <hidden>
  -------------------------------------------------------------------
                         slack                                  0.021    <hidden>

Slack (MET) :             0.022ns  (required time - arrival time)
  Source:                 pcnt_q_reg[0]/C
                            (rising edge-triggered cell FDRE clocked by aclk  {rise@0.000ns fall@3.367ns period=6.734ns})
  Destination:            pr1_reg[0]/A[1]
                            (rising edge-triggered cell DSP48E1 clocked by aclk  {rise@0.000ns fall@3.367ns period=6.734ns})
  Path Group:             aclk
  Path Type:              Setup (Max at Slow Process Corner)
  Requirement:            6.734ns  (aclk rise@6.734ns - aclk rise@0.000ns)
  Data Path Delay:        2.906ns  (logic 0.828ns (28.490%)  route 2.078ns (71.510%))
  Logic Levels:           3  (LUT3=1 LUT6=2)
  Clock Path Skew:        -0.049ns (DCD - SCD + CPR)
    Destination Clock Delay (DCD):    0.924ns = ( 7.658 - 6.734 ) 
    Source Clock Delay      (SCD):    0.973ns
    Clock Pessimism Removal (CPR):    0.000ns
  Clock Uncertainty:      0.035ns  ((TSJ^2 + TIJ^2)^1/2 + DJ) / 2 + PE
    Total System Jitter     (TSJ):    0.071ns
    Total Input Jitter      (TIJ):    0.000ns
    Discrete Jitter          (DJ):    0.000ns
    Phase Error              (PE):    0.000ns

    Location             Delay type                Incr(ns)  Path(ns)    Netlist Resource(s)
  -------------------------------------------------------------------    -------------------
                         (clock aclk rise edge)       0.000     0.000 r  <hidden>
                                                      0.000     0.000 r  aclk
                         net (fo=1886, unset)         0.973     0.973    aclk
    SLICE_X13Y3          FDRE                                         r  pcnt_q_reg[0]/C
  -------------------------------------------------------------------    -------------------
    SLICE_X13Y3          FDRE (Prop_fdre_C_Q)         0.456     1.429 f  pcnt_q_reg[0]/Q
                         net (fo=2, routed)           0.815     2.244    pcnt_q[0]
    SLICE_X15Y3          LUT6 (Prop_lut6_I2_O)        0.124     2.368 f  pr2_reg[3]_i_11/O
                         net (fo=2, routed)           0.275     2.643    pr2_reg[3]_i_11_n_0
    SLICE_X15Y3          LUT6 (Prop_lut6_I5_O)        0.124     2.767 r  pr2_reg[3]_i_10/O
                         net (fo=23, routed)          0.428     3.195    lrep
    SLICE_X13Y2          LUT3 (Prop_lut3_I2_O)        0.124     3.319 r  pr2_reg[0]_i_7/O
                         net (fo=2, routed)           0.560     3.879    p_0_in[1]
    DSP48_X0Y0           DSP48E1                                      r  pr1_reg[0]/A[1]
  -------------------------------------------------------------------    -------------------

                         (clock aclk rise edge)       6.734     6.734 r  <hidden>
                                                      0.000     6.734 r  aclk
                         net (fo=1886, unset)         0.924     7.658    aclk
    DSP48_X0Y0           DSP48E1                                      r  pr1_reg[0]/CLK
                         clock pessimism              0.000     7.658    <hidden>
                         clock uncertainty           -0.035     7.623    <hidden>
    DSP48_X0Y0           DSP48E1 (Setup_dsp48e1_CLK_A[1])
                                                     -3.722     3.901    pr1_reg[0]
  -------------------------------------------------------------------
                         required time                          3.901    <hidden>
                         arrival time                          -3.879    <hidden>
  -------------------------------------------------------------------
                         slack                                  0.022    <hidden>

Slack (MET) :             0.022ns  (required time - arrival time)
  Source:                 pcnt_q_reg[0]/C
                            (rising edge-triggered cell FDRE clocked by aclk  {rise@0.000ns fall@3.367ns period=6.734ns})
  Destination:            pr2_reg[0]/A[1]
                            (rising edge-triggered cell DSP48E1 clocked by aclk  {rise@0.000ns fall@3.367ns period=6.734ns})
  Path Group:             aclk
  Path Type:              Setup (Max at Slow Process Corner)
  Requirement:            6.734ns  (aclk rise@6.734ns - aclk rise@0.000ns)
  Data Path Delay:        2.906ns  (logic 0.828ns (28.490%)  route 2.078ns (71.510%))
  Logic Levels:           3  (LUT3=1 LUT6=2)
  Clock Path Skew:        -0.049ns (DCD - SCD + CPR)
    Destination Clock Delay (DCD):    0.924ns = ( 7.658 - 6.734 ) 
    Source Clock Delay      (SCD):    0.973ns
    Clock Pessimism Removal (CPR):    0.000ns
  Clock Uncertainty:      0.035ns  ((TSJ^2 + TIJ^2)^1/2 + DJ) / 2 + PE
    Total System Jitter     (TSJ):    0.071ns
    Total Input Jitter      (TIJ):    0.000ns
    Discrete Jitter          (DJ):    0.000ns
    Phase Error              (PE):    0.000ns

    Location             Delay type                Incr(ns)  Path(ns)    Netlist Resource(s)
  -------------------------------------------------------------------    -------------------
                         (clock aclk rise edge)       0.000     0.000 r  <hidden>
                                                      0.000     0.000 r  aclk
                         net (fo=1886, unset)         0.973     0.973    aclk
    SLICE_X13Y3          FDRE                                         r  pcnt_q_reg[0]/C
  -------------------------------------------------------------------    -------------------
    SLICE_X13Y3          FDRE (Prop_fdre_C_Q)         0.456     1.429 f  pcnt_q_reg[0]/Q
                         net (fo=2, routed)           0.815     2.244    pcnt_q[0]
    SLICE_X15Y3          LUT6 (Prop_lut6_I2_O)        0.124     2.368 f  pr2_reg[3]_i_11/O
                         net (fo=2, routed)           0.275     2.643    pr2_reg[3]_i_11_n_0
    SLICE_X15Y3          LUT6 (Prop_lut6_I5_O)        0.124     2.767 r  pr2_reg[3]_i_10/O
                         net (fo=23, routed)          0.428     3.195    lrep
    SLICE_X13Y2          LUT3 (Prop_lut3_I2_O)        0.124     3.319 r  pr2_reg[0]_i_7/O
                         net (fo=2, routed)           0.560     3.879    p_0_in[1]
    DSP48_X0Y1           DSP48E1                                      r  pr2_reg[0]/A[1]
  -------------------------------------------------------------------    -------------------

                         (clock aclk rise edge)       6.734     6.734 r  <hidden>
                                                      0.000     6.734 r  aclk
                         net (fo=1886, unset)         0.924     7.658    aclk
    DSP48_X0Y1           DSP48E1                                      r  pr2_reg[0]/CLK
                         clock pessimism              0.000     7.658    <hidden>
                         clock uncertainty           -0.035     7.623    <hidden>
    DSP48_X0Y1           DSP48E1 (Setup_dsp48e1_CLK_A[1])
                                                     -3.722     3.901    pr2_reg[0]
  -------------------------------------------------------------------
                         required time                          3.901    <hidden>
                         arrival time                          -3.879    <hidden>
  -------------------------------------------------------------------
                         slack                                  0.022    <hidden>

Slack (MET) :             0.022ns  (required time - arrival time)
  Source:                 pcnt_q_reg[0]/C
                            (rising edge-triggered cell FDRE clocked by aclk  {rise@0.000ns fall@3.367ns period=6.734ns})
  Destination:            pr1_reg[0]/A[7]
                            (rising edge-triggered cell DSP48E1 clocked by aclk  {rise@0.000ns fall@3.367ns period=6.734ns})
  Path Group:             aclk
  Path Type:              Setup (Max at Slow Process Corner)
  Requirement:            6.734ns  (aclk rise@6.734ns - aclk rise@0.000ns)
  Data Path Delay:        2.906ns  (logic 0.828ns (28.491%)  route 2.078ns (71.509%))
  Logic Levels:           3  (LUT3=1 LUT6=2)
  Clock Path Skew:        -0.049ns (DCD - SCD + CPR)
    Destination Clock Delay (DCD):    0.924ns = ( 7.658 - 6.734 ) 
    Source Clock Delay      (SCD):    0.973ns
    Clock Pessimism Removal (CPR):    0.000ns
  Clock Uncertainty:      0.035ns  ((TSJ^2 + TIJ^2)^1/2 + DJ) / 2 + PE
    Total System Jitter     (TSJ):    0.071ns
    Total Input Jitter      (TIJ):    0.000ns
    Discrete Jitter          (DJ):    0.000ns
    Phase Error              (PE):    0.000ns

    Location             Delay type                Incr(ns)  Path(ns)    Netlist Resource(s)
  -------------------------------------------------------------------    -------------------
                         (clock aclk rise edge)       0.000     0.000 r  <hidden>
                                                      0.000     0.000 r  aclk
                         net (fo=1886, unset)         0.973     0.973    aclk
    SLICE_X13Y3          FDRE                                         r  pcnt_q_reg[0]/C
  -------------------------------------------------------------------    -------------------
    SLICE_X13Y3          FDRE (Prop_fdre_C_Q)         0.456     1.429 f  pcnt_q_reg[0]/Q
                         net (fo=2, routed)           0.815     2.244    pcnt_q[0]
    SLICE_X15Y3          LUT6 (Prop_lut6_I2_O)        0.124     2.368 f  pr2_reg[3]_i_11/O
                         net (fo=2, routed)           0.275     2.643    pr2_reg[3]_i_11_n_0
    SLICE_X15Y3          LUT6 (Prop_lut6_I5_O)        0.124     2.767 r  pr2_reg[3]_i_10/O
                         net (fo=23, routed)          0.577     3.344    lrep
    SLICE_X13Y1          LUT3 (Prop_lut3_I2_O)        0.124     3.468 r  pr2_reg[0]_i_1/O
                         net (fo=2, routed)           0.411     3.879    p_0_in[7]
    DSP48_X0Y0           DSP48E1                                      r  pr1_reg[0]/A[7]
  -------------------------------------------------------------------    -------------------

                         (clock aclk rise edge)       6.734     6.734 r  <hidden>
                                                      0.000     6.734 r  aclk
                         net (fo=1886, unset)         0.924     7.658    aclk
    DSP48_X0Y0           DSP48E1                                      r  pr1_reg[0]/CLK
                         clock pessimism              0.000     7.658    <hidden>
                         clock uncertainty           -0.035     7.623    <hidden>
    DSP48_X0Y0           DSP48E1 (Setup_dsp48e1_CLK_A[7])
                                                     -3.722     3.901    pr1_reg[0]
  -------------------------------------------------------------------
                         required time                          3.901    <hidden>
                         arrival time                          -3.879    <hidden>
  -------------------------------------------------------------------
                         slack                                  0.022    <hidden>

Slack (MET) :             0.022ns  (required time - arrival time)
  Source:                 pcnt_q_reg[0]/C
                            (rising edge-triggered cell FDRE clocked by aclk  {rise@0.000ns fall@3.367ns period=6.734ns})
  Destination:            pr2_reg[0]/A[7]
                            (rising edge-triggered cell DSP48E1 clocked by aclk  {rise@0.000ns fall@3.367ns period=6.734ns})
  Path Group:             aclk
  Path Type:              Setup (Max at Slow Process Corner)
  Requirement:            6.734ns  (aclk rise@6.734ns - aclk rise@0.000ns)
  Data Path Delay:        2.906ns  (logic 0.828ns (28.491%)  route 2.078ns (71.509%))
  Logic Levels:           3  (LUT3=1 LUT6=2)
  Clock Path Skew:        -0.049ns (DCD - SCD + CPR)
    Destination Clock Delay (DCD):    0.924ns = ( 7.658 - 6.734 ) 
    Source Clock Delay      (SCD):    0.973ns
    Clock Pessimism Removal (CPR):    0.000ns
  Clock Uncertainty:      0.035ns  ((TSJ^2 + TIJ^2)^1/2 + DJ) / 2 + PE
    Total System Jitter     (TSJ):    0.071ns
    Total Input Jitter      (TIJ):    0.000ns
    Discrete Jitter          (DJ):    0.000ns
    Phase Error              (PE):    0.000ns

    Location             Delay type                Incr(ns)  Path(ns)    Netlist Resource(s)
  -------------------------------------------------------------------    -------------------
                         (clock aclk rise edge)       0.000     0.000 r  <hidden>
                                                      0.000     0.000 r  aclk
                         net (fo=1886, unset)         0.973     0.973    aclk
    SLICE_X13Y3          FDRE                                         r  pcnt_q_reg[0]/C
  -------------------------------------------------------------------    -------------------
    SLICE_X13Y3          FDRE (Prop_fdre_C_Q)         0.456     1.429 f  pcnt_q_reg[0]/Q
                         net (fo=2, routed)           0.815     2.244    pcnt_q[0]
    SLICE_X15Y3          LUT6 (Prop_lut6_I2_O)        0.124     2.368 f  pr2_reg[3]_i_11/O
                         net (fo=2, routed)           0.275     2.643    pr2_reg[3]_i_11_n_0
    SLICE_X15Y3          LUT6 (Prop_lut6_I5_O)        0.124     2.767 r  pr2_reg[3]_i_10/O
                         net (fo=23, routed)          0.577     3.344    lrep
    SLICE_X13Y1          LUT3 (Prop_lut3_I2_O)        0.124     3.468 r  pr2_reg[0]_i_1/O
                         net (fo=2, routed)           0.411     3.879    p_0_in[7]
    DSP48_X0Y1           DSP48E1                                      r  pr2_reg[0]/A[7]
  -------------------------------------------------------------------    -------------------

                         (clock aclk rise edge)       6.734     6.734 r  <hidden>
                                                      0.000     6.734 r  aclk
                         net (fo=1886, unset)         0.924     7.658    aclk
    DSP48_X0Y1           DSP48E1                                      r  pr2_reg[0]/CLK
                         clock pessimism              0.000     7.658    <hidden>
                         clock uncertainty           -0.035     7.623    <hidden>
    DSP48_X0Y1           DSP48E1 (Setup_dsp48e1_CLK_A[7])
                                                     -3.722     3.901    pr2_reg[0]
  -------------------------------------------------------------------
                         required time                          3.901    <hidden>
                         arrival time                          -3.879    <hidden>
  -------------------------------------------------------------------
                         slack                                  0.022    <hidden>

Slack (MET) :             0.022ns  (required time - arrival time)
  Source:                 pcnt_q_reg[0]/C
                            (rising edge-triggered cell FDRE clocked by aclk  {rise@0.000ns fall@3.367ns period=6.734ns})
  Destination:            pr1_reg[0]/A[2]
                            (rising edge-triggered cell DSP48E1 clocked by aclk  {rise@0.000ns fall@3.367ns period=6.734ns})
  Path Group:             aclk
  Path Type:              Setup (Max at Slow Process Corner)
  Requirement:            6.734ns  (aclk rise@6.734ns - aclk rise@0.000ns)
  Data Path Delay:        2.906ns  (logic 0.828ns (28.492%)  route 2.078ns (71.508%))
  Logic Levels:           3  (LUT3=1 LUT6=2)
  Clock Path Skew:        -0.049ns (DCD - SCD + CPR)
    Destination Clock Delay (DCD):    0.924ns = ( 7.658 - 6.734 ) 
    Source Clock Delay      (SCD):    0.973ns
    Clock Pessimism Removal (CPR):    0.000ns
  Clock Uncertainty:      0.035ns  ((TSJ^2 + TIJ^2)^1/2 + DJ) / 2 + PE
    Total System Jitter     (TSJ):    0.071ns
    Total Input Jitter      (TIJ):    0.000ns
    Discrete Jitter          (DJ):    0.000ns
    Phase Error              (PE):    0.000ns

    Location             Delay type                Incr(ns)  Path(ns)    Netlist Resource(s)
  -------------------------------------------------------------------    -------------------
                         (clock aclk rise edge)       0.000     0.000 r  <hidden>
                                                      0.000     0.000 r  aclk
                         net (fo=1886, unset)         0.973     0.973    aclk
    SLICE_X13Y3          FDRE                                         r  pcnt_q_reg[0]/C
  -------------------------------------------------------------------    -------------------
    SLICE_X13Y3          FDRE (Prop_fdre_C_Q)         0.456     1.429 f  pcnt_q_reg[0]/Q
                         net (fo=2, routed)           0.815     2.244    pcnt_q[0]
    SLICE_X15Y3          LUT6 (Prop_lut6_I2_O)        0.124     2.368 f  pr2_reg[3]_i_11/O
                         net (fo=2, routed)           0.275     2.643    pr2_reg[3]_i_11_n_0
    SLICE_X15Y3          LUT6 (Prop_lut6_I5_O)        0.124     2.767 r  pr2_reg[3]_i_10/O
                         net (fo=23, routed)          0.422     3.189    lrep
    SLICE_X15Y1          LUT3 (Prop_lut3_I2_O)        0.124     3.313 r  pr2_reg[0]_i_6/O
                         net (fo=2, routed)           0.566     3.879    p_0_in[2]
    DSP48_X0Y0           DSP48E1                                      r  pr1_reg[0]/A[2]
  -------------------------------------------------------------------    -------------------

                         (clock aclk rise edge)       6.734     6.734 r  <hidden>
                                                      0.000     6.734 r  aclk
                         net (fo=1886, unset)         0.924     7.658    aclk
    DSP48_X0Y0           DSP48E1                                      r  pr1_reg[0]/CLK
                         clock pessimism              0.000     7.658    <hidden>
                         clock uncertainty           -0.035     7.623    <hidden>
    DSP48_X0Y0           DSP48E1 (Setup_dsp48e1_CLK_A[2])
                                                     -3.722     3.901    pr1_reg[0]
  -------------------------------------------------------------------
                         required time                          3.901    <hidden>
                         arrival time                          -3.879    <hidden>
  -------------------------------------------------------------------
                         slack                                  0.022    <hidden>

Slack (MET) :             0.022ns  (required time - arrival time)
  Source:                 pcnt_q_reg[0]/C
                            (rising edge-triggered cell FDRE clocked by aclk  {rise@0.000ns fall@3.367ns period=6.734ns})
  Destination:            pr2_reg[0]/A[2]
                            (rising edge-triggered cell DSP48E1 clocked by aclk  {rise@0.000ns fall@3.367ns period=6.734ns})
  Path Group:             aclk
  Path Type:              Setup (Max at Slow Process Corner)
  Requirement:            6.734ns  (aclk rise@6.734ns - aclk rise@0.000ns)
  Data Path Delay:        2.906ns  (logic 0.828ns (28.492%)  route 2.078ns (71.508%))
  Logic Levels:           3  (LUT3=1 LUT6=2)
  Clock Path Skew:        -0.049ns (DCD - SCD + CPR)
    Destination Clock Delay (DCD):    0.924ns = ( 7.658 - 6.734 ) 
    Source Clock Delay      (SCD):    0.973ns
    Clock Pessimism Removal (CPR):    0.000ns
  Clock Uncertainty:      0.035ns  ((TSJ^2 + TIJ^2)^1/2 + DJ) / 2 + PE
    Total System Jitter     (TSJ):    0.071ns
    Total Input Jitter      (TIJ):    0.000ns
    Discrete Jitter          (DJ):    0.000ns
    Phase Error              (PE):    0.000ns

    Location             Delay type                Incr(ns)  Path(ns)    Netlist Resource(s)
  -------------------------------------------------------------------    -------------------
                         (clock aclk rise edge)       0.000     0.000 r  <hidden>
                                                      0.000     0.000 r  aclk
                         net (fo=1886, unset)         0.973     0.973    aclk
    SLICE_X13Y3          FDRE                                         r  pcnt_q_reg[0]/C
  -------------------------------------------------------------------    -------------------
    SLICE_X13Y3          FDRE (Prop_fdre_C_Q)         0.456     1.429 f  pcnt_q_reg[0]/Q
                         net (fo=2, routed)           0.815     2.244    pcnt_q[0]
    SLICE_X15Y3          LUT6 (Prop_lut6_I2_O)        0.124     2.368 f  pr2_reg[3]_i_11/O
                         net (fo=2, routed)           0.275     2.643    pr2_reg[3]_i_11_n_0
    SLICE_X15Y3          LUT6 (Prop_lut6_I5_O)        0.124     2.767 r  pr2_reg[3]_i_10/O
                         net (fo=23, routed)          0.422     3.189    lrep
    SLICE_X15Y1          LUT3 (Prop_lut3_I2_O)        0.124     3.313 r  pr2_reg[0]_i_6/O
                         net (fo=2, routed)           0.566     3.879    p_0_in[2]
    DSP48_X0Y1           DSP48E1                                      r  pr2_reg[0]/A[2]
  -------------------------------------------------------------------    -------------------

                         (clock aclk rise edge)       6.734     6.734 r  <hidden>
                                                      0.000     6.734 r  aclk
                         net (fo=1886, unset)         0.924     7.658    aclk
    DSP48_X0Y1           DSP48E1                                      r  pr2_reg[0]/CLK
                         clock pessimism              0.000     7.658    <hidden>
                         clock uncertainty           -0.035     7.623    <hidden>
    DSP48_X0Y1           DSP48E1 (Setup_dsp48e1_CLK_A[2])
                                                     -3.722     3.901    pr2_reg[0]
  -------------------------------------------------------------------
                         required time                          3.901    <hidden>
                         arrival time                          -3.879    <hidden>
  -------------------------------------------------------------------
                         slack                                  0.022    <hidden>

Slack (MET) :             0.025ns  (required time - arrival time)
  Source:                 pcnt_q_reg[0]/C
                            (rising edge-triggered cell FDRE clocked by aclk  {rise@0.000ns fall@3.367ns period=6.734ns})
  Destination:            pr1_reg[3]/A[7]
                            (rising edge-triggered cell DSP48E1 clocked by aclk  {rise@0.000ns fall@3.367ns period=6.734ns})
  Path Group:             aclk
  Path Type:              Setup (Max at Slow Process Corner)
  Requirement:            6.734ns  (aclk rise@6.734ns - aclk rise@0.000ns)
  Data Path Delay:        2.903ns  (logic 0.828ns (28.518%)  route 2.075ns (71.482%))
  Logic Levels:           3  (LUT3=1 LUT6=2)
  Clock Path Skew:        -0.049ns (DCD - SCD + CPR)
    Destination Clock Delay (DCD):    0.924ns = ( 7.658 - 6.734 ) 
    Source Clock Delay      (SCD):    0.973ns
    Clock Pessimism Removal (CPR):    0.000ns
  Clock Uncertainty:      0.035ns  ((TSJ^2 + TIJ^2)^1/2 + DJ) / 2 + PE
    Total System Jitter     (TSJ):    0.071ns
    Total Input Jitter      (TIJ):    0.000ns
    Discrete Jitter          (DJ):    0.000ns
    Phase Error              (PE):    0.000ns

    Location             Delay type                Incr(ns)  Path(ns)    Netlist Resource(s)
  -------------------------------------------------------------------    -------------------
                         (clock aclk rise edge)       0.000     0.000 r  <hidden>
                                                      0.000     0.000 r  aclk
                         net (fo=1886, unset)         0.973     0.973    aclk
    SLICE_X13Y3          FDRE                                         r  pcnt_q_reg[0]/C
  -------------------------------------------------------------------    -------------------
    SLICE_X13Y3          FDRE (Prop_fdre_C_Q)         0.456     1.429 f  pcnt_q_reg[0]/Q
                         net (fo=2, routed)           0.815     2.244    pcnt_q[0]
    SLICE_X15Y3          LUT6 (Prop_lut6_I2_O)        0.124     2.368 f  pr2_reg[3]_i_11/O
                         net (fo=2, routed)           0.275     2.643    pr2_reg[3]_i_11_n_0
    SLICE_X15Y3          LUT6 (Prop_lut6_I5_O)        0.124     2.767 r  pr2_reg[3]_i_10/O
                         net (fo=23, routed)          0.573     3.340    lrep
    SLICE_X13Y5          LUT3 (Prop_lut3_I2_O)        0.124     3.464 r  pr2_reg[3]_i_2/O
                         net (fo=2, routed)           0.412     3.876    pr2_reg[3]_i_2_n_0
    DSP48_X0Y2           DSP48E1                                      r  pr1_reg[3]/A[7]
  -------------------------------------------------------------------    -------------------

                         (clock aclk rise edge)       6.734     6.734 r  <hidden>
                                                      0.000     6.734 r  aclk
                         net (fo=1886, unset)         0.924     7.658    aclk
    DSP48_X0Y2           DSP48E1                                      r  pr1_reg[3]/CLK
                         clock pessimism              0.000     7.658    <hidden>
                         clock uncertainty           -0.035     7.623    <hidden>
    DSP48_X0Y2           DSP48E1 (Setup_dsp48e1_CLK_A[7])
                                                     -3.722     3.901    pr1_reg[3]
  -------------------------------------------------------------------
                         required time                          3.901    <hidden>
                         arrival time                          -3.876    <hidden>
  -------------------------------------------------------------------
                         slack                                  0.025    <hidden>





Min Delay Paths
--------------------------------------------------------------------------------------
Slack (MET) :             0.097ns  (arrival time - required time)
  Source:                 cc1_q_reg[6]/C
                            (rising edge-triggered cell FDRE clocked by aclk  {rise@0.000ns fall@3.367ns period=6.734ns})
  Destination:            ccD_q_reg[6]/D
                            (rising edge-triggered cell FDRE clocked by aclk  {rise@0.000ns fall@3.367ns period=6.734ns})
  Path Group:             aclk
  Path Type:              Hold (Min at Fast Process Corner)
  Requirement:            0.000ns  (aclk rise@0.000ns - aclk rise@0.000ns)
  Data Path Delay:        0.197ns  (logic 0.141ns (71.611%)  route 0.056ns (28.389%))
  Logic Levels:           0  
  Clock Path Skew:        0.022ns (DCD - SCD - CPR)
    Destination Clock Delay (DCD):    0.432ns
    Source Clock Delay      (SCD):    0.410ns
    Clock Pessimism Removal (CPR):    -0.000ns

    Location             Delay type                Incr(ns)  Path(ns)    Netlist Resource(s)
  -------------------------------------------------------------------    -------------------
                         (clock aclk rise edge)       0.000     0.000 r  <hidden>
                                                      0.000     0.000 r  aclk
                         net (fo=1886, unset)         0.410     0.410    aclk
    SLICE_X31Y2          FDRE                                         r  cc1_q_reg[6]/C
  -------------------------------------------------------------------    -------------------
    SLICE_X31Y2          FDRE (Prop_fdre_C_Q)         0.141     0.551 r  cc1_q_reg[6]/Q
                         net (fo=1, routed)           0.056     0.607    cc1_q[6]
    SLICE_X31Y2          FDRE                                         r  ccD_q_reg[6]/D
  -------------------------------------------------------------------    -------------------

                         (clock aclk rise edge)       0.000     0.000 r  <hidden>
                                                      0.000     0.000 r  aclk
                         net (fo=1886, unset)         0.432     0.432    aclk
    SLICE_X31Y2          FDRE                                         r  ccD_q_reg[6]/C
                         clock pessimism              0.000     0.432    <hidden>
    SLICE_X31Y2          FDRE (Hold_fdre_C_D)         0.078     0.510    ccD_q_reg[6]
  -------------------------------------------------------------------
                         required time                         -0.510    <hidden>
                         arrival time                           0.607    <hidden>
  -------------------------------------------------------------------
                         slack                                  0.097    <hidden>

Slack (MET) :             0.099ns  (arrival time - required time)
  Source:                 cc1_q_reg[2]/C
                            (rising edge-triggered cell FDRE clocked by aclk  {rise@0.000ns fall@3.367ns period=6.734ns})
  Destination:            ccD_q_reg[2]/D
                            (rising edge-triggered cell FDRE clocked by aclk  {rise@0.000ns fall@3.367ns period=6.734ns})
  Path Group:             aclk
  Path Type:              Hold (Min at Fast Process Corner)
  Requirement:            0.000ns  (aclk rise@0.000ns - aclk rise@0.000ns)
  Data Path Delay:        0.197ns  (logic 0.141ns (71.611%)  route 0.056ns (28.389%))
  Logic Levels:           0  
  Clock Path Skew:        0.022ns (DCD - SCD - CPR)
    Destination Clock Delay (DCD):    0.432ns
    Source Clock Delay      (SCD):    0.410ns
    Clock Pessimism Removal (CPR):    -0.000ns

    Location             Delay type                Incr(ns)  Path(ns)    Netlist Resource(s)
  -------------------------------------------------------------------    -------------------
                         (clock aclk rise edge)       0.000     0.000 r  <hidden>
                                                      0.000     0.000 r  aclk
                         net (fo=1886, unset)         0.410     0.410    aclk
    SLICE_X25Y4          FDRE                                         r  cc1_q_reg[2]/C
  -------------------------------------------------------------------    -------------------
    SLICE_X25Y4          FDRE (Prop_fdre_C_Q)         0.141     0.551 r  cc1_q_reg[2]/Q
                         net (fo=1, routed)           0.056     0.607    cc1_q[2]
    SLICE_X25Y4          FDRE                                         r  ccD_q_reg[2]/D
  -------------------------------------------------------------------    -------------------

                         (clock aclk rise edge)       0.000     0.000 r  <hidden>
                                                      0.000     0.000 r  aclk
                         net (fo=1886, unset)         0.432     0.432    aclk
    SLICE_X25Y4          FDRE                                         r  ccD_q_reg[2]/C
                         clock pessimism              0.000     0.432    <hidden>
    SLICE_X25Y4          FDRE (Hold_fdre_C_D)         0.076     0.508    ccD_q_reg[2]
  -------------------------------------------------------------------
                         required time                         -0.508    <hidden>
                         arrival time                           0.607    <hidden>
  -------------------------------------------------------------------
                         slack                                  0.099    <hidden>

Slack (MET) :             0.099ns  (arrival time - required time)
  Source:                 cc1_q_reg[5]/C
                            (rising edge-triggered cell FDRE clocked by aclk  {rise@0.000ns fall@3.367ns period=6.734ns})
  Destination:            ccD_q_reg[5]/D
                            (rising edge-triggered cell FDRE clocked by aclk  {rise@0.000ns fall@3.367ns period=6.734ns})
  Path Group:             aclk
  Path Type:              Hold (Min at Fast Process Corner)
  Requirement:            0.000ns  (aclk rise@0.000ns - aclk rise@0.000ns)
  Data Path Delay:        0.197ns  (logic 0.141ns (71.611%)  route 0.056ns (28.389%))
  Logic Levels:           0  
  Clock Path Skew:        0.022ns (DCD - SCD - CPR)
    Destination Clock Delay (DCD):    0.432ns
    Source Clock Delay      (SCD):    0.410ns
    Clock Pessimism Removal (CPR):    -0.000ns

    Location             Delay type                Incr(ns)  Path(ns)    Netlist Resource(s)
  -------------------------------------------------------------------    -------------------
                         (clock aclk rise edge)       0.000     0.000 r  <hidden>
                                                      0.000     0.000 r  aclk
                         net (fo=1886, unset)         0.410     0.410    aclk
    SLICE_X31Y2          FDRE                                         r  cc1_q_reg[5]/C
  -------------------------------------------------------------------    -------------------
    SLICE_X31Y2          FDRE (Prop_fdre_C_Q)         0.141     0.551 r  cc1_q_reg[5]/Q
                         net (fo=1, routed)           0.056     0.607    cc1_q[5]
    SLICE_X31Y2          FDRE                                         r  ccD_q_reg[5]/D
  -------------------------------------------------------------------    -------------------

                         (clock aclk rise edge)       0.000     0.000 r  <hidden>
                                                      0.000     0.000 r  aclk
                         net (fo=1886, unset)         0.432     0.432    aclk
    SLICE_X31Y2          FDRE                                         r  ccD_q_reg[5]/C
                         clock pessimism              0.000     0.432    <hidden>
    SLICE_X31Y2          FDRE (Hold_fdre_C_D)         0.076     0.508    ccD_q_reg[5]
  -------------------------------------------------------------------
                         required time                         -0.508    <hidden>
                         arrival time                           0.607    <hidden>
  -------------------------------------------------------------------
                         slack                                  0.099    <hidden>

Slack (MET) :             0.099ns  (arrival time - required time)
  Source:                 row1_q_reg[3]/C
                            (rising edge-triggered cell FDRE clocked by aclk  {rise@0.000ns fall@3.367ns period=6.734ns})
  Destination:            rowD_q_reg[3]/D
                            (rising edge-triggered cell FDRE clocked by aclk  {rise@0.000ns fall@3.367ns period=6.734ns})
  Path Group:             aclk
  Path Type:              Hold (Min at Fast Process Corner)
  Requirement:            0.000ns  (aclk rise@0.000ns - aclk rise@0.000ns)
  Data Path Delay:        0.197ns  (logic 0.141ns (71.611%)  route 0.056ns (28.389%))
  Logic Levels:           0  
  Clock Path Skew:        0.022ns (DCD - SCD - CPR)
    Destination Clock Delay (DCD):    0.432ns
    Source Clock Delay      (SCD):    0.410ns
    Clock Pessimism Removal (CPR):    -0.000ns

    Location             Delay type                Incr(ns)  Path(ns)    Netlist Resource(s)
  -------------------------------------------------------------------    -------------------
                         (clock aclk rise edge)       0.000     0.000 r  <hidden>
                                                      0.000     0.000 r  aclk
                         net (fo=1886, unset)         0.410     0.410    aclk
    SLICE_X37Y17         FDRE                                         r  row1_q_reg[3]/C
  -------------------------------------------------------------------    -------------------
    SLICE_X37Y17         FDRE (Prop_fdre_C_Q)         0.141     0.551 r  row1_q_reg[3]/Q
                         net (fo=1, routed)           0.056     0.607    row1_q[3]
    SLICE_X37Y17         FDRE                                         r  rowD_q_reg[3]/D
  -------------------------------------------------------------------    -------------------

                         (clock aclk rise edge)       0.000     0.000 r  <hidden>
                                                      0.000     0.000 r  aclk
                         net (fo=1886, unset)         0.432     0.432    aclk
    SLICE_X37Y17         FDRE                                         r  rowD_q_reg[3]/C
                         clock pessimism              0.000     0.432    <hidden>
    SLICE_X37Y17         FDRE (Hold_fdre_C_D)         0.076     0.508    rowD_q_reg[3]
  -------------------------------------------------------------------
                         required time                         -0.508    <hidden>
                         arrival time                           0.607    <hidden>
  -------------------------------------------------------------------
                         slack                                  0.099    <hidden>

Slack (MET) :             0.100ns  (arrival time - required time)
  Source:                 cc1_q_reg[3]/C
                            (rising edge-triggered cell FDRE clocked by aclk  {rise@0.000ns fall@3.367ns period=6.734ns})
  Destination:            ccD_q_reg[3]/D
                            (rising edge-triggered cell FDRE clocked by aclk  {rise@0.000ns fall@3.367ns period=6.734ns})
  Path Group:             aclk
  Path Type:              Hold (Min at Fast Process Corner)
  Requirement:            0.000ns  (aclk rise@0.000ns - aclk rise@0.000ns)
  Data Path Delay:        0.197ns  (logic 0.141ns (71.611%)  route 0.056ns (28.389%))
  Logic Levels:           0  
  Clock Path Skew:        0.022ns (DCD - SCD - CPR)
    Destination Clock Delay (DCD):    0.432ns
    Source Clock Delay      (SCD):    0.410ns
    Clock Pessimism Removal (CPR):    -0.000ns

    Location             Delay type                Incr(ns)  Path(ns)    Netlist Resource(s)
  -------------------------------------------------------------------    -------------------
                         (clock aclk rise edge)       0.000     0.000 r  <hidden>
                                                      0.000     0.000 r  aclk
                         net (fo=1886, unset)         0.410     0.410    aclk
    SLICE_X31Y2          FDRE                                         r  cc1_q_reg[3]/C
  -------------------------------------------------------------------    -------------------
    SLICE_X31Y2          FDRE (Prop_fdre_C_Q)         0.141     0.551 r  cc1_q_reg[3]/Q
                         net (fo=1, routed)           0.056     0.607    cc1_q[3]
    SLICE_X31Y2          FDRE                                         r  ccD_q_reg[3]/D
  -------------------------------------------------------------------    -------------------

                         (clock aclk rise edge)       0.000     0.000 r  <hidden>
                                                      0.000     0.000 r  aclk
                         net (fo=1886, unset)         0.432     0.432    aclk
    SLICE_X31Y2          FDRE                                         r  ccD_q_reg[3]/C
                         clock pessimism              0.000     0.432    <hidden>
    SLICE_X31Y2          FDRE (Hold_fdre_C_D)         0.075     0.507    ccD_q_reg[3]
  -------------------------------------------------------------------
                         required time                         -0.507    <hidden>
                         arrival time                           0.607    <hidden>
  -------------------------------------------------------------------
                         slack                                  0.100    <hidden>

Slack (MET) :             0.100ns  (arrival time - required time)
  Source:                 cc1_q_reg[7]/C
                            (rising edge-triggered cell FDRE clocked by aclk  {rise@0.000ns fall@3.367ns period=6.734ns})
  Destination:            ccD_q_reg[7]/D
                            (rising edge-triggered cell FDRE clocked by aclk  {rise@0.000ns fall@3.367ns period=6.734ns})
  Path Group:             aclk
  Path Type:              Hold (Min at Fast Process Corner)
  Requirement:            0.000ns  (aclk rise@0.000ns - aclk rise@0.000ns)
  Data Path Delay:        0.197ns  (logic 0.141ns (71.611%)  route 0.056ns (28.389%))
  Logic Levels:           0  
  Clock Path Skew:        0.022ns (DCD - SCD - CPR)
    Destination Clock Delay (DCD):    0.432ns
    Source Clock Delay      (SCD):    0.410ns
    Clock Pessimism Removal (CPR):    -0.000ns

    Location             Delay type                Incr(ns)  Path(ns)    Netlist Resource(s)
  -------------------------------------------------------------------    -------------------
                         (clock aclk rise edge)       0.000     0.000 r  <hidden>
                                                      0.000     0.000 r  aclk
                         net (fo=1886, unset)         0.410     0.410    aclk
    SLICE_X25Y2          FDRE                                         r  cc1_q_reg[7]/C
  -------------------------------------------------------------------    -------------------
    SLICE_X25Y2          FDRE (Prop_fdre_C_Q)         0.141     0.551 r  cc1_q_reg[7]/Q
                         net (fo=1, routed)           0.056     0.607    cc1_q[7]
    SLICE_X25Y2          FDRE                                         r  ccD_q_reg[7]/D
  -------------------------------------------------------------------    -------------------

                         (clock aclk rise edge)       0.000     0.000 r  <hidden>
                                                      0.000     0.000 r  aclk
                         net (fo=1886, unset)         0.432     0.432    aclk
    SLICE_X25Y2          FDRE                                         r  ccD_q_reg[7]/C
                         clock pessimism              0.000     0.432    <hidden>
    SLICE_X25Y2          FDRE (Hold_fdre_C_D)         0.075     0.507    ccD_q_reg[7]
  -------------------------------------------------------------------
                         required time                         -0.507    <hidden>
                         arrival time                           0.607    <hidden>
  -------------------------------------------------------------------
                         slack                                  0.100    <hidden>

Slack (MET) :             0.104ns  (arrival time - required time)
  Source:                 cc1_q_reg[4]/C
                            (rising edge-triggered cell FDRE clocked by aclk  {rise@0.000ns fall@3.367ns period=6.734ns})
  Destination:            ccD_q_reg[4]/D
                            (rising edge-triggered cell FDRE clocked by aclk  {rise@0.000ns fall@3.367ns period=6.734ns})
  Path Group:             aclk
  Path Type:              Hold (Min at Fast Process Corner)
  Requirement:            0.000ns  (aclk rise@0.000ns - aclk rise@0.000ns)
  Data Path Delay:        0.197ns  (logic 0.141ns (71.611%)  route 0.056ns (28.389%))
  Logic Levels:           0  
  Clock Path Skew:        0.022ns (DCD - SCD - CPR)
    Destination Clock Delay (DCD):    0.432ns
    Source Clock Delay      (SCD):    0.410ns
    Clock Pessimism Removal (CPR):    -0.000ns

    Location             Delay type                Incr(ns)  Path(ns)    Netlist Resource(s)
  -------------------------------------------------------------------    -------------------
                         (clock aclk rise edge)       0.000     0.000 r  <hidden>
                                                      0.000     0.000 r  aclk
                         net (fo=1886, unset)         0.410     0.410    aclk
    SLICE_X31Y2          FDRE                                         r  cc1_q_reg[4]/C
  -------------------------------------------------------------------    -------------------
    SLICE_X31Y2          FDRE (Prop_fdre_C_Q)         0.141     0.551 r  cc1_q_reg[4]/Q
                         net (fo=1, routed)           0.056     0.607    cc1_q[4]
    SLICE_X31Y2          FDRE                                         r  ccD_q_reg[4]/D
  -------------------------------------------------------------------    -------------------

                         (clock aclk rise edge)       0.000     0.000 r  <hidden>
                                                      0.000     0.000 r  aclk
                         net (fo=1886, unset)         0.432     0.432    aclk
    SLICE_X31Y2          FDRE                                         r  ccD_q_reg[4]/C
                         clock pessimism              0.000     0.432    <hidden>
    SLICE_X31Y2          FDRE (Hold_fdre_C_D)         0.071     0.503    ccD_q_reg[4]
  -------------------------------------------------------------------
                         required time                         -0.503    <hidden>
                         arrival time                           0.607    <hidden>
  -------------------------------------------------------------------
                         slack                                  0.104    <hidden>

Slack (MET) :             0.104ns  (arrival time - required time)
  Source:                 cc1_q_reg[8]/C
                            (rising edge-triggered cell FDRE clocked by aclk  {rise@0.000ns fall@3.367ns period=6.734ns})
  Destination:            ccD_q_reg[8]/D
                            (rising edge-triggered cell FDRE clocked by aclk  {rise@0.000ns fall@3.367ns period=6.734ns})
  Path Group:             aclk
  Path Type:              Hold (Min at Fast Process Corner)
  Requirement:            0.000ns  (aclk rise@0.000ns - aclk rise@0.000ns)
  Data Path Delay:        0.197ns  (logic 0.141ns (71.611%)  route 0.056ns (28.389%))
  Logic Levels:           0  
  Clock Path Skew:        0.022ns (DCD - SCD - CPR)
    Destination Clock Delay (DCD):    0.432ns
    Source Clock Delay      (SCD):    0.410ns
    Clock Pessimism Removal (CPR):    -0.000ns

    Location             Delay type                Incr(ns)  Path(ns)    Netlist Resource(s)
  -------------------------------------------------------------------    -------------------
                         (clock aclk rise edge)       0.000     0.000 r  <hidden>
                                                      0.000     0.000 r  aclk
                         net (fo=1886, unset)         0.410     0.410    aclk
    SLICE_X25Y2          FDRE                                         r  cc1_q_reg[8]/C
  -------------------------------------------------------------------    -------------------
    SLICE_X25Y2          FDRE (Prop_fdre_C_Q)         0.141     0.551 r  cc1_q_reg[8]/Q
                         net (fo=1, routed)           0.056     0.607    cc1_q[8]
    SLICE_X25Y2          FDRE                                         r  ccD_q_reg[8]/D
  -------------------------------------------------------------------    -------------------

                         (clock aclk rise edge)       0.000     0.000 r  <hidden>
                                                      0.000     0.000 r  aclk
                         net (fo=1886, unset)         0.432     0.432    aclk
    SLICE_X25Y2          FDRE                                         r  ccD_q_reg[8]/C
                         clock pessimism              0.000     0.432    <hidden>
    SLICE_X25Y2          FDRE (Hold_fdre_C_D)         0.071     0.503    ccD_q_reg[8]
  -------------------------------------------------------------------
                         required time                         -0.503    <hidden>
                         arrival time                           0.607    <hidden>
  -------------------------------------------------------------------
                         slack                                  0.104    <hidden>

Slack (MET) :             0.104ns  (arrival time - required time)
  Source:                 row1_q_reg[2]/C
                            (rising edge-triggered cell FDRE clocked by aclk  {rise@0.000ns fall@3.367ns period=6.734ns})
  Destination:            rowD_q_reg[2]/D
                            (rising edge-triggered cell FDRE clocked by aclk  {rise@0.000ns fall@3.367ns period=6.734ns})
  Path Group:             aclk
  Path Type:              Hold (Min at Fast Process Corner)
  Requirement:            0.000ns  (aclk rise@0.000ns - aclk rise@0.000ns)
  Data Path Delay:        0.197ns  (logic 0.141ns (71.611%)  route 0.056ns (28.389%))
  Logic Levels:           0  
  Clock Path Skew:        0.022ns (DCD - SCD - CPR)
    Destination Clock Delay (DCD):    0.432ns
    Source Clock Delay      (SCD):    0.410ns
    Clock Pessimism Removal (CPR):    -0.000ns

    Location             Delay type                Incr(ns)  Path(ns)    Netlist Resource(s)
  -------------------------------------------------------------------    -------------------
                         (clock aclk rise edge)       0.000     0.000 r  <hidden>
                                                      0.000     0.000 r  aclk
                         net (fo=1886, unset)         0.410     0.410    aclk
    SLICE_X37Y17         FDRE                                         r  row1_q_reg[2]/C
  -------------------------------------------------------------------    -------------------
    SLICE_X37Y17         FDRE (Prop_fdre_C_Q)         0.141     0.551 r  row1_q_reg[2]/Q
                         net (fo=1, routed)           0.056     0.607    row1_q[2]
    SLICE_X37Y17         FDRE                                         r  rowD_q_reg[2]/D
  -------------------------------------------------------------------    -------------------

                         (clock aclk rise edge)       0.000     0.000 r  <hidden>
                                                      0.000     0.000 r  aclk
                         net (fo=1886, unset)         0.432     0.432    aclk
    SLICE_X37Y17         FDRE                                         r  rowD_q_reg[2]/C
                         clock pessimism              0.000     0.432    <hidden>
    SLICE_X37Y17         FDRE (Hold_fdre_C_D)         0.071     0.503    rowD_q_reg[2]
  -------------------------------------------------------------------
                         required time                         -0.503    <hidden>
                         arrival time                           0.607    <hidden>
  -------------------------------------------------------------------
                         slack                                  0.104    <hidden>

Slack (MET) :             0.137ns  (arrival time - required time)
  Source:                 col_in_reg[5]/C
                            (rising edge-triggered cell FDRE clocked by aclk  {rise@0.000ns fall@3.367ns period=6.734ns})
  Destination:            lb1_reg_1408_1535_0_0/DP.HIGH/WADR5
                            (rising edge-triggered cell RAMD64E clocked by aclk  {rise@0.000ns fall@3.367ns period=6.734ns})
  Path Group:             aclk
  Path Type:              Hold (Min at Fast Process Corner)
  Requirement:            0.000ns  (aclk rise@0.000ns - aclk rise@0.000ns)
  Data Path Delay:        0.328ns  (logic 0.141ns (42.935%)  route 0.187ns (57.065%))
  Logic Levels:           0  
  Clock Path Skew:        0.022ns (DCD - SCD - CPR)
    Destination Clock Delay (DCD):    0.432ns
    Source Clock Delay      (SCD):    0.410ns
    Clock Pessimism Removal (CPR):    -0.000ns

    Location             Delay type                Incr(ns)  Path(ns)    Netlist Resource(s)
  -------------------------------------------------------------------    -------------------
                         (clock aclk rise edge)       0.000     0.000 r  <hidden>
                                                      0.000     0.000 r  aclk
                         net (fo=1886, unset)         0.410     0.410    aclk
    SLICE_X21Y9          FDRE                                         r  col_in_reg[5]/C
  -------------------------------------------------------------------    -------------------
    SLICE_X21Y9          FDRE (Prop_fdre_C_Q)         0.141     0.551 r  col_in_reg[5]/Q
                         net (fo=224, routed)         0.187     0.739    lb1_reg_1408_1535_0_0/A5
    SLICE_X20Y10         RAMD64E                                      r  lb1_reg_1408_1535_0_0/DP.HIGH/WADR5
  -------------------------------------------------------------------    -------------------

                         (clock aclk rise edge)       0.000     0.000 r  <hidden>
                                                      0.000     0.000 r  aclk
                         net (fo=1886, unset)         0.432     0.432    lb1_reg_1408_1535_0_0/WCLK
    SLICE_X20Y10         RAMD64E                                      r  lb1_reg_1408_1535_0_0/DP.HIGH/CLK
                         clock pessimism              0.000     0.432    <hidden>
    SLICE_X20Y10         RAMD64E (Hold_ramd64e_CLK_WADR5)
                                                      0.170     0.602    lb1_reg_1408_1535_0_0/DP.HIGH
  -------------------------------------------------------------------
                         required time                         -0.602    <hidden>
                         arrival time                           0.739    <hidden>
  -------------------------------------------------------------------
                         slack                                  0.137    <hidden>

Slack (MET) :             0.137ns  (arrival time - required time)
  Source:                 col_in_reg[5]/C
                            (rising edge-triggered cell FDRE clocked by aclk  {rise@0.000ns fall@3.367ns period=6.734ns})
  Destination:            lb1_reg_1408_1535_0_0/DP.LOW/WADR5
                            (rising edge-triggered cell RAMD64E clocked by aclk  {rise@0.000ns fall@3.367ns period=6.734ns})
  Path Group:             aclk
  Path Type:              Hold (Min at Fast Process Corner)
  Requirement:            0.000ns  (aclk rise@0.000ns - aclk rise@0.000ns)
  Data Path Delay:        0.328ns  (logic 0.141ns (42.935%)  route 0.187ns (57.065%))
  Logic Levels:           0  
  Clock Path Skew:        0.022ns (DCD - SCD - CPR)
    Destination Clock Delay (DCD):    0.432ns
    Source Clock Delay      (SCD):    0.410ns
    Clock Pessimism Removal (CPR):    -0.000ns

    Location             Delay type                Incr(ns)  Path(ns)    Netlist Resource(s)
  -------------------------------------------------------------------    -------------------
                         (clock aclk rise edge)       0.000     0.000 r  <hidden>
                                                      0.000     0.000 r  aclk
                         net (fo=1886, unset)         0.410     0.410    aclk
    SLICE_X21Y9          FDRE                                         r  col_in_reg[5]/C
  -------------------------------------------------------------------    -------------------
    SLICE_X21Y9          FDRE (Prop_fdre_C_Q)         0.141     0.551 r  col_in_reg[5]/Q
                         net (fo=224, routed)         0.187     0.739    lb1_reg_1408_1535_0_0/A5
    SLICE_X20Y10         RAMD64E                                      r  lb1_reg_1408_1535_0_0/DP.LOW/WADR5
  -------------------------------------------------------------------    -------------------

                         (clock aclk rise edge)       0.000     0.000 r  <hidden>
                                                      0.000     0.000 r  aclk
                         net (fo=1886, unset)         0.432     0.432    lb1_reg_1408_1535_0_0/WCLK
    SLICE_X20Y10         RAMD64E                                      r  lb1_reg_1408_1535_0_0/DP.LOW/CLK
                         clock pessimism              0.000     0.432    <hidden>
    SLICE_X20Y10         RAMD64E (Hold_ramd64e_CLK_WADR5)
                                                      0.170     0.602    lb1_reg_1408_1535_0_0/DP.LOW
  -------------------------------------------------------------------
                         required time                         -0.602    <hidden>
                         arrival time                           0.739    <hidden>
  -------------------------------------------------------------------
                         slack                                  0.137    <hidden>

Slack (MET) :             0.137ns  (arrival time - required time)
  Source:                 col_in_reg[5]/C
                            (rising edge-triggered cell FDRE clocked by aclk  {rise@0.000ns fall@3.367ns period=6.734ns})
  Destination:            lb1_reg_1408_1535_0_0/SP.HIGH/WADR5
                            (rising edge-triggered cell RAMD64E clocked by aclk  {rise@0.000ns fall@3.367ns period=6.734ns})
  Path Group:             aclk
  Path Type:              Hold (Min at Fast Process Corner)
  Requirement:            0.000ns  (aclk rise@0.000ns - aclk rise@0.000ns)
  Data Path Delay:        0.328ns  (logic 0.141ns (42.935%)  route 0.187ns (57.065%))
  Logic Levels:           0  
  Clock Path Skew:        0.022ns (DCD - SCD - CPR)
    Destination Clock Delay (DCD):    0.432ns
    Source Clock Delay      (SCD):    0.410ns
    Clock Pessimism Removal (CPR):    -0.000ns

    Location             Delay type                Incr(ns)  Path(ns)    Netlist Resource(s)
  -------------------------------------------------------------------    -------------------
                         (clock aclk rise edge)       0.000     0.000 r  <hidden>
                                                      0.000     0.000 r  aclk
                         net (fo=1886, unset)         0.410     0.410    aclk
    SLICE_X21Y9          FDRE                                         r  col_in_reg[5]/C
  -------------------------------------------------------------------    -------------------
    SLICE_X21Y9          FDRE (Prop_fdre_C_Q)         0.141     0.551 r  col_in_reg[5]/Q
                         net (fo=224, routed)         0.187     0.739    lb1_reg_1408_1535_0_0/A5
    SLICE_X20Y10         RAMD64E                                      r  lb1_reg_1408_1535_0_0/SP.HIGH/WADR5
  -------------------------------------------------------------------    -------------------

                         (clock aclk rise edge)       0.000     0.000 r  <hidden>
                                                      0.000     0.000 r  aclk
                         net (fo=1886, unset)         0.432     0.432    lb1_reg_1408_1535_0_0/WCLK
    SLICE_X20Y10         RAMD64E                                      r  lb1_reg_1408_1535_0_0/SP.HIGH/CLK
                         clock pessimism              0.000     0.432    <hidden>
    SLICE_X20Y10         RAMD64E (Hold_ramd64e_CLK_WADR5)
                                                      0.170     0.602    lb1_reg_1408_1535_0_0/SP.HIGH
  -------------------------------------------------------------------
                         required time                         -0.602    <hidden>
                         arrival time                           0.739    <hidden>
  -------------------------------------------------------------------
                         slack                                  0.137    <hidden>

Slack (MET) :             0.137ns  (arrival time - required time)
  Source:                 col_in_reg[5]/C
                            (rising edge-triggered cell FDRE clocked by aclk  {rise@0.000ns fall@3.367ns period=6.734ns})
  Destination:            lb1_reg_1408_1535_0_0/SP.LOW/WADR5
                            (rising edge-triggered cell RAMD64E clocked by aclk  {rise@0.000ns fall@3.367ns period=6.734ns})
  Path Group:             aclk
  Path Type:              Hold (Min at Fast Process Corner)
  Requirement:            0.000ns  (aclk rise@0.000ns - aclk rise@0.000ns)
  Data Path Delay:        0.328ns  (logic 0.141ns (42.935%)  route 0.187ns (57.065%))
  Logic Levels:           0  
  Clock Path Skew:        0.022ns (DCD - SCD - CPR)
    Destination Clock Delay (DCD):    0.432ns
    Source Clock Delay      (SCD):    0.410ns
    Clock Pessimism Removal (CPR):    -0.000ns

    Location             Delay type                Incr(ns)  Path(ns)    Netlist Resource(s)
  -------------------------------------------------------------------    -------------------
                         (clock aclk rise edge)       0.000     0.000 r  <hidden>
                                                      0.000     0.000 r  aclk
                         net (fo=1886, unset)         0.410     0.410    aclk
    SLICE_X21Y9          FDRE                                         r  col_in_reg[5]/C
  -------------------------------------------------------------------    -------------------
    SLICE_X21Y9          FDRE (Prop_fdre_C_Q)         0.141     0.551 r  col_in_reg[5]/Q
                         net (fo=224, routed)         0.187     0.739    lb1_reg_1408_1535_0_0/A5
    SLICE_X20Y10         RAMD64E                                      r  lb1_reg_1408_1535_0_0/SP.LOW/WADR5
  -------------------------------------------------------------------    -------------------

                         (clock aclk rise edge)       0.000     0.000 r  <hidden>
                                                      0.000     0.000 r  aclk
                         net (fo=1886, unset)         0.432     0.432    lb1_reg_1408_1535_0_0/WCLK
    SLICE_X20Y10         RAMD64E                                      r  lb1_reg_1408_1535_0_0/SP.LOW/CLK
                         clock pessimism              0.000     0.432    <hidden>
    SLICE_X20Y10         RAMD64E (Hold_ramd64e_CLK_WADR5)
                                                      0.170     0.602    lb1_reg_1408_1535_0_0/SP.LOW
  -------------------------------------------------------------------
                         required time                         -0.602    <hidden>
                         arrival time                           0.739    <hidden>
  -------------------------------------------------------------------
                         slack                                  0.137    <hidden>

Slack (MET) :             0.140ns  (arrival time - required time)
  Source:                 col_in_reg[0]_rep__4/C
                            (rising edge-triggered cell FDRE clocked by aclk  {rise@0.000ns fall@3.367ns period=6.734ns})
  Destination:            lb2_reg_1280_1407_2_2/DP.HIGH/WADR0
                            (rising edge-triggered cell RAMD64E clocked by aclk  {rise@0.000ns fall@3.367ns period=6.734ns})
  Path Group:             aclk
  Path Type:              Hold (Min at Fast Process Corner)
  Requirement:            0.000ns  (aclk rise@0.000ns - aclk rise@0.000ns)
  Data Path Delay:        0.472ns  (logic 0.141ns (29.896%)  route 0.331ns (70.104%))
  Logic Levels:           0  
  Clock Path Skew:        0.022ns (DCD - SCD - CPR)
    Destination Clock Delay (DCD):    0.432ns
    Source Clock Delay      (SCD):    0.410ns
    Clock Pessimism Removal (CPR):    -0.000ns

    Location             Delay type                Incr(ns)  Path(ns)    Netlist Resource(s)
  -------------------------------------------------------------------    -------------------
                         (clock aclk rise edge)       0.000     0.000 r  <hidden>
                                                      0.000     0.000 r  aclk
                         net (fo=1886, unset)         0.410     0.410    aclk
    SLICE_X9Y4           FDRE                                         r  col_in_reg[0]_rep__4/C
  -------------------------------------------------------------------    -------------------
    SLICE_X9Y4           FDRE (Prop_fdre_C_Q)         0.141     0.551 r  col_in_reg[0]_rep__4/Q
                         net (fo=228, routed)         0.331     0.882    lb2_reg_1280_1407_2_2/A0
    SLICE_X8Y4           RAMD64E                                      r  lb2_reg_1280_1407_2_2/DP.HIGH/WADR0
  -------------------------------------------------------------------    -------------------

                         (clock aclk rise edge)       0.000     0.000 r  <hidden>
                                                      0.000     0.000 r  aclk
                         net (fo=1886, unset)         0.432     0.432    lb2_reg_1280_1407_2_2/WCLK
    SLICE_X8Y4           RAMD64E                                      r  lb2_reg_1280_1407_2_2/DP.HIGH/CLK
                         clock pessimism              0.000     0.432    <hidden>
    SLICE_X8Y4           RAMD64E (Hold_ramd64e_CLK_WADR0)
                                                      0.310     0.742    lb2_reg_1280_1407_2_2/DP.HIGH
  -------------------------------------------------------------------
                         required time                         -0.742    <hidden>
                         arrival time                           0.882    <hidden>
  -------------------------------------------------------------------
                         slack                                  0.140    <hidden>

Slack (MET) :             0.140ns  (arrival time - required time)
  Source:                 col_in_reg[0]_rep__4/C
                            (rising edge-triggered cell FDRE clocked by aclk  {rise@0.000ns fall@3.367ns period=6.734ns})
  Destination:            lb2_reg_1280_1407_2_2/DP.LOW/WADR0
                            (rising edge-triggered cell RAMD64E clocked by aclk  {rise@0.000ns fall@3.367ns period=6.734ns})
  Path Group:             aclk
  Path Type:              Hold (Min at Fast Process Corner)
  Requirement:            0.000ns  (aclk rise@0.000ns - aclk rise@0.000ns)
  Data Path Delay:        0.472ns  (logic 0.141ns (29.896%)  route 0.331ns (70.104%))
  Logic Levels:           0  
  Clock Path Skew:        0.022ns (DCD - SCD - CPR)
    Destination Clock Delay (DCD):    0.432ns
    Source Clock Delay      (SCD):    0.410ns
    Clock Pessimism Removal (CPR):    -0.000ns

    Location             Delay type                Incr(ns)  Path(ns)    Netlist Resource(s)
  -------------------------------------------------------------------    -------------------
                         (clock aclk rise edge)       0.000     0.000 r  <hidden>
                                                      0.000     0.000 r  aclk
                         net (fo=1886, unset)         0.410     0.410    aclk
    SLICE_X9Y4           FDRE                                         r  col_in_reg[0]_rep__4/C
  -------------------------------------------------------------------    -------------------
    SLICE_X9Y4           FDRE (Prop_fdre_C_Q)         0.141     0.551 r  col_in_reg[0]_rep__4/Q
                         net (fo=228, routed)         0.331     0.882    lb2_reg_1280_1407_2_2/A0
    SLICE_X8Y4           RAMD64E                                      r  lb2_reg_1280_1407_2_2/DP.LOW/WADR0
  -------------------------------------------------------------------    -------------------

                         (clock aclk rise edge)       0.000     0.000 r  <hidden>
                                                      0.000     0.000 r  aclk
                         net (fo=1886, unset)         0.432     0.432    lb2_reg_1280_1407_2_2/WCLK
    SLICE_X8Y4           RAMD64E                                      r  lb2_reg_1280_1407_2_2/DP.LOW/CLK
                         clock pessimism              0.000     0.432    <hidden>
    SLICE_X8Y4           RAMD64E (Hold_ramd64e_CLK_WADR0)
                                                      0.310     0.742    lb2_reg_1280_1407_2_2/DP.LOW
  -------------------------------------------------------------------
                         required time                         -0.742    <hidden>
                         arrival time                           0.882    <hidden>
  -------------------------------------------------------------------
                         slack                                  0.140    <hidden>

Slack (MET) :             0.140ns  (arrival time - required time)
  Source:                 col_in_reg[0]_rep__4/C
                            (rising edge-triggered cell FDRE clocked by aclk  {rise@0.000ns fall@3.367ns period=6.734ns})
  Destination:            lb2_reg_1280_1407_2_2/SP.HIGH/WADR0
                            (rising edge-triggered cell RAMD64E clocked by aclk  {rise@0.000ns fall@3.367ns period=6.734ns})
  Path Group:             aclk
  Path Type:              Hold (Min at Fast Process Corner)
  Requirement:            0.000ns  (aclk rise@0.000ns - aclk rise@0.000ns)
  Data Path Delay:        0.472ns  (logic 0.141ns (29.896%)  route 0.331ns (70.104%))
  Logic Levels:           0  
  Clock Path Skew:        0.022ns (DCD - SCD - CPR)
    Destination Clock Delay (DCD):    0.432ns
    Source Clock Delay      (SCD):    0.410ns
    Clock Pessimism Removal (CPR):    -0.000ns

    Location             Delay type                Incr(ns)  Path(ns)    Netlist Resource(s)
  -------------------------------------------------------------------    -------------------
                         (clock aclk rise edge)       0.000     0.000 r  <hidden>
                                                      0.000     0.000 r  aclk
                         net (fo=1886, unset)         0.410     0.410    aclk
    SLICE_X9Y4           FDRE                                         r  col_in_reg[0]_rep__4/C
  -------------------------------------------------------------------    -------------------
    SLICE_X9Y4           FDRE (Prop_fdre_C_Q)         0.141     0.551 r  col_in_reg[0]_rep__4/Q
                         net (fo=228, routed)         0.331     0.882    lb2_reg_1280_1407_2_2/A0
    SLICE_X8Y4           RAMD64E                                      r  lb2_reg_1280_1407_2_2/SP.HIGH/WADR0
  -------------------------------------------------------------------    -------------------

                         (clock aclk rise edge)       0.000     0.000 r  <hidden>
                                                      0.000     0.000 r  aclk
                         net (fo=1886, unset)         0.432     0.432    lb2_reg_1280_1407_2_2/WCLK
    SLICE_X8Y4           RAMD64E                                      r  lb2_reg_1280_1407_2_2/SP.HIGH/CLK
                         clock pessimism              0.000     0.432    <hidden>
    SLICE_X8Y4           RAMD64E (Hold_ramd64e_CLK_WADR0)
                                                      0.310     0.742    lb2_reg_1280_1407_2_2/SP.HIGH
  -------------------------------------------------------------------
                         required time                         -0.742    <hidden>
                         arrival time                           0.882    <hidden>
  -------------------------------------------------------------------
                         slack                                  0.140    <hidden>

Slack (MET) :             0.140ns  (arrival time - required time)
  Source:                 col_in_reg[0]_rep__4/C
                            (rising edge-triggered cell FDRE clocked by aclk  {rise@0.000ns fall@3.367ns period=6.734ns})
  Destination:            lb2_reg_1280_1407_2_2/SP.LOW/WADR0
                            (rising edge-triggered cell RAMD64E clocked by aclk  {rise@0.000ns fall@3.367ns period=6.734ns})
  Path Group:             aclk
  Path Type:              Hold (Min at Fast Process Corner)
  Requirement:            0.000ns  (aclk rise@0.000ns - aclk rise@0.000ns)
  Data Path Delay:        0.472ns  (logic 0.141ns (29.896%)  route 0.331ns (70.104%))
  Logic Levels:           0  
  Clock Path Skew:        0.022ns (DCD - SCD - CPR)
    Destination Clock Delay (DCD):    0.432ns
    Source Clock Delay      (SCD):    0.410ns
    Clock Pessimism Removal (CPR):    -0.000ns

    Location             Delay type                Incr(ns)  Path(ns)    Netlist Resource(s)
  -------------------------------------------------------------------    -------------------
                         (clock aclk rise edge)       0.000     0.000 r  <hidden>
                                                      0.000     0.000 r  aclk
                         net (fo=1886, unset)         0.410     0.410    aclk
    SLICE_X9Y4           FDRE                                         r  col_in_reg[0]_rep__4/C
  -------------------------------------------------------------------    -------------------
    SLICE_X9Y4           FDRE (Prop_fdre_C_Q)         0.141     0.551 r  col_in_reg[0]_rep__4/Q
                         net (fo=228, routed)         0.331     0.882    lb2_reg_1280_1407_2_2/A0
    SLICE_X8Y4           RAMD64E                                      r  lb2_reg_1280_1407_2_2/SP.LOW/WADR0
  -------------------------------------------------------------------    -------------------

                         (clock aclk rise edge)       0.000     0.000 r  <hidden>
                                                      0.000     0.000 r  aclk
                         net (fo=1886, unset)         0.432     0.432    lb2_reg_1280_1407_2_2/WCLK
    SLICE_X8Y4           RAMD64E                                      r  lb2_reg_1280_1407_2_2/SP.LOW/CLK
                         clock pessimism              0.000     0.432    <hidden>
    SLICE_X8Y4           RAMD64E (Hold_ramd64e_CLK_WADR0)
                                                      0.310     0.742    lb2_reg_1280_1407_2_2/SP.LOW
  -------------------------------------------------------------------
                         required time                         -0.742    <hidden>
                         arrival time                           0.882    <hidden>
  -------------------------------------------------------------------
                         slack                                  0.140    <hidden>

Slack (MET) :             0.140ns  (arrival time - required time)
  Source:                 col_in_reg[3]/C
                            (rising edge-triggered cell FDRE clocked by aclk  {rise@0.000ns fall@3.367ns period=6.734ns})
  Destination:            lb2_reg_0_127_7_7/DP.HIGH/WADR3
                            (rising edge-triggered cell RAMD64E clocked by aclk  {rise@0.000ns fall@3.367ns period=6.734ns})
  Path Group:             aclk
  Path Type:              Hold (Min at Fast Process Corner)
  Requirement:            0.000ns  (aclk rise@0.000ns - aclk rise@0.000ns)
  Data Path Delay:        0.402ns  (logic 0.141ns (35.097%)  route 0.261ns (64.903%))
  Logic Levels:           0  
  Clock Path Skew:        0.022ns (DCD - SCD - CPR)
    Destination Clock Delay (DCD):    0.432ns
    Source Clock Delay      (SCD):    0.410ns
    Clock Pessimism Removal (CPR):    -0.000ns

    Location             Delay type                Incr(ns)  Path(ns)    Netlist Resource(s)
  -------------------------------------------------------------------    -------------------
                         (clock aclk rise edge)       0.000     0.000 r  <hidden>
                                                      0.000     0.000 r  aclk
                         net (fo=1886, unset)         0.410     0.410    aclk
    SLICE_X9Y16          FDRE                                         r  col_in_reg[3]/C
  -------------------------------------------------------------------    -------------------
    SLICE_X9Y16          FDRE (Prop_fdre_C_Q)         0.141     0.551 r  col_in_reg[3]/Q
                         net (fo=230, routed)         0.261     0.812    lb2_reg_0_127_7_7/A3
    SLICE_X8Y16          RAMD64E                                      r  lb2_reg_0_127_7_7/DP.HIGH/WADR3
  -------------------------------------------------------------------    -------------------

                         (clock aclk rise edge)       0.000     0.000 r  <hidden>
                                                      0.000     0.000 r  aclk
                         net (fo=1886, unset)         0.432     0.432    lb2_reg_0_127_7_7/WCLK
    SLICE_X8Y16          RAMD64E                                      r  lb2_reg_0_127_7_7/DP.HIGH/CLK
                         clock pessimism              0.000     0.432    <hidden>
    SLICE_X8Y16          RAMD64E (Hold_ramd64e_CLK_WADR3)
                                                      0.240     0.672    lb2_reg_0_127_7_7/DP.HIGH
  -------------------------------------------------------------------
                         required time                         -0.672    <hidden>
                         arrival time                           0.812    <hidden>
  -------------------------------------------------------------------
                         slack                                  0.140    <hidden>

Slack (MET) :             0.140ns  (arrival time - required time)
  Source:                 col_in_reg[3]/C
                            (rising edge-triggered cell FDRE clocked by aclk  {rise@0.000ns fall@3.367ns period=6.734ns})
  Destination:            lb2_reg_0_127_7_7/DP.LOW/WADR3
                            (rising edge-triggered cell RAMD64E clocked by aclk  {rise@0.000ns fall@3.367ns period=6.734ns})
  Path Group:             aclk
  Path Type:              Hold (Min at Fast Process Corner)
  Requirement:            0.000ns  (aclk rise@0.000ns - aclk rise@0.000ns)
  Data Path Delay:        0.402ns  (logic 0.141ns (35.097%)  route 0.261ns (64.903%))
  Logic Levels:           0  
  Clock Path Skew:        0.022ns (DCD - SCD - CPR)
    Destination Clock Delay (DCD):    0.432ns
    Source Clock Delay      (SCD):    0.410ns
    Clock Pessimism Removal (CPR):    -0.000ns

    Location             Delay type                Incr(ns)  Path(ns)    Netlist Resource(s)
  -------------------------------------------------------------------    -------------------
                         (clock aclk rise edge)       0.000     0.000 r  <hidden>
                                                      0.000     0.000 r  aclk
                         net (fo=1886, unset)         0.410     0.410    aclk
    SLICE_X9Y16          FDRE                                         r  col_in_reg[3]/C
  -------------------------------------------------------------------    -------------------
    SLICE_X9Y16          FDRE (Prop_fdre_C_Q)         0.141     0.551 r  col_in_reg[3]/Q
                         net (fo=230, routed)         0.261     0.812    lb2_reg_0_127_7_7/A3
    SLICE_X8Y16          RAMD64E                                      r  lb2_reg_0_127_7_7/DP.LOW/WADR3
  -------------------------------------------------------------------    -------------------

                         (clock aclk rise edge)       0.000     0.000 r  <hidden>
                                                      0.000     0.000 r  aclk
                         net (fo=1886, unset)         0.432     0.432    lb2_reg_0_127_7_7/WCLK
    SLICE_X8Y16          RAMD64E                                      r  lb2_reg_0_127_7_7/DP.LOW/CLK
                         clock pessimism              0.000     0.432    <hidden>
    SLICE_X8Y16          RAMD64E (Hold_ramd64e_CLK_WADR3)
                                                      0.240     0.672    lb2_reg_0_127_7_7/DP.LOW
  -------------------------------------------------------------------
                         required time                         -0.672    <hidden>
                         arrival time                           0.812    <hidden>
  -------------------------------------------------------------------
                         slack                                  0.140    <hidden>

Slack (MET) :             0.140ns  (arrival time - required time)
  Source:                 col_in_reg[3]/C
                            (rising edge-triggered cell FDRE clocked by aclk  {rise@0.000ns fall@3.367ns period=6.734ns})
  Destination:            lb2_reg_0_127_7_7/SP.HIGH/WADR3
                            (rising edge-triggered cell RAMD64E clocked by aclk  {rise@0.000ns fall@3.367ns period=6.734ns})
  Path Group:             aclk
  Path Type:              Hold (Min at Fast Process Corner)
  Requirement:            0.000ns  (aclk rise@0.000ns - aclk rise@0.000ns)
  Data Path Delay:        0.402ns  (logic 0.141ns (35.097%)  route 0.261ns (64.903%))
  Logic Levels:           0  
  Clock Path Skew:        0.022ns (DCD - SCD - CPR)
    Destination Clock Delay (DCD):    0.432ns
    Source Clock Delay      (SCD):    0.410ns
    Clock Pessimism Removal (CPR):    -0.000ns

    Location             Delay type                Incr(ns)  Path(ns)    Netlist Resource(s)
  -------------------------------------------------------------------    -------------------
                         (clock aclk rise edge)       0.000     0.000 r  <hidden>
                                                      0.000     0.000 r  aclk
                         net (fo=1886, unset)         0.410     0.410    aclk
    SLICE_X9Y16          FDRE                                         r  col_in_reg[3]/C
  -------------------------------------------------------------------    -------------------
    SLICE_X9Y16          FDRE (Prop_fdre_C_Q)         0.141     0.551 r  col_in_reg[3]/Q
                         net (fo=230, routed)         0.261     0.812    lb2_reg_0_127_7_7/A3
    SLICE_X8Y16          RAMD64E                                      r  lb2_reg_0_127_7_7/SP.HIGH/WADR3
  -------------------------------------------------------------------    -------------------

                         (clock aclk rise edge)       0.000     0.000 r  <hidden>
                                                      0.000     0.000 r  aclk
                         net (fo=1886, unset)         0.432     0.432    lb2_reg_0_127_7_7/WCLK
    SLICE_X8Y16          RAMD64E                                      r  lb2_reg_0_127_7_7/SP.HIGH/CLK
                         clock pessimism              0.000     0.432    <hidden>
    SLICE_X8Y16          RAMD64E (Hold_ramd64e_CLK_WADR3)
                                                      0.240     0.672    lb2_reg_0_127_7_7/SP.HIGH
  -------------------------------------------------------------------
                         required time                         -0.672    <hidden>
                         arrival time                           0.812    <hidden>
  -------------------------------------------------------------------
                         slack                                  0.140    <hidden>

Slack (MET) :             0.140ns  (arrival time - required time)
  Source:                 col_in_reg[3]/C
                            (rising edge-triggered cell FDRE clocked by aclk  {rise@0.000ns fall@3.367ns period=6.734ns})
  Destination:            lb2_reg_0_127_7_7/SP.LOW/WADR3
                            (rising edge-triggered cell RAMD64E clocked by aclk  {rise@0.000ns fall@3.367ns period=6.734ns})
  Path Group:             aclk
  Path Type:              Hold (Min at Fast Process Corner)
  Requirement:            0.000ns  (aclk rise@0.000ns - aclk rise@0.000ns)
  Data Path Delay:        0.402ns  (logic 0.141ns (35.097%)  route 0.261ns (64.903%))
  Logic Levels:           0  
  Clock Path Skew:        0.022ns (DCD - SCD - CPR)
    Destination Clock Delay (DCD):    0.432ns
    Source Clock Delay      (SCD):    0.410ns
    Clock Pessimism Removal (CPR):    -0.000ns

    Location             Delay type                Incr(ns)  Path(ns)    Netlist Resource(s)
  -------------------------------------------------------------------    -------------------
                         (clock aclk rise edge)       0.000     0.000 r  <hidden>
                                                      0.000     0.000 r  aclk
                         net (fo=1886, unset)         0.410     0.410    aclk
    SLICE_X9Y16          FDRE                                         r  col_in_reg[3]/C
  -------------------------------------------------------------------    -------------------
    SLICE_X9Y16          FDRE (Prop_fdre_C_Q)         0.141     0.551 r  col_in_reg[3]/Q
                         net (fo=230, routed)         0.261     0.812    lb2_reg_0_127_7_7/A3
    SLICE_X8Y16          RAMD64E                                      r  lb2_reg_0_127_7_7/SP.LOW/WADR3
  -------------------------------------------------------------------    -------------------

                         (clock aclk rise edge)       0.000     0.000 r  <hidden>
                                                      0.000     0.000 r  aclk
                         net (fo=1886, unset)         0.432     0.432    lb2_reg_0_127_7_7/WCLK
    SLICE_X8Y16          RAMD64E                                      r  lb2_reg_0_127_7_7/SP.LOW/CLK
                         clock pessimism              0.000     0.432    <hidden>
    SLICE_X8Y16          RAMD64E (Hold_ramd64e_CLK_WADR3)
                                                      0.240     0.672    lb2_reg_0_127_7_7/SP.LOW
  -------------------------------------------------------------------
                         required time                         -0.672    <hidden>
                         arrival time                           0.812    <hidden>
  -------------------------------------------------------------------
                         slack                                  0.140    <hidden>

Slack (MET) :             0.144ns  (arrival time - required time)
  Source:                 col_in_reg[0]_rep__3/C
                            (rising edge-triggered cell FDRE clocked by aclk  {rise@0.000ns fall@3.367ns period=6.734ns})
  Destination:            lb1_reg_1536_1663_7_7/DP.HIGH/WADR0
                            (rising edge-triggered cell RAMD64E clocked by aclk  {rise@0.000ns fall@3.367ns period=6.734ns})
  Path Group:             aclk
  Path Type:              Hold (Min at Fast Process Corner)
  Requirement:            0.000ns  (aclk rise@0.000ns - aclk rise@0.000ns)
  Data Path Delay:        0.476ns  (logic 0.141ns (29.628%)  route 0.335ns (70.372%))
  Logic Levels:           0  
  Clock Path Skew:        0.022ns (DCD - SCD - CPR)
    Destination Clock Delay (DCD):    0.432ns
    Source Clock Delay      (SCD):    0.410ns
    Clock Pessimism Removal (CPR):    -0.000ns

    Location             Delay type                Incr(ns)  Path(ns)    Netlist Resource(s)
  -------------------------------------------------------------------    -------------------
                         (clock aclk rise edge)       0.000     0.000 r  <hidden>
                                                      0.000     0.000 r  aclk
                         net (fo=1886, unset)         0.410     0.410    aclk
    SLICE_X13Y15         FDRE                                         r  col_in_reg[0]_rep__3/C
  -------------------------------------------------------------------    -------------------
    SLICE_X13Y15         FDRE (Prop_fdre_C_Q)         0.141     0.551 r  col_in_reg[0]_rep__3/Q
                         net (fo=229, routed)         0.335     0.886    lb1_reg_1536_1663_7_7/A0
    SLICE_X12Y15         RAMD64E                                      r  lb1_reg_1536_1663_7_7/DP.HIGH/WADR0
  -------------------------------------------------------------------    -------------------

                         (clock aclk rise edge)       0.000     0.000 r  <hidden>
                                                      0.000     0.000 r  aclk
                         net (fo=1886, unset)         0.432     0.432    lb1_reg_1536_1663_7_7/WCLK
    SLICE_X12Y15         RAMD64E                                      r  lb1_reg_1536_1663_7_7/DP.HIGH/CLK
                         clock pessimism              0.000     0.432    <hidden>
    SLICE_X12Y15         RAMD64E (Hold_ramd64e_CLK_WADR0)
                                                      0.310     0.742    lb1_reg_1536_1663_7_7/DP.HIGH
  -------------------------------------------------------------------
                         required time                         -0.742    <hidden>
                         arrival time                           0.886    <hidden>
  -------------------------------------------------------------------
                         slack                                  0.144    <hidden>

Slack (MET) :             0.144ns  (arrival time - required time)
  Source:                 col_in_reg[0]_rep__3/C
                            (rising edge-triggered cell FDRE clocked by aclk  {rise@0.000ns fall@3.367ns period=6.734ns})
  Destination:            lb1_reg_1536_1663_7_7/DP.LOW/WADR0
                            (rising edge-triggered cell RAMD64E clocked by aclk  {rise@0.000ns fall@3.367ns period=6.734ns})
  Path Group:             aclk
  Path Type:              Hold (Min at Fast Process Corner)
  Requirement:            0.000ns  (aclk rise@0.000ns - aclk rise@0.000ns)
  Data Path Delay:        0.476ns  (logic 0.141ns (29.628%)  route 0.335ns (70.372%))
  Logic Levels:           0  
  Clock Path Skew:        0.022ns (DCD - SCD - CPR)
    Destination Clock Delay (DCD):    0.432ns
    Source Clock Delay      (SCD):    0.410ns
    Clock Pessimism Removal (CPR):    -0.000ns

    Location             Delay type                Incr(ns)  Path(ns)    Netlist Resource(s)
  -------------------------------------------------------------------    -------------------
                         (clock aclk rise edge)       0.000     0.000 r  <hidden>
                                                      0.000     0.000 r  aclk
                         net (fo=1886, unset)         0.410     0.410    aclk
    SLICE_X13Y15         FDRE                                         r  col_in_reg[0]_rep__3/C
  -------------------------------------------------------------------    -------------------
    SLICE_X13Y15         FDRE (Prop_fdre_C_Q)         0.141     0.551 r  col_in_reg[0]_rep__3/Q
                         net (fo=229, routed)         0.335     0.886    lb1_reg_1536_1663_7_7/A0
    SLICE_X12Y15         RAMD64E                                      r  lb1_reg_1536_1663_7_7/DP.LOW/WADR0
  -------------------------------------------------------------------    -------------------

                         (clock aclk rise edge)       0.000     0.000 r  <hidden>
                                                      0.000     0.000 r  aclk
                         net (fo=1886, unset)         0.432     0.432    lb1_reg_1536_1663_7_7/WCLK
    SLICE_X12Y15         RAMD64E                                      r  lb1_reg_1536_1663_7_7/DP.LOW/CLK
                         clock pessimism              0.000     0.432    <hidden>
    SLICE_X12Y15         RAMD64E (Hold_ramd64e_CLK_WADR0)
                                                      0.310     0.742    lb1_reg_1536_1663_7_7/DP.LOW
  -------------------------------------------------------------------
                         required time                         -0.742    <hidden>
                         arrival time                           0.886    <hidden>
  -------------------------------------------------------------------
                         slack                                  0.144    <hidden>

Slack (MET) :             0.144ns  (arrival time - required time)
  Source:                 col_in_reg[0]_rep__3/C
                            (rising edge-triggered cell FDRE clocked by aclk  {rise@0.000ns fall@3.367ns period=6.734ns})
  Destination:            lb1_reg_1536_1663_7_7/SP.HIGH/WADR0
                            (rising edge-triggered cell RAMD64E clocked by aclk  {rise@0.000ns fall@3.367ns period=6.734ns})
  Path Group:             aclk
  Path Type:              Hold (Min at Fast Process Corner)
  Requirement:            0.000ns  (aclk rise@0.000ns - aclk rise@0.000ns)
  Data Path Delay:        0.476ns  (logic 0.141ns (29.628%)  route 0.335ns (70.372%))
  Logic Levels:           0  
  Clock Path Skew:        0.022ns (DCD - SCD - CPR)
    Destination Clock Delay (DCD):    0.432ns
    Source Clock Delay      (SCD):    0.410ns
    Clock Pessimism Removal (CPR):    -0.000ns

    Location             Delay type                Incr(ns)  Path(ns)    Netlist Resource(s)
  -------------------------------------------------------------------    -------------------
                         (clock aclk rise edge)       0.000     0.000 r  <hidden>
                                                      0.000     0.000 r  aclk
                         net (fo=1886, unset)         0.410     0.410    aclk
    SLICE_X13Y15         FDRE                                         r  col_in_reg[0]_rep__3/C
  -------------------------------------------------------------------    -------------------
    SLICE_X13Y15         FDRE (Prop_fdre_C_Q)         0.141     0.551 r  col_in_reg[0]_rep__3/Q
                         net (fo=229, routed)         0.335     0.886    lb1_reg_1536_1663_7_7/A0
    SLICE_X12Y15         RAMD64E                                      r  lb1_reg_1536_1663_7_7/SP.HIGH/WADR0
  -------------------------------------------------------------------    -------------------

                         (clock aclk rise edge)       0.000     0.000 r  <hidden>
                                                      0.000     0.000 r  aclk
                         net (fo=1886, unset)         0.432     0.432    lb1_reg_1536_1663_7_7/WCLK
    SLICE_X12Y15         RAMD64E                                      r  lb1_reg_1536_1663_7_7/SP.HIGH/CLK
                         clock pessimism              0.000     0.432    <hidden>
    SLICE_X12Y15         RAMD64E (Hold_ramd64e_CLK_WADR0)
                                                      0.310     0.742    lb1_reg_1536_1663_7_7/SP.HIGH
  -------------------------------------------------------------------
                         required time                         -0.742    <hidden>
                         arrival time                           0.886    <hidden>
  -------------------------------------------------------------------
                         slack                                  0.144    <hidden>

Slack (MET) :             0.144ns  (arrival time - required time)
  Source:                 col_in_reg[0]_rep__3/C
                            (rising edge-triggered cell FDRE clocked by aclk  {rise@0.000ns fall@3.367ns period=6.734ns})
  Destination:            lb1_reg_1536_1663_7_7/SP.LOW/WADR0
                            (rising edge-triggered cell RAMD64E clocked by aclk  {rise@0.000ns fall@3.367ns period=6.734ns})
  Path Group:             aclk
  Path Type:              Hold (Min at Fast Process Corner)
  Requirement:            0.000ns  (aclk rise@0.000ns - aclk rise@0.000ns)
  Data Path Delay:        0.476ns  (logic 0.141ns (29.628%)  route 0.335ns (70.372%))
  Logic Levels:           0  
  Clock Path Skew:        0.022ns (DCD - SCD - CPR)
    Destination Clock Delay (DCD):    0.432ns
    Source Clock Delay      (SCD):    0.410ns
    Clock Pessimism Removal (CPR):    -0.000ns

    Location             Delay type                Incr(ns)  Path(ns)    Netlist Resource(s)
  -------------------------------------------------------------------    -------------------
                         (clock aclk rise edge)       0.000     0.000 r  <hidden>
                                                      0.000     0.000 r  aclk
                         net (fo=1886, unset)         0.410     0.410    aclk
    SLICE_X13Y15         FDRE                                         r  col_in_reg[0]_rep__3/C
  -------------------------------------------------------------------    -------------------
    SLICE_X13Y15         FDRE (Prop_fdre_C_Q)         0.141     0.551 r  col_in_reg[0]_rep__3/Q
                         net (fo=229, routed)         0.335     0.886    lb1_reg_1536_1663_7_7/A0
    SLICE_X12Y15         RAMD64E                                      r  lb1_reg_1536_1663_7_7/SP.LOW/WADR0
  -------------------------------------------------------------------    -------------------

                         (clock aclk rise edge)       0.000     0.000 r  <hidden>
                                                      0.000     0.000 r  aclk
                         net (fo=1886, unset)         0.432     0.432    lb1_reg_1536_1663_7_7/WCLK
    SLICE_X12Y15         RAMD64E                                      r  lb1_reg_1536_1663_7_7/SP.LOW/CLK
                         clock pessimism              0.000     0.432    <hidden>
    SLICE_X12Y15         RAMD64E (Hold_ramd64e_CLK_WADR0)
                                                      0.310     0.742    lb1_reg_1536_1663_7_7/SP.LOW
  -------------------------------------------------------------------
                         required time                         -0.742    <hidden>
                         arrival time                           0.886    <hidden>
  -------------------------------------------------------------------
                         slack                                  0.144    <hidden>





Pulse Width Checks
--------------------------------------------------------------------------------------
Clock Name:         aclk
Waveform(ns):       { 0.000 3.367 }
Period(ns):         6.734
Sources:            { aclk }

Check Type        Corner  Lib Pin      Reference Pin  Required(ns)  Actual(ns)  Slack(ns)  Location      Pin
Min Period        n/a     DSP48E1/CLK  n/a            3.884         6.734       2.850      DSP48_X2Y1    pr1_reg[1]/CLK
Min Period        n/a     DSP48E1/CLK  n/a            3.884         6.734       2.850      DSP48_X2Y4    pr2_reg[1]/CLK
Min Period        n/a     DSP48E1/CLK  n/a            3.884         6.734       2.850      DSP48_X2Y5    pr2_reg[4]/CLK
Min Period        n/a     DSP48E1/CLK  n/a            3.884         6.734       2.850      DSP48_X3Y5    pr2_reg[7]/CLK
Min Period        n/a     DSP48E1/CLK  n/a            3.687         6.734       3.047      DSP48_X0Y3    pr2_reg[3]/CLK
Min Period        n/a     DSP48E1/CLK  n/a            3.687         6.734       3.047      DSP48_X1Y4    pr2_reg[5]/CLK
Min Period        n/a     DSP48E1/CLK  n/a            2.154         6.734       4.580      DSP48_X0Y0    pr1_reg[0]/CLK
Min Period        n/a     DSP48E1/CLK  n/a            2.154         6.734       4.580      DSP48_X2Y0    pr1_reg[2]/CLK
Min Period        n/a     DSP48E1/CLK  n/a            2.154         6.734       4.580      DSP48_X0Y2    pr1_reg[3]/CLK
Min Period        n/a     DSP48E1/CLK  n/a            2.154         6.734       4.580      DSP48_X1Y2    pr1_reg[4]/CLK
Min Period        n/a     DSP48E1/CLK  n/a            2.154         6.734       4.580      DSP48_X1Y3    pr1_reg[5]/CLK
Min Period        n/a     DSP48E1/CLK  n/a            2.154         6.734       4.580      DSP48_X1Y0    pr1_reg[6]/CLK
Min Period        n/a     DSP48E1/CLK  n/a            2.154         6.734       4.580      DSP48_X3Y6    pr1_reg[7]/CLK
Min Period        n/a     DSP48E1/CLK  n/a            2.154         6.734       4.580      DSP48_X2Y2    pr1_reg[8]/CLK
Min Period        n/a     DSP48E1/CLK  n/a            2.154         6.734       4.580      DSP48_X0Y1    pr2_reg[0]/CLK
Min Period        n/a     DSP48E1/CLK  n/a            2.154         6.734       4.580      DSP48_X2Y3    pr2_reg[2]/CLK
Min Period        n/a     DSP48E1/CLK  n/a            2.154         6.734       4.580      DSP48_X1Y1    pr2_reg[6]/CLK
Min Period        n/a     DSP48E1/CLK  n/a            2.154         6.734       4.580      DSP48_X3Y4    pr2_reg[8]/CLK
Min Period        n/a     FDRE/C       n/a            1.000         6.734       5.734      SLICE_X34Y18  FSM_onehot_state_reg[0]/C
Min Period        n/a     FDSE/C       n/a            1.000         6.734       5.734      SLICE_X31Y18  FSM_onehot_state_reg[1]/C
Min Period        n/a     FDRE/C       n/a            1.000         6.734       5.734      SLICE_X33Y17  FSM_onehot_state_reg[2]/C
Min Period        n/a     FDRE/C       n/a            1.000         6.734       5.734      SLICE_X34Y18  FSM_onehot_state_reg[3]/C
Min Period        n/a     FDRE/C       n/a            1.000         6.734       5.734      SLICE_X21Y5   acc1_q[11]_i_21_psdsp/C
Min Period        n/a     FDRE/C       n/a            1.000         6.734       5.734      SLICE_X9Y6    acc1_q[11]_i_22_psdsp/C
Min Period        n/a     FDRE/C       n/a            1.000         6.734       5.734      SLICE_X9Y6    acc1_q[11]_i_23_psdsp/C
Low Pulse Width   Slow    RAMD64E/CLK  n/a            1.250         3.367       2.117      SLICE_X22Y6   lb1_reg_0_127_0_0/DP.HIGH/CLK
Low Pulse Width   Fast    RAMD64E/CLK  n/a            1.250         3.367       2.117      SLICE_X22Y6   lb1_reg_0_127_0_0/DP.HIGH/CLK
Low Pulse Width   Slow    RAMD64E/CLK  n/a            1.250         3.367       2.117      SLICE_X22Y6   lb1_reg_0_127_0_0/DP.LOW/CLK
Low Pulse Width   Fast    RAMD64E/CLK  n/a            1.250         3.367       2.117      SLICE_X22Y6   lb1_reg_0_127_0_0/DP.LOW/CLK
Low Pulse Width   Slow    RAMD64E/CLK  n/a            1.250         3.367       2.117      SLICE_X22Y6   lb1_reg_0_127_0_0/SP.HIGH/CLK
Low Pulse Width   Fast    RAMD64E/CLK  n/a            1.250         3.367       2.117      SLICE_X22Y6   lb1_reg_0_127_0_0/SP.HIGH/CLK
Low Pulse Width   Slow    RAMD64E/CLK  n/a            1.250         3.367       2.117      SLICE_X22Y6   lb1_reg_0_127_0_0/SP.LOW/CLK
Low Pulse Width   Fast    RAMD64E/CLK  n/a            1.250         3.367       2.117      SLICE_X22Y6   lb1_reg_0_127_0_0/SP.LOW/CLK
Low Pulse Width   Slow    RAMD64E/CLK  n/a            1.250         3.367       2.117      SLICE_X20Y4   lb1_reg_0_127_1_1/DP.HIGH/CLK
Low Pulse Width   Fast    RAMD64E/CLK  n/a            1.250         3.367       2.117      SLICE_X20Y4   lb1_reg_0_127_1_1/DP.HIGH/CLK
Low Pulse Width   Slow    RAMD64E/CLK  n/a            1.250         3.367       2.117      SLICE_X20Y4   lb1_reg_0_127_1_1/DP.LOW/CLK
Low Pulse Width   Fast    RAMD64E/CLK  n/a            1.250         3.367       2.117      SLICE_X20Y4   lb1_reg_0_127_1_1/DP.LOW/CLK
Low Pulse Width   Slow    RAMD64E/CLK  n/a            1.250         3.367       2.117      SLICE_X20Y4   lb1_reg_0_127_1_1/SP.HIGH/CLK
Low Pulse Width   Fast    RAMD64E/CLK  n/a            1.250         3.367       2.117      SLICE_X20Y4   lb1_reg_0_127_1_1/SP.HIGH/CLK
Low Pulse Width   Slow    RAMD64E/CLK  n/a            1.250         3.367       2.117      SLICE_X20Y4   lb1_reg_0_127_1_1/SP.LOW/CLK
Low Pulse Width   Fast    RAMD64E/CLK  n/a            1.250         3.367       2.117      SLICE_X20Y4   lb1_reg_0_127_1_1/SP.LOW/CLK
Low Pulse Width   Slow    RAMD64E/CLK  n/a            1.250         3.367       2.117      SLICE_X16Y8   lb1_reg_0_127_2_2/DP.HIGH/CLK
Low Pulse Width   Fast    RAMD64E/CLK  n/a            1.250         3.367       2.117      SLICE_X16Y8   lb1_reg_0_127_2_2/DP.HIGH/CLK
Low Pulse Width   Slow    RAMD64E/CLK  n/a            1.250         3.367       2.117      SLICE_X16Y8   lb1_reg_0_127_2_2/DP.LOW/CLK
Low Pulse Width   Fast    RAMD64E/CLK  n/a            1.250         3.367       2.117      SLICE_X16Y8   lb1_reg_0_127_2_2/DP.LOW/CLK
Low Pulse Width   Slow    RAMD64E/CLK  n/a            1.250         3.367       2.117      SLICE_X16Y8   lb1_reg_0_127_2_2/SP.HIGH/CLK
Low Pulse Width   Fast    RAMD64E/CLK  n/a            1.250         3.367       2.117      SLICE_X16Y8   lb1_reg_0_127_2_2/SP.HIGH/CLK
Low Pulse Width   Slow    RAMD64E/CLK  n/a            1.250         3.367       2.117      SLICE_X16Y8   lb1_reg_0_127_2_2/SP.LOW/CLK
Low Pulse Width   Fast    RAMD64E/CLK  n/a            1.250         3.367       2.117      SLICE_X16Y8   lb1_reg_0_127_2_2/SP.LOW/CLK
Low Pulse Width   Slow    RAMD64E/CLK  n/a            1.250         3.367       2.117      SLICE_X30Y7   lb1_reg_0_127_3_3/DP.HIGH/CLK
High Pulse Width  Slow    RAMD64E/CLK  n/a            1.250         3.367       2.117      SLICE_X22Y6   lb1_reg_0_127_0_0/DP.HIGH/CLK
High Pulse Width  Fast    RAMD64E/CLK  n/a            1.250         3.367       2.117      SLICE_X22Y6   lb1_reg_0_127_0_0/DP.HIGH/CLK
High Pulse Width  Slow    RAMD64E/CLK  n/a            1.250         3.367       2.117      SLICE_X22Y6   lb1_reg_0_127_0_0/DP.LOW/CLK
High Pulse Width  Fast    RAMD64E/CLK  n/a            1.250         3.367       2.117      SLICE_X22Y6   lb1_reg_0_127_0_0/DP.LOW/CLK
High Pulse Width  Slow    RAMD64E/CLK  n/a            1.250         3.367       2.117      SLICE_X22Y6   lb1_reg_0_127_0_0/SP.HIGH/CLK
High Pulse Width  Fast    RAMD64E/CLK  n/a            1.250         3.367       2.117      SLICE_X22Y6   lb1_reg_0_127_0_0/SP.HIGH/CLK
High Pulse Width  Slow    RAMD64E/CLK  n/a            1.250         3.367       2.117      SLICE_X22Y6   lb1_reg_0_127_0_0/SP.LOW/CLK
High Pulse Width  Fast    RAMD64E/CLK  n/a            1.250         3.367       2.117      SLICE_X22Y6   lb1_reg_0_127_0_0/SP.LOW/CLK
High Pulse Width  Slow    RAMD64E/CLK  n/a            1.250         3.367       2.117      SLICE_X20Y4   lb1_reg_0_127_1_1/DP.HIGH/CLK
High Pulse Width  Fast    RAMD64E/CLK  n/a            1.250         3.367       2.117      SLICE_X20Y4   lb1_reg_0_127_1_1/DP.HIGH/CLK
High Pulse Width  Slow    RAMD64E/CLK  n/a            1.250         3.367       2.117      SLICE_X20Y4   lb1_reg_0_127_1_1/DP.LOW/CLK
High Pulse Width  Fast    RAMD64E/CLK  n/a            1.250         3.367       2.117      SLICE_X20Y4   lb1_reg_0_127_1_1/DP.LOW/CLK
High Pulse Width  Slow    RAMD64E/CLK  n/a            1.250         3.367       2.117      SLICE_X20Y4   lb1_reg_0_127_1_1/SP.HIGH/CLK
High Pulse Width  Fast    RAMD64E/CLK  n/a            1.250         3.367       2.117      SLICE_X20Y4   lb1_reg_0_127_1_1/SP.HIGH/CLK
High Pulse Width  Slow    RAMD64E/CLK  n/a            1.250         3.367       2.117      SLICE_X20Y4   lb1_reg_0_127_1_1/SP.LOW/CLK
High Pulse Width  Fast    RAMD64E/CLK  n/a            1.250         3.367       2.117      SLICE_X20Y4   lb1_reg_0_127_1_1/SP.LOW/CLK
High Pulse Width  Slow    RAMD64E/CLK  n/a            1.250         3.367       2.117      SLICE_X16Y8   lb1_reg_0_127_2_2/DP.HIGH/CLK
High Pulse Width  Fast    RAMD64E/CLK  n/a            1.250         3.367       2.117      SLICE_X16Y8   lb1_reg_0_127_2_2/DP.HIGH/CLK
High Pulse Width  Slow    RAMD64E/CLK  n/a            1.250         3.367       2.117      SLICE_X16Y8   lb1_reg_0_127_2_2/DP.LOW/CLK
High Pulse Width  Fast    RAMD64E/CLK  n/a            1.250         3.367       2.117      SLICE_X16Y8   lb1_reg_0_127_2_2/DP.LOW/CLK
High Pulse Width  Slow    RAMD64E/CLK  n/a            1.250         3.367       2.117      SLICE_X16Y8   lb1_reg_0_127_2_2/SP.HIGH/CLK
High Pulse Width  Fast    RAMD64E/CLK  n/a            1.250         3.367       2.117      SLICE_X16Y8   lb1_reg_0_127_2_2/SP.HIGH/CLK
High Pulse Width  Slow    RAMD64E/CLK  n/a            1.250         3.367       2.117      SLICE_X16Y8   lb1_reg_0_127_2_2/SP.LOW/CLK
High Pulse Width  Fast    RAMD64E/CLK  n/a            1.250         3.367       2.117      SLICE_X16Y8   lb1_reg_0_127_2_2/SP.LOW/CLK
High Pulse Width  Slow    RAMD64E/CLK  n/a            1.250         3.367       2.117      SLICE_X30Y7   lb1_reg_0_127_3_3/DP.HIGH/CLK



