Copyright 1986-2022 Xilinx, Inc. All Rights Reserved. Copyright 2022-2026 Advanced Micro Devices, Inc. All Rights Reserved.
---------------------------------------------------------------------------------------------------------------------------------------------
| Tool Version : Vivado v.2026.1 (win64) Build 6511674 Tue Jun 16 11:02:23 MDT 2026
| Date         : Wed Sep 30 14:32:37 2026
| Host         : <redacted> running 64-bit major release  (build 9200)
| Command      : report_timing_summary -delay_type min_max -max_paths 25 -file conv3x3_engine_W160_tim_impl.rpt
| Design       : conv3x3_engine
| Device       : 7z020-clg400
| Speed File   : -1  PRODUCTION 1.12 2019-11-22
| Design State : Routed
---------------------------------------------------------------------------------------------------------------------------------------------

Timing Summary Report

------------------------------------------------------------------------------------------------
| Timer Settings
| --------------
------------------------------------------------------------------------------------------------

  Enable Multi Corner Analysis               :  Yes
  Enable Pessimism Removal                   :  Yes
  Pessimism Removal Resolution               :  Nearest Common Node
  Enable Input Delay Default Clock           :  No
  Enable Preset / Clear Arcs                 :  No
  Disable Flight Delays                      :  No
  Ignore I/O Paths                           :  No
  Timing Early Launch at Borrowing Latches   :  No
  Borrow Time for Max Delay Exceptions       :  Yes
  Merge Timing Exceptions                    :  Yes
  Inter-SLR Compensation                     :  Conservative

  Corner  Analyze    Analyze    
  Name    Max Paths  Min Paths  
  ------  ---------  ---------  
  Slow    Yes        Yes        
  Fast    Yes        Yes        


------------------------------------------------------------------------------------------------
| Report Methodology
| ------------------
------------------------------------------------------------------------------------------------

No report available as report_methodology has not been run prior. Run report_methodology on the current design for the summary of methodology violations.



check_timing report

Table of Contents
-----------------
1. checking no_clock (0)
2. checking constant_clock (0)
3. checking pulse_width_clock (0)
4. checking unconstrained_internal_endpoints (0)
5. checking no_input_delay (0)
6. checking no_output_delay (0)
7. checking multiple_clock (0)
8. checking generated_clocks (0)
9. checking loops (0)
10. checking partial_input_delay (0)
11. checking partial_output_delay (0)
12. checking latch_loops (0)

1. checking no_clock (0)
------------------------
 There are 0 register/latch pins with no clock.


2. checking constant_clock (0)
------------------------------
 There are 0 register/latch pins with constant_clock.


3. checking pulse_width_clock (0)
---------------------------------
 There are 0 register/latch pins which need pulse_width check


4. checking unconstrained_internal_endpoints (0)
------------------------------------------------
 There are 0 pins that are not constrained for maximum delay.

 There are 0 pins that are not constrained for maximum delay due to constant clock.


5. checking no_input_delay (0)
------------------------------
 There are 0 input ports with no input delay specified.

 There are 0 input ports with no input delay but user has a false path constraint.


6. checking no_output_delay (0)
-------------------------------
 There are 0 ports with no output delay specified.

 There are 0 ports with no output delay but user has a false path constraint

 There are 0 ports with no output delay but with a timing clock defined on it or propagating through it


7. checking multiple_clock (0)
------------------------------
 There are 0 register/latch pins with multiple clocks.


8. checking generated_clocks (0)
--------------------------------
 There are 0 generated clocks that are not connected to a clock source.


9. checking loops (0)
---------------------
 There are 0 combinational loops in the design.


10. checking partial_input_delay (0)
------------------------------------
 There are 0 input ports with partial input delay specified.


11. checking partial_output_delay (0)
-------------------------------------
 There are 0 ports with partial output delay specified.


12. checking latch_loops (0)
----------------------------
 There are 0 combinational latch loops in the design through latch input



------------------------------------------------------------------------------------------------
| Design Timing Summary
| ---------------------
------------------------------------------------------------------------------------------------

    WNS(ns)      TNS(ns)  TNS Failing Endpoints  TNS Total Endpoints      WHS(ns)      THS(ns)  THS Failing Endpoints  THS Total Endpoints     WPWS(ns)     TPWS(ns)  TPWS Failing Endpoints  TPWS Total Endpoints  
    -------      -------  ---------------------  -------------------      -------      -------  ---------------------  -------------------     --------     --------  ----------------------  --------------------  
      0.064        0.000                      0                 4674        0.116        0.000                      0                 4674        2.117        0.000                       0                   910  


All user specified timing constraints are met.


------------------------------------------------------------------------------------------------
| Clock Summary
| -------------
------------------------------------------------------------------------------------------------

Clock  Waveform(ns)         Period(ns)      Frequency(MHz)
-----  ------------         ----------      --------------
aclk   {0.000 3.367}        6.734           148.500         


------------------------------------------------------------------------------------------------
| Intra Clock Table
| -----------------
------------------------------------------------------------------------------------------------

Clock             WNS(ns)      TNS(ns)  TNS Failing Endpoints  TNS Total Endpoints      WHS(ns)      THS(ns)  THS Failing Endpoints  THS Total Endpoints     WPWS(ns)     TPWS(ns)  TPWS Failing Endpoints  TPWS Total Endpoints  
-----             -------      -------  ---------------------  -------------------      -------      -------  ---------------------  -------------------     --------     --------  ----------------------  --------------------  
aclk                0.064        0.000                      0                 4674        0.116        0.000                      0                 4674        2.117        0.000                       0                   910  


------------------------------------------------------------------------------------------------
| Inter Clock Table
| -----------------
------------------------------------------------------------------------------------------------

From Clock    To Clock          WNS(ns)      TNS(ns)  TNS Failing Endpoints  TNS Total Endpoints      WHS(ns)      THS(ns)  THS Failing Endpoints  THS Total Endpoints  
----------    --------          -------      -------  ---------------------  -------------------      -------      -------  ---------------------  -------------------  


------------------------------------------------------------------------------------------------
| Other Path Groups Table
| -----------------------
------------------------------------------------------------------------------------------------

Path Group    From Clock    To Clock          WNS(ns)      TNS(ns)  TNS Failing Endpoints  TNS Total Endpoints      WHS(ns)      THS(ns)  THS Failing Endpoints  THS Total Endpoints  
----------    ----------    --------          -------      -------  ---------------------  -------------------      -------      -------  ---------------------  -------------------  


------------------------------------------------------------------------------------------------
| Timing Details
| --------------
------------------------------------------------------------------------------------------------


---------------------------------------------------------------------------------------------------
From Clock:  aclk
  To Clock:  aclk

Setup :            0  Failing Endpoints,  Worst Slack        0.064ns,  Total Violation        0.000ns
Hold  :            0  Failing Endpoints,  Worst Slack        0.116ns,  Total Violation        0.000ns
PW    :            0  Failing Endpoints,  Worst Slack        2.117ns,  Total Violation        0.000ns
---------------------------------------------------------------------------------------------------


Max Delay Paths
--------------------------------------------------------------------------------------
Slack (MET) :             0.064ns  (required time - arrival time)
  Source:                 aresetn
                            (input port clocked by aclk  {rise@0.000ns fall@3.367ns period=6.734ns})
  Destination:            k_q_reg[0]/S
                            (rising edge-triggered cell FDSE clocked by aclk  {rise@0.000ns fall@3.367ns period=6.734ns})
  Path Group:             aclk
  Path Type:              Setup (Max at Slow Process Corner)
  Requirement:            6.734ns  (aclk rise@6.734ns - aclk rise@0.000ns)
  Data Path Delay:        5.130ns  (logic 0.124ns (2.417%)  route 5.006ns (97.583%))
  Logic Levels:           1  (LUT1=1)
  Input Delay:            2.000ns
  Clock Path Skew:        0.924ns (DCD - SCD + CPR)
    Destination Clock Delay (DCD):    0.924ns = ( 7.658 - 6.734 ) 
    Source Clock Delay      (SCD):    0.000ns
    Clock Pessimism Removal (CPR):    0.000ns
  Clock Uncertainty:      0.035ns  ((TSJ^2 + TIJ^2)^1/2 + DJ) / 2 + PE
    Total System Jitter     (TSJ):    0.071ns
    Total Input Jitter      (TIJ):    0.000ns
    Discrete Jitter          (DJ):    0.000ns
    Phase Error              (PE):    0.000ns

    Location             Delay type                Incr(ns)  Path(ns)    Netlist Resource(s)
  -------------------------------------------------------------------    -------------------
                         (clock aclk rise edge)       0.000     0.000 r  <hidden>
                         input delay                  2.000     2.000    <hidden>
                                                      0.000     2.000 f  aresetn
                         net (fo=25, unset)           0.973     2.973    aresetn
    SLICE_X10Y29         LUT1 (Prop_lut1_I0_O)        0.124     3.097 r  m_axis_tdata[7]_i_1/O
                         net (fo=551, routed)         4.033     7.130    m_axis_tdata[7]_i_1_n_0
    SLICE_X28Y9          FDSE                                         r  k_q_reg[0]/S
  -------------------------------------------------------------------    -------------------

                         (clock aclk rise edge)       6.734     6.734 r  <hidden>
                                                      0.000     6.734 r  aclk
                         net (fo=909, unset)          0.924     7.658    aclk
    SLICE_X28Y9          FDSE                                         r  k_q_reg[0]/C
                         clock pessimism              0.000     7.658    <hidden>
                         clock uncertainty           -0.035     7.623    <hidden>
    SLICE_X28Y9          FDSE (Setup_fdse_C_S)       -0.429     7.194    k_q_reg[0]
  -------------------------------------------------------------------
                         required time                          7.194    <hidden>
                         arrival time                          -7.130    <hidden>
  -------------------------------------------------------------------
                         slack                                  0.064    <hidden>

Slack (MET) :             0.064ns  (required time - arrival time)
  Source:                 aresetn
                            (input port clocked by aclk  {rise@0.000ns fall@3.367ns period=6.734ns})
  Destination:            k_q_reg[3]/R
                            (rising edge-triggered cell FDRE clocked by aclk  {rise@0.000ns fall@3.367ns period=6.734ns})
  Path Group:             aclk
  Path Type:              Setup (Max at Slow Process Corner)
  Requirement:            6.734ns  (aclk rise@6.734ns - aclk rise@0.000ns)
  Data Path Delay:        5.130ns  (logic 0.124ns (2.417%)  route 5.006ns (97.583%))
  Logic Levels:           1  (LUT1=1)
  Input Delay:            2.000ns
  Clock Path Skew:        0.924ns (DCD - SCD + CPR)
    Destination Clock Delay (DCD):    0.924ns = ( 7.658 - 6.734 ) 
    Source Clock Delay      (SCD):    0.000ns
    Clock Pessimism Removal (CPR):    0.000ns
  Clock Uncertainty:      0.035ns  ((TSJ^2 + TIJ^2)^1/2 + DJ) / 2 + PE
    Total System Jitter     (TSJ):    0.071ns
    Total Input Jitter      (TIJ):    0.000ns
    Discrete Jitter          (DJ):    0.000ns
    Phase Error              (PE):    0.000ns

    Location             Delay type                Incr(ns)  Path(ns)    Netlist Resource(s)
  -------------------------------------------------------------------    -------------------
                         (clock aclk rise edge)       0.000     0.000 r  <hidden>
                         input delay                  2.000     2.000    <hidden>
                                                      0.000     2.000 f  aresetn
                         net (fo=25, unset)           0.973     2.973    aresetn
    SLICE_X10Y29         LUT1 (Prop_lut1_I0_O)        0.124     3.097 r  m_axis_tdata[7]_i_1/O
                         net (fo=551, routed)         4.033     7.130    m_axis_tdata[7]_i_1_n_0
    SLICE_X28Y9          FDRE                                         r  k_q_reg[3]/R
  -------------------------------------------------------------------    -------------------

                         (clock aclk rise edge)       6.734     6.734 r  <hidden>
                                                      0.000     6.734 r  aclk
                         net (fo=909, unset)          0.924     7.658    aclk
    SLICE_X28Y9          FDRE                                         r  k_q_reg[3]/C
                         clock pessimism              0.000     7.658    <hidden>
                         clock uncertainty           -0.035     7.623    <hidden>
    SLICE_X28Y9          FDRE (Setup_fdre_C_R)       -0.429     7.194    k_q_reg[3]
  -------------------------------------------------------------------
                         required time                          7.194    <hidden>
                         arrival time                          -7.130    <hidden>
  -------------------------------------------------------------------
                         slack                                  0.064    <hidden>

Slack (MET) :             0.090ns  (required time - arrival time)
  Source:                 aresetn
                            (input port clocked by aclk  {rise@0.000ns fall@3.367ns period=6.734ns})
  Destination:            awaddr_q_reg[0]/R
                            (rising edge-triggered cell FDRE clocked by aclk  {rise@0.000ns fall@3.367ns period=6.734ns})
  Path Group:             aclk
  Path Type:              Setup (Max at Slow Process Corner)
  Requirement:            6.734ns  (aclk rise@6.734ns - aclk rise@0.000ns)
  Data Path Delay:        5.104ns  (logic 0.124ns (2.429%)  route 4.980ns (97.570%))
  Logic Levels:           1  (LUT1=1)
  Input Delay:            2.000ns
  Clock Path Skew:        0.924ns (DCD - SCD + CPR)
    Destination Clock Delay (DCD):    0.924ns = ( 7.658 - 6.734 ) 
    Source Clock Delay      (SCD):    0.000ns
    Clock Pessimism Removal (CPR):    0.000ns
  Clock Uncertainty:      0.035ns  ((TSJ^2 + TIJ^2)^1/2 + DJ) / 2 + PE
    Total System Jitter     (TSJ):    0.071ns
    Total Input Jitter      (TIJ):    0.000ns
    Discrete Jitter          (DJ):    0.000ns
    Phase Error              (PE):    0.000ns

    Location             Delay type                Incr(ns)  Path(ns)    Netlist Resource(s)
  -------------------------------------------------------------------    -------------------
                         (clock aclk rise edge)       0.000     0.000 r  <hidden>
                         input delay                  2.000     2.000    <hidden>
                                                      0.000     2.000 f  aresetn
                         net (fo=25, unset)           0.973     2.973    aresetn
    SLICE_X10Y29         LUT1 (Prop_lut1_I0_O)        0.124     3.097 r  m_axis_tdata[7]_i_1/O
                         net (fo=551, routed)         4.007     7.104    m_axis_tdata[7]_i_1_n_0
    SLICE_X24Y7          FDRE                                         r  awaddr_q_reg[0]/R
  -------------------------------------------------------------------    -------------------

                         (clock aclk rise edge)       6.734     6.734 r  <hidden>
                                                      0.000     6.734 r  aclk
                         net (fo=909, unset)          0.924     7.658    aclk
    SLICE_X24Y7          FDRE                                         r  awaddr_q_reg[0]/C
                         clock pessimism              0.000     7.658    <hidden>
                         clock uncertainty           -0.035     7.623    <hidden>
    SLICE_X24Y7          FDRE (Setup_fdre_C_R)       -0.429     7.194    awaddr_q_reg[0]
  -------------------------------------------------------------------
                         required time                          7.194    <hidden>
                         arrival time                          -7.104    <hidden>
  -------------------------------------------------------------------
                         slack                                  0.090    <hidden>

Slack (MET) :             0.090ns  (required time - arrival time)
  Source:                 aresetn
                            (input port clocked by aclk  {rise@0.000ns fall@3.367ns period=6.734ns})
  Destination:            awaddr_q_reg[1]/R
                            (rising edge-triggered cell FDRE clocked by aclk  {rise@0.000ns fall@3.367ns period=6.734ns})
  Path Group:             aclk
  Path Type:              Setup (Max at Slow Process Corner)
  Requirement:            6.734ns  (aclk rise@6.734ns - aclk rise@0.000ns)
  Data Path Delay:        5.104ns  (logic 0.124ns (2.429%)  route 4.980ns (97.570%))
  Logic Levels:           1  (LUT1=1)
  Input Delay:            2.000ns
  Clock Path Skew:        0.924ns (DCD - SCD + CPR)
    Destination Clock Delay (DCD):    0.924ns = ( 7.658 - 6.734 ) 
    Source Clock Delay      (SCD):    0.000ns
    Clock Pessimism Removal (CPR):    0.000ns
  Clock Uncertainty:      0.035ns  ((TSJ^2 + TIJ^2)^1/2 + DJ) / 2 + PE
    Total System Jitter     (TSJ):    0.071ns
    Total Input Jitter      (TIJ):    0.000ns
    Discrete Jitter          (DJ):    0.000ns
    Phase Error              (PE):    0.000ns

    Location             Delay type                Incr(ns)  Path(ns)    Netlist Resource(s)
  -------------------------------------------------------------------    -------------------
                         (clock aclk rise edge)       0.000     0.000 r  <hidden>
                         input delay                  2.000     2.000    <hidden>
                                                      0.000     2.000 f  aresetn
                         net (fo=25, unset)           0.973     2.973    aresetn
    SLICE_X10Y29         LUT1 (Prop_lut1_I0_O)        0.124     3.097 r  m_axis_tdata[7]_i_1/O
                         net (fo=551, routed)         4.007     7.104    m_axis_tdata[7]_i_1_n_0
    SLICE_X24Y7          FDRE                                         r  awaddr_q_reg[1]/R
  -------------------------------------------------------------------    -------------------

                         (clock aclk rise edge)       6.734     6.734 r  <hidden>
                                                      0.000     6.734 r  aclk
                         net (fo=909, unset)          0.924     7.658    aclk
    SLICE_X24Y7          FDRE                                         r  awaddr_q_reg[1]/C
                         clock pessimism              0.000     7.658    <hidden>
                         clock uncertainty           -0.035     7.623    <hidden>
    SLICE_X24Y7          FDRE (Setup_fdre_C_R)       -0.429     7.194    awaddr_q_reg[1]
  -------------------------------------------------------------------
                         required time                          7.194    <hidden>
                         arrival time                          -7.104    <hidden>
  -------------------------------------------------------------------
                         slack                                  0.090    <hidden>

Slack (MET) :             0.090ns  (required time - arrival time)
  Source:                 aresetn
                            (input port clocked by aclk  {rise@0.000ns fall@3.367ns period=6.734ns})
  Destination:            sh_k1_reg[4][6]/R
                            (rising edge-triggered cell FDRE clocked by aclk  {rise@0.000ns fall@3.367ns period=6.734ns})
  Path Group:             aclk
  Path Type:              Setup (Max at Slow Process Corner)
  Requirement:            6.734ns  (aclk rise@6.734ns - aclk rise@0.000ns)
  Data Path Delay:        5.009ns  (logic 0.124ns (2.476%)  route 4.885ns (97.524%))
  Logic Levels:           1  (LUT1=1)
  Input Delay:            2.000ns
  Clock Path Skew:        0.924ns (DCD - SCD + CPR)
    Destination Clock Delay (DCD):    0.924ns = ( 7.658 - 6.734 ) 
    Source Clock Delay      (SCD):    0.000ns
    Clock Pessimism Removal (CPR):    0.000ns
  Clock Uncertainty:      0.035ns  ((TSJ^2 + TIJ^2)^1/2 + DJ) / 2 + PE
    Total System Jitter     (TSJ):    0.071ns
    Total Input Jitter      (TIJ):    0.000ns
    Discrete Jitter          (DJ):    0.000ns
    Phase Error              (PE):    0.000ns

    Location             Delay type                Incr(ns)  Path(ns)    Netlist Resource(s)
  -------------------------------------------------------------------    -------------------
                         (clock aclk rise edge)       0.000     0.000 r  <hidden>
                         input delay                  2.000     2.000    <hidden>
                                                      0.000     2.000 f  aresetn
                         net (fo=25, unset)           0.973     2.973    aresetn
    SLICE_X10Y29         LUT1 (Prop_lut1_I0_O)        0.124     3.097 r  m_axis_tdata[7]_i_1/O
                         net (fo=551, routed)         3.912     7.009    m_axis_tdata[7]_i_1_n_0
    SLICE_X18Y3          FDRE                                         r  sh_k1_reg[4][6]/R
  -------------------------------------------------------------------    -------------------

                         (clock aclk rise edge)       6.734     6.734 r  <hidden>
                                                      0.000     6.734 r  aclk
                         net (fo=909, unset)          0.924     7.658    aclk
    SLICE_X18Y3          FDRE                                         r  sh_k1_reg[4][6]/C
                         clock pessimism              0.000     7.658    <hidden>
                         clock uncertainty           -0.035     7.623    <hidden>
    SLICE_X18Y3          FDRE (Setup_fdre_C_R)       -0.524     7.099    sh_k1_reg[4][6]
  -------------------------------------------------------------------
                         required time                          7.099    <hidden>
                         arrival time                          -7.009    <hidden>
  -------------------------------------------------------------------
                         slack                                  0.090    <hidden>

Slack (MET) :             0.094ns  (required time - arrival time)
  Source:                 aresetn
                            (input port clocked by aclk  {rise@0.000ns fall@3.367ns period=6.734ns})
  Destination:            sh_k_reg[2]/R
                            (rising edge-triggered cell FDRE clocked by aclk  {rise@0.000ns fall@3.367ns period=6.734ns})
  Path Group:             aclk
  Path Type:              Setup (Max at Slow Process Corner)
  Requirement:            6.734ns  (aclk rise@6.734ns - aclk rise@0.000ns)
  Data Path Delay:        5.100ns  (logic 0.124ns (2.432%)  route 4.976ns (97.568%))
  Logic Levels:           1  (LUT1=1)
  Input Delay:            2.000ns
  Clock Path Skew:        0.924ns (DCD - SCD + CPR)
    Destination Clock Delay (DCD):    0.924ns = ( 7.658 - 6.734 ) 
    Source Clock Delay      (SCD):    0.000ns
    Clock Pessimism Removal (CPR):    0.000ns
  Clock Uncertainty:      0.035ns  ((TSJ^2 + TIJ^2)^1/2 + DJ) / 2 + PE
    Total System Jitter     (TSJ):    0.071ns
    Total Input Jitter      (TIJ):    0.000ns
    Discrete Jitter          (DJ):    0.000ns
    Phase Error              (PE):    0.000ns

    Location             Delay type                Incr(ns)  Path(ns)    Netlist Resource(s)
  -------------------------------------------------------------------    -------------------
                         (clock aclk rise edge)       0.000     0.000 r  <hidden>
                         input delay                  2.000     2.000    <hidden>
                                                      0.000     2.000 f  aresetn
                         net (fo=25, unset)           0.973     2.973    aresetn
    SLICE_X10Y29         LUT1 (Prop_lut1_I0_O)        0.124     3.097 r  m_axis_tdata[7]_i_1/O
                         net (fo=551, routed)         4.003     7.100    m_axis_tdata[7]_i_1_n_0
    SLICE_X25Y7          FDRE                                         r  sh_k_reg[2]/R
  -------------------------------------------------------------------    -------------------

                         (clock aclk rise edge)       6.734     6.734 r  <hidden>
                                                      0.000     6.734 r  aclk
                         net (fo=909, unset)          0.924     7.658    aclk
    SLICE_X25Y7          FDRE                                         r  sh_k_reg[2]/C
                         clock pessimism              0.000     7.658    <hidden>
                         clock uncertainty           -0.035     7.623    <hidden>
    SLICE_X25Y7          FDRE (Setup_fdre_C_R)       -0.429     7.194    sh_k_reg[2]
  -------------------------------------------------------------------
                         required time                          7.194    <hidden>
                         arrival time                          -7.100    <hidden>
  -------------------------------------------------------------------
                         slack                                  0.094    <hidden>

Slack (MET) :             0.100ns  (required time - arrival time)
  Source:                 aresetn
                            (input port clocked by aclk  {rise@0.000ns fall@3.367ns period=6.734ns})
  Destination:            pr1_reg[4]/RSTB
                            (rising edge-triggered cell DSP48E1 clocked by aclk  {rise@0.000ns fall@3.367ns period=6.734ns})
  Path Group:             aclk
  Path Type:              Setup (Max at Slow Process Corner)
  Requirement:            6.734ns  (aclk rise@6.734ns - aclk rise@0.000ns)
  Data Path Delay:        4.980ns  (logic 0.124ns (2.490%)  route 4.856ns (97.510%))
  Logic Levels:           1  (LUT1=1)
  Input Delay:            2.000ns
  Clock Path Skew:        0.924ns (DCD - SCD + CPR)
    Destination Clock Delay (DCD):    0.924ns = ( 7.658 - 6.734 ) 
    Source Clock Delay      (SCD):    0.000ns
    Clock Pessimism Removal (CPR):    0.000ns
  Clock Uncertainty:      0.035ns  ((TSJ^2 + TIJ^2)^1/2 + DJ) / 2 + PE
    Total System Jitter     (TSJ):    0.071ns
    Total Input Jitter      (TIJ):    0.000ns
    Discrete Jitter          (DJ):    0.000ns
    Phase Error              (PE):    0.000ns

    Location             Delay type                Incr(ns)  Path(ns)    Netlist Resource(s)
  -------------------------------------------------------------------    -------------------
                         (clock aclk rise edge)       0.000     0.000 r  <hidden>
                         input delay                  2.000     2.000    <hidden>
                                                      0.000     2.000 f  aresetn
                         net (fo=25, unset)           0.973     2.973    aresetn
    SLICE_X10Y29         LUT1 (Prop_lut1_I0_O)        0.124     3.097 r  m_axis_tdata[7]_i_1/O
                         net (fo=551, routed)         3.883     6.980    m_axis_tdata[7]_i_1_n_0
    DSP48_X0Y7           DSP48E1                                      r  pr1_reg[4]/RSTB
  -------------------------------------------------------------------    -------------------

                         (clock aclk rise edge)       6.734     6.734 r  <hidden>
                                                      0.000     6.734 r  aclk
                         net (fo=909, unset)          0.924     7.658    aclk
    DSP48_X0Y7           DSP48E1                                      r  pr1_reg[4]/CLK
                         clock pessimism              0.000     7.658    <hidden>
                         clock uncertainty           -0.035     7.623    <hidden>
    DSP48_X0Y7           DSP48E1 (Setup_dsp48e1_CLK_RSTB)
                                                     -0.543     7.080    pr1_reg[4]
  -------------------------------------------------------------------
                         required time                          7.080    <hidden>
                         arrival time                          -6.980    <hidden>
  -------------------------------------------------------------------
                         slack                                  0.100    <hidden>

Slack (MET) :             0.136ns  (required time - arrival time)
  Source:                 aresetn
                            (input port clocked by aclk  {rise@0.000ns fall@3.367ns period=6.734ns})
  Destination:            k1_q_reg[8][7]/R
                            (rising edge-triggered cell FDRE clocked by aclk  {rise@0.000ns fall@3.367ns period=6.734ns})
  Path Group:             aclk
  Path Type:              Setup (Max at Slow Process Corner)
  Requirement:            6.734ns  (aclk rise@6.734ns - aclk rise@0.000ns)
  Data Path Delay:        4.963ns  (logic 0.124ns (2.498%)  route 4.839ns (97.502%))
  Logic Levels:           1  (LUT1=1)
  Input Delay:            2.000ns
  Clock Path Skew:        0.924ns (DCD - SCD + CPR)
    Destination Clock Delay (DCD):    0.924ns = ( 7.658 - 6.734 ) 
    Source Clock Delay      (SCD):    0.000ns
    Clock Pessimism Removal (CPR):    0.000ns
  Clock Uncertainty:      0.035ns  ((TSJ^2 + TIJ^2)^1/2 + DJ) / 2 + PE
    Total System Jitter     (TSJ):    0.071ns
    Total Input Jitter      (TIJ):    0.000ns
    Discrete Jitter          (DJ):    0.000ns
    Phase Error              (PE):    0.000ns

    Location             Delay type                Incr(ns)  Path(ns)    Netlist Resource(s)
  -------------------------------------------------------------------    -------------------
                         (clock aclk rise edge)       0.000     0.000 r  <hidden>
                         input delay                  2.000     2.000    <hidden>
                                                      0.000     2.000 f  aresetn
                         net (fo=25, unset)           0.973     2.973    aresetn
    SLICE_X10Y29         LUT1 (Prop_lut1_I0_O)        0.124     3.097 r  m_axis_tdata[7]_i_1/O
                         net (fo=551, routed)         3.866     6.963    m_axis_tdata[7]_i_1_n_0
    SLICE_X18Y7          FDRE                                         r  k1_q_reg[8][7]/R
  -------------------------------------------------------------------    -------------------

                         (clock aclk rise edge)       6.734     6.734 r  <hidden>
                                                      0.000     6.734 r  aclk
                         net (fo=909, unset)          0.924     7.658    aclk
    SLICE_X18Y7          FDRE                                         r  k1_q_reg[8][7]/C
                         clock pessimism              0.000     7.658    <hidden>
                         clock uncertainty           -0.035     7.623    <hidden>
    SLICE_X18Y7          FDRE (Setup_fdre_C_R)       -0.524     7.099    k1_q_reg[8][7]
  -------------------------------------------------------------------
                         required time                          7.099    <hidden>
                         arrival time                          -6.963    <hidden>
  -------------------------------------------------------------------
                         slack                                  0.136    <hidden>

Slack (MET) :             0.157ns  (required time - arrival time)
  Source:                 aresetn
                            (input port clocked by aclk  {rise@0.000ns fall@3.367ns period=6.734ns})
  Destination:            k2_q_reg[6][2]/R
                            (rising edge-triggered cell FDRE clocked by aclk  {rise@0.000ns fall@3.367ns period=6.734ns})
  Path Group:             aclk
  Path Type:              Setup (Max at Slow Process Corner)
  Requirement:            6.734ns  (aclk rise@6.734ns - aclk rise@0.000ns)
  Data Path Delay:        5.037ns  (logic 0.124ns (2.462%)  route 4.913ns (97.538%))
  Logic Levels:           1  (LUT1=1)
  Input Delay:            2.000ns
  Clock Path Skew:        0.924ns (DCD - SCD + CPR)
    Destination Clock Delay (DCD):    0.924ns = ( 7.658 - 6.734 ) 
    Source Clock Delay      (SCD):    0.000ns
    Clock Pessimism Removal (CPR):    0.000ns
  Clock Uncertainty:      0.035ns  ((TSJ^2 + TIJ^2)^1/2 + DJ) / 2 + PE
    Total System Jitter     (TSJ):    0.071ns
    Total Input Jitter      (TIJ):    0.000ns
    Discrete Jitter          (DJ):    0.000ns
    Phase Error              (PE):    0.000ns

    Location             Delay type                Incr(ns)  Path(ns)    Netlist Resource(s)
  -------------------------------------------------------------------    -------------------
                         (clock aclk rise edge)       0.000     0.000 r  <hidden>
                         input delay                  2.000     2.000    <hidden>
                                                      0.000     2.000 f  aresetn
                         net (fo=25, unset)           0.973     2.973    aresetn
    SLICE_X10Y29         LUT1 (Prop_lut1_I0_O)        0.124     3.097 r  m_axis_tdata[7]_i_1/O
                         net (fo=551, routed)         3.940     7.037    m_axis_tdata[7]_i_1_n_0
    SLICE_X24Y3          FDRE                                         r  k2_q_reg[6][2]/R
  -------------------------------------------------------------------    -------------------

                         (clock aclk rise edge)       6.734     6.734 r  <hidden>
                                                      0.000     6.734 r  aclk
                         net (fo=909, unset)          0.924     7.658    aclk
    SLICE_X24Y3          FDRE                                         r  k2_q_reg[6][2]/C
                         clock pessimism              0.000     7.658    <hidden>
                         clock uncertainty           -0.035     7.623    <hidden>
    SLICE_X24Y3          FDRE (Setup_fdre_C_R)       -0.429     7.194    k2_q_reg[6][2]
  -------------------------------------------------------------------
                         required time                          7.194    <hidden>
                         arrival time                          -7.037    <hidden>
  -------------------------------------------------------------------
                         slack                                  0.157    <hidden>

Slack (MET) :             0.157ns  (required time - arrival time)
  Source:                 aresetn
                            (input port clocked by aclk  {rise@0.000ns fall@3.367ns period=6.734ns})
  Destination:            k2_q_reg[6][3]/R
                            (rising edge-triggered cell FDRE clocked by aclk  {rise@0.000ns fall@3.367ns period=6.734ns})
  Path Group:             aclk
  Path Type:              Setup (Max at Slow Process Corner)
  Requirement:            6.734ns  (aclk rise@6.734ns - aclk rise@0.000ns)
  Data Path Delay:        5.037ns  (logic 0.124ns (2.462%)  route 4.913ns (97.538%))
  Logic Levels:           1  (LUT1=1)
  Input Delay:            2.000ns
  Clock Path Skew:        0.924ns (DCD - SCD + CPR)
    Destination Clock Delay (DCD):    0.924ns = ( 7.658 - 6.734 ) 
    Source Clock Delay      (SCD):    0.000ns
    Clock Pessimism Removal (CPR):    0.000ns
  Clock Uncertainty:      0.035ns  ((TSJ^2 + TIJ^2)^1/2 + DJ) / 2 + PE
    Total System Jitter     (TSJ):    0.071ns
    Total Input Jitter      (TIJ):    0.000ns
    Discrete Jitter          (DJ):    0.000ns
    Phase Error              (PE):    0.000ns

    Location             Delay type                Incr(ns)  Path(ns)    Netlist Resource(s)
  -------------------------------------------------------------------    -------------------
                         (clock aclk rise edge)       0.000     0.000 r  <hidden>
                         input delay                  2.000     2.000    <hidden>
                                                      0.000     2.000 f  aresetn
                         net (fo=25, unset)           0.973     2.973    aresetn
    SLICE_X10Y29         LUT1 (Prop_lut1_I0_O)        0.124     3.097 r  m_axis_tdata[7]_i_1/O
                         net (fo=551, routed)         3.940     7.037    m_axis_tdata[7]_i_1_n_0
    SLICE_X24Y3          FDRE                                         r  k2_q_reg[6][3]/R
  -------------------------------------------------------------------    -------------------

                         (clock aclk rise edge)       6.734     6.734 r  <hidden>
                                                      0.000     6.734 r  aclk
                         net (fo=909, unset)          0.924     7.658    aclk
    SLICE_X24Y3          FDRE                                         r  k2_q_reg[6][3]/C
                         clock pessimism              0.000     7.658    <hidden>
                         clock uncertainty           -0.035     7.623    <hidden>
    SLICE_X24Y3          FDRE (Setup_fdre_C_R)       -0.429     7.194    k2_q_reg[6][3]
  -------------------------------------------------------------------
                         required time                          7.194    <hidden>
                         arrival time                          -7.037    <hidden>
  -------------------------------------------------------------------
                         slack                                  0.157    <hidden>

Slack (MET) :             0.157ns  (required time - arrival time)
  Source:                 aresetn
                            (input port clocked by aclk  {rise@0.000ns fall@3.367ns period=6.734ns})
  Destination:            k2_q_reg[6][5]/R
                            (rising edge-triggered cell FDRE clocked by aclk  {rise@0.000ns fall@3.367ns period=6.734ns})
  Path Group:             aclk
  Path Type:              Setup (Max at Slow Process Corner)
  Requirement:            6.734ns  (aclk rise@6.734ns - aclk rise@0.000ns)
  Data Path Delay:        5.037ns  (logic 0.124ns (2.462%)  route 4.913ns (97.538%))
  Logic Levels:           1  (LUT1=1)
  Input Delay:            2.000ns
  Clock Path Skew:        0.924ns (DCD - SCD + CPR)
    Destination Clock Delay (DCD):    0.924ns = ( 7.658 - 6.734 ) 
    Source Clock Delay      (SCD):    0.000ns
    Clock Pessimism Removal (CPR):    0.000ns
  Clock Uncertainty:      0.035ns  ((TSJ^2 + TIJ^2)^1/2 + DJ) / 2 + PE
    Total System Jitter     (TSJ):    0.071ns
    Total Input Jitter      (TIJ):    0.000ns
    Discrete Jitter          (DJ):    0.000ns
    Phase Error              (PE):    0.000ns

    Location             Delay type                Incr(ns)  Path(ns)    Netlist Resource(s)
  -------------------------------------------------------------------    -------------------
                         (clock aclk rise edge)       0.000     0.000 r  <hidden>
                         input delay                  2.000     2.000    <hidden>
                                                      0.000     2.000 f  aresetn
                         net (fo=25, unset)           0.973     2.973    aresetn
    SLICE_X10Y29         LUT1 (Prop_lut1_I0_O)        0.124     3.097 r  m_axis_tdata[7]_i_1/O
                         net (fo=551, routed)         3.940     7.037    m_axis_tdata[7]_i_1_n_0
    SLICE_X24Y3          FDRE                                         r  k2_q_reg[6][5]/R
  -------------------------------------------------------------------    -------------------

                         (clock aclk rise edge)       6.734     6.734 r  <hidden>
                                                      0.000     6.734 r  aclk
                         net (fo=909, unset)          0.924     7.658    aclk
    SLICE_X24Y3          FDRE                                         r  k2_q_reg[6][5]/C
                         clock pessimism              0.000     7.658    <hidden>
                         clock uncertainty           -0.035     7.623    <hidden>
    SLICE_X24Y3          FDRE (Setup_fdre_C_R)       -0.429     7.194    k2_q_reg[6][5]
  -------------------------------------------------------------------
                         required time                          7.194    <hidden>
                         arrival time                          -7.037    <hidden>
  -------------------------------------------------------------------
                         slack                                  0.157    <hidden>

Slack (MET) :             0.162ns  (required time - arrival time)
  Source:                 aresetn
                            (input port clocked by aclk  {rise@0.000ns fall@3.367ns period=6.734ns})
  Destination:            k2_q_reg[6][6]/R
                            (rising edge-triggered cell FDRE clocked by aclk  {rise@0.000ns fall@3.367ns period=6.734ns})
  Path Group:             aclk
  Path Type:              Setup (Max at Slow Process Corner)
  Requirement:            6.734ns  (aclk rise@6.734ns - aclk rise@0.000ns)
  Data Path Delay:        5.032ns  (logic 0.124ns (2.464%)  route 4.908ns (97.536%))
  Logic Levels:           1  (LUT1=1)
  Input Delay:            2.000ns
  Clock Path Skew:        0.924ns (DCD - SCD + CPR)
    Destination Clock Delay (DCD):    0.924ns = ( 7.658 - 6.734 ) 
    Source Clock Delay      (SCD):    0.000ns
    Clock Pessimism Removal (CPR):    0.000ns
  Clock Uncertainty:      0.035ns  ((TSJ^2 + TIJ^2)^1/2 + DJ) / 2 + PE
    Total System Jitter     (TSJ):    0.071ns
    Total Input Jitter      (TIJ):    0.000ns
    Discrete Jitter          (DJ):    0.000ns
    Phase Error              (PE):    0.000ns

    Location             Delay type                Incr(ns)  Path(ns)    Netlist Resource(s)
  -------------------------------------------------------------------    -------------------
                         (clock aclk rise edge)       0.000     0.000 r  <hidden>
                         input delay                  2.000     2.000    <hidden>
                                                      0.000     2.000 f  aresetn
                         net (fo=25, unset)           0.973     2.973    aresetn
    SLICE_X10Y29         LUT1 (Prop_lut1_I0_O)        0.124     3.097 r  m_axis_tdata[7]_i_1/O
                         net (fo=551, routed)         3.935     7.032    m_axis_tdata[7]_i_1_n_0
    SLICE_X25Y3          FDRE                                         r  k2_q_reg[6][6]/R
  -------------------------------------------------------------------    -------------------

                         (clock aclk rise edge)       6.734     6.734 r  <hidden>
                                                      0.000     6.734 r  aclk
                         net (fo=909, unset)          0.924     7.658    aclk
    SLICE_X25Y3          FDRE                                         r  k2_q_reg[6][6]/C
                         clock pessimism              0.000     7.658    <hidden>
                         clock uncertainty           -0.035     7.623    <hidden>
    SLICE_X25Y3          FDRE (Setup_fdre_C_R)       -0.429     7.194    k2_q_reg[6][6]
  -------------------------------------------------------------------
                         required time                          7.194    <hidden>
                         arrival time                          -7.032    <hidden>
  -------------------------------------------------------------------
                         slack                                  0.162    <hidden>

Slack (MET) :             0.176ns  (required time - arrival time)
  Source:                 aresetn
                            (input port clocked by aclk  {rise@0.000ns fall@3.367ns period=6.734ns})
  Destination:            pr2_reg[5]/RSTB
                            (rising edge-triggered cell DSP48E1 clocked by aclk  {rise@0.000ns fall@3.367ns period=6.734ns})
  Path Group:             aclk
  Path Type:              Setup (Max at Slow Process Corner)
  Requirement:            6.734ns  (aclk rise@6.734ns - aclk rise@0.000ns)
  Data Path Delay:        4.904ns  (logic 0.124ns (2.529%)  route 4.780ns (97.471%))
  Logic Levels:           1  (LUT1=1)
  Input Delay:            2.000ns
  Clock Path Skew:        0.924ns (DCD - SCD + CPR)
    Destination Clock Delay (DCD):    0.924ns = ( 7.658 - 6.734 ) 
    Source Clock Delay      (SCD):    0.000ns
    Clock Pessimism Removal (CPR):    0.000ns
  Clock Uncertainty:      0.035ns  ((TSJ^2 + TIJ^2)^1/2 + DJ) / 2 + PE
    Total System Jitter     (TSJ):    0.071ns
    Total Input Jitter      (TIJ):    0.000ns
    Discrete Jitter          (DJ):    0.000ns
    Phase Error              (PE):    0.000ns

    Location             Delay type                Incr(ns)  Path(ns)    Netlist Resource(s)
  -------------------------------------------------------------------    -------------------
                         (clock aclk rise edge)       0.000     0.000 r  <hidden>
                         input delay                  2.000     2.000    <hidden>
                                                      0.000     2.000 f  aresetn
                         net (fo=25, unset)           0.973     2.973    aresetn
    SLICE_X10Y29         LUT1 (Prop_lut1_I0_O)        0.124     3.097 r  m_axis_tdata[7]_i_1/O
                         net (fo=551, routed)         3.807     6.904    m_axis_tdata[7]_i_1_n_0
    DSP48_X1Y0           DSP48E1                                      r  pr2_reg[5]/RSTB
  -------------------------------------------------------------------    -------------------

                         (clock aclk rise edge)       6.734     6.734 r  <hidden>
                                                      0.000     6.734 r  aclk
                         net (fo=909, unset)          0.924     7.658    aclk
    DSP48_X1Y0           DSP48E1                                      r  pr2_reg[5]/CLK
                         clock pessimism              0.000     7.658    <hidden>
                         clock uncertainty           -0.035     7.623    <hidden>
    DSP48_X1Y0           DSP48E1 (Setup_dsp48e1_CLK_RSTB)
                                                     -0.543     7.080    pr2_reg[5]
  -------------------------------------------------------------------
                         required time                          7.080    <hidden>
                         arrival time                          -6.904    <hidden>
  -------------------------------------------------------------------
                         slack                                  0.176    <hidden>

Slack (MET) :             0.176ns  (required time - arrival time)
  Source:                 aresetn
                            (input port clocked by aclk  {rise@0.000ns fall@3.367ns period=6.734ns})
  Destination:            pr1_reg[7]/RSTB
                            (rising edge-triggered cell DSP48E1 clocked by aclk  {rise@0.000ns fall@3.367ns period=6.734ns})
  Path Group:             aclk
  Path Type:              Setup (Max at Slow Process Corner)
  Requirement:            6.734ns  (aclk rise@6.734ns - aclk rise@0.000ns)
  Data Path Delay:        4.904ns  (logic 0.124ns (2.529%)  route 4.780ns (97.471%))
  Logic Levels:           1  (LUT1=1)
  Input Delay:            2.000ns
  Clock Path Skew:        0.924ns (DCD - SCD + CPR)
    Destination Clock Delay (DCD):    0.924ns = ( 7.658 - 6.734 ) 
    Source Clock Delay      (SCD):    0.000ns
    Clock Pessimism Removal (CPR):    0.000ns
  Clock Uncertainty:      0.035ns  ((TSJ^2 + TIJ^2)^1/2 + DJ) / 2 + PE
    Total System Jitter     (TSJ):    0.071ns
    Total Input Jitter      (TIJ):    0.000ns
    Discrete Jitter          (DJ):    0.000ns
    Phase Error              (PE):    0.000ns

    Location             Delay type                Incr(ns)  Path(ns)    Netlist Resource(s)
  -------------------------------------------------------------------    -------------------
                         (clock aclk rise edge)       0.000     0.000 r  <hidden>
                         input delay                  2.000     2.000    <hidden>
                                                      0.000     2.000 f  aresetn
                         net (fo=25, unset)           0.973     2.973    aresetn
    SLICE_X10Y29         LUT1 (Prop_lut1_I0_O)        0.124     3.097 r  m_axis_tdata[7]_i_1/O
                         net (fo=551, routed)         3.807     6.904    m_axis_tdata[7]_i_1_n_0
    DSP48_X0Y3           DSP48E1                                      r  pr1_reg[7]/RSTB
  -------------------------------------------------------------------    -------------------

                         (clock aclk rise edge)       6.734     6.734 r  <hidden>
                                                      0.000     6.734 r  aclk
                         net (fo=909, unset)          0.924     7.658    aclk
    DSP48_X0Y3           DSP48E1                                      r  pr1_reg[7]/CLK
                         clock pessimism              0.000     7.658    <hidden>
                         clock uncertainty           -0.035     7.623    <hidden>
    DSP48_X0Y3           DSP48E1 (Setup_dsp48e1_CLK_RSTB)
                                                     -0.543     7.080    pr1_reg[7]
  -------------------------------------------------------------------
                         required time                          7.080    <hidden>
                         arrival time                          -6.904    <hidden>
  -------------------------------------------------------------------
                         slack                                  0.176    <hidden>

Slack (MET) :             0.190ns  (required time - arrival time)
  Source:                 aresetn
                            (input port clocked by aclk  {rise@0.000ns fall@3.367ns period=6.734ns})
  Destination:            sh_k1_reg[4][0]/R
                            (rising edge-triggered cell FDRE clocked by aclk  {rise@0.000ns fall@3.367ns period=6.734ns})
  Path Group:             aclk
  Path Type:              Setup (Max at Slow Process Corner)
  Requirement:            6.734ns  (aclk rise@6.734ns - aclk rise@0.000ns)
  Data Path Delay:        4.909ns  (logic 0.124ns (2.526%)  route 4.785ns (97.474%))
  Logic Levels:           1  (LUT1=1)
  Input Delay:            2.000ns
  Clock Path Skew:        0.924ns (DCD - SCD + CPR)
    Destination Clock Delay (DCD):    0.924ns = ( 7.658 - 6.734 ) 
    Source Clock Delay      (SCD):    0.000ns
    Clock Pessimism Removal (CPR):    0.000ns
  Clock Uncertainty:      0.035ns  ((TSJ^2 + TIJ^2)^1/2 + DJ) / 2 + PE
    Total System Jitter     (TSJ):    0.071ns
    Total Input Jitter      (TIJ):    0.000ns
    Discrete Jitter          (DJ):    0.000ns
    Phase Error              (PE):    0.000ns

    Location             Delay type                Incr(ns)  Path(ns)    Netlist Resource(s)
  -------------------------------------------------------------------    -------------------
                         (clock aclk rise edge)       0.000     0.000 r  <hidden>
                         input delay                  2.000     2.000    <hidden>
                                                      0.000     2.000 f  aresetn
                         net (fo=25, unset)           0.973     2.973    aresetn
    SLICE_X10Y29         LUT1 (Prop_lut1_I0_O)        0.124     3.097 r  m_axis_tdata[7]_i_1/O
                         net (fo=551, routed)         3.812     6.909    m_axis_tdata[7]_i_1_n_0
    SLICE_X14Y4          FDRE                                         r  sh_k1_reg[4][0]/R
  -------------------------------------------------------------------    -------------------

                         (clock aclk rise edge)       6.734     6.734 r  <hidden>
                                                      0.000     6.734 r  aclk
                         net (fo=909, unset)          0.924     7.658    aclk
    SLICE_X14Y4          FDRE                                         r  sh_k1_reg[4][0]/C
                         clock pessimism              0.000     7.658    <hidden>
                         clock uncertainty           -0.035     7.623    <hidden>
    SLICE_X14Y4          FDRE (Setup_fdre_C_R)       -0.524     7.099    sh_k1_reg[4][0]
  -------------------------------------------------------------------
                         required time                          7.099    <hidden>
                         arrival time                          -6.909    <hidden>
  -------------------------------------------------------------------
                         slack                                  0.190    <hidden>

Slack (MET) :             0.190ns  (required time - arrival time)
  Source:                 aresetn
                            (input port clocked by aclk  {rise@0.000ns fall@3.367ns period=6.734ns})
  Destination:            sh_k1_reg[4][2]/R
                            (rising edge-triggered cell FDRE clocked by aclk  {rise@0.000ns fall@3.367ns period=6.734ns})
  Path Group:             aclk
  Path Type:              Setup (Max at Slow Process Corner)
  Requirement:            6.734ns  (aclk rise@6.734ns - aclk rise@0.000ns)
  Data Path Delay:        4.909ns  (logic 0.124ns (2.526%)  route 4.785ns (97.474%))
  Logic Levels:           1  (LUT1=1)
  Input Delay:            2.000ns
  Clock Path Skew:        0.924ns (DCD - SCD + CPR)
    Destination Clock Delay (DCD):    0.924ns = ( 7.658 - 6.734 ) 
    Source Clock Delay      (SCD):    0.000ns
    Clock Pessimism Removal (CPR):    0.000ns
  Clock Uncertainty:      0.035ns  ((TSJ^2 + TIJ^2)^1/2 + DJ) / 2 + PE
    Total System Jitter     (TSJ):    0.071ns
    Total Input Jitter      (TIJ):    0.000ns
    Discrete Jitter          (DJ):    0.000ns
    Phase Error              (PE):    0.000ns

    Location             Delay type                Incr(ns)  Path(ns)    Netlist Resource(s)
  -------------------------------------------------------------------    -------------------
                         (clock aclk rise edge)       0.000     0.000 r  <hidden>
                         input delay                  2.000     2.000    <hidden>
                                                      0.000     2.000 f  aresetn
                         net (fo=25, unset)           0.973     2.973    aresetn
    SLICE_X10Y29         LUT1 (Prop_lut1_I0_O)        0.124     3.097 r  m_axis_tdata[7]_i_1/O
                         net (fo=551, routed)         3.812     6.909    m_axis_tdata[7]_i_1_n_0
    SLICE_X14Y4          FDRE                                         r  sh_k1_reg[4][2]/R
  -------------------------------------------------------------------    -------------------

                         (clock aclk rise edge)       6.734     6.734 r  <hidden>
                                                      0.000     6.734 r  aclk
                         net (fo=909, unset)          0.924     7.658    aclk
    SLICE_X14Y4          FDRE                                         r  sh_k1_reg[4][2]/C
                         clock pessimism              0.000     7.658    <hidden>
                         clock uncertainty           -0.035     7.623    <hidden>
    SLICE_X14Y4          FDRE (Setup_fdre_C_R)       -0.524     7.099    sh_k1_reg[4][2]
  -------------------------------------------------------------------
                         required time                          7.099    <hidden>
                         arrival time                          -6.909    <hidden>
  -------------------------------------------------------------------
                         slack                                  0.190    <hidden>

Slack (MET) :             0.190ns  (required time - arrival time)
  Source:                 aresetn
                            (input port clocked by aclk  {rise@0.000ns fall@3.367ns period=6.734ns})
  Destination:            sh_k1_reg[4][3]/R
                            (rising edge-triggered cell FDRE clocked by aclk  {rise@0.000ns fall@3.367ns period=6.734ns})
  Path Group:             aclk
  Path Type:              Setup (Max at Slow Process Corner)
  Requirement:            6.734ns  (aclk rise@6.734ns - aclk rise@0.000ns)
  Data Path Delay:        4.909ns  (logic 0.124ns (2.526%)  route 4.785ns (97.474%))
  Logic Levels:           1  (LUT1=1)
  Input Delay:            2.000ns
  Clock Path Skew:        0.924ns (DCD - SCD + CPR)
    Destination Clock Delay (DCD):    0.924ns = ( 7.658 - 6.734 ) 
    Source Clock Delay      (SCD):    0.000ns
    Clock Pessimism Removal (CPR):    0.000ns
  Clock Uncertainty:      0.035ns  ((TSJ^2 + TIJ^2)^1/2 + DJ) / 2 + PE
    Total System Jitter     (TSJ):    0.071ns
    Total Input Jitter      (TIJ):    0.000ns
    Discrete Jitter          (DJ):    0.000ns
    Phase Error              (PE):    0.000ns

    Location             Delay type                Incr(ns)  Path(ns)    Netlist Resource(s)
  -------------------------------------------------------------------    -------------------
                         (clock aclk rise edge)       0.000     0.000 r  <hidden>
                         input delay                  2.000     2.000    <hidden>
                                                      0.000     2.000 f  aresetn
                         net (fo=25, unset)           0.973     2.973    aresetn
    SLICE_X10Y29         LUT1 (Prop_lut1_I0_O)        0.124     3.097 r  m_axis_tdata[7]_i_1/O
                         net (fo=551, routed)         3.812     6.909    m_axis_tdata[7]_i_1_n_0
    SLICE_X14Y4          FDRE                                         r  sh_k1_reg[4][3]/R
  -------------------------------------------------------------------    -------------------

                         (clock aclk rise edge)       6.734     6.734 r  <hidden>
                                                      0.000     6.734 r  aclk
                         net (fo=909, unset)          0.924     7.658    aclk
    SLICE_X14Y4          FDRE                                         r  sh_k1_reg[4][3]/C
                         clock pessimism              0.000     7.658    <hidden>
                         clock uncertainty           -0.035     7.623    <hidden>
    SLICE_X14Y4          FDRE (Setup_fdre_C_R)       -0.524     7.099    sh_k1_reg[4][3]
  -------------------------------------------------------------------
                         required time                          7.099    <hidden>
                         arrival time                          -6.909    <hidden>
  -------------------------------------------------------------------
                         slack                                  0.190    <hidden>

Slack (MET) :             0.190ns  (required time - arrival time)
  Source:                 aresetn
                            (input port clocked by aclk  {rise@0.000ns fall@3.367ns period=6.734ns})
  Destination:            sh_k1_reg[4][4]/R
                            (rising edge-triggered cell FDRE clocked by aclk  {rise@0.000ns fall@3.367ns period=6.734ns})
  Path Group:             aclk
  Path Type:              Setup (Max at Slow Process Corner)
  Requirement:            6.734ns  (aclk rise@6.734ns - aclk rise@0.000ns)
  Data Path Delay:        4.909ns  (logic 0.124ns (2.526%)  route 4.785ns (97.474%))
  Logic Levels:           1  (LUT1=1)
  Input Delay:            2.000ns
  Clock Path Skew:        0.924ns (DCD - SCD + CPR)
    Destination Clock Delay (DCD):    0.924ns = ( 7.658 - 6.734 ) 
    Source Clock Delay      (SCD):    0.000ns
    Clock Pessimism Removal (CPR):    0.000ns
  Clock Uncertainty:      0.035ns  ((TSJ^2 + TIJ^2)^1/2 + DJ) / 2 + PE
    Total System Jitter     (TSJ):    0.071ns
    Total Input Jitter      (TIJ):    0.000ns
    Discrete Jitter          (DJ):    0.000ns
    Phase Error              (PE):    0.000ns

    Location             Delay type                Incr(ns)  Path(ns)    Netlist Resource(s)
  -------------------------------------------------------------------    -------------------
                         (clock aclk rise edge)       0.000     0.000 r  <hidden>
                         input delay                  2.000     2.000    <hidden>
                                                      0.000     2.000 f  aresetn
                         net (fo=25, unset)           0.973     2.973    aresetn
    SLICE_X10Y29         LUT1 (Prop_lut1_I0_O)        0.124     3.097 r  m_axis_tdata[7]_i_1/O
                         net (fo=551, routed)         3.812     6.909    m_axis_tdata[7]_i_1_n_0
    SLICE_X14Y4          FDRE                                         r  sh_k1_reg[4][4]/R
  -------------------------------------------------------------------    -------------------

                         (clock aclk rise edge)       6.734     6.734 r  <hidden>
                                                      0.000     6.734 r  aclk
                         net (fo=909, unset)          0.924     7.658    aclk
    SLICE_X14Y4          FDRE                                         r  sh_k1_reg[4][4]/C
                         clock pessimism              0.000     7.658    <hidden>
                         clock uncertainty           -0.035     7.623    <hidden>
    SLICE_X14Y4          FDRE (Setup_fdre_C_R)       -0.524     7.099    sh_k1_reg[4][4]
  -------------------------------------------------------------------
                         required time                          7.099    <hidden>
                         arrival time                          -6.909    <hidden>
  -------------------------------------------------------------------
                         slack                                  0.190    <hidden>

Slack (MET) :             0.190ns  (required time - arrival time)
  Source:                 aresetn
                            (input port clocked by aclk  {rise@0.000ns fall@3.367ns period=6.734ns})
  Destination:            sh_k1_reg[4][5]/R
                            (rising edge-triggered cell FDRE clocked by aclk  {rise@0.000ns fall@3.367ns period=6.734ns})
  Path Group:             aclk
  Path Type:              Setup (Max at Slow Process Corner)
  Requirement:            6.734ns  (aclk rise@6.734ns - aclk rise@0.000ns)
  Data Path Delay:        4.909ns  (logic 0.124ns (2.526%)  route 4.785ns (97.474%))
  Logic Levels:           1  (LUT1=1)
  Input Delay:            2.000ns
  Clock Path Skew:        0.924ns (DCD - SCD + CPR)
    Destination Clock Delay (DCD):    0.924ns = ( 7.658 - 6.734 ) 
    Source Clock Delay      (SCD):    0.000ns
    Clock Pessimism Removal (CPR):    0.000ns
  Clock Uncertainty:      0.035ns  ((TSJ^2 + TIJ^2)^1/2 + DJ) / 2 + PE
    Total System Jitter     (TSJ):    0.071ns
    Total Input Jitter      (TIJ):    0.000ns
    Discrete Jitter          (DJ):    0.000ns
    Phase Error              (PE):    0.000ns

    Location             Delay type                Incr(ns)  Path(ns)    Netlist Resource(s)
  -------------------------------------------------------------------    -------------------
                         (clock aclk rise edge)       0.000     0.000 r  <hidden>
                         input delay                  2.000     2.000    <hidden>
                                                      0.000     2.000 f  aresetn
                         net (fo=25, unset)           0.973     2.973    aresetn
    SLICE_X10Y29         LUT1 (Prop_lut1_I0_O)        0.124     3.097 r  m_axis_tdata[7]_i_1/O
                         net (fo=551, routed)         3.812     6.909    m_axis_tdata[7]_i_1_n_0
    SLICE_X14Y4          FDRE                                         r  sh_k1_reg[4][5]/R
  -------------------------------------------------------------------    -------------------

                         (clock aclk rise edge)       6.734     6.734 r  <hidden>
                                                      0.000     6.734 r  aclk
                         net (fo=909, unset)          0.924     7.658    aclk
    SLICE_X14Y4          FDRE                                         r  sh_k1_reg[4][5]/C
                         clock pessimism              0.000     7.658    <hidden>
                         clock uncertainty           -0.035     7.623    <hidden>
    SLICE_X14Y4          FDRE (Setup_fdre_C_R)       -0.524     7.099    sh_k1_reg[4][5]
  -------------------------------------------------------------------
                         required time                          7.099    <hidden>
                         arrival time                          -6.909    <hidden>
  -------------------------------------------------------------------
                         slack                                  0.190    <hidden>

Slack (MET) :             0.191ns  (required time - arrival time)
  Source:                 aresetn
                            (input port clocked by aclk  {rise@0.000ns fall@3.367ns period=6.734ns})
  Destination:            sh_k1_reg[6][3]/S
                            (rising edge-triggered cell FDSE clocked by aclk  {rise@0.000ns fall@3.367ns period=6.734ns})
  Path Group:             aclk
  Path Type:              Setup (Max at Slow Process Corner)
  Requirement:            6.734ns  (aclk rise@6.734ns - aclk rise@0.000ns)
  Data Path Delay:        4.908ns  (logic 0.124ns (2.527%)  route 4.784ns (97.473%))
  Logic Levels:           1  (LUT1=1)
  Input Delay:            2.000ns
  Clock Path Skew:        0.924ns (DCD - SCD + CPR)
    Destination Clock Delay (DCD):    0.924ns = ( 7.658 - 6.734 ) 
    Source Clock Delay      (SCD):    0.000ns
    Clock Pessimism Removal (CPR):    0.000ns
  Clock Uncertainty:      0.035ns  ((TSJ^2 + TIJ^2)^1/2 + DJ) / 2 + PE
    Total System Jitter     (TSJ):    0.071ns
    Total Input Jitter      (TIJ):    0.000ns
    Discrete Jitter          (DJ):    0.000ns
    Phase Error              (PE):    0.000ns

    Location             Delay type                Incr(ns)  Path(ns)    Netlist Resource(s)
  -------------------------------------------------------------------    -------------------
                         (clock aclk rise edge)       0.000     0.000 r  <hidden>
                         input delay                  2.000     2.000    <hidden>
                                                      0.000     2.000 f  aresetn
                         net (fo=25, unset)           0.973     2.973    aresetn
    SLICE_X10Y29         LUT1 (Prop_lut1_I0_O)        0.124     3.097 r  m_axis_tdata[7]_i_1/O
                         net (fo=551, routed)         3.811     6.908    m_axis_tdata[7]_i_1_n_0
    SLICE_X14Y3          FDSE                                         r  sh_k1_reg[6][3]/S
  -------------------------------------------------------------------    -------------------

                         (clock aclk rise edge)       6.734     6.734 r  <hidden>
                                                      0.000     6.734 r  aclk
                         net (fo=909, unset)          0.924     7.658    aclk
    SLICE_X14Y3          FDSE                                         r  sh_k1_reg[6][3]/C
                         clock pessimism              0.000     7.658    <hidden>
                         clock uncertainty           -0.035     7.623    <hidden>
    SLICE_X14Y3          FDSE (Setup_fdse_C_S)       -0.524     7.099    sh_k1_reg[6][3]
  -------------------------------------------------------------------
                         required time                          7.099    <hidden>
                         arrival time                          -6.908    <hidden>
  -------------------------------------------------------------------
                         slack                                  0.191    <hidden>

Slack (MET) :             0.194ns  (required time - arrival time)
  Source:                 aresetn
                            (input port clocked by aclk  {rise@0.000ns fall@3.367ns period=6.734ns})
  Destination:            sh_k2_reg[5][7]/R
                            (rising edge-triggered cell FDRE clocked by aclk  {rise@0.000ns fall@3.367ns period=6.734ns})
  Path Group:             aclk
  Path Type:              Setup (Max at Slow Process Corner)
  Requirement:            6.734ns  (aclk rise@6.734ns - aclk rise@0.000ns)
  Data Path Delay:        5.000ns  (logic 0.124ns (2.480%)  route 4.876ns (97.520%))
  Logic Levels:           1  (LUT1=1)
  Input Delay:            2.000ns
  Clock Path Skew:        0.924ns (DCD - SCD + CPR)
    Destination Clock Delay (DCD):    0.924ns = ( 7.658 - 6.734 ) 
    Source Clock Delay      (SCD):    0.000ns
    Clock Pessimism Removal (CPR):    0.000ns
  Clock Uncertainty:      0.035ns  ((TSJ^2 + TIJ^2)^1/2 + DJ) / 2 + PE
    Total System Jitter     (TSJ):    0.071ns
    Total Input Jitter      (TIJ):    0.000ns
    Discrete Jitter          (DJ):    0.000ns
    Phase Error              (PE):    0.000ns

    Location             Delay type                Incr(ns)  Path(ns)    Netlist Resource(s)
  -------------------------------------------------------------------    -------------------
                         (clock aclk rise edge)       0.000     0.000 r  <hidden>
                         input delay                  2.000     2.000    <hidden>
                                                      0.000     2.000 f  aresetn
                         net (fo=25, unset)           0.973     2.973    aresetn
    SLICE_X10Y29         LUT1 (Prop_lut1_I0_O)        0.124     3.097 r  m_axis_tdata[7]_i_1/O
                         net (fo=551, routed)         3.903     7.000    m_axis_tdata[7]_i_1_n_0
    SLICE_X28Y7          FDRE                                         r  sh_k2_reg[5][7]/R
  -------------------------------------------------------------------    -------------------

                         (clock aclk rise edge)       6.734     6.734 r  <hidden>
                                                      0.000     6.734 r  aclk
                         net (fo=909, unset)          0.924     7.658    aclk
    SLICE_X28Y7          FDRE                                         r  sh_k2_reg[5][7]/C
                         clock pessimism              0.000     7.658    <hidden>
                         clock uncertainty           -0.035     7.623    <hidden>
    SLICE_X28Y7          FDRE (Setup_fdre_C_R)       -0.429     7.194    sh_k2_reg[5][7]
  -------------------------------------------------------------------
                         required time                          7.194    <hidden>
                         arrival time                          -7.000    <hidden>
  -------------------------------------------------------------------
                         slack                                  0.194    <hidden>

Slack (MET) :             0.198ns  (required time - arrival time)
  Source:                 aresetn
                            (input port clocked by aclk  {rise@0.000ns fall@3.367ns period=6.734ns})
  Destination:            sh_k2_reg[4][0]/R
                            (rising edge-triggered cell FDRE clocked by aclk  {rise@0.000ns fall@3.367ns period=6.734ns})
  Path Group:             aclk
  Path Type:              Setup (Max at Slow Process Corner)
  Requirement:            6.734ns  (aclk rise@6.734ns - aclk rise@0.000ns)
  Data Path Delay:        4.996ns  (logic 0.124ns (2.482%)  route 4.872ns (97.518%))
  Logic Levels:           1  (LUT1=1)
  Input Delay:            2.000ns
  Clock Path Skew:        0.924ns (DCD - SCD + CPR)
    Destination Clock Delay (DCD):    0.924ns = ( 7.658 - 6.734 ) 
    Source Clock Delay      (SCD):    0.000ns
    Clock Pessimism Removal (CPR):    0.000ns
  Clock Uncertainty:      0.035ns  ((TSJ^2 + TIJ^2)^1/2 + DJ) / 2 + PE
    Total System Jitter     (TSJ):    0.071ns
    Total Input Jitter      (TIJ):    0.000ns
    Discrete Jitter          (DJ):    0.000ns
    Phase Error              (PE):    0.000ns

    Location             Delay type                Incr(ns)  Path(ns)    Netlist Resource(s)
  -------------------------------------------------------------------    -------------------
                         (clock aclk rise edge)       0.000     0.000 r  <hidden>
                         input delay                  2.000     2.000    <hidden>
                                                      0.000     2.000 f  aresetn
                         net (fo=25, unset)           0.973     2.973    aresetn
    SLICE_X10Y29         LUT1 (Prop_lut1_I0_O)        0.124     3.097 r  m_axis_tdata[7]_i_1/O
                         net (fo=551, routed)         3.899     6.996    m_axis_tdata[7]_i_1_n_0
    SLICE_X29Y7          FDRE                                         r  sh_k2_reg[4][0]/R
  -------------------------------------------------------------------    -------------------

                         (clock aclk rise edge)       6.734     6.734 r  <hidden>
                                                      0.000     6.734 r  aclk
                         net (fo=909, unset)          0.924     7.658    aclk
    SLICE_X29Y7          FDRE                                         r  sh_k2_reg[4][0]/C
                         clock pessimism              0.000     7.658    <hidden>
                         clock uncertainty           -0.035     7.623    <hidden>
    SLICE_X29Y7          FDRE (Setup_fdre_C_R)       -0.429     7.194    sh_k2_reg[4][0]
  -------------------------------------------------------------------
                         required time                          7.194    <hidden>
                         arrival time                          -6.996    <hidden>
  -------------------------------------------------------------------
                         slack                                  0.198    <hidden>

Slack (MET) :             0.198ns  (required time - arrival time)
  Source:                 aresetn
                            (input port clocked by aclk  {rise@0.000ns fall@3.367ns period=6.734ns})
  Destination:            sh_k2_reg[4][7]/R
                            (rising edge-triggered cell FDRE clocked by aclk  {rise@0.000ns fall@3.367ns period=6.734ns})
  Path Group:             aclk
  Path Type:              Setup (Max at Slow Process Corner)
  Requirement:            6.734ns  (aclk rise@6.734ns - aclk rise@0.000ns)
  Data Path Delay:        4.996ns  (logic 0.124ns (2.482%)  route 4.872ns (97.518%))
  Logic Levels:           1  (LUT1=1)
  Input Delay:            2.000ns
  Clock Path Skew:        0.924ns (DCD - SCD + CPR)
    Destination Clock Delay (DCD):    0.924ns = ( 7.658 - 6.734 ) 
    Source Clock Delay      (SCD):    0.000ns
    Clock Pessimism Removal (CPR):    0.000ns
  Clock Uncertainty:      0.035ns  ((TSJ^2 + TIJ^2)^1/2 + DJ) / 2 + PE
    Total System Jitter     (TSJ):    0.071ns
    Total Input Jitter      (TIJ):    0.000ns
    Discrete Jitter          (DJ):    0.000ns
    Phase Error              (PE):    0.000ns

    Location             Delay type                Incr(ns)  Path(ns)    Netlist Resource(s)
  -------------------------------------------------------------------    -------------------
                         (clock aclk rise edge)       0.000     0.000 r  <hidden>
                         input delay                  2.000     2.000    <hidden>
                                                      0.000     2.000 f  aresetn
                         net (fo=25, unset)           0.973     2.973    aresetn
    SLICE_X10Y29         LUT1 (Prop_lut1_I0_O)        0.124     3.097 r  m_axis_tdata[7]_i_1/O
                         net (fo=551, routed)         3.899     6.996    m_axis_tdata[7]_i_1_n_0
    SLICE_X29Y7          FDRE                                         r  sh_k2_reg[4][7]/R
  -------------------------------------------------------------------    -------------------

                         (clock aclk rise edge)       6.734     6.734 r  <hidden>
                                                      0.000     6.734 r  aclk
                         net (fo=909, unset)          0.924     7.658    aclk
    SLICE_X29Y7          FDRE                                         r  sh_k2_reg[4][7]/C
                         clock pessimism              0.000     7.658    <hidden>
                         clock uncertainty           -0.035     7.623    <hidden>
    SLICE_X29Y7          FDRE (Setup_fdre_C_R)       -0.429     7.194    sh_k2_reg[4][7]
  -------------------------------------------------------------------
                         required time                          7.194    <hidden>
                         arrival time                          -6.996    <hidden>
  -------------------------------------------------------------------
                         slack                                  0.198    <hidden>

Slack (MET) :             0.201ns  (required time - arrival time)
  Source:                 aresetn
                            (input port clocked by aclk  {rise@0.000ns fall@3.367ns period=6.734ns})
  Destination:            k2_q_reg[7][3]/R
                            (rising edge-triggered cell FDRE clocked by aclk  {rise@0.000ns fall@3.367ns period=6.734ns})
  Path Group:             aclk
  Path Type:              Setup (Max at Slow Process Corner)
  Requirement:            6.734ns  (aclk rise@6.734ns - aclk rise@0.000ns)
  Data Path Delay:        4.898ns  (logic 0.124ns (2.531%)  route 4.774ns (97.469%))
  Logic Levels:           1  (LUT1=1)
  Input Delay:            2.000ns
  Clock Path Skew:        0.924ns (DCD - SCD + CPR)
    Destination Clock Delay (DCD):    0.924ns = ( 7.658 - 6.734 ) 
    Source Clock Delay      (SCD):    0.000ns
    Clock Pessimism Removal (CPR):    0.000ns
  Clock Uncertainty:      0.035ns  ((TSJ^2 + TIJ^2)^1/2 + DJ) / 2 + PE
    Total System Jitter     (TSJ):    0.071ns
    Total Input Jitter      (TIJ):    0.000ns
    Discrete Jitter          (DJ):    0.000ns
    Phase Error              (PE):    0.000ns

    Location             Delay type                Incr(ns)  Path(ns)    Netlist Resource(s)
  -------------------------------------------------------------------    -------------------
                         (clock aclk rise edge)       0.000     0.000 r  <hidden>
                         input delay                  2.000     2.000    <hidden>
                                                      0.000     2.000 f  aresetn
                         net (fo=25, unset)           0.973     2.973    aresetn
    SLICE_X10Y29         LUT1 (Prop_lut1_I0_O)        0.124     3.097 r  m_axis_tdata[7]_i_1/O
                         net (fo=551, routed)         3.801     6.898    m_axis_tdata[7]_i_1_n_0
    SLICE_X32Y7          FDRE                                         r  k2_q_reg[7][3]/R
  -------------------------------------------------------------------    -------------------

                         (clock aclk rise edge)       6.734     6.734 r  <hidden>
                                                      0.000     6.734 r  aclk
                         net (fo=909, unset)          0.924     7.658    aclk
    SLICE_X32Y7          FDRE                                         r  k2_q_reg[7][3]/C
                         clock pessimism              0.000     7.658    <hidden>
                         clock uncertainty           -0.035     7.623    <hidden>
    SLICE_X32Y7          FDRE (Setup_fdre_C_R)       -0.524     7.099    k2_q_reg[7][3]
  -------------------------------------------------------------------
                         required time                          7.099    <hidden>
                         arrival time                          -6.898    <hidden>
  -------------------------------------------------------------------
                         slack                                  0.201    <hidden>

Slack (MET) :             0.201ns  (required time - arrival time)
  Source:                 aresetn
                            (input port clocked by aclk  {rise@0.000ns fall@3.367ns period=6.734ns})
  Destination:            k2_q_reg[8][4]/R
                            (rising edge-triggered cell FDRE clocked by aclk  {rise@0.000ns fall@3.367ns period=6.734ns})
  Path Group:             aclk
  Path Type:              Setup (Max at Slow Process Corner)
  Requirement:            6.734ns  (aclk rise@6.734ns - aclk rise@0.000ns)
  Data Path Delay:        4.898ns  (logic 0.124ns (2.531%)  route 4.774ns (97.469%))
  Logic Levels:           1  (LUT1=1)
  Input Delay:            2.000ns
  Clock Path Skew:        0.924ns (DCD - SCD + CPR)
    Destination Clock Delay (DCD):    0.924ns = ( 7.658 - 6.734 ) 
    Source Clock Delay      (SCD):    0.000ns
    Clock Pessimism Removal (CPR):    0.000ns
  Clock Uncertainty:      0.035ns  ((TSJ^2 + TIJ^2)^1/2 + DJ) / 2 + PE
    Total System Jitter     (TSJ):    0.071ns
    Total Input Jitter      (TIJ):    0.000ns
    Discrete Jitter          (DJ):    0.000ns
    Phase Error              (PE):    0.000ns

    Location             Delay type                Incr(ns)  Path(ns)    Netlist Resource(s)
  -------------------------------------------------------------------    -------------------
                         (clock aclk rise edge)       0.000     0.000 r  <hidden>
                         input delay                  2.000     2.000    <hidden>
                                                      0.000     2.000 f  aresetn
                         net (fo=25, unset)           0.973     2.973    aresetn
    SLICE_X10Y29         LUT1 (Prop_lut1_I0_O)        0.124     3.097 r  m_axis_tdata[7]_i_1/O
                         net (fo=551, routed)         3.801     6.898    m_axis_tdata[7]_i_1_n_0
    SLICE_X32Y7          FDRE                                         r  k2_q_reg[8][4]/R
  -------------------------------------------------------------------    -------------------

                         (clock aclk rise edge)       6.734     6.734 r  <hidden>
                                                      0.000     6.734 r  aclk
                         net (fo=909, unset)          0.924     7.658    aclk
    SLICE_X32Y7          FDRE                                         r  k2_q_reg[8][4]/C
                         clock pessimism              0.000     7.658    <hidden>
                         clock uncertainty           -0.035     7.623    <hidden>
    SLICE_X32Y7          FDRE (Setup_fdre_C_R)       -0.524     7.099    k2_q_reg[8][4]
  -------------------------------------------------------------------
                         required time                          7.099    <hidden>
                         arrival time                          -6.898    <hidden>
  -------------------------------------------------------------------
                         slack                                  0.201    <hidden>





Min Delay Paths
--------------------------------------------------------------------------------------
Slack (MET) :             0.116ns  (arrival time - required time)
  Source:                 col_in_reg[3]_rep/C
                            (rising edge-triggered cell FDRE clocked by aclk  {rise@0.000ns fall@3.367ns period=6.734ns})
  Destination:            lb1_reg_0_127_2_2/DP.HIGH/WADR3
                            (rising edge-triggered cell RAMD64E clocked by aclk  {rise@0.000ns fall@3.367ns period=6.734ns})
  Path Group:             aclk
  Path Type:              Hold (Min at Fast Process Corner)
  Requirement:            0.000ns  (aclk rise@0.000ns - aclk rise@0.000ns)
  Data Path Delay:        0.377ns  (logic 0.141ns (37.373%)  route 0.236ns (62.627%))
  Logic Levels:           0  
  Clock Path Skew:        0.022ns (DCD - SCD - CPR)
    Destination Clock Delay (DCD):    0.432ns
    Source Clock Delay      (SCD):    0.410ns
    Clock Pessimism Removal (CPR):    -0.000ns

    Location             Delay type                Incr(ns)  Path(ns)    Netlist Resource(s)
  -------------------------------------------------------------------    -------------------
                         (clock aclk rise edge)       0.000     0.000 r  <hidden>
                                                      0.000     0.000 r  aclk
                         net (fo=909, unset)          0.410     0.410    aclk
    SLICE_X23Y20         FDRE                                         r  col_in_reg[3]_rep/C
  -------------------------------------------------------------------    -------------------
    SLICE_X23Y20         FDRE (Prop_fdre_C_Q)         0.141     0.551 r  col_in_reg[3]_rep/Q
                         net (fo=194, routed)         0.236     0.787    lb1_reg_0_127_2_2/A3
    SLICE_X22Y20         RAMD64E                                      r  lb1_reg_0_127_2_2/DP.HIGH/WADR3
  -------------------------------------------------------------------    -------------------

                         (clock aclk rise edge)       0.000     0.000 r  <hidden>
                                                      0.000     0.000 r  aclk
                         net (fo=909, unset)          0.432     0.432    lb1_reg_0_127_2_2/WCLK
    SLICE_X22Y20         RAMD64E                                      r  lb1_reg_0_127_2_2/DP.HIGH/CLK
                         clock pessimism              0.000     0.432    <hidden>
    SLICE_X22Y20         RAMD64E (Hold_ramd64e_CLK_WADR3)
                                                      0.240     0.672    lb1_reg_0_127_2_2/DP.HIGH
  -------------------------------------------------------------------
                         required time                         -0.672    <hidden>
                         arrival time                           0.787    <hidden>
  -------------------------------------------------------------------
                         slack                                  0.116    <hidden>

Slack (MET) :             0.116ns  (arrival time - required time)
  Source:                 col_in_reg[3]_rep/C
                            (rising edge-triggered cell FDRE clocked by aclk  {rise@0.000ns fall@3.367ns period=6.734ns})
  Destination:            lb1_reg_0_127_2_2/DP.LOW/WADR3
                            (rising edge-triggered cell RAMD64E clocked by aclk  {rise@0.000ns fall@3.367ns period=6.734ns})
  Path Group:             aclk
  Path Type:              Hold (Min at Fast Process Corner)
  Requirement:            0.000ns  (aclk rise@0.000ns - aclk rise@0.000ns)
  Data Path Delay:        0.377ns  (logic 0.141ns (37.373%)  route 0.236ns (62.627%))
  Logic Levels:           0  
  Clock Path Skew:        0.022ns (DCD - SCD - CPR)
    Destination Clock Delay (DCD):    0.432ns
    Source Clock Delay      (SCD):    0.410ns
    Clock Pessimism Removal (CPR):    -0.000ns

    Location             Delay type                Incr(ns)  Path(ns)    Netlist Resource(s)
  -------------------------------------------------------------------    -------------------
                         (clock aclk rise edge)       0.000     0.000 r  <hidden>
                                                      0.000     0.000 r  aclk
                         net (fo=909, unset)          0.410     0.410    aclk
    SLICE_X23Y20         FDRE                                         r  col_in_reg[3]_rep/C
  -------------------------------------------------------------------    -------------------
    SLICE_X23Y20         FDRE (Prop_fdre_C_Q)         0.141     0.551 r  col_in_reg[3]_rep/Q
                         net (fo=194, routed)         0.236     0.787    lb1_reg_0_127_2_2/A3
    SLICE_X22Y20         RAMD64E                                      r  lb1_reg_0_127_2_2/DP.LOW/WADR3
  -------------------------------------------------------------------    -------------------

                         (clock aclk rise edge)       0.000     0.000 r  <hidden>
                                                      0.000     0.000 r  aclk
                         net (fo=909, unset)          0.432     0.432    lb1_reg_0_127_2_2/WCLK
    SLICE_X22Y20         RAMD64E                                      r  lb1_reg_0_127_2_2/DP.LOW/CLK
                         clock pessimism              0.000     0.432    <hidden>
    SLICE_X22Y20         RAMD64E (Hold_ramd64e_CLK_WADR3)
                                                      0.240     0.672    lb1_reg_0_127_2_2/DP.LOW
  -------------------------------------------------------------------
                         required time                         -0.672    <hidden>
                         arrival time                           0.787    <hidden>
  -------------------------------------------------------------------
                         slack                                  0.116    <hidden>

Slack (MET) :             0.116ns  (arrival time - required time)
  Source:                 col_in_reg[3]_rep/C
                            (rising edge-triggered cell FDRE clocked by aclk  {rise@0.000ns fall@3.367ns period=6.734ns})
  Destination:            lb1_reg_0_127_2_2/SP.HIGH/WADR3
                            (rising edge-triggered cell RAMD64E clocked by aclk  {rise@0.000ns fall@3.367ns period=6.734ns})
  Path Group:             aclk
  Path Type:              Hold (Min at Fast Process Corner)
  Requirement:            0.000ns  (aclk rise@0.000ns - aclk rise@0.000ns)
  Data Path Delay:        0.377ns  (logic 0.141ns (37.373%)  route 0.236ns (62.627%))
  Logic Levels:           0  
  Clock Path Skew:        0.022ns (DCD - SCD - CPR)
    Destination Clock Delay (DCD):    0.432ns
    Source Clock Delay      (SCD):    0.410ns
    Clock Pessimism Removal (CPR):    -0.000ns

    Location             Delay type                Incr(ns)  Path(ns)    Netlist Resource(s)
  -------------------------------------------------------------------    -------------------
                         (clock aclk rise edge)       0.000     0.000 r  <hidden>
                                                      0.000     0.000 r  aclk
                         net (fo=909, unset)          0.410     0.410    aclk
    SLICE_X23Y20         FDRE                                         r  col_in_reg[3]_rep/C
  -------------------------------------------------------------------    -------------------
    SLICE_X23Y20         FDRE (Prop_fdre_C_Q)         0.141     0.551 r  col_in_reg[3]_rep/Q
                         net (fo=194, routed)         0.236     0.787    lb1_reg_0_127_2_2/A3
    SLICE_X22Y20         RAMD64E                                      r  lb1_reg_0_127_2_2/SP.HIGH/WADR3
  -------------------------------------------------------------------    -------------------

                         (clock aclk rise edge)       0.000     0.000 r  <hidden>
                                                      0.000     0.000 r  aclk
                         net (fo=909, unset)          0.432     0.432    lb1_reg_0_127_2_2/WCLK
    SLICE_X22Y20         RAMD64E                                      r  lb1_reg_0_127_2_2/SP.HIGH/CLK
                         clock pessimism              0.000     0.432    <hidden>
    SLICE_X22Y20         RAMD64E (Hold_ramd64e_CLK_WADR3)
                                                      0.240     0.672    lb1_reg_0_127_2_2/SP.HIGH
  -------------------------------------------------------------------
                         required time                         -0.672    <hidden>
                         arrival time                           0.787    <hidden>
  -------------------------------------------------------------------
                         slack                                  0.116    <hidden>

Slack (MET) :             0.116ns  (arrival time - required time)
  Source:                 col_in_reg[3]_rep/C
                            (rising edge-triggered cell FDRE clocked by aclk  {rise@0.000ns fall@3.367ns period=6.734ns})
  Destination:            lb1_reg_0_127_2_2/SP.LOW/WADR3
                            (rising edge-triggered cell RAMD64E clocked by aclk  {rise@0.000ns fall@3.367ns period=6.734ns})
  Path Group:             aclk
  Path Type:              Hold (Min at Fast Process Corner)
  Requirement:            0.000ns  (aclk rise@0.000ns - aclk rise@0.000ns)
  Data Path Delay:        0.377ns  (logic 0.141ns (37.373%)  route 0.236ns (62.627%))
  Logic Levels:           0  
  Clock Path Skew:        0.022ns (DCD - SCD - CPR)
    Destination Clock Delay (DCD):    0.432ns
    Source Clock Delay      (SCD):    0.410ns
    Clock Pessimism Removal (CPR):    -0.000ns

    Location             Delay type                Incr(ns)  Path(ns)    Netlist Resource(s)
  -------------------------------------------------------------------    -------------------
                         (clock aclk rise edge)       0.000     0.000 r  <hidden>
                                                      0.000     0.000 r  aclk
                         net (fo=909, unset)          0.410     0.410    aclk
    SLICE_X23Y20         FDRE                                         r  col_in_reg[3]_rep/C
  -------------------------------------------------------------------    -------------------
    SLICE_X23Y20         FDRE (Prop_fdre_C_Q)         0.141     0.551 r  col_in_reg[3]_rep/Q
                         net (fo=194, routed)         0.236     0.787    lb1_reg_0_127_2_2/A3
    SLICE_X22Y20         RAMD64E                                      r  lb1_reg_0_127_2_2/SP.LOW/WADR3
  -------------------------------------------------------------------    -------------------

                         (clock aclk rise edge)       0.000     0.000 r  <hidden>
                                                      0.000     0.000 r  aclk
                         net (fo=909, unset)          0.432     0.432    lb1_reg_0_127_2_2/WCLK
    SLICE_X22Y20         RAMD64E                                      r  lb1_reg_0_127_2_2/SP.LOW/CLK
                         clock pessimism              0.000     0.432    <hidden>
    SLICE_X22Y20         RAMD64E (Hold_ramd64e_CLK_WADR3)
                                                      0.240     0.672    lb1_reg_0_127_2_2/SP.LOW
  -------------------------------------------------------------------
                         required time                         -0.672    <hidden>
                         arrival time                           0.787    <hidden>
  -------------------------------------------------------------------
                         slack                                  0.116    <hidden>

Slack (MET) :             0.129ns  (arrival time - required time)
  Source:                 col_in_reg[4]_rep/C
                            (rising edge-triggered cell FDRE clocked by aclk  {rise@0.000ns fall@3.367ns period=6.734ns})
  Destination:            lb1_reg_128_255_2_2/DP.HIGH/WADR4
                            (rising edge-triggered cell RAMD64E clocked by aclk  {rise@0.000ns fall@3.367ns period=6.734ns})
  Path Group:             aclk
  Path Type:              Hold (Min at Fast Process Corner)
  Requirement:            0.000ns  (aclk rise@0.000ns - aclk rise@0.000ns)
  Data Path Delay:        0.350ns  (logic 0.141ns (40.238%)  route 0.209ns (59.762%))
  Logic Levels:           0  
  Clock Path Skew:        0.022ns (DCD - SCD - CPR)
    Destination Clock Delay (DCD):    0.432ns
    Source Clock Delay      (SCD):    0.410ns
    Clock Pessimism Removal (CPR):    -0.000ns

    Location             Delay type                Incr(ns)  Path(ns)    Netlist Resource(s)
  -------------------------------------------------------------------    -------------------
                         (clock aclk rise edge)       0.000     0.000 r  <hidden>
                                                      0.000     0.000 r  aclk
                         net (fo=909, unset)          0.410     0.410    aclk
    SLICE_X23Y20         FDRE                                         r  col_in_reg[4]_rep/C
  -------------------------------------------------------------------    -------------------
    SLICE_X23Y20         FDRE (Prop_fdre_C_Q)         0.141     0.551 r  col_in_reg[4]_rep/Q
                         net (fo=192, routed)         0.209     0.761    lb1_reg_128_255_2_2/A4
    SLICE_X20Y20         RAMD64E                                      r  lb1_reg_128_255_2_2/DP.HIGH/WADR4
  -------------------------------------------------------------------    -------------------

                         (clock aclk rise edge)       0.000     0.000 r  <hidden>
                                                      0.000     0.000 r  aclk
                         net (fo=909, unset)          0.432     0.432    lb1_reg_128_255_2_2/WCLK
    SLICE_X20Y20         RAMD64E                                      r  lb1_reg_128_255_2_2/DP.HIGH/CLK
                         clock pessimism              0.000     0.432    <hidden>
    SLICE_X20Y20         RAMD64E (Hold_ramd64e_CLK_WADR4)
                                                      0.200     0.632    lb1_reg_128_255_2_2/DP.HIGH
  -------------------------------------------------------------------
                         required time                         -0.632    <hidden>
                         arrival time                           0.761    <hidden>
  -------------------------------------------------------------------
                         slack                                  0.129    <hidden>

Slack (MET) :             0.129ns  (arrival time - required time)
  Source:                 col_in_reg[4]_rep/C
                            (rising edge-triggered cell FDRE clocked by aclk  {rise@0.000ns fall@3.367ns period=6.734ns})
  Destination:            lb1_reg_128_255_2_2/DP.LOW/WADR4
                            (rising edge-triggered cell RAMD64E clocked by aclk  {rise@0.000ns fall@3.367ns period=6.734ns})
  Path Group:             aclk
  Path Type:              Hold (Min at Fast Process Corner)
  Requirement:            0.000ns  (aclk rise@0.000ns - aclk rise@0.000ns)
  Data Path Delay:        0.350ns  (logic 0.141ns (40.238%)  route 0.209ns (59.762%))
  Logic Levels:           0  
  Clock Path Skew:        0.022ns (DCD - SCD - CPR)
    Destination Clock Delay (DCD):    0.432ns
    Source Clock Delay      (SCD):    0.410ns
    Clock Pessimism Removal (CPR):    -0.000ns

    Location             Delay type                Incr(ns)  Path(ns)    Netlist Resource(s)
  -------------------------------------------------------------------    -------------------
                         (clock aclk rise edge)       0.000     0.000 r  <hidden>
                                                      0.000     0.000 r  aclk
                         net (fo=909, unset)          0.410     0.410    aclk
    SLICE_X23Y20         FDRE                                         r  col_in_reg[4]_rep/C
  -------------------------------------------------------------------    -------------------
    SLICE_X23Y20         FDRE (Prop_fdre_C_Q)         0.141     0.551 r  col_in_reg[4]_rep/Q
                         net (fo=192, routed)         0.209     0.761    lb1_reg_128_255_2_2/A4
    SLICE_X20Y20         RAMD64E                                      r  lb1_reg_128_255_2_2/DP.LOW/WADR4
  -------------------------------------------------------------------    -------------------

                         (clock aclk rise edge)       0.000     0.000 r  <hidden>
                                                      0.000     0.000 r  aclk
                         net (fo=909, unset)          0.432     0.432    lb1_reg_128_255_2_2/WCLK
    SLICE_X20Y20         RAMD64E                                      r  lb1_reg_128_255_2_2/DP.LOW/CLK
                         clock pessimism              0.000     0.432    <hidden>
    SLICE_X20Y20         RAMD64E (Hold_ramd64e_CLK_WADR4)
                                                      0.200     0.632    lb1_reg_128_255_2_2/DP.LOW
  -------------------------------------------------------------------
                         required time                         -0.632    <hidden>
                         arrival time                           0.761    <hidden>
  -------------------------------------------------------------------
                         slack                                  0.129    <hidden>

Slack (MET) :             0.129ns  (arrival time - required time)
  Source:                 col_in_reg[4]_rep/C
                            (rising edge-triggered cell FDRE clocked by aclk  {rise@0.000ns fall@3.367ns period=6.734ns})
  Destination:            lb1_reg_128_255_2_2/SP.HIGH/WADR4
                            (rising edge-triggered cell RAMD64E clocked by aclk  {rise@0.000ns fall@3.367ns period=6.734ns})
  Path Group:             aclk
  Path Type:              Hold (Min at Fast Process Corner)
  Requirement:            0.000ns  (aclk rise@0.000ns - aclk rise@0.000ns)
  Data Path Delay:        0.350ns  (logic 0.141ns (40.238%)  route 0.209ns (59.762%))
  Logic Levels:           0  
  Clock Path Skew:        0.022ns (DCD - SCD - CPR)
    Destination Clock Delay (DCD):    0.432ns
    Source Clock Delay      (SCD):    0.410ns
    Clock Pessimism Removal (CPR):    -0.000ns

    Location             Delay type                Incr(ns)  Path(ns)    Netlist Resource(s)
  -------------------------------------------------------------------    -------------------
                         (clock aclk rise edge)       0.000     0.000 r  <hidden>
                                                      0.000     0.000 r  aclk
                         net (fo=909, unset)          0.410     0.410    aclk
    SLICE_X23Y20         FDRE                                         r  col_in_reg[4]_rep/C
  -------------------------------------------------------------------    -------------------
    SLICE_X23Y20         FDRE (Prop_fdre_C_Q)         0.141     0.551 r  col_in_reg[4]_rep/Q
                         net (fo=192, routed)         0.209     0.761    lb1_reg_128_255_2_2/A4
    SLICE_X20Y20         RAMD64E                                      r  lb1_reg_128_255_2_2/SP.HIGH/WADR4
  -------------------------------------------------------------------    -------------------

                         (clock aclk rise edge)       0.000     0.000 r  <hidden>
                                                      0.000     0.000 r  aclk
                         net (fo=909, unset)          0.432     0.432    lb1_reg_128_255_2_2/WCLK
    SLICE_X20Y20         RAMD64E                                      r  lb1_reg_128_255_2_2/SP.HIGH/CLK
                         clock pessimism              0.000     0.432    <hidden>
    SLICE_X20Y20         RAMD64E (Hold_ramd64e_CLK_WADR4)
                                                      0.200     0.632    lb1_reg_128_255_2_2/SP.HIGH
  -------------------------------------------------------------------
                         required time                         -0.632    <hidden>
                         arrival time                           0.761    <hidden>
  -------------------------------------------------------------------
                         slack                                  0.129    <hidden>

Slack (MET) :             0.129ns  (arrival time - required time)
  Source:                 col_in_reg[4]_rep/C
                            (rising edge-triggered cell FDRE clocked by aclk  {rise@0.000ns fall@3.367ns period=6.734ns})
  Destination:            lb1_reg_128_255_2_2/SP.LOW/WADR4
                            (rising edge-triggered cell RAMD64E clocked by aclk  {rise@0.000ns fall@3.367ns period=6.734ns})
  Path Group:             aclk
  Path Type:              Hold (Min at Fast Process Corner)
  Requirement:            0.000ns  (aclk rise@0.000ns - aclk rise@0.000ns)
  Data Path Delay:        0.350ns  (logic 0.141ns (40.238%)  route 0.209ns (59.762%))
  Logic Levels:           0  
  Clock Path Skew:        0.022ns (DCD - SCD - CPR)
    Destination Clock Delay (DCD):    0.432ns
    Source Clock Delay      (SCD):    0.410ns
    Clock Pessimism Removal (CPR):    -0.000ns

    Location             Delay type                Incr(ns)  Path(ns)    Netlist Resource(s)
  -------------------------------------------------------------------    -------------------
                         (clock aclk rise edge)       0.000     0.000 r  <hidden>
                                                      0.000     0.000 r  aclk
                         net (fo=909, unset)          0.410     0.410    aclk
    SLICE_X23Y20         FDRE                                         r  col_in_reg[4]_rep/C
  -------------------------------------------------------------------    -------------------
    SLICE_X23Y20         FDRE (Prop_fdre_C_Q)         0.141     0.551 r  col_in_reg[4]_rep/Q
                         net (fo=192, routed)         0.209     0.761    lb1_reg_128_255_2_2/A4
    SLICE_X20Y20         RAMD64E                                      r  lb1_reg_128_255_2_2/SP.LOW/WADR4
  -------------------------------------------------------------------    -------------------

                         (clock aclk rise edge)       0.000     0.000 r  <hidden>
                                                      0.000     0.000 r  aclk
                         net (fo=909, unset)          0.432     0.432    lb1_reg_128_255_2_2/WCLK
    SLICE_X20Y20         RAMD64E                                      r  lb1_reg_128_255_2_2/SP.LOW/CLK
                         clock pessimism              0.000     0.432    <hidden>
    SLICE_X20Y20         RAMD64E (Hold_ramd64e_CLK_WADR4)
                                                      0.200     0.632    lb1_reg_128_255_2_2/SP.LOW
  -------------------------------------------------------------------
                         required time                         -0.632    <hidden>
                         arrival time                           0.761    <hidden>
  -------------------------------------------------------------------
                         slack                                  0.129    <hidden>

Slack (MET) :             0.134ns  (arrival time - required time)
  Source:                 ccB_q_reg[1]/C
                            (rising edge-triggered cell FDRE clocked by aclk  {rise@0.000ns fall@3.367ns period=6.734ns})
  Destination:            cc1_q_reg[1]/D
                            (rising edge-triggered cell FDRE clocked by aclk  {rise@0.000ns fall@3.367ns period=6.734ns})
  Path Group:             aclk
  Path Type:              Hold (Min at Fast Process Corner)
  Requirement:            0.000ns  (aclk rise@0.000ns - aclk rise@0.000ns)
  Data Path Delay:        0.220ns  (logic 0.164ns (74.580%)  route 0.056ns (25.420%))
  Logic Levels:           0  
  Clock Path Skew:        0.022ns (DCD - SCD - CPR)
    Destination Clock Delay (DCD):    0.432ns
    Source Clock Delay      (SCD):    0.410ns
    Clock Pessimism Removal (CPR):    -0.000ns

    Location             Delay type                Incr(ns)  Path(ns)    Netlist Resource(s)
  -------------------------------------------------------------------    -------------------
                         (clock aclk rise edge)       0.000     0.000 r  <hidden>
                                                      0.000     0.000 r  aclk
                         net (fo=909, unset)          0.410     0.410    aclk
    SLICE_X20Y30         FDRE                                         r  ccB_q_reg[1]/C
  -------------------------------------------------------------------    -------------------
    SLICE_X20Y30         FDRE (Prop_fdre_C_Q)         0.164     0.574 r  ccB_q_reg[1]/Q
                         net (fo=1, routed)           0.056     0.630    ccB_q[1]
    SLICE_X20Y30         FDRE                                         r  cc1_q_reg[1]/D
  -------------------------------------------------------------------    -------------------

                         (clock aclk rise edge)       0.000     0.000 r  <hidden>
                                                      0.000     0.000 r  aclk
                         net (fo=909, unset)          0.432     0.432    aclk
    SLICE_X20Y30         FDRE                                         r  cc1_q_reg[1]/C
                         clock pessimism              0.000     0.432    <hidden>
    SLICE_X20Y30         FDRE (Hold_fdre_C_D)         0.064     0.496    cc1_q_reg[1]
  -------------------------------------------------------------------
                         required time                         -0.496    <hidden>
                         arrival time                           0.630    <hidden>
  -------------------------------------------------------------------
                         slack                                  0.134    <hidden>

Slack (MET) :             0.134ns  (arrival time - required time)
  Source:                 cc1_q_reg[8]/C
                            (rising edge-triggered cell FDRE clocked by aclk  {rise@0.000ns fall@3.367ns period=6.734ns})
  Destination:            ccD_q_reg[8]/D
                            (rising edge-triggered cell FDRE clocked by aclk  {rise@0.000ns fall@3.367ns period=6.734ns})
  Path Group:             aclk
  Path Type:              Hold (Min at Fast Process Corner)
  Requirement:            0.000ns  (aclk rise@0.000ns - aclk rise@0.000ns)
  Data Path Delay:        0.220ns  (logic 0.164ns (74.580%)  route 0.056ns (25.420%))
  Logic Levels:           0  
  Clock Path Skew:        0.022ns (DCD - SCD - CPR)
    Destination Clock Delay (DCD):    0.432ns
    Source Clock Delay      (SCD):    0.410ns
    Clock Pessimism Removal (CPR):    -0.000ns

    Location             Delay type                Incr(ns)  Path(ns)    Netlist Resource(s)
  -------------------------------------------------------------------    -------------------
                         (clock aclk rise edge)       0.000     0.000 r  <hidden>
                                                      0.000     0.000 r  aclk
                         net (fo=909, unset)          0.410     0.410    aclk
    SLICE_X22Y30         FDRE                                         r  cc1_q_reg[8]/C
  -------------------------------------------------------------------    -------------------
    SLICE_X22Y30         FDRE (Prop_fdre_C_Q)         0.164     0.574 r  cc1_q_reg[8]/Q
                         net (fo=1, routed)           0.056     0.630    cc1_q[8]
    SLICE_X22Y30         FDRE                                         r  ccD_q_reg[8]/D
  -------------------------------------------------------------------    -------------------

                         (clock aclk rise edge)       0.000     0.000 r  <hidden>
                                                      0.000     0.000 r  aclk
                         net (fo=909, unset)          0.432     0.432    aclk
    SLICE_X22Y30         FDRE                                         r  ccD_q_reg[8]/C
                         clock pessimism              0.000     0.432    <hidden>
    SLICE_X22Y30         FDRE (Hold_fdre_C_D)         0.064     0.496    ccD_q_reg[8]
  -------------------------------------------------------------------
                         required time                         -0.496    <hidden>
                         arrival time                           0.630    <hidden>
  -------------------------------------------------------------------
                         slack                                  0.134    <hidden>

Slack (MET) :             0.136ns  (arrival time - required time)
  Source:                 FSM_onehot_state_reg[1]/C
                            (rising edge-triggered cell FDSE clocked by aclk  {rise@0.000ns fall@3.367ns period=6.734ns})
  Destination:            FSM_onehot_state_reg[3]/D
                            (rising edge-triggered cell FDRE clocked by aclk  {rise@0.000ns fall@3.367ns period=6.734ns})
  Path Group:             aclk
  Path Type:              Hold (Min at Fast Process Corner)
  Requirement:            0.000ns  (aclk rise@0.000ns - aclk rise@0.000ns)
  Data Path Delay:        0.232ns  (logic 0.141ns (60.688%)  route 0.091ns (39.312%))
  Logic Levels:           0  
  Clock Path Skew:        0.022ns (DCD - SCD - CPR)
    Destination Clock Delay (DCD):    0.432ns
    Source Clock Delay      (SCD):    0.410ns
    Clock Pessimism Removal (CPR):    -0.000ns

    Location             Delay type                Incr(ns)  Path(ns)    Netlist Resource(s)
  -------------------------------------------------------------------    -------------------
                         (clock aclk rise edge)       0.000     0.000 r  <hidden>
                                                      0.000     0.000 r  aclk
                         net (fo=909, unset)          0.410     0.410    aclk
    SLICE_X17Y29         FDSE                                         r  FSM_onehot_state_reg[1]/C
  -------------------------------------------------------------------    -------------------
    SLICE_X17Y29         FDSE (Prop_fdse_C_Q)         0.141     0.551 r  FSM_onehot_state_reg[1]/Q
                         net (fo=40, routed)          0.091     0.642    lb2[0]
    SLICE_X17Y29         FDRE                                         r  FSM_onehot_state_reg[3]/D
  -------------------------------------------------------------------    -------------------

                         (clock aclk rise edge)       0.000     0.000 r  <hidden>
                                                      0.000     0.000 r  aclk
                         net (fo=909, unset)          0.432     0.432    aclk
    SLICE_X17Y29         FDRE                                         r  FSM_onehot_state_reg[3]/C
                         clock pessimism              0.000     0.432    <hidden>
    SLICE_X17Y29         FDRE (Hold_fdre_C_D)         0.075     0.507    FSM_onehot_state_reg[3]
  -------------------------------------------------------------------
                         required time                         -0.507    <hidden>
                         arrival time                           0.642    <hidden>
  -------------------------------------------------------------------
                         slack                                  0.136    <hidden>

Slack (MET) :             0.145ns  (arrival time - required time)
  Source:                 cc1_q_reg[7]/C
                            (rising edge-triggered cell FDRE clocked by aclk  {rise@0.000ns fall@3.367ns period=6.734ns})
  Destination:            ccD_q_reg[7]/D
                            (rising edge-triggered cell FDRE clocked by aclk  {rise@0.000ns fall@3.367ns period=6.734ns})
  Path Group:             aclk
  Path Type:              Hold (Min at Fast Process Corner)
  Requirement:            0.000ns  (aclk rise@0.000ns - aclk rise@0.000ns)
  Data Path Delay:        0.220ns  (logic 0.164ns (74.580%)  route 0.056ns (25.420%))
  Logic Levels:           0  
  Clock Path Skew:        0.022ns (DCD - SCD - CPR)
    Destination Clock Delay (DCD):    0.432ns
    Source Clock Delay      (SCD):    0.410ns
    Clock Pessimism Removal (CPR):    -0.000ns

    Location             Delay type                Incr(ns)  Path(ns)    Netlist Resource(s)
  -------------------------------------------------------------------    -------------------
                         (clock aclk rise edge)       0.000     0.000 r  <hidden>
                                                      0.000     0.000 r  aclk
                         net (fo=909, unset)          0.410     0.410    aclk
    SLICE_X22Y30         FDRE                                         r  cc1_q_reg[7]/C
  -------------------------------------------------------------------    -------------------
    SLICE_X22Y30         FDRE (Prop_fdre_C_Q)         0.164     0.574 r  cc1_q_reg[7]/Q
                         net (fo=1, routed)           0.056     0.630    cc1_q[7]
    SLICE_X22Y30         FDRE                                         r  ccD_q_reg[7]/D
  -------------------------------------------------------------------    -------------------

                         (clock aclk rise edge)       0.000     0.000 r  <hidden>
                                                      0.000     0.000 r  aclk
                         net (fo=909, unset)          0.432     0.432    aclk
    SLICE_X22Y30         FDRE                                         r  ccD_q_reg[7]/C
                         clock pessimism              0.000     0.432    <hidden>
    SLICE_X22Y30         FDRE (Hold_fdre_C_D)         0.053     0.485    ccD_q_reg[7]
  -------------------------------------------------------------------
                         required time                         -0.485    <hidden>
                         arrival time                           0.630    <hidden>
  -------------------------------------------------------------------
                         slack                                  0.145    <hidden>

Slack (MET) :             0.150ns  (arrival time - required time)
  Source:                 t2_m_reg[1]/C
                            (rising edge-triggered cell FDRE clocked by aclk  {rise@0.000ns fall@3.367ns period=6.734ns})
  Destination:            t1_m_reg[1]/D
                            (rising edge-triggered cell FDRE clocked by aclk  {rise@0.000ns fall@3.367ns period=6.734ns})
  Path Group:             aclk
  Path Type:              Hold (Min at Fast Process Corner)
  Requirement:            0.000ns  (aclk rise@0.000ns - aclk rise@0.000ns)
  Data Path Delay:        0.247ns  (logic 0.141ns (57.045%)  route 0.106ns (42.955%))
  Logic Levels:           0  
  Clock Path Skew:        0.022ns (DCD - SCD - CPR)
    Destination Clock Delay (DCD):    0.432ns
    Source Clock Delay      (SCD):    0.410ns
    Clock Pessimism Removal (CPR):    -0.000ns

    Location             Delay type                Incr(ns)  Path(ns)    Netlist Resource(s)
  -------------------------------------------------------------------    -------------------
                         (clock aclk rise edge)       0.000     0.000 r  <hidden>
                                                      0.000     0.000 r  aclk
                         net (fo=909, unset)          0.410     0.410    aclk
    SLICE_X11Y12         FDRE                                         r  t2_m_reg[1]/C
  -------------------------------------------------------------------    -------------------
    SLICE_X11Y12         FDRE (Prop_fdre_C_Q)         0.141     0.551 r  t2_m_reg[1]/Q
                         net (fo=1, routed)           0.106     0.657    t2_m[1]
    SLICE_X10Y11         FDRE                                         r  t1_m_reg[1]/D
  -------------------------------------------------------------------    -------------------

                         (clock aclk rise edge)       0.000     0.000 r  <hidden>
                                                      0.000     0.000 r  aclk
                         net (fo=909, unset)          0.432     0.432    aclk
    SLICE_X10Y11         FDRE                                         r  t1_m_reg[1]/C
                         clock pessimism              0.000     0.432    <hidden>
    SLICE_X10Y11         FDRE (Hold_fdre_C_D)         0.076     0.508    t1_m_reg[1]
  -------------------------------------------------------------------
                         required time                         -0.508    <hidden>
                         arrival time                           0.657    <hidden>
  -------------------------------------------------------------------
                         slack                                  0.150    <hidden>

Slack (MET) :             0.151ns  (arrival time - required time)
  Source:                 mode_q_reg/C
                            (rising edge-triggered cell FDRE clocked by aclk  {rise@0.000ns fall@3.367ns period=6.734ns})
  Destination:            mB_q_reg/D
                            (rising edge-triggered cell FDRE clocked by aclk  {rise@0.000ns fall@3.367ns period=6.734ns})
  Path Group:             aclk
  Path Type:              Hold (Min at Fast Process Corner)
  Requirement:            0.000ns  (aclk rise@0.000ns - aclk rise@0.000ns)
  Data Path Delay:        0.248ns  (logic 0.141ns (56.886%)  route 0.107ns (43.114%))
  Logic Levels:           0  
  Clock Path Skew:        0.022ns (DCD - SCD - CPR)
    Destination Clock Delay (DCD):    0.432ns
    Source Clock Delay      (SCD):    0.410ns
    Clock Pessimism Removal (CPR):    -0.000ns

    Location             Delay type                Incr(ns)  Path(ns)    Netlist Resource(s)
  -------------------------------------------------------------------    -------------------
                         (clock aclk rise edge)       0.000     0.000 r  <hidden>
                                                      0.000     0.000 r  aclk
                         net (fo=909, unset)          0.410     0.410    aclk
    SLICE_X27Y9          FDRE                                         r  mode_q_reg/C
  -------------------------------------------------------------------    -------------------
    SLICE_X27Y9          FDRE (Prop_fdre_C_Q)         0.141     0.551 r  mode_q_reg/Q
                         net (fo=1, routed)           0.107     0.658    mode_q
    SLICE_X24Y9          FDRE                                         r  mB_q_reg/D
  -------------------------------------------------------------------    -------------------

                         (clock aclk rise edge)       0.000     0.000 r  <hidden>
                                                      0.000     0.000 r  aclk
                         net (fo=909, unset)          0.432     0.432    aclk
    SLICE_X24Y9          FDRE                                         r  mB_q_reg/C
                         clock pessimism              0.000     0.432    <hidden>
    SLICE_X24Y9          FDRE (Hold_fdre_C_D)         0.075     0.507    mB_q_reg
  -------------------------------------------------------------------
                         required time                         -0.507    <hidden>
                         arrival time                           0.658    <hidden>
  -------------------------------------------------------------------
                         slack                                  0.151    <hidden>

Slack (MET) :             0.154ns  (arrival time - required time)
  Source:                 rowp_q_reg[15]/C
                            (rising edge-triggered cell FDRE clocked by aclk  {rise@0.000ns fall@3.367ns period=6.734ns})
  Destination:            rowB_q_reg[15]/D
                            (rising edge-triggered cell FDRE clocked by aclk  {rise@0.000ns fall@3.367ns period=6.734ns})
  Path Group:             aclk
  Path Type:              Hold (Min at Fast Process Corner)
  Requirement:            0.000ns  (aclk rise@0.000ns - aclk rise@0.000ns)
  Data Path Delay:        0.251ns  (logic 0.141ns (56.137%)  route 0.110ns (43.863%))
  Logic Levels:           0  
  Clock Path Skew:        0.022ns (DCD - SCD - CPR)
    Destination Clock Delay (DCD):    0.432ns
    Source Clock Delay      (SCD):    0.410ns
    Clock Pessimism Removal (CPR):    -0.000ns

    Location             Delay type                Incr(ns)  Path(ns)    Netlist Resource(s)
  -------------------------------------------------------------------    -------------------
                         (clock aclk rise edge)       0.000     0.000 r  <hidden>
                                                      0.000     0.000 r  aclk
                         net (fo=909, unset)          0.410     0.410    aclk
    SLICE_X13Y31         FDRE                                         r  rowp_q_reg[15]/C
  -------------------------------------------------------------------    -------------------
    SLICE_X13Y31         FDRE (Prop_fdre_C_Q)         0.141     0.551 r  rowp_q_reg[15]/Q
                         net (fo=1, routed)           0.110     0.661    rowp_q[15]
    SLICE_X12Y30         FDRE                                         r  rowB_q_reg[15]/D
  -------------------------------------------------------------------    -------------------

                         (clock aclk rise edge)       0.000     0.000 r  <hidden>
                                                      0.000     0.000 r  aclk
                         net (fo=909, unset)          0.432     0.432    aclk
    SLICE_X12Y30         FDRE                                         r  rowB_q_reg[15]/C
                         clock pessimism              0.000     0.432    <hidden>
    SLICE_X12Y30         FDRE (Hold_fdre_C_D)         0.076     0.508    rowB_q_reg[15]
  -------------------------------------------------------------------
                         required time                         -0.508    <hidden>
                         arrival time                           0.661    <hidden>
  -------------------------------------------------------------------
                         slack                                  0.154    <hidden>

Slack (MET) :             0.159ns  (arrival time - required time)
  Source:                 s_axil_rvalid_reg/C
                            (rising edge-triggered cell FDRE clocked by aclk  {rise@0.000ns fall@3.367ns period=6.734ns})
  Destination:            s_axil_arready_reg/D
                            (rising edge-triggered cell FDRE clocked by aclk  {rise@0.000ns fall@3.367ns period=6.734ns})
  Path Group:             aclk
  Path Type:              Hold (Min at Fast Process Corner)
  Requirement:            0.000ns  (aclk rise@0.000ns - aclk rise@0.000ns)
  Data Path Delay:        0.300ns  (logic 0.186ns (61.937%)  route 0.114ns (38.063%))
  Logic Levels:           1  (LUT3=1)
  Clock Path Skew:        0.022ns (DCD - SCD - CPR)
    Destination Clock Delay (DCD):    0.432ns
    Source Clock Delay      (SCD):    0.410ns
    Clock Pessimism Removal (CPR):    -0.000ns

    Location             Delay type                Incr(ns)  Path(ns)    Netlist Resource(s)
  -------------------------------------------------------------------    -------------------
                         (clock aclk rise edge)       0.000     0.000 r  <hidden>
                                                      0.000     0.000 r  aclk
                         net (fo=909, unset)          0.410     0.410    aclk
    SLICE_X29Y11         FDRE                                         r  s_axil_rvalid_reg/C
  -------------------------------------------------------------------    -------------------
    SLICE_X29Y11         FDRE (Prop_fdre_C_Q)         0.141     0.551 f  s_axil_rvalid_reg/Q
                         net (fo=2, routed)           0.114     0.665    s_axil_rvalid
    SLICE_X30Y11         LUT3 (Prop_lut3_I2_O)        0.045     0.710 r  s_axil_arready_i_1/O
                         net (fo=1, routed)           0.000     0.710    s_axil_arready0
    SLICE_X30Y11         FDRE                                         r  s_axil_arready_reg/D
  -------------------------------------------------------------------    -------------------

                         (clock aclk rise edge)       0.000     0.000 r  <hidden>
                                                      0.000     0.000 r  aclk
                         net (fo=909, unset)          0.432     0.432    aclk
    SLICE_X30Y11         FDRE                                         r  s_axil_arready_reg/C
                         clock pessimism              0.000     0.432    <hidden>
    SLICE_X30Y11         FDRE (Hold_fdre_C_D)         0.120     0.552    s_axil_arready_reg
  -------------------------------------------------------------------
                         required time                         -0.552    <hidden>
                         arrival time                           0.710    <hidden>
  -------------------------------------------------------------------
                         slack                                  0.159    <hidden>

Slack (MET) :             0.159ns  (arrival time - required time)
  Source:                 row_out_reg[10]/C
                            (rising edge-triggered cell FDRE clocked by aclk  {rise@0.000ns fall@3.367ns period=6.734ns})
  Destination:            rowp_q_reg[10]/D
                            (rising edge-triggered cell FDRE clocked by aclk  {rise@0.000ns fall@3.367ns period=6.734ns})
  Path Group:             aclk
  Path Type:              Hold (Min at Fast Process Corner)
  Requirement:            0.000ns  (aclk rise@0.000ns - aclk rise@0.000ns)
  Data Path Delay:        0.251ns  (logic 0.141ns (56.166%)  route 0.110ns (43.834%))
  Logic Levels:           0  
  Clock Path Skew:        0.022ns (DCD - SCD - CPR)
    Destination Clock Delay (DCD):    0.432ns
    Source Clock Delay      (SCD):    0.410ns
    Clock Pessimism Removal (CPR):    -0.000ns

    Location             Delay type                Incr(ns)  Path(ns)    Netlist Resource(s)
  -------------------------------------------------------------------    -------------------
                         (clock aclk rise edge)       0.000     0.000 r  <hidden>
                                                      0.000     0.000 r  aclk
                         net (fo=909, unset)          0.410     0.410    aclk
    SLICE_X13Y33         FDRE                                         r  row_out_reg[10]/C
  -------------------------------------------------------------------    -------------------
    SLICE_X13Y33         FDRE (Prop_fdre_C_Q)         0.141     0.551 r  row_out_reg[10]/Q
                         net (fo=3, routed)           0.110     0.661    row_out_reg_n_0_[10]
    SLICE_X15Y33         FDRE                                         r  rowp_q_reg[10]/D
  -------------------------------------------------------------------    -------------------

                         (clock aclk rise edge)       0.000     0.000 r  <hidden>
                                                      0.000     0.000 r  aclk
                         net (fo=909, unset)          0.432     0.432    aclk
    SLICE_X15Y33         FDRE                                         r  rowp_q_reg[10]/C
                         clock pessimism              0.000     0.432    <hidden>
    SLICE_X15Y33         FDRE (Hold_fdre_C_D)         0.070     0.502    rowp_q_reg[10]
  -------------------------------------------------------------------
                         required time                         -0.502    <hidden>
                         arrival time                           0.661    <hidden>
  -------------------------------------------------------------------
                         slack                                  0.159    <hidden>

Slack (MET) :             0.161ns  (arrival time - required time)
  Source:                 rowB_q_reg[12]/C
                            (rising edge-triggered cell FDRE clocked by aclk  {rise@0.000ns fall@3.367ns period=6.734ns})
  Destination:            row1_q_reg[12]/D
                            (rising edge-triggered cell FDRE clocked by aclk  {rise@0.000ns fall@3.367ns period=6.734ns})
  Path Group:             aclk
  Path Type:              Hold (Min at Fast Process Corner)
  Requirement:            0.000ns  (aclk rise@0.000ns - aclk rise@0.000ns)
  Data Path Delay:        0.205ns  (logic 0.148ns (72.105%)  route 0.057ns (27.895%))
  Logic Levels:           0  
  Clock Path Skew:        0.022ns (DCD - SCD - CPR)
    Destination Clock Delay (DCD):    0.432ns
    Source Clock Delay      (SCD):    0.410ns
    Clock Pessimism Removal (CPR):    -0.000ns

    Location             Delay type                Incr(ns)  Path(ns)    Netlist Resource(s)
  -------------------------------------------------------------------    -------------------
                         (clock aclk rise edge)       0.000     0.000 r  <hidden>
                                                      0.000     0.000 r  aclk
                         net (fo=909, unset)          0.410     0.410    aclk
    SLICE_X12Y33         FDRE                                         r  rowB_q_reg[12]/C
  -------------------------------------------------------------------    -------------------
    SLICE_X12Y33         FDRE (Prop_fdre_C_Q)         0.148     0.558 r  rowB_q_reg[12]/Q
                         net (fo=1, routed)           0.057     0.615    rowB_q[12]
    SLICE_X12Y33         FDRE                                         r  row1_q_reg[12]/D
  -------------------------------------------------------------------    -------------------

                         (clock aclk rise edge)       0.000     0.000 r  <hidden>
                                                      0.000     0.000 r  aclk
                         net (fo=909, unset)          0.432     0.432    aclk
    SLICE_X12Y33         FDRE                                         r  row1_q_reg[12]/C
                         clock pessimism              0.000     0.432    <hidden>
    SLICE_X12Y33         FDRE (Hold_fdre_C_D)         0.023     0.455    row1_q_reg[12]
  -------------------------------------------------------------------
                         required time                         -0.455    <hidden>
                         arrival time                           0.615    <hidden>
  -------------------------------------------------------------------
                         slack                                  0.161    <hidden>

Slack (MET) :             0.161ns  (arrival time - required time)
  Source:                 t2_m_reg[4]/C
                            (rising edge-triggered cell FDRE clocked by aclk  {rise@0.000ns fall@3.367ns period=6.734ns})
  Destination:            t1_m_reg[4]/D
                            (rising edge-triggered cell FDRE clocked by aclk  {rise@0.000ns fall@3.367ns period=6.734ns})
  Path Group:             aclk
  Path Type:              Hold (Min at Fast Process Corner)
  Requirement:            0.000ns  (aclk rise@0.000ns - aclk rise@0.000ns)
  Data Path Delay:        0.253ns  (logic 0.141ns (55.730%)  route 0.112ns (44.270%))
  Logic Levels:           0  
  Clock Path Skew:        0.022ns (DCD - SCD - CPR)
    Destination Clock Delay (DCD):    0.432ns
    Source Clock Delay      (SCD):    0.410ns
    Clock Pessimism Removal (CPR):    -0.000ns

    Location             Delay type                Incr(ns)  Path(ns)    Netlist Resource(s)
  -------------------------------------------------------------------    -------------------
                         (clock aclk rise edge)       0.000     0.000 r  <hidden>
                                                      0.000     0.000 r  aclk
                         net (fo=909, unset)          0.410     0.410    aclk
    SLICE_X15Y14         FDRE                                         r  t2_m_reg[4]/C
  -------------------------------------------------------------------    -------------------
    SLICE_X15Y14         FDRE (Prop_fdre_C_Q)         0.141     0.551 r  t2_m_reg[4]/Q
                         net (fo=1, routed)           0.112     0.663    t2_m[4]
    SLICE_X15Y13         FDRE                                         r  t1_m_reg[4]/D
  -------------------------------------------------------------------    -------------------

                         (clock aclk rise edge)       0.000     0.000 r  <hidden>
                                                      0.000     0.000 r  aclk
                         net (fo=909, unset)          0.432     0.432    aclk
    SLICE_X15Y13         FDRE                                         r  t1_m_reg[4]/C
                         clock pessimism              0.000     0.432    <hidden>
    SLICE_X15Y13         FDRE (Hold_fdre_C_D)         0.070     0.502    t1_m_reg[4]
  -------------------------------------------------------------------
                         required time                         -0.502    <hidden>
                         arrival time                           0.663    <hidden>
  -------------------------------------------------------------------
                         slack                                  0.161    <hidden>

Slack (MET) :             0.162ns  (arrival time - required time)
  Source:                 rowB_q_reg[0]/C
                            (rising edge-triggered cell FDRE clocked by aclk  {rise@0.000ns fall@3.367ns period=6.734ns})
  Destination:            row1_q_reg[0]/D
                            (rising edge-triggered cell FDRE clocked by aclk  {rise@0.000ns fall@3.367ns period=6.734ns})
  Path Group:             aclk
  Path Type:              Hold (Min at Fast Process Corner)
  Requirement:            0.000ns  (aclk rise@0.000ns - aclk rise@0.000ns)
  Data Path Delay:        0.254ns  (logic 0.141ns (55.511%)  route 0.113ns (44.489%))
  Logic Levels:           0  
  Clock Path Skew:        0.022ns (DCD - SCD - CPR)
    Destination Clock Delay (DCD):    0.432ns
    Source Clock Delay      (SCD):    0.410ns
    Clock Pessimism Removal (CPR):    -0.000ns

    Location             Delay type                Incr(ns)  Path(ns)    Netlist Resource(s)
  -------------------------------------------------------------------    -------------------
                         (clock aclk rise edge)       0.000     0.000 r  <hidden>
                                                      0.000     0.000 r  aclk
                         net (fo=909, unset)          0.410     0.410    aclk
    SLICE_X19Y31         FDRE                                         r  rowB_q_reg[0]/C
  -------------------------------------------------------------------    -------------------
    SLICE_X19Y31         FDRE (Prop_fdre_C_Q)         0.141     0.551 r  rowB_q_reg[0]/Q
                         net (fo=1, routed)           0.113     0.664    rowB_q[0]
    SLICE_X19Y31         FDRE                                         r  row1_q_reg[0]/D
  -------------------------------------------------------------------    -------------------

                         (clock aclk rise edge)       0.000     0.000 r  <hidden>
                                                      0.000     0.000 r  aclk
                         net (fo=909, unset)          0.432     0.432    aclk
    SLICE_X19Y31         FDRE                                         r  row1_q_reg[0]/C
                         clock pessimism              0.000     0.432    <hidden>
    SLICE_X19Y31         FDRE (Hold_fdre_C_D)         0.070     0.502    row1_q_reg[0]
  -------------------------------------------------------------------
                         required time                         -0.502    <hidden>
                         arrival time                           0.664    <hidden>
  -------------------------------------------------------------------
                         slack                                  0.162    <hidden>

Slack (MET) :             0.162ns  (arrival time - required time)
  Source:                 rowB_q_reg[3]/C
                            (rising edge-triggered cell FDRE clocked by aclk  {rise@0.000ns fall@3.367ns period=6.734ns})
  Destination:            row1_q_reg[3]/D
                            (rising edge-triggered cell FDRE clocked by aclk  {rise@0.000ns fall@3.367ns period=6.734ns})
  Path Group:             aclk
  Path Type:              Hold (Min at Fast Process Corner)
  Requirement:            0.000ns  (aclk rise@0.000ns - aclk rise@0.000ns)
  Data Path Delay:        0.254ns  (logic 0.141ns (55.511%)  route 0.113ns (44.489%))
  Logic Levels:           0  
  Clock Path Skew:        0.022ns (DCD - SCD - CPR)
    Destination Clock Delay (DCD):    0.432ns
    Source Clock Delay      (SCD):    0.410ns
    Clock Pessimism Removal (CPR):    -0.000ns

    Location             Delay type                Incr(ns)  Path(ns)    Netlist Resource(s)
  -------------------------------------------------------------------    -------------------
                         (clock aclk rise edge)       0.000     0.000 r  <hidden>
                                                      0.000     0.000 r  aclk
                         net (fo=909, unset)          0.410     0.410    aclk
    SLICE_X17Y33         FDRE                                         r  rowB_q_reg[3]/C
  -------------------------------------------------------------------    -------------------
    SLICE_X17Y33         FDRE (Prop_fdre_C_Q)         0.141     0.551 r  rowB_q_reg[3]/Q
                         net (fo=1, routed)           0.113     0.664    rowB_q[3]
    SLICE_X17Y33         FDRE                                         r  row1_q_reg[3]/D
  -------------------------------------------------------------------    -------------------

                         (clock aclk rise edge)       0.000     0.000 r  <hidden>
                                                      0.000     0.000 r  aclk
                         net (fo=909, unset)          0.432     0.432    aclk
    SLICE_X17Y33         FDRE                                         r  row1_q_reg[3]/C
                         clock pessimism              0.000     0.432    <hidden>
    SLICE_X17Y33         FDRE (Hold_fdre_C_D)         0.070     0.502    row1_q_reg[3]
  -------------------------------------------------------------------
                         required time                         -0.502    <hidden>
                         arrival time                           0.664    <hidden>
  -------------------------------------------------------------------
                         slack                                  0.162    <hidden>

Slack (MET) :             0.162ns  (arrival time - required time)
  Source:                 t1_b_reg[2]/C
                            (rising edge-triggered cell FDRE clocked by aclk  {rise@0.000ns fall@3.367ns period=6.734ns})
  Destination:            t0_b_reg[2]/D
                            (rising edge-triggered cell FDRE clocked by aclk  {rise@0.000ns fall@3.367ns period=6.734ns})
  Path Group:             aclk
  Path Type:              Hold (Min at Fast Process Corner)
  Requirement:            0.000ns  (aclk rise@0.000ns - aclk rise@0.000ns)
  Data Path Delay:        0.254ns  (logic 0.141ns (55.511%)  route 0.113ns (44.489%))
  Logic Levels:           0  
  Clock Path Skew:        0.022ns (DCD - SCD - CPR)
    Destination Clock Delay (DCD):    0.432ns
    Source Clock Delay      (SCD):    0.410ns
    Clock Pessimism Removal (CPR):    -0.000ns

    Location             Delay type                Incr(ns)  Path(ns)    Netlist Resource(s)
  -------------------------------------------------------------------    -------------------
                         (clock aclk rise edge)       0.000     0.000 r  <hidden>
                                                      0.000     0.000 r  aclk
                         net (fo=909, unset)          0.410     0.410    aclk
    SLICE_X17Y1          FDRE                                         r  t1_b_reg[2]/C
  -------------------------------------------------------------------    -------------------
    SLICE_X17Y1          FDRE (Prop_fdre_C_Q)         0.141     0.551 r  t1_b_reg[2]/Q
                         net (fo=2, routed)           0.113     0.664    t1_b[2]
    SLICE_X17Y1          FDRE                                         r  t0_b_reg[2]/D
  -------------------------------------------------------------------    -------------------

                         (clock aclk rise edge)       0.000     0.000 r  <hidden>
                                                      0.000     0.000 r  aclk
                         net (fo=909, unset)          0.432     0.432    aclk
    SLICE_X17Y1          FDRE                                         r  t0_b_reg[2]/C
                         clock pessimism              0.000     0.432    <hidden>
    SLICE_X17Y1          FDRE (Hold_fdre_C_D)         0.070     0.502    t0_b_reg[2]
  -------------------------------------------------------------------
                         required time                         -0.502    <hidden>
                         arrival time                           0.664    <hidden>
  -------------------------------------------------------------------
                         slack                                  0.162    <hidden>

Slack (MET) :             0.166ns  (arrival time - required time)
  Source:                 t2_b_reg[5]/C
                            (rising edge-triggered cell FDRE clocked by aclk  {rise@0.000ns fall@3.367ns period=6.734ns})
  Destination:            t1_b_reg[5]/D
                            (rising edge-triggered cell FDRE clocked by aclk  {rise@0.000ns fall@3.367ns period=6.734ns})
  Path Group:             aclk
  Path Type:              Hold (Min at Fast Process Corner)
  Requirement:            0.000ns  (aclk rise@0.000ns - aclk rise@0.000ns)
  Data Path Delay:        0.257ns  (logic 0.141ns (54.828%)  route 0.116ns (45.172%))
  Logic Levels:           0  
  Clock Path Skew:        0.022ns (DCD - SCD - CPR)
    Destination Clock Delay (DCD):    0.432ns
    Source Clock Delay      (SCD):    0.410ns
    Clock Pessimism Removal (CPR):    -0.000ns

    Location             Delay type                Incr(ns)  Path(ns)    Netlist Resource(s)
  -------------------------------------------------------------------    -------------------
                         (clock aclk rise edge)       0.000     0.000 r  <hidden>
                                                      0.000     0.000 r  aclk
                         net (fo=909, unset)          0.410     0.410    aclk
    SLICE_X13Y3          FDRE                                         r  t2_b_reg[5]/C
  -------------------------------------------------------------------    -------------------
    SLICE_X13Y3          FDRE (Prop_fdre_C_Q)         0.141     0.551 r  t2_b_reg[5]/Q
                         net (fo=1, routed)           0.116     0.667    t2_b[5]
    SLICE_X13Y2          FDRE                                         r  t1_b_reg[5]/D
  -------------------------------------------------------------------    -------------------

                         (clock aclk rise edge)       0.000     0.000 r  <hidden>
                                                      0.000     0.000 r  aclk
                         net (fo=909, unset)          0.432     0.432    aclk
    SLICE_X13Y2          FDRE                                         r  t1_b_reg[5]/C
                         clock pessimism              0.000     0.432    <hidden>
    SLICE_X13Y2          FDRE (Hold_fdre_C_D)         0.070     0.502    t1_b_reg[5]
  -------------------------------------------------------------------
                         required time                         -0.502    <hidden>
                         arrival time                           0.667    <hidden>
  -------------------------------------------------------------------
                         slack                                  0.166    <hidden>

Slack (MET) :             0.166ns  (arrival time - required time)
  Source:                 rowB_q_reg[14]/C
                            (rising edge-triggered cell FDRE clocked by aclk  {rise@0.000ns fall@3.367ns period=6.734ns})
  Destination:            row1_q_reg[14]/D
                            (rising edge-triggered cell FDRE clocked by aclk  {rise@0.000ns fall@3.367ns period=6.734ns})
  Path Group:             aclk
  Path Type:              Hold (Min at Fast Process Corner)
  Requirement:            0.000ns  (aclk rise@0.000ns - aclk rise@0.000ns)
  Data Path Delay:        0.263ns  (logic 0.164ns (62.317%)  route 0.099ns (37.683%))
  Logic Levels:           0  
  Clock Path Skew:        0.022ns (DCD - SCD - CPR)
    Destination Clock Delay (DCD):    0.432ns
    Source Clock Delay      (SCD):    0.410ns
    Clock Pessimism Removal (CPR):    -0.000ns

    Location             Delay type                Incr(ns)  Path(ns)    Netlist Resource(s)
  -------------------------------------------------------------------    -------------------
                         (clock aclk rise edge)       0.000     0.000 r  <hidden>
                                                      0.000     0.000 r  aclk
                         net (fo=909, unset)          0.410     0.410    aclk
    SLICE_X14Y33         FDRE                                         r  rowB_q_reg[14]/C
  -------------------------------------------------------------------    -------------------
    SLICE_X14Y33         FDRE (Prop_fdre_C_Q)         0.164     0.574 r  rowB_q_reg[14]/Q
                         net (fo=1, routed)           0.099     0.673    rowB_q[14]
    SLICE_X12Y33         FDRE                                         r  row1_q_reg[14]/D
  -------------------------------------------------------------------    -------------------

                         (clock aclk rise edge)       0.000     0.000 r  <hidden>
                                                      0.000     0.000 r  aclk
                         net (fo=909, unset)          0.432     0.432    aclk
    SLICE_X12Y33         FDRE                                         r  row1_q_reg[14]/C
                         clock pessimism              0.000     0.432    <hidden>
    SLICE_X12Y33         FDRE (Hold_fdre_C_D)         0.076     0.508    row1_q_reg[14]
  -------------------------------------------------------------------
                         required time                         -0.508    <hidden>
                         arrival time                           0.673    <hidden>
  -------------------------------------------------------------------
                         slack                                  0.166    <hidden>

Slack (MET) :             0.166ns  (arrival time - required time)
  Source:                 rowp_q_reg[8]/C
                            (rising edge-triggered cell FDRE clocked by aclk  {rise@0.000ns fall@3.367ns period=6.734ns})
  Destination:            rowB_q_reg[8]/D
                            (rising edge-triggered cell FDRE clocked by aclk  {rise@0.000ns fall@3.367ns period=6.734ns})
  Path Group:             aclk
  Path Type:              Hold (Min at Fast Process Corner)
  Requirement:            0.000ns  (aclk rise@0.000ns - aclk rise@0.000ns)
  Data Path Delay:        0.251ns  (logic 0.141ns (56.174%)  route 0.110ns (43.826%))
  Logic Levels:           0  
  Clock Path Skew:        0.022ns (DCD - SCD - CPR)
    Destination Clock Delay (DCD):    0.432ns
    Source Clock Delay      (SCD):    0.410ns
    Clock Pessimism Removal (CPR):    -0.000ns

    Location             Delay type                Incr(ns)  Path(ns)    Netlist Resource(s)
  -------------------------------------------------------------------    -------------------
                         (clock aclk rise edge)       0.000     0.000 r  <hidden>
                                                      0.000     0.000 r  aclk
                         net (fo=909, unset)          0.410     0.410    aclk
    SLICE_X13Y30         FDRE                                         r  rowp_q_reg[8]/C
  -------------------------------------------------------------------    -------------------
    SLICE_X13Y30         FDRE (Prop_fdre_C_Q)         0.141     0.551 r  rowp_q_reg[8]/Q
                         net (fo=1, routed)           0.110     0.661    rowp_q[8]
    SLICE_X12Y30         FDRE                                         r  rowB_q_reg[8]/D
  -------------------------------------------------------------------    -------------------

                         (clock aclk rise edge)       0.000     0.000 r  <hidden>
                                                      0.000     0.000 r  aclk
                         net (fo=909, unset)          0.432     0.432    aclk
    SLICE_X12Y30         FDRE                                         r  rowB_q_reg[8]/C
                         clock pessimism              0.000     0.432    <hidden>
    SLICE_X12Y30         FDRE (Hold_fdre_C_D)         0.063     0.495    rowB_q_reg[8]
  -------------------------------------------------------------------
                         required time                         -0.495    <hidden>
                         arrival time                           0.661    <hidden>
  -------------------------------------------------------------------
                         slack                                  0.166    <hidden>





Pulse Width Checks
--------------------------------------------------------------------------------------
Clock Name:         aclk
Waveform(ns):       { 0.000 3.367 }
Period(ns):         6.734
Sources:            { aclk }

Check Type        Corner  Lib Pin      Reference Pin  Required(ns)  Actual(ns)  Slack(ns)  Location      Pin
Min Period        n/a     DSP48E1/CLK  n/a            3.884         6.734       2.850      DSP48_X0Y6    pr1_reg[1]/CLK
Min Period        n/a     DSP48E1/CLK  n/a            3.884         6.734       2.850      DSP48_X0Y8    pr1_reg[2]/CLK
Min Period        n/a     DSP48E1/CLK  n/a            3.884         6.734       2.850      DSP48_X0Y7    pr1_reg[4]/CLK
Min Period        n/a     DSP48E1/CLK  n/a            3.884         6.734       2.850      DSP48_X0Y2    pr1_reg[5]/CLK
Min Period        n/a     DSP48E1/CLK  n/a            3.884         6.734       2.850      DSP48_X0Y3    pr1_reg[7]/CLK
Min Period        n/a     DSP48E1/CLK  n/a            3.884         6.734       2.850      DSP48_X1Y3    pr1_reg[8]/CLK
Min Period        n/a     DSP48E1/CLK  n/a            3.884         6.734       2.850      DSP48_X1Y6    pr2_reg[1]/CLK
Min Period        n/a     DSP48E1/CLK  n/a            3.884         6.734       2.850      DSP48_X1Y7    pr2_reg[2]/CLK
Min Period        n/a     DSP48E1/CLK  n/a            3.884         6.734       2.850      DSP48_X1Y2    pr2_reg[4]/CLK
Min Period        n/a     DSP48E1/CLK  n/a            3.884         6.734       2.850      DSP48_X2Y5    pr2_reg[7]/CLK
Min Period        n/a     DSP48E1/CLK  n/a            3.884         6.734       2.850      DSP48_X2Y3    pr2_reg[8]/CLK
Min Period        n/a     DSP48E1/CLK  n/a            3.687         6.734       3.047      DSP48_X0Y4    pr2_reg[3]/CLK
Min Period        n/a     DSP48E1/CLK  n/a            3.687         6.734       3.047      DSP48_X1Y0    pr2_reg[5]/CLK
Min Period        n/a     DSP48E1/CLK  n/a            2.154         6.734       4.580      DSP48_X1Y4    pr1_reg[0]/CLK
Min Period        n/a     DSP48E1/CLK  n/a            2.154         6.734       4.580      DSP48_X0Y5    pr1_reg[3]/CLK
Min Period        n/a     DSP48E1/CLK  n/a            2.154         6.734       4.580      DSP48_X0Y1    pr1_reg[6]/CLK
Min Period        n/a     DSP48E1/CLK  n/a            2.154         6.734       4.580      DSP48_X1Y5    pr2_reg[0]/CLK
Min Period        n/a     DSP48E1/CLK  n/a            2.154         6.734       4.580      DSP48_X1Y1    pr2_reg[6]/CLK
Min Period        n/a     FDRE/C       n/a            1.000         6.734       5.734      SLICE_X18Y28  FSM_onehot_state_reg[0]/C
Min Period        n/a     FDSE/C       n/a            1.000         6.734       5.734      SLICE_X17Y29  FSM_onehot_state_reg[1]/C
Min Period        n/a     FDRE/C       n/a            1.000         6.734       5.734      SLICE_X18Y28  FSM_onehot_state_reg[2]/C
Min Period        n/a     FDRE/C       n/a            1.000         6.734       5.734      SLICE_X17Y29  FSM_onehot_state_reg[3]/C
Min Period        n/a     FDRE/C       n/a            1.000         6.734       5.734      SLICE_X14Y7   acc1_q_reg[0]/C
Min Period        n/a     FDRE/C       n/a            1.000         6.734       5.734      SLICE_X14Y9   acc1_q_reg[10]/C
Min Period        n/a     FDRE/C       n/a            1.000         6.734       5.734      SLICE_X14Y9   acc1_q_reg[11]/C
Low Pulse Width   Slow    RAMD64E/CLK  n/a            1.250         3.367       2.117      SLICE_X20Y18  lb1_reg_0_127_0_0/DP.HIGH/CLK
Low Pulse Width   Fast    RAMD64E/CLK  n/a            1.250         3.367       2.117      SLICE_X20Y18  lb1_reg_0_127_0_0/DP.HIGH/CLK
Low Pulse Width   Slow    RAMD64E/CLK  n/a            1.250         3.367       2.117      SLICE_X20Y18  lb1_reg_0_127_0_0/DP.LOW/CLK
Low Pulse Width   Fast    RAMD64E/CLK  n/a            1.250         3.367       2.117      SLICE_X20Y18  lb1_reg_0_127_0_0/DP.LOW/CLK
Low Pulse Width   Slow    RAMD64E/CLK  n/a            1.250         3.367       2.117      SLICE_X20Y18  lb1_reg_0_127_0_0/SP.HIGH/CLK
Low Pulse Width   Fast    RAMD64E/CLK  n/a            1.250         3.367       2.117      SLICE_X20Y18  lb1_reg_0_127_0_0/SP.HIGH/CLK
Low Pulse Width   Slow    RAMD64E/CLK  n/a            1.250         3.367       2.117      SLICE_X20Y18  lb1_reg_0_127_0_0/SP.LOW/CLK
Low Pulse Width   Fast    RAMD64E/CLK  n/a            1.250         3.367       2.117      SLICE_X20Y18  lb1_reg_0_127_0_0/SP.LOW/CLK
Low Pulse Width   Slow    RAMD64E/CLK  n/a            1.250         3.367       2.117      SLICE_X18Y16  lb1_reg_0_127_1_1/DP.HIGH/CLK
Low Pulse Width   Fast    RAMD64E/CLK  n/a            1.250         3.367       2.117      SLICE_X18Y16  lb1_reg_0_127_1_1/DP.HIGH/CLK
Low Pulse Width   Slow    RAMD64E/CLK  n/a            1.250         3.367       2.117      SLICE_X18Y16  lb1_reg_0_127_1_1/DP.LOW/CLK
Low Pulse Width   Fast    RAMD64E/CLK  n/a            1.250         3.367       2.117      SLICE_X18Y16  lb1_reg_0_127_1_1/DP.LOW/CLK
Low Pulse Width   Slow    RAMD64E/CLK  n/a            1.250         3.367       2.117      SLICE_X18Y16  lb1_reg_0_127_1_1/SP.HIGH/CLK
Low Pulse Width   Fast    RAMD64E/CLK  n/a            1.250         3.367       2.117      SLICE_X18Y16  lb1_reg_0_127_1_1/SP.HIGH/CLK
Low Pulse Width   Slow    RAMD64E/CLK  n/a            1.250         3.367       2.117      SLICE_X18Y16  lb1_reg_0_127_1_1/SP.LOW/CLK
Low Pulse Width   Fast    RAMD64E/CLK  n/a            1.250         3.367       2.117      SLICE_X18Y16  lb1_reg_0_127_1_1/SP.LOW/CLK
Low Pulse Width   Slow    RAMD64E/CLK  n/a            1.250         3.367       2.117      SLICE_X22Y20  lb1_reg_0_127_2_2/DP.HIGH/CLK
Low Pulse Width   Fast    RAMD64E/CLK  n/a            1.250         3.367       2.117      SLICE_X22Y20  lb1_reg_0_127_2_2/DP.HIGH/CLK
Low Pulse Width   Slow    RAMD64E/CLK  n/a            1.250         3.367       2.117      SLICE_X22Y20  lb1_reg_0_127_2_2/DP.LOW/CLK
Low Pulse Width   Fast    RAMD64E/CLK  n/a            1.250         3.367       2.117      SLICE_X22Y20  lb1_reg_0_127_2_2/DP.LOW/CLK
Low Pulse Width   Slow    RAMD64E/CLK  n/a            1.250         3.367       2.117      SLICE_X22Y20  lb1_reg_0_127_2_2/SP.HIGH/CLK
Low Pulse Width   Fast    RAMD64E/CLK  n/a            1.250         3.367       2.117      SLICE_X22Y20  lb1_reg_0_127_2_2/SP.HIGH/CLK
Low Pulse Width   Slow    RAMD64E/CLK  n/a            1.250         3.367       2.117      SLICE_X22Y20  lb1_reg_0_127_2_2/SP.LOW/CLK
Low Pulse Width   Fast    RAMD64E/CLK  n/a            1.250         3.367       2.117      SLICE_X22Y20  lb1_reg_0_127_2_2/SP.LOW/CLK
Low Pulse Width   Slow    RAMD64E/CLK  n/a            1.250         3.367       2.117      SLICE_X22Y13  lb1_reg_0_127_3_3/DP.HIGH/CLK
High Pulse Width  Slow    RAMD64E/CLK  n/a            1.250         3.367       2.117      SLICE_X20Y18  lb1_reg_0_127_0_0/DP.HIGH/CLK
High Pulse Width  Fast    RAMD64E/CLK  n/a            1.250         3.367       2.117      SLICE_X20Y18  lb1_reg_0_127_0_0/DP.HIGH/CLK
High Pulse Width  Slow    RAMD64E/CLK  n/a            1.250         3.367       2.117      SLICE_X20Y18  lb1_reg_0_127_0_0/DP.LOW/CLK
High Pulse Width  Fast    RAMD64E/CLK  n/a            1.250         3.367       2.117      SLICE_X20Y18  lb1_reg_0_127_0_0/DP.LOW/CLK
High Pulse Width  Slow    RAMD64E/CLK  n/a            1.250         3.367       2.117      SLICE_X20Y18  lb1_reg_0_127_0_0/SP.HIGH/CLK
High Pulse Width  Fast    RAMD64E/CLK  n/a            1.250         3.367       2.117      SLICE_X20Y18  lb1_reg_0_127_0_0/SP.HIGH/CLK
High Pulse Width  Slow    RAMD64E/CLK  n/a            1.250         3.367       2.117      SLICE_X20Y18  lb1_reg_0_127_0_0/SP.LOW/CLK
High Pulse Width  Fast    RAMD64E/CLK  n/a            1.250         3.367       2.117      SLICE_X20Y18  lb1_reg_0_127_0_0/SP.LOW/CLK
High Pulse Width  Slow    RAMD64E/CLK  n/a            1.250         3.367       2.117      SLICE_X18Y16  lb1_reg_0_127_1_1/DP.HIGH/CLK
High Pulse Width  Fast    RAMD64E/CLK  n/a            1.250         3.367       2.117      SLICE_X18Y16  lb1_reg_0_127_1_1/DP.HIGH/CLK
High Pulse Width  Slow    RAMD64E/CLK  n/a            1.250         3.367       2.117      SLICE_X18Y16  lb1_reg_0_127_1_1/DP.LOW/CLK
High Pulse Width  Fast    RAMD64E/CLK  n/a            1.250         3.367       2.117      SLICE_X18Y16  lb1_reg_0_127_1_1/DP.LOW/CLK
High Pulse Width  Slow    RAMD64E/CLK  n/a            1.250         3.367       2.117      SLICE_X18Y16  lb1_reg_0_127_1_1/SP.HIGH/CLK
High Pulse Width  Fast    RAMD64E/CLK  n/a            1.250         3.367       2.117      SLICE_X18Y16  lb1_reg_0_127_1_1/SP.HIGH/CLK
High Pulse Width  Slow    RAMD64E/CLK  n/a            1.250         3.367       2.117      SLICE_X18Y16  lb1_reg_0_127_1_1/SP.LOW/CLK
High Pulse Width  Fast    RAMD64E/CLK  n/a            1.250         3.367       2.117      SLICE_X18Y16  lb1_reg_0_127_1_1/SP.LOW/CLK
High Pulse Width  Slow    RAMD64E/CLK  n/a            1.250         3.367       2.117      SLICE_X22Y20  lb1_reg_0_127_2_2/DP.HIGH/CLK
High Pulse Width  Fast    RAMD64E/CLK  n/a            1.250         3.367       2.117      SLICE_X22Y20  lb1_reg_0_127_2_2/DP.HIGH/CLK
High Pulse Width  Slow    RAMD64E/CLK  n/a            1.250         3.367       2.117      SLICE_X22Y20  lb1_reg_0_127_2_2/DP.LOW/CLK
High Pulse Width  Fast    RAMD64E/CLK  n/a            1.250         3.367       2.117      SLICE_X22Y20  lb1_reg_0_127_2_2/DP.LOW/CLK
High Pulse Width  Slow    RAMD64E/CLK  n/a            1.250         3.367       2.117      SLICE_X22Y20  lb1_reg_0_127_2_2/SP.HIGH/CLK
High Pulse Width  Fast    RAMD64E/CLK  n/a            1.250         3.367       2.117      SLICE_X22Y20  lb1_reg_0_127_2_2/SP.HIGH/CLK
High Pulse Width  Slow    RAMD64E/CLK  n/a            1.250         3.367       2.117      SLICE_X22Y20  lb1_reg_0_127_2_2/SP.LOW/CLK
High Pulse Width  Fast    RAMD64E/CLK  n/a            1.250         3.367       2.117      SLICE_X22Y20  lb1_reg_0_127_2_2/SP.LOW/CLK
High Pulse Width  Slow    RAMD64E/CLK  n/a            1.250         3.367       2.117      SLICE_X22Y13  lb1_reg_0_127_3_3/DP.HIGH/CLK



