Copyright 1986-2022 Xilinx, Inc. All Rights Reserved. Copyright 2022-2026 Advanced Micro Devices, Inc. All Rights Reserved.
---------------------------------------------------------------------------------------------------------------------------------------------
| Tool Version : Vivado v.2026.1 (win64) Build 6511674 Tue Jun 16 11:02:23 MDT 2026
| Date         : Mon Oct  5 10:28:18 2026
| Host         : <redacted> running 64-bit major release  (build 9200)
| Command      : report_timing_summary -delay_type min_max -max_paths 25 -file conv3x3_engine_W3840_tim_impl.rpt
| Design       : conv3x3_engine
| Device       : 7z020-clg400
| Speed File   : -1  PRODUCTION 1.12 2019-11-22
| Design State : Routed
---------------------------------------------------------------------------------------------------------------------------------------------

Timing Summary Report

------------------------------------------------------------------------------------------------
| Timer Settings
| --------------
------------------------------------------------------------------------------------------------

  Enable Multi Corner Analysis               :  Yes
  Enable Pessimism Removal                   :  Yes
  Pessimism Removal Resolution               :  Nearest Common Node
  Enable Input Delay Default Clock           :  No
  Enable Preset / Clear Arcs                 :  No
  Disable Flight Delays                      :  No
  Ignore I/O Paths                           :  No
  Timing Early Launch at Borrowing Latches   :  No
  Borrow Time for Max Delay Exceptions       :  Yes
  Merge Timing Exceptions                    :  Yes
  Inter-SLR Compensation                     :  Conservative

  Corner  Analyze    Analyze    
  Name    Max Paths  Min Paths  
  ------  ---------  ---------  
  Slow    Yes        Yes        
  Fast    Yes        Yes        


------------------------------------------------------------------------------------------------
| Report Methodology
| ------------------
------------------------------------------------------------------------------------------------

No report available as report_methodology has not been run prior. Run report_methodology on the current design for the summary of methodology violations.



check_timing report

Table of Contents
-----------------
1. checking no_clock (0)
2. checking constant_clock (0)
3. checking pulse_width_clock (0)
4. checking unconstrained_internal_endpoints (0)
5. checking no_input_delay (0)
6. checking no_output_delay (0)
7. checking multiple_clock (0)
8. checking generated_clocks (0)
9. checking loops (0)
10. checking partial_input_delay (0)
11. checking partial_output_delay (0)
12. checking latch_loops (0)

1. checking no_clock (0)
------------------------
 There are 0 register/latch pins with no clock.


2. checking constant_clock (0)
------------------------------
 There are 0 register/latch pins with constant_clock.


3. checking pulse_width_clock (0)
---------------------------------
 There are 0 register/latch pins which need pulse_width check


4. checking unconstrained_internal_endpoints (0)
------------------------------------------------
 There are 0 pins that are not constrained for maximum delay.

 There are 0 pins that are not constrained for maximum delay due to constant clock.


5. checking no_input_delay (0)
------------------------------
 There are 0 input ports with no input delay specified.

 There are 0 input ports with no input delay but user has a false path constraint.


6. checking no_output_delay (0)
-------------------------------
 There are 0 ports with no output delay specified.

 There are 0 ports with no output delay but user has a false path constraint

 There are 0 ports with no output delay but with a timing clock defined on it or propagating through it


7. checking multiple_clock (0)
------------------------------
 There are 0 register/latch pins with multiple clocks.


8. checking generated_clocks (0)
--------------------------------
 There are 0 generated clocks that are not connected to a clock source.


9. checking loops (0)
---------------------
 There are 0 combinational loops in the design.


10. checking partial_input_delay (0)
------------------------------------
 There are 0 input ports with partial input delay specified.


11. checking partial_output_delay (0)
-------------------------------------
 There are 0 ports with partial output delay specified.


12. checking latch_loops (0)
----------------------------
 There are 0 combinational latch loops in the design through latch input



------------------------------------------------------------------------------------------------
| Design Timing Summary
| ---------------------
------------------------------------------------------------------------------------------------

    WNS(ns)      TNS(ns)  TNS Failing Endpoints  TNS Total Endpoints      WHS(ns)      THS(ns)  THS Failing Endpoints  THS Total Endpoints     WPWS(ns)     TPWS(ns)  TPWS Failing Endpoints  TPWS Total Endpoints  
    -------      -------  ---------------------  -------------------      -------      -------  ---------------------  -------------------     --------     --------  ----------------------  --------------------  
     -0.273       -5.045                     71                21648        0.039        0.000                      0                21648        2.117        0.000                       0                  3019  


Timing constraints are not met.


------------------------------------------------------------------------------------------------
| Clock Summary
| -------------
------------------------------------------------------------------------------------------------

Clock  Waveform(ns)         Period(ns)      Frequency(MHz)
-----  ------------         ----------      --------------
aclk   {0.000 3.367}        6.734           148.500         


------------------------------------------------------------------------------------------------
| Intra Clock Table
| -----------------
------------------------------------------------------------------------------------------------

Clock             WNS(ns)      TNS(ns)  TNS Failing Endpoints  TNS Total Endpoints      WHS(ns)      THS(ns)  THS Failing Endpoints  THS Total Endpoints     WPWS(ns)     TPWS(ns)  TPWS Failing Endpoints  TPWS Total Endpoints  
-----             -------      -------  ---------------------  -------------------      -------      -------  ---------------------  -------------------     --------     --------  ----------------------  --------------------  
aclk               -0.273       -5.045                     71                21648        0.039        0.000                      0                21648        2.117        0.000                       0                  3019  


------------------------------------------------------------------------------------------------
| Inter Clock Table
| -----------------
------------------------------------------------------------------------------------------------

From Clock    To Clock          WNS(ns)      TNS(ns)  TNS Failing Endpoints  TNS Total Endpoints      WHS(ns)      THS(ns)  THS Failing Endpoints  THS Total Endpoints  
----------    --------          -------      -------  ---------------------  -------------------      -------      -------  ---------------------  -------------------  


------------------------------------------------------------------------------------------------
| Other Path Groups Table
| -----------------------
------------------------------------------------------------------------------------------------

Path Group    From Clock    To Clock          WNS(ns)      TNS(ns)  TNS Failing Endpoints  TNS Total Endpoints      WHS(ns)      THS(ns)  THS Failing Endpoints  THS Total Endpoints  
----------    ----------    --------          -------      -------  ---------------------  -------------------      -------      -------  ---------------------  -------------------  


------------------------------------------------------------------------------------------------
| Timing Details
| --------------
------------------------------------------------------------------------------------------------


---------------------------------------------------------------------------------------------------
From Clock:  aclk
  To Clock:  aclk

Setup :           71  Failing Endpoints,  Worst Slack       -0.273ns,  Total Violation       -5.045ns
Hold  :            0  Failing Endpoints,  Worst Slack        0.039ns,  Total Violation        0.000ns
PW    :            0  Failing Endpoints,  Worst Slack        2.117ns,  Total Violation        0.000ns
---------------------------------------------------------------------------------------------------


Max Delay Paths
--------------------------------------------------------------------------------------
Slack (VIOLATED) :        -0.273ns  (required time - arrival time)
  Source:                 col_in_reg[0]_rep__2/C
                            (rising edge-triggered cell FDRE clocked by aclk  {rise@0.000ns fall@3.367ns period=6.734ns})
  Destination:            lb2_reg_3072_3199_4_4/DP.HIGH/I
                            (rising edge-triggered cell RAMD64E clocked by aclk  {rise@0.000ns fall@3.367ns period=6.734ns})
  Path Group:             aclk
  Path Type:              Setup (Max at Slow Process Corner)
  Requirement:            6.734ns  (aclk rise@6.734ns - aclk rise@0.000ns)
  Data Path Delay:        6.198ns  (logic 1.630ns (26.300%)  route 4.568ns (73.700%))
  Logic Levels:           5  (LUT6=2 MUXF7=2 RAMD64E=1)
  Clock Path Skew:        -0.049ns (DCD - SCD + CPR)
    Destination Clock Delay (DCD):    0.924ns = ( 7.658 - 6.734 ) 
    Source Clock Delay      (SCD):    0.973ns
    Clock Pessimism Removal (CPR):    0.000ns
  Clock Uncertainty:      0.035ns  ((TSJ^2 + TIJ^2)^1/2 + DJ) / 2 + PE
    Total System Jitter     (TSJ):    0.071ns
    Total Input Jitter      (TIJ):    0.000ns
    Discrete Jitter          (DJ):    0.000ns
    Phase Error              (PE):    0.000ns

    Location             Delay type                Incr(ns)  Path(ns)    Netlist Resource(s)
  -------------------------------------------------------------------    -------------------
                         (clock aclk rise edge)       0.000     0.000 r  <hidden>
                                                      0.000     0.000 r  aclk
                         net (fo=3018, unset)         0.973     0.973    aclk
    SLICE_X29Y24         FDRE                                         r  col_in_reg[0]_rep__2/C
  -------------------------------------------------------------------    -------------------
    SLICE_X29Y24         FDRE (Prop_fdre_C_Q)         0.456     1.429 r  col_in_reg[0]_rep__2/Q
                         net (fo=192, routed)         1.407     2.836    lb1_reg_2432_2559_4_4/A0
    SLICE_X20Y23         RAMD64E (Prop_ramd64e_RADR0_O)
                                                      0.124     2.960 r  lb1_reg_2432_2559_4_4/SP.LOW/O
                         net (fo=1, routed)           0.000     2.960    lb1_reg_2432_2559_4_4/SPO0
    SLICE_X20Y23         MUXF7 (Prop_muxf7_I0_O)      0.241     3.201 r  lb1_reg_2432_2559_4_4/F7.SP/O
                         net (fo=1, routed)           0.938     4.139    lb1_reg_2432_2559_4_4_n_1
    SLICE_X21Y20         LUT6 (Prop_lut6_I0_O)        0.298     4.437 r  lb2_reg_0_127_4_4_i_8/O
                         net (fo=1, routed)           0.000     4.437    lb2_reg_0_127_4_4_i_8_n_0
    SLICE_X21Y20         MUXF7 (Prop_muxf7_I0_O)      0.212     4.649 r  lb2_reg_0_127_4_4_i_3/O
                         net (fo=1, routed)           0.792     5.440    lb2_reg_0_127_4_4_i_3_n_0
    SLICE_X23Y19         LUT6 (Prop_lut6_I1_O)        0.299     5.739 r  lb2_reg_0_127_4_4_i_1/O
                         net (fo=130, routed)         1.431     7.171    lb2_reg_3072_3199_4_4/D
    SLICE_X10Y3          RAMD64E                                      r  lb2_reg_3072_3199_4_4/DP.HIGH/I
  -------------------------------------------------------------------    -------------------

                         (clock aclk rise edge)       6.734     6.734 r  <hidden>
                                                      0.000     6.734 r  aclk
                         net (fo=3018, unset)         0.924     7.658    lb2_reg_3072_3199_4_4/WCLK
    SLICE_X10Y3          RAMD64E                                      r  lb2_reg_3072_3199_4_4/DP.HIGH/CLK
                         clock pessimism              0.000     7.658    <hidden>
                         clock uncertainty           -0.035     7.623    <hidden>
    SLICE_X10Y3          RAMD64E (Setup_ramd64e_CLK_I)
                                                     -0.725     6.898    lb2_reg_3072_3199_4_4/DP.HIGH
  -------------------------------------------------------------------
                         required time                          6.898    <hidden>
                         arrival time                          -7.171    <hidden>
  -------------------------------------------------------------------
                         slack                                 -0.273    <hidden>

Slack (VIOLATED) :        -0.241ns  (required time - arrival time)
  Source:                 col_in_reg[0]_rep__2/C
                            (rising edge-triggered cell FDRE clocked by aclk  {rise@0.000ns fall@3.367ns period=6.734ns})
  Destination:            lb2_reg_3712_3839_4_4/DP.HIGH/I
                            (rising edge-triggered cell RAMD64E clocked by aclk  {rise@0.000ns fall@3.367ns period=6.734ns})
  Path Group:             aclk
  Path Type:              Setup (Max at Slow Process Corner)
  Requirement:            6.734ns  (aclk rise@6.734ns - aclk rise@0.000ns)
  Data Path Delay:        6.166ns  (logic 1.630ns (26.436%)  route 4.536ns (73.564%))
  Logic Levels:           5  (LUT6=2 MUXF7=2 RAMD64E=1)
  Clock Path Skew:        -0.049ns (DCD - SCD + CPR)
    Destination Clock Delay (DCD):    0.924ns = ( 7.658 - 6.734 ) 
    Source Clock Delay      (SCD):    0.973ns
    Clock Pessimism Removal (CPR):    0.000ns
  Clock Uncertainty:      0.035ns  ((TSJ^2 + TIJ^2)^1/2 + DJ) / 2 + PE
    Total System Jitter     (TSJ):    0.071ns
    Total Input Jitter      (TIJ):    0.000ns
    Discrete Jitter          (DJ):    0.000ns
    Phase Error              (PE):    0.000ns

    Location             Delay type                Incr(ns)  Path(ns)    Netlist Resource(s)
  -------------------------------------------------------------------    -------------------
                         (clock aclk rise edge)       0.000     0.000 r  <hidden>
                                                      0.000     0.000 r  aclk
                         net (fo=3018, unset)         0.973     0.973    aclk
    SLICE_X29Y24         FDRE                                         r  col_in_reg[0]_rep__2/C
  -------------------------------------------------------------------    -------------------
    SLICE_X29Y24         FDRE (Prop_fdre_C_Q)         0.456     1.429 r  col_in_reg[0]_rep__2/Q
                         net (fo=192, routed)         1.407     2.836    lb1_reg_2432_2559_4_4/A0
    SLICE_X20Y23         RAMD64E (Prop_ramd64e_RADR0_O)
                                                      0.124     2.960 r  lb1_reg_2432_2559_4_4/SP.LOW/O
                         net (fo=1, routed)           0.000     2.960    lb1_reg_2432_2559_4_4/SPO0
    SLICE_X20Y23         MUXF7 (Prop_muxf7_I0_O)      0.241     3.201 r  lb1_reg_2432_2559_4_4/F7.SP/O
                         net (fo=1, routed)           0.938     4.139    lb1_reg_2432_2559_4_4_n_1
    SLICE_X21Y20         LUT6 (Prop_lut6_I0_O)        0.298     4.437 r  lb2_reg_0_127_4_4_i_8/O
                         net (fo=1, routed)           0.000     4.437    lb2_reg_0_127_4_4_i_8_n_0
    SLICE_X21Y20         MUXF7 (Prop_muxf7_I0_O)      0.212     4.649 r  lb2_reg_0_127_4_4_i_3/O
                         net (fo=1, routed)           0.792     5.440    lb2_reg_0_127_4_4_i_3_n_0
    SLICE_X23Y19         LUT6 (Prop_lut6_I1_O)        0.299     5.739 r  lb2_reg_0_127_4_4_i_1/O
                         net (fo=130, routed)         1.399     7.139    lb2_reg_3712_3839_4_4/D
    SLICE_X10Y0          RAMD64E                                      r  lb2_reg_3712_3839_4_4/DP.HIGH/I
  -------------------------------------------------------------------    -------------------

                         (clock aclk rise edge)       6.734     6.734 r  <hidden>
                                                      0.000     6.734 r  aclk
                         net (fo=3018, unset)         0.924     7.658    lb2_reg_3712_3839_4_4/WCLK
    SLICE_X10Y0          RAMD64E                                      r  lb2_reg_3712_3839_4_4/DP.HIGH/CLK
                         clock pessimism              0.000     7.658    <hidden>
                         clock uncertainty           -0.035     7.623    <hidden>
    SLICE_X10Y0          RAMD64E (Setup_ramd64e_CLK_I)
                                                     -0.725     6.898    lb2_reg_3712_3839_4_4/DP.HIGH
  -------------------------------------------------------------------
                         required time                          6.898    <hidden>
                         arrival time                          -7.139    <hidden>
  -------------------------------------------------------------------
                         slack                                 -0.241    <hidden>

Slack (VIOLATED) :        -0.201ns  (required time - arrival time)
  Source:                 col_in_reg[0]_rep__2/C
                            (rising edge-triggered cell FDRE clocked by aclk  {rise@0.000ns fall@3.367ns period=6.734ns})
  Destination:            lb2_reg_3200_3327_4_4/DP.HIGH/I
                            (rising edge-triggered cell RAMD64E clocked by aclk  {rise@0.000ns fall@3.367ns period=6.734ns})
  Path Group:             aclk
  Path Type:              Setup (Max at Slow Process Corner)
  Requirement:            6.734ns  (aclk rise@6.734ns - aclk rise@0.000ns)
  Data Path Delay:        6.126ns  (logic 1.630ns (26.607%)  route 4.496ns (73.393%))
  Logic Levels:           5  (LUT6=2 MUXF7=2 RAMD64E=1)
  Clock Path Skew:        -0.049ns (DCD - SCD + CPR)
    Destination Clock Delay (DCD):    0.924ns = ( 7.658 - 6.734 ) 
    Source Clock Delay      (SCD):    0.973ns
    Clock Pessimism Removal (CPR):    0.000ns
  Clock Uncertainty:      0.035ns  ((TSJ^2 + TIJ^2)^1/2 + DJ) / 2 + PE
    Total System Jitter     (TSJ):    0.071ns
    Total Input Jitter      (TIJ):    0.000ns
    Discrete Jitter          (DJ):    0.000ns
    Phase Error              (PE):    0.000ns

    Location             Delay type                Incr(ns)  Path(ns)    Netlist Resource(s)
  -------------------------------------------------------------------    -------------------
                         (clock aclk rise edge)       0.000     0.000 r  <hidden>
                                                      0.000     0.000 r  aclk
                         net (fo=3018, unset)         0.973     0.973    aclk
    SLICE_X29Y24         FDRE                                         r  col_in_reg[0]_rep__2/C
  -------------------------------------------------------------------    -------------------
    SLICE_X29Y24         FDRE (Prop_fdre_C_Q)         0.456     1.429 r  col_in_reg[0]_rep__2/Q
                         net (fo=192, routed)         1.407     2.836    lb1_reg_2432_2559_4_4/A0
    SLICE_X20Y23         RAMD64E (Prop_ramd64e_RADR0_O)
                                                      0.124     2.960 r  lb1_reg_2432_2559_4_4/SP.LOW/O
                         net (fo=1, routed)           0.000     2.960    lb1_reg_2432_2559_4_4/SPO0
    SLICE_X20Y23         MUXF7 (Prop_muxf7_I0_O)      0.241     3.201 r  lb1_reg_2432_2559_4_4/F7.SP/O
                         net (fo=1, routed)           0.938     4.139    lb1_reg_2432_2559_4_4_n_1
    SLICE_X21Y20         LUT6 (Prop_lut6_I0_O)        0.298     4.437 r  lb2_reg_0_127_4_4_i_8/O
                         net (fo=1, routed)           0.000     4.437    lb2_reg_0_127_4_4_i_8_n_0
    SLICE_X21Y20         MUXF7 (Prop_muxf7_I0_O)      0.212     4.649 r  lb2_reg_0_127_4_4_i_3/O
                         net (fo=1, routed)           0.792     5.440    lb2_reg_0_127_4_4_i_3_n_0
    SLICE_X23Y19         LUT6 (Prop_lut6_I1_O)        0.299     5.739 r  lb2_reg_0_127_4_4_i_1/O
                         net (fo=130, routed)         1.360     7.099    lb2_reg_3200_3327_4_4/D
    SLICE_X10Y1          RAMD64E                                      r  lb2_reg_3200_3327_4_4/DP.HIGH/I
  -------------------------------------------------------------------    -------------------

                         (clock aclk rise edge)       6.734     6.734 r  <hidden>
                                                      0.000     6.734 r  aclk
                         net (fo=3018, unset)         0.924     7.658    lb2_reg_3200_3327_4_4/WCLK
    SLICE_X10Y1          RAMD64E                                      r  lb2_reg_3200_3327_4_4/DP.HIGH/CLK
                         clock pessimism              0.000     7.658    <hidden>
                         clock uncertainty           -0.035     7.623    <hidden>
    SLICE_X10Y1          RAMD64E (Setup_ramd64e_CLK_I)
                                                     -0.725     6.898    lb2_reg_3200_3327_4_4/DP.HIGH
  -------------------------------------------------------------------
                         required time                          6.898    <hidden>
                         arrival time                          -7.099    <hidden>
  -------------------------------------------------------------------
                         slack                                 -0.201    <hidden>

Slack (VIOLATED) :        -0.196ns  (required time - arrival time)
  Source:                 col_in_reg[0]_rep__2/C
                            (rising edge-triggered cell FDRE clocked by aclk  {rise@0.000ns fall@3.367ns period=6.734ns})
  Destination:            lb2_reg_2048_2175_4_4/DP.HIGH/I
                            (rising edge-triggered cell RAMD64E clocked by aclk  {rise@0.000ns fall@3.367ns period=6.734ns})
  Path Group:             aclk
  Path Type:              Setup (Max at Slow Process Corner)
  Requirement:            6.734ns  (aclk rise@6.734ns - aclk rise@0.000ns)
  Data Path Delay:        6.121ns  (logic 1.630ns (26.632%)  route 4.491ns (73.368%))
  Logic Levels:           5  (LUT6=2 MUXF7=2 RAMD64E=1)
  Clock Path Skew:        -0.049ns (DCD - SCD + CPR)
    Destination Clock Delay (DCD):    0.924ns = ( 7.658 - 6.734 ) 
    Source Clock Delay      (SCD):    0.973ns
    Clock Pessimism Removal (CPR):    0.000ns
  Clock Uncertainty:      0.035ns  ((TSJ^2 + TIJ^2)^1/2 + DJ) / 2 + PE
    Total System Jitter     (TSJ):    0.071ns
    Total Input Jitter      (TIJ):    0.000ns
    Discrete Jitter          (DJ):    0.000ns
    Phase Error              (PE):    0.000ns

    Location             Delay type                Incr(ns)  Path(ns)    Netlist Resource(s)
  -------------------------------------------------------------------    -------------------
                         (clock aclk rise edge)       0.000     0.000 r  <hidden>
                                                      0.000     0.000 r  aclk
                         net (fo=3018, unset)         0.973     0.973    aclk
    SLICE_X29Y24         FDRE                                         r  col_in_reg[0]_rep__2/C
  -------------------------------------------------------------------    -------------------
    SLICE_X29Y24         FDRE (Prop_fdre_C_Q)         0.456     1.429 r  col_in_reg[0]_rep__2/Q
                         net (fo=192, routed)         1.407     2.836    lb1_reg_2432_2559_4_4/A0
    SLICE_X20Y23         RAMD64E (Prop_ramd64e_RADR0_O)
                                                      0.124     2.960 r  lb1_reg_2432_2559_4_4/SP.LOW/O
                         net (fo=1, routed)           0.000     2.960    lb1_reg_2432_2559_4_4/SPO0
    SLICE_X20Y23         MUXF7 (Prop_muxf7_I0_O)      0.241     3.201 r  lb1_reg_2432_2559_4_4/F7.SP/O
                         net (fo=1, routed)           0.938     4.139    lb1_reg_2432_2559_4_4_n_1
    SLICE_X21Y20         LUT6 (Prop_lut6_I0_O)        0.298     4.437 r  lb2_reg_0_127_4_4_i_8/O
                         net (fo=1, routed)           0.000     4.437    lb2_reg_0_127_4_4_i_8_n_0
    SLICE_X21Y20         MUXF7 (Prop_muxf7_I0_O)      0.212     4.649 r  lb2_reg_0_127_4_4_i_3/O
                         net (fo=1, routed)           0.792     5.440    lb2_reg_0_127_4_4_i_3_n_0
    SLICE_X23Y19         LUT6 (Prop_lut6_I1_O)        0.299     5.739 r  lb2_reg_0_127_4_4_i_1/O
                         net (fo=130, routed)         1.354     7.094    lb2_reg_2048_2175_4_4/D
    SLICE_X26Y4          RAMD64E                                      r  lb2_reg_2048_2175_4_4/DP.HIGH/I
  -------------------------------------------------------------------    -------------------

                         (clock aclk rise edge)       6.734     6.734 r  <hidden>
                                                      0.000     6.734 r  aclk
                         net (fo=3018, unset)         0.924     7.658    lb2_reg_2048_2175_4_4/WCLK
    SLICE_X26Y4          RAMD64E                                      r  lb2_reg_2048_2175_4_4/DP.HIGH/CLK
                         clock pessimism              0.000     7.658    <hidden>
                         clock uncertainty           -0.035     7.623    <hidden>
    SLICE_X26Y4          RAMD64E (Setup_ramd64e_CLK_I)
                                                     -0.725     6.898    lb2_reg_2048_2175_4_4/DP.HIGH
  -------------------------------------------------------------------
                         required time                          6.898    <hidden>
                         arrival time                          -7.094    <hidden>
  -------------------------------------------------------------------
                         slack                                 -0.196    <hidden>

Slack (VIOLATED) :        -0.188ns  (required time - arrival time)
  Source:                 col_in_reg[0]_rep__2/C
                            (rising edge-triggered cell FDRE clocked by aclk  {rise@0.000ns fall@3.367ns period=6.734ns})
  Destination:            lb2_reg_3584_3711_4_4/DP.HIGH/I
                            (rising edge-triggered cell RAMD64E clocked by aclk  {rise@0.000ns fall@3.367ns period=6.734ns})
  Path Group:             aclk
  Path Type:              Setup (Max at Slow Process Corner)
  Requirement:            6.734ns  (aclk rise@6.734ns - aclk rise@0.000ns)
  Data Path Delay:        6.113ns  (logic 1.630ns (26.662%)  route 4.483ns (73.338%))
  Logic Levels:           5  (LUT6=2 MUXF7=2 RAMD64E=1)
  Clock Path Skew:        -0.049ns (DCD - SCD + CPR)
    Destination Clock Delay (DCD):    0.924ns = ( 7.658 - 6.734 ) 
    Source Clock Delay      (SCD):    0.973ns
    Clock Pessimism Removal (CPR):    0.000ns
  Clock Uncertainty:      0.035ns  ((TSJ^2 + TIJ^2)^1/2 + DJ) / 2 + PE
    Total System Jitter     (TSJ):    0.071ns
    Total Input Jitter      (TIJ):    0.000ns
    Discrete Jitter          (DJ):    0.000ns
    Phase Error              (PE):    0.000ns

    Location             Delay type                Incr(ns)  Path(ns)    Netlist Resource(s)
  -------------------------------------------------------------------    -------------------
                         (clock aclk rise edge)       0.000     0.000 r  <hidden>
                                                      0.000     0.000 r  aclk
                         net (fo=3018, unset)         0.973     0.973    aclk
    SLICE_X29Y24         FDRE                                         r  col_in_reg[0]_rep__2/C
  -------------------------------------------------------------------    -------------------
    SLICE_X29Y24         FDRE (Prop_fdre_C_Q)         0.456     1.429 r  col_in_reg[0]_rep__2/Q
                         net (fo=192, routed)         1.407     2.836    lb1_reg_2432_2559_4_4/A0
    SLICE_X20Y23         RAMD64E (Prop_ramd64e_RADR0_O)
                                                      0.124     2.960 r  lb1_reg_2432_2559_4_4/SP.LOW/O
                         net (fo=1, routed)           0.000     2.960    lb1_reg_2432_2559_4_4/SPO0
    SLICE_X20Y23         MUXF7 (Prop_muxf7_I0_O)      0.241     3.201 r  lb1_reg_2432_2559_4_4/F7.SP/O
                         net (fo=1, routed)           0.938     4.139    lb1_reg_2432_2559_4_4_n_1
    SLICE_X21Y20         LUT6 (Prop_lut6_I0_O)        0.298     4.437 r  lb2_reg_0_127_4_4_i_8/O
                         net (fo=1, routed)           0.000     4.437    lb2_reg_0_127_4_4_i_8_n_0
    SLICE_X21Y20         MUXF7 (Prop_muxf7_I0_O)      0.212     4.649 r  lb2_reg_0_127_4_4_i_3/O
                         net (fo=1, routed)           0.792     5.440    lb2_reg_0_127_4_4_i_3_n_0
    SLICE_X23Y19         LUT6 (Prop_lut6_I1_O)        0.299     5.739 r  lb2_reg_0_127_4_4_i_1/O
                         net (fo=130, routed)         1.347     7.086    lb2_reg_3584_3711_4_4/D
    SLICE_X8Y1           RAMD64E                                      r  lb2_reg_3584_3711_4_4/DP.HIGH/I
  -------------------------------------------------------------------    -------------------

                         (clock aclk rise edge)       6.734     6.734 r  <hidden>
                                                      0.000     6.734 r  aclk
                         net (fo=3018, unset)         0.924     7.658    lb2_reg_3584_3711_4_4/WCLK
    SLICE_X8Y1           RAMD64E                                      r  lb2_reg_3584_3711_4_4/DP.HIGH/CLK
                         clock pessimism              0.000     7.658    <hidden>
                         clock uncertainty           -0.035     7.623    <hidden>
    SLICE_X8Y1           RAMD64E (Setup_ramd64e_CLK_I)
                                                     -0.725     6.898    lb2_reg_3584_3711_4_4/DP.HIGH
  -------------------------------------------------------------------
                         required time                          6.898    <hidden>
                         arrival time                          -7.086    <hidden>
  -------------------------------------------------------------------
                         slack                                 -0.188    <hidden>

Slack (VIOLATED) :        -0.175ns  (required time - arrival time)
  Source:                 col_in_reg[0]_rep__2/C
                            (rising edge-triggered cell FDRE clocked by aclk  {rise@0.000ns fall@3.367ns period=6.734ns})
  Destination:            lb2_reg_3968_4095_4_4/DP.HIGH/I
                            (rising edge-triggered cell RAMD64E clocked by aclk  {rise@0.000ns fall@3.367ns period=6.734ns})
  Path Group:             aclk
  Path Type:              Setup (Max at Slow Process Corner)
  Requirement:            6.734ns  (aclk rise@6.734ns - aclk rise@0.000ns)
  Data Path Delay:        6.100ns  (logic 1.630ns (26.722%)  route 4.470ns (73.278%))
  Logic Levels:           5  (LUT6=2 MUXF7=2 RAMD64E=1)
  Clock Path Skew:        -0.049ns (DCD - SCD + CPR)
    Destination Clock Delay (DCD):    0.924ns = ( 7.658 - 6.734 ) 
    Source Clock Delay      (SCD):    0.973ns
    Clock Pessimism Removal (CPR):    0.000ns
  Clock Uncertainty:      0.035ns  ((TSJ^2 + TIJ^2)^1/2 + DJ) / 2 + PE
    Total System Jitter     (TSJ):    0.071ns
    Total Input Jitter      (TIJ):    0.000ns
    Discrete Jitter          (DJ):    0.000ns
    Phase Error              (PE):    0.000ns

    Location             Delay type                Incr(ns)  Path(ns)    Netlist Resource(s)
  -------------------------------------------------------------------    -------------------
                         (clock aclk rise edge)       0.000     0.000 r  <hidden>
                                                      0.000     0.000 r  aclk
                         net (fo=3018, unset)         0.973     0.973    aclk
    SLICE_X29Y24         FDRE                                         r  col_in_reg[0]_rep__2/C
  -------------------------------------------------------------------    -------------------
    SLICE_X29Y24         FDRE (Prop_fdre_C_Q)         0.456     1.429 r  col_in_reg[0]_rep__2/Q
                         net (fo=192, routed)         1.407     2.836    lb1_reg_2432_2559_4_4/A0
    SLICE_X20Y23         RAMD64E (Prop_ramd64e_RADR0_O)
                                                      0.124     2.960 r  lb1_reg_2432_2559_4_4/SP.LOW/O
                         net (fo=1, routed)           0.000     2.960    lb1_reg_2432_2559_4_4/SPO0
    SLICE_X20Y23         MUXF7 (Prop_muxf7_I0_O)      0.241     3.201 r  lb1_reg_2432_2559_4_4/F7.SP/O
                         net (fo=1, routed)           0.938     4.139    lb1_reg_2432_2559_4_4_n_1
    SLICE_X21Y20         LUT6 (Prop_lut6_I0_O)        0.298     4.437 r  lb2_reg_0_127_4_4_i_8/O
                         net (fo=1, routed)           0.000     4.437    lb2_reg_0_127_4_4_i_8_n_0
    SLICE_X21Y20         MUXF7 (Prop_muxf7_I0_O)      0.212     4.649 r  lb2_reg_0_127_4_4_i_3/O
                         net (fo=1, routed)           0.792     5.440    lb2_reg_0_127_4_4_i_3_n_0
    SLICE_X23Y19         LUT6 (Prop_lut6_I1_O)        0.299     5.739 r  lb2_reg_0_127_4_4_i_1/O
                         net (fo=130, routed)         1.333     7.073    lb2_reg_3968_4095_4_4/D
    SLICE_X12Y3          RAMD64E                                      r  lb2_reg_3968_4095_4_4/DP.HIGH/I
  -------------------------------------------------------------------    -------------------

                         (clock aclk rise edge)       6.734     6.734 r  <hidden>
                                                      0.000     6.734 r  aclk
                         net (fo=3018, unset)         0.924     7.658    lb2_reg_3968_4095_4_4/WCLK
    SLICE_X12Y3          RAMD64E                                      r  lb2_reg_3968_4095_4_4/DP.HIGH/CLK
                         clock pessimism              0.000     7.658    <hidden>
                         clock uncertainty           -0.035     7.623    <hidden>
    SLICE_X12Y3          RAMD64E (Setup_ramd64e_CLK_I)
                                                     -0.725     6.898    lb2_reg_3968_4095_4_4/DP.HIGH
  -------------------------------------------------------------------
                         required time                          6.898    <hidden>
                         arrival time                          -7.073    <hidden>
  -------------------------------------------------------------------
                         slack                                 -0.175    <hidden>

Slack (VIOLATED) :        -0.149ns  (required time - arrival time)
  Source:                 col_in_reg[0]_rep__2/C
                            (rising edge-triggered cell FDRE clocked by aclk  {rise@0.000ns fall@3.367ns period=6.734ns})
  Destination:            lb2_reg_896_1023_4_4/DP.HIGH/I
                            (rising edge-triggered cell RAMD64E clocked by aclk  {rise@0.000ns fall@3.367ns period=6.734ns})
  Path Group:             aclk
  Path Type:              Setup (Max at Slow Process Corner)
  Requirement:            6.734ns  (aclk rise@6.734ns - aclk rise@0.000ns)
  Data Path Delay:        6.074ns  (logic 1.630ns (26.835%)  route 4.444ns (73.165%))
  Logic Levels:           5  (LUT6=2 MUXF7=2 RAMD64E=1)
  Clock Path Skew:        -0.049ns (DCD - SCD + CPR)
    Destination Clock Delay (DCD):    0.924ns = ( 7.658 - 6.734 ) 
    Source Clock Delay      (SCD):    0.973ns
    Clock Pessimism Removal (CPR):    0.000ns
  Clock Uncertainty:      0.035ns  ((TSJ^2 + TIJ^2)^1/2 + DJ) / 2 + PE
    Total System Jitter     (TSJ):    0.071ns
    Total Input Jitter      (TIJ):    0.000ns
    Discrete Jitter          (DJ):    0.000ns
    Phase Error              (PE):    0.000ns

    Location             Delay type                Incr(ns)  Path(ns)    Netlist Resource(s)
  -------------------------------------------------------------------    -------------------
                         (clock aclk rise edge)       0.000     0.000 r  <hidden>
                                                      0.000     0.000 r  aclk
                         net (fo=3018, unset)         0.973     0.973    aclk
    SLICE_X29Y24         FDRE                                         r  col_in_reg[0]_rep__2/C
  -------------------------------------------------------------------    -------------------
    SLICE_X29Y24         FDRE (Prop_fdre_C_Q)         0.456     1.429 r  col_in_reg[0]_rep__2/Q
                         net (fo=192, routed)         1.407     2.836    lb1_reg_2432_2559_4_4/A0
    SLICE_X20Y23         RAMD64E (Prop_ramd64e_RADR0_O)
                                                      0.124     2.960 r  lb1_reg_2432_2559_4_4/SP.LOW/O
                         net (fo=1, routed)           0.000     2.960    lb1_reg_2432_2559_4_4/SPO0
    SLICE_X20Y23         MUXF7 (Prop_muxf7_I0_O)      0.241     3.201 r  lb1_reg_2432_2559_4_4/F7.SP/O
                         net (fo=1, routed)           0.938     4.139    lb1_reg_2432_2559_4_4_n_1
    SLICE_X21Y20         LUT6 (Prop_lut6_I0_O)        0.298     4.437 r  lb2_reg_0_127_4_4_i_8/O
                         net (fo=1, routed)           0.000     4.437    lb2_reg_0_127_4_4_i_8_n_0
    SLICE_X21Y20         MUXF7 (Prop_muxf7_I0_O)      0.212     4.649 r  lb2_reg_0_127_4_4_i_3/O
                         net (fo=1, routed)           0.792     5.440    lb2_reg_0_127_4_4_i_3_n_0
    SLICE_X23Y19         LUT6 (Prop_lut6_I1_O)        0.299     5.739 r  lb2_reg_0_127_4_4_i_1/O
                         net (fo=130, routed)         1.308     7.047    lb2_reg_896_1023_4_4/D
    SLICE_X30Y6          RAMD64E                                      r  lb2_reg_896_1023_4_4/DP.HIGH/I
  -------------------------------------------------------------------    -------------------

                         (clock aclk rise edge)       6.734     6.734 r  <hidden>
                                                      0.000     6.734 r  aclk
                         net (fo=3018, unset)         0.924     7.658    lb2_reg_896_1023_4_4/WCLK
    SLICE_X30Y6          RAMD64E                                      r  lb2_reg_896_1023_4_4/DP.HIGH/CLK
                         clock pessimism              0.000     7.658    <hidden>
                         clock uncertainty           -0.035     7.623    <hidden>
    SLICE_X30Y6          RAMD64E (Setup_ramd64e_CLK_I)
                                                     -0.725     6.898    lb2_reg_896_1023_4_4/DP.HIGH
  -------------------------------------------------------------------
                         required time                          6.898    <hidden>
                         arrival time                          -7.047    <hidden>
  -------------------------------------------------------------------
                         slack                                 -0.149    <hidden>

Slack (VIOLATED) :        -0.147ns  (required time - arrival time)
  Source:                 s_axil_araddr[1]
                            (input port clocked by aclk  {rise@0.000ns fall@3.367ns period=6.734ns})
  Destination:            s_axil_rdata_reg[2]/R
                            (rising edge-triggered cell FDRE clocked by aclk  {rise@0.000ns fall@3.367ns period=6.734ns})
  Path Group:             aclk
  Path Type:              Setup (Max at Slow Process Corner)
  Requirement:            6.734ns  (aclk rise@6.734ns - aclk rise@0.000ns)
  Data Path Delay:        5.341ns  (logic 0.954ns (17.862%)  route 4.387ns (82.138%))
  Logic Levels:           4  (LUT2=2 LUT6=2)
  Input Delay:            2.000ns
  Clock Path Skew:        0.924ns (DCD - SCD + CPR)
    Destination Clock Delay (DCD):    0.924ns = ( 7.658 - 6.734 ) 
    Source Clock Delay      (SCD):    0.000ns
    Clock Pessimism Removal (CPR):    0.000ns
  Clock Uncertainty:      0.035ns  ((TSJ^2 + TIJ^2)^1/2 + DJ) / 2 + PE
    Total System Jitter     (TSJ):    0.071ns
    Total Input Jitter      (TIJ):    0.000ns
    Discrete Jitter          (DJ):    0.000ns
    Phase Error              (PE):    0.000ns

    Location             Delay type                Incr(ns)  Path(ns)    Netlist Resource(s)
  -------------------------------------------------------------------    -------------------
                         (clock aclk rise edge)       0.000     0.000 r  <hidden>
                         input delay                  2.000     2.000    <hidden>
                                                      0.000     2.000 r  s_axil_araddr[1]
                         net (fo=2, unset)            0.973     2.973    s_axil_araddr[1]
    SLICE_X50Y6          LUT2 (Prop_lut2_I1_O)        0.148     3.121 r  s_axil_rdata[3]_i_4/O
                         net (fo=7, routed)           1.110     4.231    s_axil_rdata[3]_i_4_n_0
    SLICE_X51Y4          LUT6 (Prop_lut6_I0_O)        0.328     4.559 f  s_axil_rdata[6]_i_3/O
                         net (fo=10, routed)          0.883     5.442    s_axil_rdata1
    SLICE_X50Y3          LUT2 (Prop_lut2_I1_O)        0.150     5.592 r  s_axil_rdata[7]_i_4/O
                         net (fo=4, routed)           0.792     6.384    s_axil_rdata__0[31]
    SLICE_X51Y3          LUT6 (Prop_lut6_I0_O)        0.328     6.712 r  s_axil_rdata[7]_i_1/O
                         net (fo=5, routed)           0.629     7.341    s_axil_rdata[7]_i_1_n_0
    SLICE_X51Y4          FDRE                                         r  s_axil_rdata_reg[2]/R
  -------------------------------------------------------------------    -------------------

                         (clock aclk rise edge)       6.734     6.734 r  <hidden>
                                                      0.000     6.734 r  aclk
                         net (fo=3018, unset)         0.924     7.658    aclk
    SLICE_X51Y4          FDRE                                         r  s_axil_rdata_reg[2]/C
                         clock pessimism              0.000     7.658    <hidden>
                         clock uncertainty           -0.035     7.623    <hidden>
    SLICE_X51Y4          FDRE (Setup_fdre_C_R)       -0.429     7.194    s_axil_rdata_reg[2]
  -------------------------------------------------------------------
                         required time                          7.194    <hidden>
                         arrival time                          -7.341    <hidden>
  -------------------------------------------------------------------
                         slack                                 -0.147    <hidden>

Slack (VIOLATED) :        -0.147ns  (required time - arrival time)
  Source:                 s_axil_araddr[1]
                            (input port clocked by aclk  {rise@0.000ns fall@3.367ns period=6.734ns})
  Destination:            s_axil_rdata_reg[7]/R
                            (rising edge-triggered cell FDRE clocked by aclk  {rise@0.000ns fall@3.367ns period=6.734ns})
  Path Group:             aclk
  Path Type:              Setup (Max at Slow Process Corner)
  Requirement:            6.734ns  (aclk rise@6.734ns - aclk rise@0.000ns)
  Data Path Delay:        5.341ns  (logic 0.954ns (17.862%)  route 4.387ns (82.138%))
  Logic Levels:           4  (LUT2=2 LUT6=2)
  Input Delay:            2.000ns
  Clock Path Skew:        0.924ns (DCD - SCD + CPR)
    Destination Clock Delay (DCD):    0.924ns = ( 7.658 - 6.734 ) 
    Source Clock Delay      (SCD):    0.000ns
    Clock Pessimism Removal (CPR):    0.000ns
  Clock Uncertainty:      0.035ns  ((TSJ^2 + TIJ^2)^1/2 + DJ) / 2 + PE
    Total System Jitter     (TSJ):    0.071ns
    Total Input Jitter      (TIJ):    0.000ns
    Discrete Jitter          (DJ):    0.000ns
    Phase Error              (PE):    0.000ns

    Location             Delay type                Incr(ns)  Path(ns)    Netlist Resource(s)
  -------------------------------------------------------------------    -------------------
                         (clock aclk rise edge)       0.000     0.000 r  <hidden>
                         input delay                  2.000     2.000    <hidden>
                                                      0.000     2.000 r  s_axil_araddr[1]
                         net (fo=2, unset)            0.973     2.973    s_axil_araddr[1]
    SLICE_X50Y6          LUT2 (Prop_lut2_I1_O)        0.148     3.121 r  s_axil_rdata[3]_i_4/O
                         net (fo=7, routed)           1.110     4.231    s_axil_rdata[3]_i_4_n_0
    SLICE_X51Y4          LUT6 (Prop_lut6_I0_O)        0.328     4.559 f  s_axil_rdata[6]_i_3/O
                         net (fo=10, routed)          0.883     5.442    s_axil_rdata1
    SLICE_X50Y3          LUT2 (Prop_lut2_I1_O)        0.150     5.592 r  s_axil_rdata[7]_i_4/O
                         net (fo=4, routed)           0.792     6.384    s_axil_rdata__0[31]
    SLICE_X51Y3          LUT6 (Prop_lut6_I0_O)        0.328     6.712 r  s_axil_rdata[7]_i_1/O
                         net (fo=5, routed)           0.629     7.341    s_axil_rdata[7]_i_1_n_0
    SLICE_X51Y4          FDRE                                         r  s_axil_rdata_reg[7]/R
  -------------------------------------------------------------------    -------------------

                         (clock aclk rise edge)       6.734     6.734 r  <hidden>
                                                      0.000     6.734 r  aclk
                         net (fo=3018, unset)         0.924     7.658    aclk
    SLICE_X51Y4          FDRE                                         r  s_axil_rdata_reg[7]/C
                         clock pessimism              0.000     7.658    <hidden>
                         clock uncertainty           -0.035     7.623    <hidden>
    SLICE_X51Y4          FDRE (Setup_fdre_C_R)       -0.429     7.194    s_axil_rdata_reg[7]
  -------------------------------------------------------------------
                         required time                          7.194    <hidden>
                         arrival time                          -7.341    <hidden>
  -------------------------------------------------------------------
                         slack                                 -0.147    <hidden>

Slack (VIOLATED) :        -0.140ns  (required time - arrival time)
  Source:                 col_in_reg[0]_rep__2/C
                            (rising edge-triggered cell FDRE clocked by aclk  {rise@0.000ns fall@3.367ns period=6.734ns})
  Destination:            lb2_reg_1664_1791_4_4/DP.HIGH/I
                            (rising edge-triggered cell RAMD64E clocked by aclk  {rise@0.000ns fall@3.367ns period=6.734ns})
  Path Group:             aclk
  Path Type:              Setup (Max at Slow Process Corner)
  Requirement:            6.734ns  (aclk rise@6.734ns - aclk rise@0.000ns)
  Data Path Delay:        6.065ns  (logic 1.630ns (26.876%)  route 4.435ns (73.124%))
  Logic Levels:           5  (LUT6=2 MUXF7=2 RAMD64E=1)
  Clock Path Skew:        -0.049ns (DCD - SCD + CPR)
    Destination Clock Delay (DCD):    0.924ns = ( 7.658 - 6.734 ) 
    Source Clock Delay      (SCD):    0.973ns
    Clock Pessimism Removal (CPR):    0.000ns
  Clock Uncertainty:      0.035ns  ((TSJ^2 + TIJ^2)^1/2 + DJ) / 2 + PE
    Total System Jitter     (TSJ):    0.071ns
    Total Input Jitter      (TIJ):    0.000ns
    Discrete Jitter          (DJ):    0.000ns
    Phase Error              (PE):    0.000ns

    Location             Delay type                Incr(ns)  Path(ns)    Netlist Resource(s)
  -------------------------------------------------------------------    -------------------
                         (clock aclk rise edge)       0.000     0.000 r  <hidden>
                                                      0.000     0.000 r  aclk
                         net (fo=3018, unset)         0.973     0.973    aclk
    SLICE_X29Y24         FDRE                                         r  col_in_reg[0]_rep__2/C
  -------------------------------------------------------------------    -------------------
    SLICE_X29Y24         FDRE (Prop_fdre_C_Q)         0.456     1.429 r  col_in_reg[0]_rep__2/Q
                         net (fo=192, routed)         1.407     2.836    lb1_reg_2432_2559_4_4/A0
    SLICE_X20Y23         RAMD64E (Prop_ramd64e_RADR0_O)
                                                      0.124     2.960 r  lb1_reg_2432_2559_4_4/SP.LOW/O
                         net (fo=1, routed)           0.000     2.960    lb1_reg_2432_2559_4_4/SPO0
    SLICE_X20Y23         MUXF7 (Prop_muxf7_I0_O)      0.241     3.201 r  lb1_reg_2432_2559_4_4/F7.SP/O
                         net (fo=1, routed)           0.938     4.139    lb1_reg_2432_2559_4_4_n_1
    SLICE_X21Y20         LUT6 (Prop_lut6_I0_O)        0.298     4.437 r  lb2_reg_0_127_4_4_i_8/O
                         net (fo=1, routed)           0.000     4.437    lb2_reg_0_127_4_4_i_8_n_0
    SLICE_X21Y20         MUXF7 (Prop_muxf7_I0_O)      0.212     4.649 r  lb2_reg_0_127_4_4_i_3/O
                         net (fo=1, routed)           0.792     5.440    lb2_reg_0_127_4_4_i_3_n_0
    SLICE_X23Y19         LUT6 (Prop_lut6_I1_O)        0.299     5.739 r  lb2_reg_0_127_4_4_i_1/O
                         net (fo=130, routed)         1.299     7.038    lb2_reg_1664_1791_4_4/D
    SLICE_X18Y1          RAMD64E                                      r  lb2_reg_1664_1791_4_4/DP.HIGH/I
  -------------------------------------------------------------------    -------------------

                         (clock aclk rise edge)       6.734     6.734 r  <hidden>
                                                      0.000     6.734 r  aclk
                         net (fo=3018, unset)         0.924     7.658    lb2_reg_1664_1791_4_4/WCLK
    SLICE_X18Y1          RAMD64E                                      r  lb2_reg_1664_1791_4_4/DP.HIGH/CLK
                         clock pessimism              0.000     7.658    <hidden>
                         clock uncertainty           -0.035     7.623    <hidden>
    SLICE_X18Y1          RAMD64E (Setup_ramd64e_CLK_I)
                                                     -0.725     6.898    lb2_reg_1664_1791_4_4/DP.HIGH
  -------------------------------------------------------------------
                         required time                          6.898    <hidden>
                         arrival time                          -7.038    <hidden>
  -------------------------------------------------------------------
                         slack                                 -0.140    <hidden>

Slack (VIOLATED) :        -0.122ns  (required time - arrival time)
  Source:                 col_in_reg[0]_rep__2/C
                            (rising edge-triggered cell FDRE clocked by aclk  {rise@0.000ns fall@3.367ns period=6.734ns})
  Destination:            lb2_reg_3840_3967_4_4/DP.HIGH/I
                            (rising edge-triggered cell RAMD64E clocked by aclk  {rise@0.000ns fall@3.367ns period=6.734ns})
  Path Group:             aclk
  Path Type:              Setup (Max at Slow Process Corner)
  Requirement:            6.734ns  (aclk rise@6.734ns - aclk rise@0.000ns)
  Data Path Delay:        6.047ns  (logic 1.630ns (26.955%)  route 4.417ns (73.045%))
  Logic Levels:           5  (LUT6=2 MUXF7=2 RAMD64E=1)
  Clock Path Skew:        -0.049ns (DCD - SCD + CPR)
    Destination Clock Delay (DCD):    0.924ns = ( 7.658 - 6.734 ) 
    Source Clock Delay      (SCD):    0.973ns
    Clock Pessimism Removal (CPR):    0.000ns
  Clock Uncertainty:      0.035ns  ((TSJ^2 + TIJ^2)^1/2 + DJ) / 2 + PE
    Total System Jitter     (TSJ):    0.071ns
    Total Input Jitter      (TIJ):    0.000ns
    Discrete Jitter          (DJ):    0.000ns
    Phase Error              (PE):    0.000ns

    Location             Delay type                Incr(ns)  Path(ns)    Netlist Resource(s)
  -------------------------------------------------------------------    -------------------
                         (clock aclk rise edge)       0.000     0.000 r  <hidden>
                                                      0.000     0.000 r  aclk
                         net (fo=3018, unset)         0.973     0.973    aclk
    SLICE_X29Y24         FDRE                                         r  col_in_reg[0]_rep__2/C
  -------------------------------------------------------------------    -------------------
    SLICE_X29Y24         FDRE (Prop_fdre_C_Q)         0.456     1.429 r  col_in_reg[0]_rep__2/Q
                         net (fo=192, routed)         1.407     2.836    lb1_reg_2432_2559_4_4/A0
    SLICE_X20Y23         RAMD64E (Prop_ramd64e_RADR0_O)
                                                      0.124     2.960 r  lb1_reg_2432_2559_4_4/SP.LOW/O
                         net (fo=1, routed)           0.000     2.960    lb1_reg_2432_2559_4_4/SPO0
    SLICE_X20Y23         MUXF7 (Prop_muxf7_I0_O)      0.241     3.201 r  lb1_reg_2432_2559_4_4/F7.SP/O
                         net (fo=1, routed)           0.938     4.139    lb1_reg_2432_2559_4_4_n_1
    SLICE_X21Y20         LUT6 (Prop_lut6_I0_O)        0.298     4.437 r  lb2_reg_0_127_4_4_i_8/O
                         net (fo=1, routed)           0.000     4.437    lb2_reg_0_127_4_4_i_8_n_0
    SLICE_X21Y20         MUXF7 (Prop_muxf7_I0_O)      0.212     4.649 r  lb2_reg_0_127_4_4_i_3/O
                         net (fo=1, routed)           0.792     5.440    lb2_reg_0_127_4_4_i_3_n_0
    SLICE_X23Y19         LUT6 (Prop_lut6_I1_O)        0.299     5.739 r  lb2_reg_0_127_4_4_i_1/O
                         net (fo=130, routed)         1.281     7.020    lb2_reg_3840_3967_4_4/D
    SLICE_X10Y2          RAMD64E                                      r  lb2_reg_3840_3967_4_4/DP.HIGH/I
  -------------------------------------------------------------------    -------------------

                         (clock aclk rise edge)       6.734     6.734 r  <hidden>
                                                      0.000     6.734 r  aclk
                         net (fo=3018, unset)         0.924     7.658    lb2_reg_3840_3967_4_4/WCLK
    SLICE_X10Y2          RAMD64E                                      r  lb2_reg_3840_3967_4_4/DP.HIGH/CLK
                         clock pessimism              0.000     7.658    <hidden>
                         clock uncertainty           -0.035     7.623    <hidden>
    SLICE_X10Y2          RAMD64E (Setup_ramd64e_CLK_I)
                                                     -0.725     6.898    lb2_reg_3840_3967_4_4/DP.HIGH
  -------------------------------------------------------------------
                         required time                          6.898    <hidden>
                         arrival time                          -7.020    <hidden>
  -------------------------------------------------------------------
                         slack                                 -0.122    <hidden>

Slack (VIOLATED) :        -0.122ns  (required time - arrival time)
  Source:                 col_in_reg[0]_rep__2/C
                            (rising edge-triggered cell FDRE clocked by aclk  {rise@0.000ns fall@3.367ns period=6.734ns})
  Destination:            lb2_reg_384_511_4_4/DP.HIGH/I
                            (rising edge-triggered cell RAMD64E clocked by aclk  {rise@0.000ns fall@3.367ns period=6.734ns})
  Path Group:             aclk
  Path Type:              Setup (Max at Slow Process Corner)
  Requirement:            6.734ns  (aclk rise@6.734ns - aclk rise@0.000ns)
  Data Path Delay:        6.047ns  (logic 1.630ns (26.956%)  route 4.417ns (73.044%))
  Logic Levels:           5  (LUT6=2 MUXF7=2 RAMD64E=1)
  Clock Path Skew:        -0.049ns (DCD - SCD + CPR)
    Destination Clock Delay (DCD):    0.924ns = ( 7.658 - 6.734 ) 
    Source Clock Delay      (SCD):    0.973ns
    Clock Pessimism Removal (CPR):    0.000ns
  Clock Uncertainty:      0.035ns  ((TSJ^2 + TIJ^2)^1/2 + DJ) / 2 + PE
    Total System Jitter     (TSJ):    0.071ns
    Total Input Jitter      (TIJ):    0.000ns
    Discrete Jitter          (DJ):    0.000ns
    Phase Error              (PE):    0.000ns

    Location             Delay type                Incr(ns)  Path(ns)    Netlist Resource(s)
  -------------------------------------------------------------------    -------------------
                         (clock aclk rise edge)       0.000     0.000 r  <hidden>
                                                      0.000     0.000 r  aclk
                         net (fo=3018, unset)         0.973     0.973    aclk
    SLICE_X29Y24         FDRE                                         r  col_in_reg[0]_rep__2/C
  -------------------------------------------------------------------    -------------------
    SLICE_X29Y24         FDRE (Prop_fdre_C_Q)         0.456     1.429 r  col_in_reg[0]_rep__2/Q
                         net (fo=192, routed)         1.407     2.836    lb1_reg_2432_2559_4_4/A0
    SLICE_X20Y23         RAMD64E (Prop_ramd64e_RADR0_O)
                                                      0.124     2.960 r  lb1_reg_2432_2559_4_4/SP.LOW/O
                         net (fo=1, routed)           0.000     2.960    lb1_reg_2432_2559_4_4/SPO0
    SLICE_X20Y23         MUXF7 (Prop_muxf7_I0_O)      0.241     3.201 r  lb1_reg_2432_2559_4_4/F7.SP/O
                         net (fo=1, routed)           0.938     4.139    lb1_reg_2432_2559_4_4_n_1
    SLICE_X21Y20         LUT6 (Prop_lut6_I0_O)        0.298     4.437 r  lb2_reg_0_127_4_4_i_8/O
                         net (fo=1, routed)           0.000     4.437    lb2_reg_0_127_4_4_i_8_n_0
    SLICE_X21Y20         MUXF7 (Prop_muxf7_I0_O)      0.212     4.649 r  lb2_reg_0_127_4_4_i_3/O
                         net (fo=1, routed)           0.792     5.440    lb2_reg_0_127_4_4_i_3_n_0
    SLICE_X23Y19         LUT6 (Prop_lut6_I1_O)        0.299     5.739 r  lb2_reg_0_127_4_4_i_1/O
                         net (fo=130, routed)         1.281     7.020    lb2_reg_384_511_4_4/D
    SLICE_X26Y5          RAMD64E                                      r  lb2_reg_384_511_4_4/DP.HIGH/I
  -------------------------------------------------------------------    -------------------

                         (clock aclk rise edge)       6.734     6.734 r  <hidden>
                                                      0.000     6.734 r  aclk
                         net (fo=3018, unset)         0.924     7.658    lb2_reg_384_511_4_4/WCLK
    SLICE_X26Y5          RAMD64E                                      r  lb2_reg_384_511_4_4/DP.HIGH/CLK
                         clock pessimism              0.000     7.658    <hidden>
                         clock uncertainty           -0.035     7.623    <hidden>
    SLICE_X26Y5          RAMD64E (Setup_ramd64e_CLK_I)
                                                     -0.725     6.898    lb2_reg_384_511_4_4/DP.HIGH
  -------------------------------------------------------------------
                         required time                          6.898    <hidden>
                         arrival time                          -7.020    <hidden>
  -------------------------------------------------------------------
                         slack                                 -0.122    <hidden>

Slack (VIOLATED) :        -0.120ns  (required time - arrival time)
  Source:                 col_in_reg[2]_rep__1/C
                            (rising edge-triggered cell FDRE clocked by aclk  {rise@0.000ns fall@3.367ns period=6.734ns})
  Destination:            lb2_reg_2304_2431_3_3/DP.HIGH/I
                            (rising edge-triggered cell RAMD64E clocked by aclk  {rise@0.000ns fall@3.367ns period=6.734ns})
  Path Group:             aclk
  Path Type:              Setup (Max at Slow Process Corner)
  Requirement:            6.734ns  (aclk rise@6.734ns - aclk rise@0.000ns)
  Data Path Delay:        6.045ns  (logic 1.655ns (27.378%)  route 4.390ns (72.622%))
  Logic Levels:           5  (LUT6=2 MUXF7=2 RAMD64E=1)
  Clock Path Skew:        -0.049ns (DCD - SCD + CPR)
    Destination Clock Delay (DCD):    0.924ns = ( 7.658 - 6.734 ) 
    Source Clock Delay      (SCD):    0.973ns
    Clock Pessimism Removal (CPR):    0.000ns
  Clock Uncertainty:      0.035ns  ((TSJ^2 + TIJ^2)^1/2 + DJ) / 2 + PE
    Total System Jitter     (TSJ):    0.071ns
    Total Input Jitter      (TIJ):    0.000ns
    Discrete Jitter          (DJ):    0.000ns
    Phase Error              (PE):    0.000ns

    Location             Delay type                Incr(ns)  Path(ns)    Netlist Resource(s)
  -------------------------------------------------------------------    -------------------
                         (clock aclk rise edge)       0.000     0.000 r  <hidden>
                                                      0.000     0.000 r  aclk
                         net (fo=3018, unset)         0.973     0.973    aclk
    SLICE_X27Y19         FDRE                                         r  col_in_reg[2]_rep__1/C
  -------------------------------------------------------------------    -------------------
    SLICE_X27Y19         FDRE (Prop_fdre_C_Q)         0.456     1.429 r  col_in_reg[2]_rep__1/Q
                         net (fo=240, routed)         1.076     2.505    lb1_reg_1280_1407_3_3/A2
    SLICE_X30Y22         RAMD64E (Prop_ramd64e_RADR2_O)
                                                      0.124     2.629 r  lb1_reg_1280_1407_3_3/SP.LOW/O
                         net (fo=1, routed)           0.000     2.629    lb1_reg_1280_1407_3_3/SPO0
    SLICE_X30Y22         MUXF7 (Prop_muxf7_I0_O)      0.241     2.870 r  lb1_reg_1280_1407_3_3/F7.SP/O
                         net (fo=1, routed)           1.141     4.010    lb1_reg_1280_1407_3_3_n_1
    SLICE_X23Y16         LUT6 (Prop_lut6_I1_O)        0.298     4.308 r  lb2_reg_0_127_3_3_i_10/O
                         net (fo=1, routed)           0.000     4.308    lb2_reg_0_127_3_3_i_10_n_0
    SLICE_X23Y16         MUXF7 (Prop_muxf7_I0_O)      0.238     4.546 r  lb2_reg_0_127_3_3_i_4/O
                         net (fo=1, routed)           0.662     5.208    lb2_reg_0_127_3_3_i_4_n_0
    SLICE_X21Y16         LUT6 (Prop_lut6_I3_O)        0.298     5.506 r  lb2_reg_0_127_3_3_i_1/O
                         net (fo=130, routed)         1.512     7.018    lb2_reg_2304_2431_3_3/D
    SLICE_X2Y1           RAMD64E                                      r  lb2_reg_2304_2431_3_3/DP.HIGH/I
  -------------------------------------------------------------------    -------------------

                         (clock aclk rise edge)       6.734     6.734 r  <hidden>
                                                      0.000     6.734 r  aclk
                         net (fo=3018, unset)         0.924     7.658    lb2_reg_2304_2431_3_3/WCLK
    SLICE_X2Y1           RAMD64E                                      r  lb2_reg_2304_2431_3_3/DP.HIGH/CLK
                         clock pessimism              0.000     7.658    <hidden>
                         clock uncertainty           -0.035     7.623    <hidden>
    SLICE_X2Y1           RAMD64E (Setup_ramd64e_CLK_I)
                                                     -0.725     6.898    lb2_reg_2304_2431_3_3/DP.HIGH
  -------------------------------------------------------------------
                         required time                          6.898    <hidden>
                         arrival time                          -7.018    <hidden>
  -------------------------------------------------------------------
                         slack                                 -0.120    <hidden>

Slack (VIOLATED) :        -0.116ns  (required time - arrival time)
  Source:                 col_in_reg[0]_rep__2/C
                            (rising edge-triggered cell FDRE clocked by aclk  {rise@0.000ns fall@3.367ns period=6.734ns})
  Destination:            lb2_reg_1536_1663_4_4/DP.HIGH/I
                            (rising edge-triggered cell RAMD64E clocked by aclk  {rise@0.000ns fall@3.367ns period=6.734ns})
  Path Group:             aclk
  Path Type:              Setup (Max at Slow Process Corner)
  Requirement:            6.734ns  (aclk rise@6.734ns - aclk rise@0.000ns)
  Data Path Delay:        6.041ns  (logic 1.630ns (26.982%)  route 4.411ns (73.018%))
  Logic Levels:           5  (LUT6=2 MUXF7=2 RAMD64E=1)
  Clock Path Skew:        -0.049ns (DCD - SCD + CPR)
    Destination Clock Delay (DCD):    0.924ns = ( 7.658 - 6.734 ) 
    Source Clock Delay      (SCD):    0.973ns
    Clock Pessimism Removal (CPR):    0.000ns
  Clock Uncertainty:      0.035ns  ((TSJ^2 + TIJ^2)^1/2 + DJ) / 2 + PE
    Total System Jitter     (TSJ):    0.071ns
    Total Input Jitter      (TIJ):    0.000ns
    Discrete Jitter          (DJ):    0.000ns
    Phase Error              (PE):    0.000ns

    Location             Delay type                Incr(ns)  Path(ns)    Netlist Resource(s)
  -------------------------------------------------------------------    -------------------
                         (clock aclk rise edge)       0.000     0.000 r  <hidden>
                                                      0.000     0.000 r  aclk
                         net (fo=3018, unset)         0.973     0.973    aclk
    SLICE_X29Y24         FDRE                                         r  col_in_reg[0]_rep__2/C
  -------------------------------------------------------------------    -------------------
    SLICE_X29Y24         FDRE (Prop_fdre_C_Q)         0.456     1.429 r  col_in_reg[0]_rep__2/Q
                         net (fo=192, routed)         1.407     2.836    lb1_reg_2432_2559_4_4/A0
    SLICE_X20Y23         RAMD64E (Prop_ramd64e_RADR0_O)
                                                      0.124     2.960 r  lb1_reg_2432_2559_4_4/SP.LOW/O
                         net (fo=1, routed)           0.000     2.960    lb1_reg_2432_2559_4_4/SPO0
    SLICE_X20Y23         MUXF7 (Prop_muxf7_I0_O)      0.241     3.201 r  lb1_reg_2432_2559_4_4/F7.SP/O
                         net (fo=1, routed)           0.938     4.139    lb1_reg_2432_2559_4_4_n_1
    SLICE_X21Y20         LUT6 (Prop_lut6_I0_O)        0.298     4.437 r  lb2_reg_0_127_4_4_i_8/O
                         net (fo=1, routed)           0.000     4.437    lb2_reg_0_127_4_4_i_8_n_0
    SLICE_X21Y20         MUXF7 (Prop_muxf7_I0_O)      0.212     4.649 r  lb2_reg_0_127_4_4_i_3/O
                         net (fo=1, routed)           0.792     5.440    lb2_reg_0_127_4_4_i_3_n_0
    SLICE_X23Y19         LUT6 (Prop_lut6_I1_O)        0.299     5.739 r  lb2_reg_0_127_4_4_i_1/O
                         net (fo=130, routed)         1.275     7.014    lb2_reg_1536_1663_4_4/D
    SLICE_X26Y1          RAMD64E                                      r  lb2_reg_1536_1663_4_4/DP.HIGH/I
  -------------------------------------------------------------------    -------------------

                         (clock aclk rise edge)       6.734     6.734 r  <hidden>
                                                      0.000     6.734 r  aclk
                         net (fo=3018, unset)         0.924     7.658    lb2_reg_1536_1663_4_4/WCLK
    SLICE_X26Y1          RAMD64E                                      r  lb2_reg_1536_1663_4_4/DP.HIGH/CLK
                         clock pessimism              0.000     7.658    <hidden>
                         clock uncertainty           -0.035     7.623    <hidden>
    SLICE_X26Y1          RAMD64E (Setup_ramd64e_CLK_I)
                                                     -0.725     6.898    lb2_reg_1536_1663_4_4/DP.HIGH
  -------------------------------------------------------------------
                         required time                          6.898    <hidden>
                         arrival time                          -7.014    <hidden>
  -------------------------------------------------------------------
                         slack                                 -0.116    <hidden>

Slack (VIOLATED) :        -0.114ns  (required time - arrival time)
  Source:                 col_in_reg[2]_rep__1/C
                            (rising edge-triggered cell FDRE clocked by aclk  {rise@0.000ns fall@3.367ns period=6.734ns})
  Destination:            lb2_reg_2944_3071_3_3/DP.HIGH/I
                            (rising edge-triggered cell RAMD64E clocked by aclk  {rise@0.000ns fall@3.367ns period=6.734ns})
  Path Group:             aclk
  Path Type:              Setup (Max at Slow Process Corner)
  Requirement:            6.734ns  (aclk rise@6.734ns - aclk rise@0.000ns)
  Data Path Delay:        6.039ns  (logic 1.655ns (27.407%)  route 4.384ns (72.593%))
  Logic Levels:           5  (LUT6=2 MUXF7=2 RAMD64E=1)
  Clock Path Skew:        -0.049ns (DCD - SCD + CPR)
    Destination Clock Delay (DCD):    0.924ns = ( 7.658 - 6.734 ) 
    Source Clock Delay      (SCD):    0.973ns
    Clock Pessimism Removal (CPR):    0.000ns
  Clock Uncertainty:      0.035ns  ((TSJ^2 + TIJ^2)^1/2 + DJ) / 2 + PE
    Total System Jitter     (TSJ):    0.071ns
    Total Input Jitter      (TIJ):    0.000ns
    Discrete Jitter          (DJ):    0.000ns
    Phase Error              (PE):    0.000ns

    Location             Delay type                Incr(ns)  Path(ns)    Netlist Resource(s)
  -------------------------------------------------------------------    -------------------
                         (clock aclk rise edge)       0.000     0.000 r  <hidden>
                                                      0.000     0.000 r  aclk
                         net (fo=3018, unset)         0.973     0.973    aclk
    SLICE_X27Y19         FDRE                                         r  col_in_reg[2]_rep__1/C
  -------------------------------------------------------------------    -------------------
    SLICE_X27Y19         FDRE (Prop_fdre_C_Q)         0.456     1.429 r  col_in_reg[2]_rep__1/Q
                         net (fo=240, routed)         1.076     2.505    lb1_reg_1280_1407_3_3/A2
    SLICE_X30Y22         RAMD64E (Prop_ramd64e_RADR2_O)
                                                      0.124     2.629 r  lb1_reg_1280_1407_3_3/SP.LOW/O
                         net (fo=1, routed)           0.000     2.629    lb1_reg_1280_1407_3_3/SPO0
    SLICE_X30Y22         MUXF7 (Prop_muxf7_I0_O)      0.241     2.870 r  lb1_reg_1280_1407_3_3/F7.SP/O
                         net (fo=1, routed)           1.141     4.010    lb1_reg_1280_1407_3_3_n_1
    SLICE_X23Y16         LUT6 (Prop_lut6_I1_O)        0.298     4.308 r  lb2_reg_0_127_3_3_i_10/O
                         net (fo=1, routed)           0.000     4.308    lb2_reg_0_127_3_3_i_10_n_0
    SLICE_X23Y16         MUXF7 (Prop_muxf7_I0_O)      0.238     4.546 r  lb2_reg_0_127_3_3_i_4/O
                         net (fo=1, routed)           0.662     5.208    lb2_reg_0_127_3_3_i_4_n_0
    SLICE_X21Y16         LUT6 (Prop_lut6_I3_O)        0.298     5.506 r  lb2_reg_0_127_3_3_i_1/O
                         net (fo=130, routed)         1.505     7.012    lb2_reg_2944_3071_3_3/D
    SLICE_X4Y1           RAMD64E                                      r  lb2_reg_2944_3071_3_3/DP.HIGH/I
  -------------------------------------------------------------------    -------------------

                         (clock aclk rise edge)       6.734     6.734 r  <hidden>
                                                      0.000     6.734 r  aclk
                         net (fo=3018, unset)         0.924     7.658    lb2_reg_2944_3071_3_3/WCLK
    SLICE_X4Y1           RAMD64E                                      r  lb2_reg_2944_3071_3_3/DP.HIGH/CLK
                         clock pessimism              0.000     7.658    <hidden>
                         clock uncertainty           -0.035     7.623    <hidden>
    SLICE_X4Y1           RAMD64E (Setup_ramd64e_CLK_I)
                                                     -0.725     6.898    lb2_reg_2944_3071_3_3/DP.HIGH
  -------------------------------------------------------------------
                         required time                          6.898    <hidden>
                         arrival time                          -7.012    <hidden>
  -------------------------------------------------------------------
                         slack                                 -0.114    <hidden>

Slack (VIOLATED) :        -0.110ns  (required time - arrival time)
  Source:                 col_in_reg[1]_rep__6/C
                            (rising edge-triggered cell FDRE clocked by aclk  {rise@0.000ns fall@3.367ns period=6.734ns})
  Destination:            lb2_reg_2176_2303_7_7/DP.HIGH/I
                            (rising edge-triggered cell RAMD64E clocked by aclk  {rise@0.000ns fall@3.367ns period=6.734ns})
  Path Group:             aclk
  Path Type:              Setup (Max at Slow Process Corner)
  Requirement:            6.734ns  (aclk rise@6.734ns - aclk rise@0.000ns)
  Data Path Delay:        6.035ns  (logic 1.662ns (27.539%)  route 4.373ns (72.461%))
  Logic Levels:           5  (LUT6=2 MUXF7=2 RAMD64E=1)
  Clock Path Skew:        -0.049ns (DCD - SCD + CPR)
    Destination Clock Delay (DCD):    0.924ns = ( 7.658 - 6.734 ) 
    Source Clock Delay      (SCD):    0.973ns
    Clock Pessimism Removal (CPR):    0.000ns
  Clock Uncertainty:      0.035ns  ((TSJ^2 + TIJ^2)^1/2 + DJ) / 2 + PE
    Total System Jitter     (TSJ):    0.071ns
    Total Input Jitter      (TIJ):    0.000ns
    Discrete Jitter          (DJ):    0.000ns
    Phase Error              (PE):    0.000ns

    Location             Delay type                Incr(ns)  Path(ns)    Netlist Resource(s)
  -------------------------------------------------------------------    -------------------
                         (clock aclk rise edge)       0.000     0.000 r  <hidden>
                                                      0.000     0.000 r  aclk
                         net (fo=3018, unset)         0.973     0.973    aclk
    SLICE_X9Y27          FDRE                                         r  col_in_reg[1]_rep__6/C
  -------------------------------------------------------------------    -------------------
    SLICE_X9Y27          FDRE (Prop_fdre_C_Q)         0.456     1.429 r  col_in_reg[1]_rep__6/Q
                         net (fo=240, routed)         1.621     3.050    lb1_reg_3840_3967_7_7/A1
    SLICE_X10Y17         RAMD64E (Prop_ramd64e_RADR1_O)
                                                      0.124     3.174 r  lb1_reg_3840_3967_7_7/SP.LOW/O
                         net (fo=1, routed)           0.000     3.174    lb1_reg_3840_3967_7_7/SPO0
    SLICE_X10Y17         MUXF7 (Prop_muxf7_I0_O)      0.241     3.415 r  lb1_reg_3840_3967_7_7/F7.SP/O
                         net (fo=1, routed)           0.788     4.203    lb1_reg_3840_3967_7_7_n_1
    SLICE_X11Y19         LUT6 (Prop_lut6_I1_O)        0.298     4.501 r  lb2_reg_0_127_7_7_i_7/O
                         net (fo=1, routed)           0.000     4.501    lb2_reg_0_127_7_7_i_7_n_0
    SLICE_X11Y19         MUXF7 (Prop_muxf7_I1_O)      0.245     4.746 r  lb2_reg_0_127_7_7_i_2/O
                         net (fo=1, routed)           0.712     5.458    lb2_reg_0_127_7_7_i_2_n_0
    SLICE_X13Y19         LUT6 (Prop_lut6_I0_O)        0.298     5.756 r  lb2_reg_0_127_7_7_i_1/O
                         net (fo=130, routed)         1.253     7.008    lb2_reg_2176_2303_7_7/D
    SLICE_X6Y34          RAMD64E                                      r  lb2_reg_2176_2303_7_7/DP.HIGH/I
  -------------------------------------------------------------------    -------------------

                         (clock aclk rise edge)       6.734     6.734 r  <hidden>
                                                      0.000     6.734 r  aclk
                         net (fo=3018, unset)         0.924     7.658    lb2_reg_2176_2303_7_7/WCLK
    SLICE_X6Y34          RAMD64E                                      r  lb2_reg_2176_2303_7_7/DP.HIGH/CLK
                         clock pessimism              0.000     7.658    <hidden>
                         clock uncertainty           -0.035     7.623    <hidden>
    SLICE_X6Y34          RAMD64E (Setup_ramd64e_CLK_I)
                                                     -0.725     6.898    lb2_reg_2176_2303_7_7/DP.HIGH
  -------------------------------------------------------------------
                         required time                          6.898    <hidden>
                         arrival time                          -7.008    <hidden>
  -------------------------------------------------------------------
                         slack                                 -0.110    <hidden>

Slack (VIOLATED) :        -0.108ns  (required time - arrival time)
  Source:                 col_in_reg[0]_rep__2/C
                            (rising edge-triggered cell FDRE clocked by aclk  {rise@0.000ns fall@3.367ns period=6.734ns})
  Destination:            lb2_reg_0_127_4_4/DP.HIGH/I
                            (rising edge-triggered cell RAMD64E clocked by aclk  {rise@0.000ns fall@3.367ns period=6.734ns})
  Path Group:             aclk
  Path Type:              Setup (Max at Slow Process Corner)
  Requirement:            6.734ns  (aclk rise@6.734ns - aclk rise@0.000ns)
  Data Path Delay:        6.033ns  (logic 1.630ns (27.017%)  route 4.403ns (72.983%))
  Logic Levels:           5  (LUT6=2 MUXF7=2 RAMD64E=1)
  Clock Path Skew:        -0.049ns (DCD - SCD + CPR)
    Destination Clock Delay (DCD):    0.924ns = ( 7.658 - 6.734 ) 
    Source Clock Delay      (SCD):    0.973ns
    Clock Pessimism Removal (CPR):    0.000ns
  Clock Uncertainty:      0.035ns  ((TSJ^2 + TIJ^2)^1/2 + DJ) / 2 + PE
    Total System Jitter     (TSJ):    0.071ns
    Total Input Jitter      (TIJ):    0.000ns
    Discrete Jitter          (DJ):    0.000ns
    Phase Error              (PE):    0.000ns

    Location             Delay type                Incr(ns)  Path(ns)    Netlist Resource(s)
  -------------------------------------------------------------------    -------------------
                         (clock aclk rise edge)       0.000     0.000 r  <hidden>
                                                      0.000     0.000 r  aclk
                         net (fo=3018, unset)         0.973     0.973    aclk
    SLICE_X29Y24         FDRE                                         r  col_in_reg[0]_rep__2/C
  -------------------------------------------------------------------    -------------------
    SLICE_X29Y24         FDRE (Prop_fdre_C_Q)         0.456     1.429 r  col_in_reg[0]_rep__2/Q
                         net (fo=192, routed)         1.407     2.836    lb1_reg_2432_2559_4_4/A0
    SLICE_X20Y23         RAMD64E (Prop_ramd64e_RADR0_O)
                                                      0.124     2.960 r  lb1_reg_2432_2559_4_4/SP.LOW/O
                         net (fo=1, routed)           0.000     2.960    lb1_reg_2432_2559_4_4/SPO0
    SLICE_X20Y23         MUXF7 (Prop_muxf7_I0_O)      0.241     3.201 r  lb1_reg_2432_2559_4_4/F7.SP/O
                         net (fo=1, routed)           0.938     4.139    lb1_reg_2432_2559_4_4_n_1
    SLICE_X21Y20         LUT6 (Prop_lut6_I0_O)        0.298     4.437 r  lb2_reg_0_127_4_4_i_8/O
                         net (fo=1, routed)           0.000     4.437    lb2_reg_0_127_4_4_i_8_n_0
    SLICE_X21Y20         MUXF7 (Prop_muxf7_I0_O)      0.212     4.649 r  lb2_reg_0_127_4_4_i_3/O
                         net (fo=1, routed)           0.792     5.440    lb2_reg_0_127_4_4_i_3_n_0
    SLICE_X23Y19         LUT6 (Prop_lut6_I1_O)        0.299     5.739 r  lb2_reg_0_127_4_4_i_1/O
                         net (fo=130, routed)         1.267     7.006    lb2_reg_0_127_4_4/D
    SLICE_X30Y4          RAMD64E                                      r  lb2_reg_0_127_4_4/DP.HIGH/I
  -------------------------------------------------------------------    -------------------

                         (clock aclk rise edge)       6.734     6.734 r  <hidden>
                                                      0.000     6.734 r  aclk
                         net (fo=3018, unset)         0.924     7.658    lb2_reg_0_127_4_4/WCLK
    SLICE_X30Y4          RAMD64E                                      r  lb2_reg_0_127_4_4/DP.HIGH/CLK
                         clock pessimism              0.000     7.658    <hidden>
                         clock uncertainty           -0.035     7.623    <hidden>
    SLICE_X30Y4          RAMD64E (Setup_ramd64e_CLK_I)
                                                     -0.725     6.898    lb2_reg_0_127_4_4/DP.HIGH
  -------------------------------------------------------------------
                         required time                          6.898    <hidden>
                         arrival time                          -7.006    <hidden>
  -------------------------------------------------------------------
                         slack                                 -0.108    <hidden>

Slack (VIOLATED) :        -0.100ns  (required time - arrival time)
  Source:                 col_ff_reg[0]_rep/C
                            (rising edge-triggered cell FDRE clocked by aclk  {rise@0.000ns fall@3.367ns period=6.734ns})
  Destination:            t2_b[1]_i_1_psdsp/D
                            (rising edge-triggered cell FDRE clocked by aclk  {rise@0.000ns fall@3.367ns period=6.734ns})
  Path Group:             aclk
  Path Type:              Setup (Max at Slow Process Corner)
  Requirement:            6.734ns  (aclk rise@6.734ns - aclk rise@0.000ns)
  Data Path Delay:        6.705ns  (logic 1.842ns (27.470%)  route 4.863ns (72.530%))
  Logic Levels:           7  (LUT3=1 LUT6=2 MUXF7=2 MUXF8=1 RAMD64E=1)
  Clock Path Skew:        -0.049ns (DCD - SCD + CPR)
    Destination Clock Delay (DCD):    0.924ns = ( 7.658 - 6.734 ) 
    Source Clock Delay      (SCD):    0.973ns
    Clock Pessimism Removal (CPR):    0.000ns
  Clock Uncertainty:      0.035ns  ((TSJ^2 + TIJ^2)^1/2 + DJ) / 2 + PE
    Total System Jitter     (TSJ):    0.071ns
    Total Input Jitter      (TIJ):    0.000ns
    Discrete Jitter          (DJ):    0.000ns
    Phase Error              (PE):    0.000ns

    Location             Delay type                Incr(ns)  Path(ns)    Netlist Resource(s)
  -------------------------------------------------------------------    -------------------
                         (clock aclk rise edge)       0.000     0.000 r  <hidden>
                                                      0.000     0.000 r  aclk
                         net (fo=3018, unset)         0.973     0.973    aclk
    SLICE_X15Y12         FDRE                                         r  col_ff_reg[0]_rep/C
  -------------------------------------------------------------------    -------------------
    SLICE_X15Y12         FDRE (Prop_fdre_C_Q)         0.456     1.429 r  col_ff_reg[0]_rep/Q
                         net (fo=64, routed)          1.427     2.856    lb1_reg_1920_2047_1_1/DPRA0
    SLICE_X12Y19         RAMD64E (Prop_ramd64e_RADR0_O)
                                                      0.124     2.980 r  lb1_reg_1920_2047_1_1/DP.HIGH/O
                         net (fo=1, routed)           0.000     2.980    lb1_reg_1920_2047_1_1/DPO1
    SLICE_X12Y19         MUXF7 (Prop_muxf7_I1_O)      0.214     3.194 r  lb1_reg_1920_2047_1_1/F7.DP/O
                         net (fo=1, routed)           1.003     4.197    lb1_reg_1920_2047_1_1_n_0
    SLICE_X15Y15         LUT6 (Prop_lut6_I0_O)        0.297     4.494 r  t2_b[1]_i_15/O
                         net (fo=1, routed)           0.000     4.494    t2_b[1]_i_15_n_0
    SLICE_X15Y15         MUXF7 (Prop_muxf7_I1_O)      0.217     4.711 r  t2_b_reg[1]_i_7/O
                         net (fo=1, routed)           0.000     4.711    t2_b_reg[1]_i_7_n_0
    SLICE_X15Y15         MUXF8 (Prop_muxf8_I1_O)      0.094     4.805 r  t2_b_reg[1]_i_3/O
                         net (fo=1, routed)           0.768     5.573    t2_b_reg[1]_i_3_n_0
    SLICE_X23Y12         LUT6 (Prop_lut6_I1_O)        0.316     5.889 r  t2_b[1]_i_2/O
                         net (fo=2, routed)           0.797     6.686    t2_b[1]_i_2_n_0
    SLICE_X28Y12         LUT3 (Prop_lut3_I2_O)        0.124     6.810 r  t2_b[1]_i_1/O
                         net (fo=5, routed)           0.868     7.678    bot_px[1]
    SLICE_X34Y15         FDRE                                         r  t2_b[1]_i_1_psdsp/D
  -------------------------------------------------------------------    -------------------

                         (clock aclk rise edge)       6.734     6.734 r  <hidden>
                                                      0.000     6.734 r  aclk
                         net (fo=3018, unset)         0.924     7.658    aclk
    SLICE_X34Y15         FDRE                                         r  t2_b[1]_i_1_psdsp/C
                         clock pessimism              0.000     7.658    <hidden>
                         clock uncertainty           -0.035     7.623    <hidden>
    SLICE_X34Y15         FDRE (Setup_fdre_C_D)       -0.045     7.578    t2_b[1]_i_1_psdsp
  -------------------------------------------------------------------
                         required time                          7.578    <hidden>
                         arrival time                          -7.678    <hidden>
  -------------------------------------------------------------------
                         slack                                 -0.100    <hidden>

Slack (VIOLATED) :        -0.099ns  (required time - arrival time)
  Source:                 col_in_reg[0]_rep__2/C
                            (rising edge-triggered cell FDRE clocked by aclk  {rise@0.000ns fall@3.367ns period=6.734ns})
  Destination:            lb2_reg_1280_1407_4_4/DP.HIGH/I
                            (rising edge-triggered cell RAMD64E clocked by aclk  {rise@0.000ns fall@3.367ns period=6.734ns})
  Path Group:             aclk
  Path Type:              Setup (Max at Slow Process Corner)
  Requirement:            6.734ns  (aclk rise@6.734ns - aclk rise@0.000ns)
  Data Path Delay:        6.024ns  (logic 1.630ns (27.057%)  route 4.394ns (72.943%))
  Logic Levels:           5  (LUT6=2 MUXF7=2 RAMD64E=1)
  Clock Path Skew:        -0.049ns (DCD - SCD + CPR)
    Destination Clock Delay (DCD):    0.924ns = ( 7.658 - 6.734 ) 
    Source Clock Delay      (SCD):    0.973ns
    Clock Pessimism Removal (CPR):    0.000ns
  Clock Uncertainty:      0.035ns  ((TSJ^2 + TIJ^2)^1/2 + DJ) / 2 + PE
    Total System Jitter     (TSJ):    0.071ns
    Total Input Jitter      (TIJ):    0.000ns
    Discrete Jitter          (DJ):    0.000ns
    Phase Error              (PE):    0.000ns

    Location             Delay type                Incr(ns)  Path(ns)    Netlist Resource(s)
  -------------------------------------------------------------------    -------------------
                         (clock aclk rise edge)       0.000     0.000 r  <hidden>
                                                      0.000     0.000 r  aclk
                         net (fo=3018, unset)         0.973     0.973    aclk
    SLICE_X29Y24         FDRE                                         r  col_in_reg[0]_rep__2/C
  -------------------------------------------------------------------    -------------------
    SLICE_X29Y24         FDRE (Prop_fdre_C_Q)         0.456     1.429 r  col_in_reg[0]_rep__2/Q
                         net (fo=192, routed)         1.407     2.836    lb1_reg_2432_2559_4_4/A0
    SLICE_X20Y23         RAMD64E (Prop_ramd64e_RADR0_O)
                                                      0.124     2.960 r  lb1_reg_2432_2559_4_4/SP.LOW/O
                         net (fo=1, routed)           0.000     2.960    lb1_reg_2432_2559_4_4/SPO0
    SLICE_X20Y23         MUXF7 (Prop_muxf7_I0_O)      0.241     3.201 r  lb1_reg_2432_2559_4_4/F7.SP/O
                         net (fo=1, routed)           0.938     4.139    lb1_reg_2432_2559_4_4_n_1
    SLICE_X21Y20         LUT6 (Prop_lut6_I0_O)        0.298     4.437 r  lb2_reg_0_127_4_4_i_8/O
                         net (fo=1, routed)           0.000     4.437    lb2_reg_0_127_4_4_i_8_n_0
    SLICE_X21Y20         MUXF7 (Prop_muxf7_I0_O)      0.212     4.649 r  lb2_reg_0_127_4_4_i_3/O
                         net (fo=1, routed)           0.792     5.440    lb2_reg_0_127_4_4_i_3_n_0
    SLICE_X23Y19         LUT6 (Prop_lut6_I1_O)        0.299     5.739 r  lb2_reg_0_127_4_4_i_1/O
                         net (fo=130, routed)         1.258     6.997    lb2_reg_1280_1407_4_4/D
    SLICE_X30Y2          RAMD64E                                      r  lb2_reg_1280_1407_4_4/DP.HIGH/I
  -------------------------------------------------------------------    -------------------

                         (clock aclk rise edge)       6.734     6.734 r  <hidden>
                                                      0.000     6.734 r  aclk
                         net (fo=3018, unset)         0.924     7.658    lb2_reg_1280_1407_4_4/WCLK
    SLICE_X30Y2          RAMD64E                                      r  lb2_reg_1280_1407_4_4/DP.HIGH/CLK
                         clock pessimism              0.000     7.658    <hidden>
                         clock uncertainty           -0.035     7.623    <hidden>
    SLICE_X30Y2          RAMD64E (Setup_ramd64e_CLK_I)
                                                     -0.725     6.898    lb2_reg_1280_1407_4_4/DP.HIGH
  -------------------------------------------------------------------
                         required time                          6.898    <hidden>
                         arrival time                          -6.997    <hidden>
  -------------------------------------------------------------------
                         slack                                 -0.099    <hidden>

Slack (VIOLATED) :        -0.098ns  (required time - arrival time)
  Source:                 col_in_reg[0]_rep__2/C
                            (rising edge-triggered cell FDRE clocked by aclk  {rise@0.000ns fall@3.367ns period=6.734ns})
  Destination:            lb2_reg_3328_3455_4_4/DP.HIGH/I
                            (rising edge-triggered cell RAMD64E clocked by aclk  {rise@0.000ns fall@3.367ns period=6.734ns})
  Path Group:             aclk
  Path Type:              Setup (Max at Slow Process Corner)
  Requirement:            6.734ns  (aclk rise@6.734ns - aclk rise@0.000ns)
  Data Path Delay:        6.023ns  (logic 1.630ns (27.062%)  route 4.393ns (72.938%))
  Logic Levels:           5  (LUT6=2 MUXF7=2 RAMD64E=1)
  Clock Path Skew:        -0.049ns (DCD - SCD + CPR)
    Destination Clock Delay (DCD):    0.924ns = ( 7.658 - 6.734 ) 
    Source Clock Delay      (SCD):    0.973ns
    Clock Pessimism Removal (CPR):    0.000ns
  Clock Uncertainty:      0.035ns  ((TSJ^2 + TIJ^2)^1/2 + DJ) / 2 + PE
    Total System Jitter     (TSJ):    0.071ns
    Total Input Jitter      (TIJ):    0.000ns
    Discrete Jitter          (DJ):    0.000ns
    Phase Error              (PE):    0.000ns

    Location             Delay type                Incr(ns)  Path(ns)    Netlist Resource(s)
  -------------------------------------------------------------------    -------------------
                         (clock aclk rise edge)       0.000     0.000 r  <hidden>
                                                      0.000     0.000 r  aclk
                         net (fo=3018, unset)         0.973     0.973    aclk
    SLICE_X29Y24         FDRE                                         r  col_in_reg[0]_rep__2/C
  -------------------------------------------------------------------    -------------------
    SLICE_X29Y24         FDRE (Prop_fdre_C_Q)         0.456     1.429 r  col_in_reg[0]_rep__2/Q
                         net (fo=192, routed)         1.407     2.836    lb1_reg_2432_2559_4_4/A0
    SLICE_X20Y23         RAMD64E (Prop_ramd64e_RADR0_O)
                                                      0.124     2.960 r  lb1_reg_2432_2559_4_4/SP.LOW/O
                         net (fo=1, routed)           0.000     2.960    lb1_reg_2432_2559_4_4/SPO0
    SLICE_X20Y23         MUXF7 (Prop_muxf7_I0_O)      0.241     3.201 r  lb1_reg_2432_2559_4_4/F7.SP/O
                         net (fo=1, routed)           0.938     4.139    lb1_reg_2432_2559_4_4_n_1
    SLICE_X21Y20         LUT6 (Prop_lut6_I0_O)        0.298     4.437 r  lb2_reg_0_127_4_4_i_8/O
                         net (fo=1, routed)           0.000     4.437    lb2_reg_0_127_4_4_i_8_n_0
    SLICE_X21Y20         MUXF7 (Prop_muxf7_I0_O)      0.212     4.649 r  lb2_reg_0_127_4_4_i_3/O
                         net (fo=1, routed)           0.792     5.440    lb2_reg_0_127_4_4_i_3_n_0
    SLICE_X23Y19         LUT6 (Prop_lut6_I1_O)        0.299     5.739 r  lb2_reg_0_127_4_4_i_1/O
                         net (fo=130, routed)         1.257     6.996    lb2_reg_3328_3455_4_4/D
    SLICE_X12Y4          RAMD64E                                      r  lb2_reg_3328_3455_4_4/DP.HIGH/I
  -------------------------------------------------------------------    -------------------

                         (clock aclk rise edge)       6.734     6.734 r  <hidden>
                                                      0.000     6.734 r  aclk
                         net (fo=3018, unset)         0.924     7.658    lb2_reg_3328_3455_4_4/WCLK
    SLICE_X12Y4          RAMD64E                                      r  lb2_reg_3328_3455_4_4/DP.HIGH/CLK
                         clock pessimism              0.000     7.658    <hidden>
                         clock uncertainty           -0.035     7.623    <hidden>
    SLICE_X12Y4          RAMD64E (Setup_ramd64e_CLK_I)
                                                     -0.725     6.898    lb2_reg_3328_3455_4_4/DP.HIGH
  -------------------------------------------------------------------
                         required time                          6.898    <hidden>
                         arrival time                          -6.996    <hidden>
  -------------------------------------------------------------------
                         slack                                 -0.098    <hidden>

Slack (VIOLATED) :        -0.091ns  (required time - arrival time)
  Source:                 col_in_reg[2]_rep__1/C
                            (rising edge-triggered cell FDRE clocked by aclk  {rise@0.000ns fall@3.367ns period=6.734ns})
  Destination:            lb2_reg_128_255_3_3/DP.HIGH/I
                            (rising edge-triggered cell RAMD64E clocked by aclk  {rise@0.000ns fall@3.367ns period=6.734ns})
  Path Group:             aclk
  Path Type:              Setup (Max at Slow Process Corner)
  Requirement:            6.734ns  (aclk rise@6.734ns - aclk rise@0.000ns)
  Data Path Delay:        6.016ns  (logic 1.655ns (27.511%)  route 4.361ns (72.489%))
  Logic Levels:           5  (LUT6=2 MUXF7=2 RAMD64E=1)
  Clock Path Skew:        -0.049ns (DCD - SCD + CPR)
    Destination Clock Delay (DCD):    0.924ns = ( 7.658 - 6.734 ) 
    Source Clock Delay      (SCD):    0.973ns
    Clock Pessimism Removal (CPR):    0.000ns
  Clock Uncertainty:      0.035ns  ((TSJ^2 + TIJ^2)^1/2 + DJ) / 2 + PE
    Total System Jitter     (TSJ):    0.071ns
    Total Input Jitter      (TIJ):    0.000ns
    Discrete Jitter          (DJ):    0.000ns
    Phase Error              (PE):    0.000ns

    Location             Delay type                Incr(ns)  Path(ns)    Netlist Resource(s)
  -------------------------------------------------------------------    -------------------
                         (clock aclk rise edge)       0.000     0.000 r  <hidden>
                                                      0.000     0.000 r  aclk
                         net (fo=3018, unset)         0.973     0.973    aclk
    SLICE_X27Y19         FDRE                                         r  col_in_reg[2]_rep__1/C
  -------------------------------------------------------------------    -------------------
    SLICE_X27Y19         FDRE (Prop_fdre_C_Q)         0.456     1.429 r  col_in_reg[2]_rep__1/Q
                         net (fo=240, routed)         1.076     2.505    lb1_reg_1280_1407_3_3/A2
    SLICE_X30Y22         RAMD64E (Prop_ramd64e_RADR2_O)
                                                      0.124     2.629 r  lb1_reg_1280_1407_3_3/SP.LOW/O
                         net (fo=1, routed)           0.000     2.629    lb1_reg_1280_1407_3_3/SPO0
    SLICE_X30Y22         MUXF7 (Prop_muxf7_I0_O)      0.241     2.870 r  lb1_reg_1280_1407_3_3/F7.SP/O
                         net (fo=1, routed)           1.141     4.010    lb1_reg_1280_1407_3_3_n_1
    SLICE_X23Y16         LUT6 (Prop_lut6_I1_O)        0.298     4.308 r  lb2_reg_0_127_3_3_i_10/O
                         net (fo=1, routed)           0.000     4.308    lb2_reg_0_127_3_3_i_10_n_0
    SLICE_X23Y16         MUXF7 (Prop_muxf7_I0_O)      0.238     4.546 r  lb2_reg_0_127_3_3_i_4/O
                         net (fo=1, routed)           0.662     5.208    lb2_reg_0_127_3_3_i_4_n_0
    SLICE_X21Y16         LUT6 (Prop_lut6_I3_O)        0.298     5.506 r  lb2_reg_0_127_3_3_i_1/O
                         net (fo=130, routed)         1.483     6.989    lb2_reg_128_255_3_3/D
    SLICE_X0Y6           RAMD64E                                      r  lb2_reg_128_255_3_3/DP.HIGH/I
  -------------------------------------------------------------------    -------------------

                         (clock aclk rise edge)       6.734     6.734 r  <hidden>
                                                      0.000     6.734 r  aclk
                         net (fo=3018, unset)         0.924     7.658    lb2_reg_128_255_3_3/WCLK
    SLICE_X0Y6           RAMD64E                                      r  lb2_reg_128_255_3_3/DP.HIGH/CLK
                         clock pessimism              0.000     7.658    <hidden>
                         clock uncertainty           -0.035     7.623    <hidden>
    SLICE_X0Y6           RAMD64E (Setup_ramd64e_CLK_I)
                                                     -0.725     6.898    lb2_reg_128_255_3_3/DP.HIGH
  -------------------------------------------------------------------
                         required time                          6.898    <hidden>
                         arrival time                          -6.989    <hidden>
  -------------------------------------------------------------------
                         slack                                 -0.091    <hidden>

Slack (VIOLATED) :        -0.081ns  (required time - arrival time)
  Source:                 col_in_reg[0]_rep__2/C
                            (rising edge-triggered cell FDRE clocked by aclk  {rise@0.000ns fall@3.367ns period=6.734ns})
  Destination:            lb2_reg_1408_1535_4_4/DP.HIGH/I
                            (rising edge-triggered cell RAMD64E clocked by aclk  {rise@0.000ns fall@3.367ns period=6.734ns})
  Path Group:             aclk
  Path Type:              Setup (Max at Slow Process Corner)
  Requirement:            6.734ns  (aclk rise@6.734ns - aclk rise@0.000ns)
  Data Path Delay:        6.006ns  (logic 1.630ns (27.139%)  route 4.376ns (72.861%))
  Logic Levels:           5  (LUT6=2 MUXF7=2 RAMD64E=1)
  Clock Path Skew:        -0.049ns (DCD - SCD + CPR)
    Destination Clock Delay (DCD):    0.924ns = ( 7.658 - 6.734 ) 
    Source Clock Delay      (SCD):    0.973ns
    Clock Pessimism Removal (CPR):    0.000ns
  Clock Uncertainty:      0.035ns  ((TSJ^2 + TIJ^2)^1/2 + DJ) / 2 + PE
    Total System Jitter     (TSJ):    0.071ns
    Total Input Jitter      (TIJ):    0.000ns
    Discrete Jitter          (DJ):    0.000ns
    Phase Error              (PE):    0.000ns

    Location             Delay type                Incr(ns)  Path(ns)    Netlist Resource(s)
  -------------------------------------------------------------------    -------------------
                         (clock aclk rise edge)       0.000     0.000 r  <hidden>
                                                      0.000     0.000 r  aclk
                         net (fo=3018, unset)         0.973     0.973    aclk
    SLICE_X29Y24         FDRE                                         r  col_in_reg[0]_rep__2/C
  -------------------------------------------------------------------    -------------------
    SLICE_X29Y24         FDRE (Prop_fdre_C_Q)         0.456     1.429 r  col_in_reg[0]_rep__2/Q
                         net (fo=192, routed)         1.407     2.836    lb1_reg_2432_2559_4_4/A0
    SLICE_X20Y23         RAMD64E (Prop_ramd64e_RADR0_O)
                                                      0.124     2.960 r  lb1_reg_2432_2559_4_4/SP.LOW/O
                         net (fo=1, routed)           0.000     2.960    lb1_reg_2432_2559_4_4/SPO0
    SLICE_X20Y23         MUXF7 (Prop_muxf7_I0_O)      0.241     3.201 r  lb1_reg_2432_2559_4_4/F7.SP/O
                         net (fo=1, routed)           0.938     4.139    lb1_reg_2432_2559_4_4_n_1
    SLICE_X21Y20         LUT6 (Prop_lut6_I0_O)        0.298     4.437 r  lb2_reg_0_127_4_4_i_8/O
                         net (fo=1, routed)           0.000     4.437    lb2_reg_0_127_4_4_i_8_n_0
    SLICE_X21Y20         MUXF7 (Prop_muxf7_I0_O)      0.212     4.649 r  lb2_reg_0_127_4_4_i_3/O
                         net (fo=1, routed)           0.792     5.440    lb2_reg_0_127_4_4_i_3_n_0
    SLICE_X23Y19         LUT6 (Prop_lut6_I1_O)        0.299     5.739 r  lb2_reg_0_127_4_4_i_1/O
                         net (fo=130, routed)         1.240     6.979    lb2_reg_1408_1535_4_4/D
    SLICE_X22Y2          RAMD64E                                      r  lb2_reg_1408_1535_4_4/DP.HIGH/I
  -------------------------------------------------------------------    -------------------

                         (clock aclk rise edge)       6.734     6.734 r  <hidden>
                                                      0.000     6.734 r  aclk
                         net (fo=3018, unset)         0.924     7.658    lb2_reg_1408_1535_4_4/WCLK
    SLICE_X22Y2          RAMD64E                                      r  lb2_reg_1408_1535_4_4/DP.HIGH/CLK
                         clock pessimism              0.000     7.658    <hidden>
                         clock uncertainty           -0.035     7.623    <hidden>
    SLICE_X22Y2          RAMD64E (Setup_ramd64e_CLK_I)
                                                     -0.725     6.898    lb2_reg_1408_1535_4_4/DP.HIGH
  -------------------------------------------------------------------
                         required time                          6.898    <hidden>
                         arrival time                          -6.979    <hidden>
  -------------------------------------------------------------------
                         slack                                 -0.081    <hidden>

Slack (VIOLATED) :        -0.080ns  (required time - arrival time)
  Source:                 col_in_reg[1]_rep__6/C
                            (rising edge-triggered cell FDRE clocked by aclk  {rise@0.000ns fall@3.367ns period=6.734ns})
  Destination:            lb2_reg_256_383_7_7/DP.HIGH/I
                            (rising edge-triggered cell RAMD64E clocked by aclk  {rise@0.000ns fall@3.367ns period=6.734ns})
  Path Group:             aclk
  Path Type:              Setup (Max at Slow Process Corner)
  Requirement:            6.734ns  (aclk rise@6.734ns - aclk rise@0.000ns)
  Data Path Delay:        6.005ns  (logic 1.662ns (27.677%)  route 4.343ns (72.323%))
  Logic Levels:           5  (LUT6=2 MUXF7=2 RAMD64E=1)
  Clock Path Skew:        -0.049ns (DCD - SCD + CPR)
    Destination Clock Delay (DCD):    0.924ns = ( 7.658 - 6.734 ) 
    Source Clock Delay      (SCD):    0.973ns
    Clock Pessimism Removal (CPR):    0.000ns
  Clock Uncertainty:      0.035ns  ((TSJ^2 + TIJ^2)^1/2 + DJ) / 2 + PE
    Total System Jitter     (TSJ):    0.071ns
    Total Input Jitter      (TIJ):    0.000ns
    Discrete Jitter          (DJ):    0.000ns
    Phase Error              (PE):    0.000ns

    Location             Delay type                Incr(ns)  Path(ns)    Netlist Resource(s)
  -------------------------------------------------------------------    -------------------
                         (clock aclk rise edge)       0.000     0.000 r  <hidden>
                                                      0.000     0.000 r  aclk
                         net (fo=3018, unset)         0.973     0.973    aclk
    SLICE_X9Y27          FDRE                                         r  col_in_reg[1]_rep__6/C
  -------------------------------------------------------------------    -------------------
    SLICE_X9Y27          FDRE (Prop_fdre_C_Q)         0.456     1.429 r  col_in_reg[1]_rep__6/Q
                         net (fo=240, routed)         1.621     3.050    lb1_reg_3840_3967_7_7/A1
    SLICE_X10Y17         RAMD64E (Prop_ramd64e_RADR1_O)
                                                      0.124     3.174 r  lb1_reg_3840_3967_7_7/SP.LOW/O
                         net (fo=1, routed)           0.000     3.174    lb1_reg_3840_3967_7_7/SPO0
    SLICE_X10Y17         MUXF7 (Prop_muxf7_I0_O)      0.241     3.415 r  lb1_reg_3840_3967_7_7/F7.SP/O
                         net (fo=1, routed)           0.788     4.203    lb1_reg_3840_3967_7_7_n_1
    SLICE_X11Y19         LUT6 (Prop_lut6_I1_O)        0.298     4.501 r  lb2_reg_0_127_7_7_i_7/O
                         net (fo=1, routed)           0.000     4.501    lb2_reg_0_127_7_7_i_7_n_0
    SLICE_X11Y19         MUXF7 (Prop_muxf7_I1_O)      0.245     4.746 r  lb2_reg_0_127_7_7_i_2/O
                         net (fo=1, routed)           0.712     5.458    lb2_reg_0_127_7_7_i_2_n_0
    SLICE_X13Y19         LUT6 (Prop_lut6_I0_O)        0.298     5.756 r  lb2_reg_0_127_7_7_i_1/O
                         net (fo=130, routed)         1.222     6.978    lb2_reg_256_383_7_7/D
    SLICE_X0Y24          RAMD64E                                      r  lb2_reg_256_383_7_7/DP.HIGH/I
  -------------------------------------------------------------------    -------------------

                         (clock aclk rise edge)       6.734     6.734 r  <hidden>
                                                      0.000     6.734 r  aclk
                         net (fo=3018, unset)         0.924     7.658    lb2_reg_256_383_7_7/WCLK
    SLICE_X0Y24          RAMD64E                                      r  lb2_reg_256_383_7_7/DP.HIGH/CLK
                         clock pessimism              0.000     7.658    <hidden>
                         clock uncertainty           -0.035     7.623    <hidden>
    SLICE_X0Y24          RAMD64E (Setup_ramd64e_CLK_I)
                                                     -0.725     6.898    lb2_reg_256_383_7_7/DP.HIGH
  -------------------------------------------------------------------
                         required time                          6.898    <hidden>
                         arrival time                          -6.978    <hidden>
  -------------------------------------------------------------------
                         slack                                 -0.080    <hidden>

Slack (VIOLATED) :        -0.080ns  (required time - arrival time)
  Source:                 col_in_reg[2]_rep__1/C
                            (rising edge-triggered cell FDRE clocked by aclk  {rise@0.000ns fall@3.367ns period=6.734ns})
  Destination:            lb2_reg_3200_3327_3_3/DP.HIGH/I
                            (rising edge-triggered cell RAMD64E clocked by aclk  {rise@0.000ns fall@3.367ns period=6.734ns})
  Path Group:             aclk
  Path Type:              Setup (Max at Slow Process Corner)
  Requirement:            6.734ns  (aclk rise@6.734ns - aclk rise@0.000ns)
  Data Path Delay:        6.005ns  (logic 1.655ns (27.561%)  route 4.350ns (72.439%))
  Logic Levels:           5  (LUT6=2 MUXF7=2 RAMD64E=1)
  Clock Path Skew:        -0.049ns (DCD - SCD + CPR)
    Destination Clock Delay (DCD):    0.924ns = ( 7.658 - 6.734 ) 
    Source Clock Delay      (SCD):    0.973ns
    Clock Pessimism Removal (CPR):    0.000ns
  Clock Uncertainty:      0.035ns  ((TSJ^2 + TIJ^2)^1/2 + DJ) / 2 + PE
    Total System Jitter     (TSJ):    0.071ns
    Total Input Jitter      (TIJ):    0.000ns
    Discrete Jitter          (DJ):    0.000ns
    Phase Error              (PE):    0.000ns

    Location             Delay type                Incr(ns)  Path(ns)    Netlist Resource(s)
  -------------------------------------------------------------------    -------------------
                         (clock aclk rise edge)       0.000     0.000 r  <hidden>
                                                      0.000     0.000 r  aclk
                         net (fo=3018, unset)         0.973     0.973    aclk
    SLICE_X27Y19         FDRE                                         r  col_in_reg[2]_rep__1/C
  -------------------------------------------------------------------    -------------------
    SLICE_X27Y19         FDRE (Prop_fdre_C_Q)         0.456     1.429 r  col_in_reg[2]_rep__1/Q
                         net (fo=240, routed)         1.076     2.505    lb1_reg_1280_1407_3_3/A2
    SLICE_X30Y22         RAMD64E (Prop_ramd64e_RADR2_O)
                                                      0.124     2.629 r  lb1_reg_1280_1407_3_3/SP.LOW/O
                         net (fo=1, routed)           0.000     2.629    lb1_reg_1280_1407_3_3/SPO0
    SLICE_X30Y22         MUXF7 (Prop_muxf7_I0_O)      0.241     2.870 r  lb1_reg_1280_1407_3_3/F7.SP/O
                         net (fo=1, routed)           1.141     4.010    lb1_reg_1280_1407_3_3_n_1
    SLICE_X23Y16         LUT6 (Prop_lut6_I1_O)        0.298     4.308 r  lb2_reg_0_127_3_3_i_10/O
                         net (fo=1, routed)           0.000     4.308    lb2_reg_0_127_3_3_i_10_n_0
    SLICE_X23Y16         MUXF7 (Prop_muxf7_I0_O)      0.238     4.546 r  lb2_reg_0_127_3_3_i_4/O
                         net (fo=1, routed)           0.662     5.208    lb2_reg_0_127_3_3_i_4_n_0
    SLICE_X21Y16         LUT6 (Prop_lut6_I3_O)        0.298     5.506 r  lb2_reg_0_127_3_3_i_1/O
                         net (fo=130, routed)         1.472     6.978    lb2_reg_3200_3327_3_3/D
    SLICE_X4Y2           RAMD64E                                      r  lb2_reg_3200_3327_3_3/DP.HIGH/I
  -------------------------------------------------------------------    -------------------

                         (clock aclk rise edge)       6.734     6.734 r  <hidden>
                                                      0.000     6.734 r  aclk
                         net (fo=3018, unset)         0.924     7.658    lb2_reg_3200_3327_3_3/WCLK
    SLICE_X4Y2           RAMD64E                                      r  lb2_reg_3200_3327_3_3/DP.HIGH/CLK
                         clock pessimism              0.000     7.658    <hidden>
                         clock uncertainty           -0.035     7.623    <hidden>
    SLICE_X4Y2           RAMD64E (Setup_ramd64e_CLK_I)
                                                     -0.725     6.898    lb2_reg_3200_3327_3_3/DP.HIGH
  -------------------------------------------------------------------
                         required time                          6.898    <hidden>
                         arrival time                          -6.978    <hidden>
  -------------------------------------------------------------------
                         slack                                 -0.080    <hidden>

Slack (VIOLATED) :        -0.078ns  (required time - arrival time)
  Source:                 col_in_reg[0]_rep__2/C
                            (rising edge-triggered cell FDRE clocked by aclk  {rise@0.000ns fall@3.367ns period=6.734ns})
  Destination:            lb2_reg_3456_3583_4_4/DP.HIGH/I
                            (rising edge-triggered cell RAMD64E clocked by aclk  {rise@0.000ns fall@3.367ns period=6.734ns})
  Path Group:             aclk
  Path Type:              Setup (Max at Slow Process Corner)
  Requirement:            6.734ns  (aclk rise@6.734ns - aclk rise@0.000ns)
  Data Path Delay:        6.003ns  (logic 1.630ns (27.155%)  route 4.373ns (72.845%))
  Logic Levels:           5  (LUT6=2 MUXF7=2 RAMD64E=1)
  Clock Path Skew:        -0.049ns (DCD - SCD + CPR)
    Destination Clock Delay (DCD):    0.924ns = ( 7.658 - 6.734 ) 
    Source Clock Delay      (SCD):    0.973ns
    Clock Pessimism Removal (CPR):    0.000ns
  Clock Uncertainty:      0.035ns  ((TSJ^2 + TIJ^2)^1/2 + DJ) / 2 + PE
    Total System Jitter     (TSJ):    0.071ns
    Total Input Jitter      (TIJ):    0.000ns
    Discrete Jitter          (DJ):    0.000ns
    Phase Error              (PE):    0.000ns

    Location             Delay type                Incr(ns)  Path(ns)    Netlist Resource(s)
  -------------------------------------------------------------------    -------------------
                         (clock aclk rise edge)       0.000     0.000 r  <hidden>
                                                      0.000     0.000 r  aclk
                         net (fo=3018, unset)         0.973     0.973    aclk
    SLICE_X29Y24         FDRE                                         r  col_in_reg[0]_rep__2/C
  -------------------------------------------------------------------    -------------------
    SLICE_X29Y24         FDRE (Prop_fdre_C_Q)         0.456     1.429 r  col_in_reg[0]_rep__2/Q
                         net (fo=192, routed)         1.407     2.836    lb1_reg_2432_2559_4_4/A0
    SLICE_X20Y23         RAMD64E (Prop_ramd64e_RADR0_O)
                                                      0.124     2.960 r  lb1_reg_2432_2559_4_4/SP.LOW/O
                         net (fo=1, routed)           0.000     2.960    lb1_reg_2432_2559_4_4/SPO0
    SLICE_X20Y23         MUXF7 (Prop_muxf7_I0_O)      0.241     3.201 r  lb1_reg_2432_2559_4_4/F7.SP/O
                         net (fo=1, routed)           0.938     4.139    lb1_reg_2432_2559_4_4_n_1
    SLICE_X21Y20         LUT6 (Prop_lut6_I0_O)        0.298     4.437 r  lb2_reg_0_127_4_4_i_8/O
                         net (fo=1, routed)           0.000     4.437    lb2_reg_0_127_4_4_i_8_n_0
    SLICE_X21Y20         MUXF7 (Prop_muxf7_I0_O)      0.212     4.649 r  lb2_reg_0_127_4_4_i_3/O
                         net (fo=1, routed)           0.792     5.440    lb2_reg_0_127_4_4_i_3_n_0
    SLICE_X23Y19         LUT6 (Prop_lut6_I1_O)        0.299     5.739 r  lb2_reg_0_127_4_4_i_1/O
                         net (fo=130, routed)         1.236     6.976    lb2_reg_3456_3583_4_4/D
    SLICE_X12Y5          RAMD64E                                      r  lb2_reg_3456_3583_4_4/DP.HIGH/I
  -------------------------------------------------------------------    -------------------

                         (clock aclk rise edge)       6.734     6.734 r  <hidden>
                                                      0.000     6.734 r  aclk
                         net (fo=3018, unset)         0.924     7.658    lb2_reg_3456_3583_4_4/WCLK
    SLICE_X12Y5          RAMD64E                                      r  lb2_reg_3456_3583_4_4/DP.HIGH/CLK
                         clock pessimism              0.000     7.658    <hidden>
                         clock uncertainty           -0.035     7.623    <hidden>
    SLICE_X12Y5          RAMD64E (Setup_ramd64e_CLK_I)
                                                     -0.725     6.898    lb2_reg_3456_3583_4_4/DP.HIGH
  -------------------------------------------------------------------
                         required time                          6.898    <hidden>
                         arrival time                          -6.976    <hidden>
  -------------------------------------------------------------------
                         slack                                 -0.078    <hidden>





Min Delay Paths
--------------------------------------------------------------------------------------
Slack (MET) :             0.039ns  (arrival time - required time)
  Source:                 col_in_reg[0]_replica_4/C
                            (rising edge-triggered cell FDRE clocked by aclk  {rise@0.000ns fall@3.367ns period=6.734ns})
  Destination:            lb1_reg_3968_4095_3_3/DP.HIGH/WADR0
                            (rising edge-triggered cell RAMD64E clocked by aclk  {rise@0.000ns fall@3.367ns period=6.734ns})
  Path Group:             aclk
  Path Type:              Hold (Min at Fast Process Corner)
  Requirement:            0.000ns  (aclk rise@0.000ns - aclk rise@0.000ns)
  Data Path Delay:        0.371ns  (logic 0.141ns (38.052%)  route 0.230ns (61.947%))
  Logic Levels:           0  
  Clock Path Skew:        0.022ns (DCD - SCD - CPR)
    Destination Clock Delay (DCD):    0.432ns
    Source Clock Delay      (SCD):    0.410ns
    Clock Pessimism Removal (CPR):    -0.000ns

    Location             Delay type                Incr(ns)  Path(ns)    Netlist Resource(s)
  -------------------------------------------------------------------    -------------------
                         (clock aclk rise edge)       0.000     0.000 r  <hidden>
                                                      0.000     0.000 r  aclk
                         net (fo=3018, unset)         0.410     0.410    aclk
    SLICE_X27Y18         FDRE                                         r  col_in_reg[0]_replica_4/C
  -------------------------------------------------------------------    -------------------
    SLICE_X27Y18         FDRE (Prop_fdre_C_Q)         0.141     0.551 r  col_in_reg[0]_replica_4/Q
                         net (fo=24, routed)          0.230     0.781    lb1_reg_3968_4095_3_3/A0
    SLICE_X26Y18         RAMD64E                                      r  lb1_reg_3968_4095_3_3/DP.HIGH/WADR0
  -------------------------------------------------------------------    -------------------

                         (clock aclk rise edge)       0.000     0.000 r  <hidden>
                                                      0.000     0.000 r  aclk
                         net (fo=3018, unset)         0.432     0.432    lb1_reg_3968_4095_3_3/WCLK
    SLICE_X26Y18         RAMD64E                                      r  lb1_reg_3968_4095_3_3/DP.HIGH/CLK
                         clock pessimism              0.000     0.432    <hidden>
    SLICE_X26Y18         RAMD64E (Hold_ramd64e_CLK_WADR0)
                                                      0.310     0.742    lb1_reg_3968_4095_3_3/DP.HIGH
  -------------------------------------------------------------------
                         required time                         -0.742    <hidden>
                         arrival time                           0.781    <hidden>
  -------------------------------------------------------------------
                         slack                                  0.039    <hidden>

Slack (MET) :             0.039ns  (arrival time - required time)
  Source:                 col_in_reg[0]_replica_4/C
                            (rising edge-triggered cell FDRE clocked by aclk  {rise@0.000ns fall@3.367ns period=6.734ns})
  Destination:            lb1_reg_3968_4095_3_3/DP.LOW/WADR0
                            (rising edge-triggered cell RAMD64E clocked by aclk  {rise@0.000ns fall@3.367ns period=6.734ns})
  Path Group:             aclk
  Path Type:              Hold (Min at Fast Process Corner)
  Requirement:            0.000ns  (aclk rise@0.000ns - aclk rise@0.000ns)
  Data Path Delay:        0.371ns  (logic 0.141ns (38.052%)  route 0.230ns (61.947%))
  Logic Levels:           0  
  Clock Path Skew:        0.022ns (DCD - SCD - CPR)
    Destination Clock Delay (DCD):    0.432ns
    Source Clock Delay      (SCD):    0.410ns
    Clock Pessimism Removal (CPR):    -0.000ns

    Location             Delay type                Incr(ns)  Path(ns)    Netlist Resource(s)
  -------------------------------------------------------------------    -------------------
                         (clock aclk rise edge)       0.000     0.000 r  <hidden>
                                                      0.000     0.000 r  aclk
                         net (fo=3018, unset)         0.410     0.410    aclk
    SLICE_X27Y18         FDRE                                         r  col_in_reg[0]_replica_4/C
  -------------------------------------------------------------------    -------------------
    SLICE_X27Y18         FDRE (Prop_fdre_C_Q)         0.141     0.551 r  col_in_reg[0]_replica_4/Q
                         net (fo=24, routed)          0.230     0.781    lb1_reg_3968_4095_3_3/A0
    SLICE_X26Y18         RAMD64E                                      r  lb1_reg_3968_4095_3_3/DP.LOW/WADR0
  -------------------------------------------------------------------    -------------------

                         (clock aclk rise edge)       0.000     0.000 r  <hidden>
                                                      0.000     0.000 r  aclk
                         net (fo=3018, unset)         0.432     0.432    lb1_reg_3968_4095_3_3/WCLK
    SLICE_X26Y18         RAMD64E                                      r  lb1_reg_3968_4095_3_3/DP.LOW/CLK
                         clock pessimism              0.000     0.432    <hidden>
    SLICE_X26Y18         RAMD64E (Hold_ramd64e_CLK_WADR0)
                                                      0.310     0.742    lb1_reg_3968_4095_3_3/DP.LOW
  -------------------------------------------------------------------
                         required time                         -0.742    <hidden>
                         arrival time                           0.781    <hidden>
  -------------------------------------------------------------------
                         slack                                  0.039    <hidden>

Slack (MET) :             0.039ns  (arrival time - required time)
  Source:                 col_in_reg[0]_replica_4/C
                            (rising edge-triggered cell FDRE clocked by aclk  {rise@0.000ns fall@3.367ns period=6.734ns})
  Destination:            lb1_reg_3968_4095_3_3/SP.HIGH/WADR0
                            (rising edge-triggered cell RAMD64E clocked by aclk  {rise@0.000ns fall@3.367ns period=6.734ns})
  Path Group:             aclk
  Path Type:              Hold (Min at Fast Process Corner)
  Requirement:            0.000ns  (aclk rise@0.000ns - aclk rise@0.000ns)
  Data Path Delay:        0.371ns  (logic 0.141ns (38.052%)  route 0.230ns (61.947%))
  Logic Levels:           0  
  Clock Path Skew:        0.022ns (DCD - SCD - CPR)
    Destination Clock Delay (DCD):    0.432ns
    Source Clock Delay      (SCD):    0.410ns
    Clock Pessimism Removal (CPR):    -0.000ns

    Location             Delay type                Incr(ns)  Path(ns)    Netlist Resource(s)
  -------------------------------------------------------------------    -------------------
                         (clock aclk rise edge)       0.000     0.000 r  <hidden>
                                                      0.000     0.000 r  aclk
                         net (fo=3018, unset)         0.410     0.410    aclk
    SLICE_X27Y18         FDRE                                         r  col_in_reg[0]_replica_4/C
  -------------------------------------------------------------------    -------------------
    SLICE_X27Y18         FDRE (Prop_fdre_C_Q)         0.141     0.551 r  col_in_reg[0]_replica_4/Q
                         net (fo=24, routed)          0.230     0.781    lb1_reg_3968_4095_3_3/A0
    SLICE_X26Y18         RAMD64E                                      r  lb1_reg_3968_4095_3_3/SP.HIGH/WADR0
  -------------------------------------------------------------------    -------------------

                         (clock aclk rise edge)       0.000     0.000 r  <hidden>
                                                      0.000     0.000 r  aclk
                         net (fo=3018, unset)         0.432     0.432    lb1_reg_3968_4095_3_3/WCLK
    SLICE_X26Y18         RAMD64E                                      r  lb1_reg_3968_4095_3_3/SP.HIGH/CLK
                         clock pessimism              0.000     0.432    <hidden>
    SLICE_X26Y18         RAMD64E (Hold_ramd64e_CLK_WADR0)
                                                      0.310     0.742    lb1_reg_3968_4095_3_3/SP.HIGH
  -------------------------------------------------------------------
                         required time                         -0.742    <hidden>
                         arrival time                           0.781    <hidden>
  -------------------------------------------------------------------
                         slack                                  0.039    <hidden>

Slack (MET) :             0.039ns  (arrival time - required time)
  Source:                 col_in_reg[0]_replica_4/C
                            (rising edge-triggered cell FDRE clocked by aclk  {rise@0.000ns fall@3.367ns period=6.734ns})
  Destination:            lb1_reg_3968_4095_3_3/SP.LOW/WADR0
                            (rising edge-triggered cell RAMD64E clocked by aclk  {rise@0.000ns fall@3.367ns period=6.734ns})
  Path Group:             aclk
  Path Type:              Hold (Min at Fast Process Corner)
  Requirement:            0.000ns  (aclk rise@0.000ns - aclk rise@0.000ns)
  Data Path Delay:        0.371ns  (logic 0.141ns (38.052%)  route 0.230ns (61.947%))
  Logic Levels:           0  
  Clock Path Skew:        0.022ns (DCD - SCD - CPR)
    Destination Clock Delay (DCD):    0.432ns
    Source Clock Delay      (SCD):    0.410ns
    Clock Pessimism Removal (CPR):    -0.000ns

    Location             Delay type                Incr(ns)  Path(ns)    Netlist Resource(s)
  -------------------------------------------------------------------    -------------------
                         (clock aclk rise edge)       0.000     0.000 r  <hidden>
                                                      0.000     0.000 r  aclk
                         net (fo=3018, unset)         0.410     0.410    aclk
    SLICE_X27Y18         FDRE                                         r  col_in_reg[0]_replica_4/C
  -------------------------------------------------------------------    -------------------
    SLICE_X27Y18         FDRE (Prop_fdre_C_Q)         0.141     0.551 r  col_in_reg[0]_replica_4/Q
                         net (fo=24, routed)          0.230     0.781    lb1_reg_3968_4095_3_3/A0
    SLICE_X26Y18         RAMD64E                                      r  lb1_reg_3968_4095_3_3/SP.LOW/WADR0
  -------------------------------------------------------------------    -------------------

                         (clock aclk rise edge)       0.000     0.000 r  <hidden>
                                                      0.000     0.000 r  aclk
                         net (fo=3018, unset)         0.432     0.432    lb1_reg_3968_4095_3_3/WCLK
    SLICE_X26Y18         RAMD64E                                      r  lb1_reg_3968_4095_3_3/SP.LOW/CLK
                         clock pessimism              0.000     0.432    <hidden>
    SLICE_X26Y18         RAMD64E (Hold_ramd64e_CLK_WADR0)
                                                      0.310     0.742    lb1_reg_3968_4095_3_3/SP.LOW
  -------------------------------------------------------------------
                         required time                         -0.742    <hidden>
                         arrival time                           0.781    <hidden>
  -------------------------------------------------------------------
                         slack                                  0.039    <hidden>

Slack (MET) :             0.039ns  (arrival time - required time)
  Source:                 col_in_reg[0]_replica/C
                            (rising edge-triggered cell FDRE clocked by aclk  {rise@0.000ns fall@3.367ns period=6.734ns})
  Destination:            lb1_reg_1792_1919_3_3/DP.HIGH/WADR0
                            (rising edge-triggered cell RAMD64E clocked by aclk  {rise@0.000ns fall@3.367ns period=6.734ns})
  Path Group:             aclk
  Path Type:              Hold (Min at Fast Process Corner)
  Requirement:            0.000ns  (aclk rise@0.000ns - aclk rise@0.000ns)
  Data Path Delay:        0.371ns  (logic 0.141ns (38.046%)  route 0.230ns (61.954%))
  Logic Levels:           0  
  Clock Path Skew:        0.022ns (DCD - SCD - CPR)
    Destination Clock Delay (DCD):    0.432ns
    Source Clock Delay      (SCD):    0.410ns
    Clock Pessimism Removal (CPR):    -0.000ns

    Location             Delay type                Incr(ns)  Path(ns)    Netlist Resource(s)
  -------------------------------------------------------------------    -------------------
                         (clock aclk rise edge)       0.000     0.000 r  <hidden>
                                                      0.000     0.000 r  aclk
                         net (fo=3018, unset)         0.410     0.410    aclk
    SLICE_X27Y20         FDRE                                         r  col_in_reg[0]_replica/C
  -------------------------------------------------------------------    -------------------
    SLICE_X27Y20         FDRE (Prop_fdre_C_Q)         0.141     0.551 r  col_in_reg[0]_replica/Q
                         net (fo=42, routed)          0.230     0.781    lb1_reg_1792_1919_3_3/A0
    SLICE_X26Y20         RAMD64E                                      r  lb1_reg_1792_1919_3_3/DP.HIGH/WADR0
  -------------------------------------------------------------------    -------------------

                         (clock aclk rise edge)       0.000     0.000 r  <hidden>
                                                      0.000     0.000 r  aclk
                         net (fo=3018, unset)         0.432     0.432    lb1_reg_1792_1919_3_3/WCLK
    SLICE_X26Y20         RAMD64E                                      r  lb1_reg_1792_1919_3_3/DP.HIGH/CLK
                         clock pessimism              0.000     0.432    <hidden>
    SLICE_X26Y20         RAMD64E (Hold_ramd64e_CLK_WADR0)
                                                      0.310     0.742    lb1_reg_1792_1919_3_3/DP.HIGH
  -------------------------------------------------------------------
                         required time                         -0.742    <hidden>
                         arrival time                           0.781    <hidden>
  -------------------------------------------------------------------
                         slack                                  0.039    <hidden>

Slack (MET) :             0.039ns  (arrival time - required time)
  Source:                 col_in_reg[0]_replica/C
                            (rising edge-triggered cell FDRE clocked by aclk  {rise@0.000ns fall@3.367ns period=6.734ns})
  Destination:            lb1_reg_1792_1919_3_3/DP.LOW/WADR0
                            (rising edge-triggered cell RAMD64E clocked by aclk  {rise@0.000ns fall@3.367ns period=6.734ns})
  Path Group:             aclk
  Path Type:              Hold (Min at Fast Process Corner)
  Requirement:            0.000ns  (aclk rise@0.000ns - aclk rise@0.000ns)
  Data Path Delay:        0.371ns  (logic 0.141ns (38.046%)  route 0.230ns (61.954%))
  Logic Levels:           0  
  Clock Path Skew:        0.022ns (DCD - SCD - CPR)
    Destination Clock Delay (DCD):    0.432ns
    Source Clock Delay      (SCD):    0.410ns
    Clock Pessimism Removal (CPR):    -0.000ns

    Location             Delay type                Incr(ns)  Path(ns)    Netlist Resource(s)
  -------------------------------------------------------------------    -------------------
                         (clock aclk rise edge)       0.000     0.000 r  <hidden>
                                                      0.000     0.000 r  aclk
                         net (fo=3018, unset)         0.410     0.410    aclk
    SLICE_X27Y20         FDRE                                         r  col_in_reg[0]_replica/C
  -------------------------------------------------------------------    -------------------
    SLICE_X27Y20         FDRE (Prop_fdre_C_Q)         0.141     0.551 r  col_in_reg[0]_replica/Q
                         net (fo=42, routed)          0.230     0.781    lb1_reg_1792_1919_3_3/A0
    SLICE_X26Y20         RAMD64E                                      r  lb1_reg_1792_1919_3_3/DP.LOW/WADR0
  -------------------------------------------------------------------    -------------------

                         (clock aclk rise edge)       0.000     0.000 r  <hidden>
                                                      0.000     0.000 r  aclk
                         net (fo=3018, unset)         0.432     0.432    lb1_reg_1792_1919_3_3/WCLK
    SLICE_X26Y20         RAMD64E                                      r  lb1_reg_1792_1919_3_3/DP.LOW/CLK
                         clock pessimism              0.000     0.432    <hidden>
    SLICE_X26Y20         RAMD64E (Hold_ramd64e_CLK_WADR0)
                                                      0.310     0.742    lb1_reg_1792_1919_3_3/DP.LOW
  -------------------------------------------------------------------
                         required time                         -0.742    <hidden>
                         arrival time                           0.781    <hidden>
  -------------------------------------------------------------------
                         slack                                  0.039    <hidden>

Slack (MET) :             0.039ns  (arrival time - required time)
  Source:                 col_in_reg[0]_replica/C
                            (rising edge-triggered cell FDRE clocked by aclk  {rise@0.000ns fall@3.367ns period=6.734ns})
  Destination:            lb1_reg_1792_1919_3_3/SP.HIGH/WADR0
                            (rising edge-triggered cell RAMD64E clocked by aclk  {rise@0.000ns fall@3.367ns period=6.734ns})
  Path Group:             aclk
  Path Type:              Hold (Min at Fast Process Corner)
  Requirement:            0.000ns  (aclk rise@0.000ns - aclk rise@0.000ns)
  Data Path Delay:        0.371ns  (logic 0.141ns (38.046%)  route 0.230ns (61.954%))
  Logic Levels:           0  
  Clock Path Skew:        0.022ns (DCD - SCD - CPR)
    Destination Clock Delay (DCD):    0.432ns
    Source Clock Delay      (SCD):    0.410ns
    Clock Pessimism Removal (CPR):    -0.000ns

    Location             Delay type                Incr(ns)  Path(ns)    Netlist Resource(s)
  -------------------------------------------------------------------    -------------------
                         (clock aclk rise edge)       0.000     0.000 r  <hidden>
                                                      0.000     0.000 r  aclk
                         net (fo=3018, unset)         0.410     0.410    aclk
    SLICE_X27Y20         FDRE                                         r  col_in_reg[0]_replica/C
  -------------------------------------------------------------------    -------------------
    SLICE_X27Y20         FDRE (Prop_fdre_C_Q)         0.141     0.551 r  col_in_reg[0]_replica/Q
                         net (fo=42, routed)          0.230     0.781    lb1_reg_1792_1919_3_3/A0
    SLICE_X26Y20         RAMD64E                                      r  lb1_reg_1792_1919_3_3/SP.HIGH/WADR0
  -------------------------------------------------------------------    -------------------

                         (clock aclk rise edge)       0.000     0.000 r  <hidden>
                                                      0.000     0.000 r  aclk
                         net (fo=3018, unset)         0.432     0.432    lb1_reg_1792_1919_3_3/WCLK
    SLICE_X26Y20         RAMD64E                                      r  lb1_reg_1792_1919_3_3/SP.HIGH/CLK
                         clock pessimism              0.000     0.432    <hidden>
    SLICE_X26Y20         RAMD64E (Hold_ramd64e_CLK_WADR0)
                                                      0.310     0.742    lb1_reg_1792_1919_3_3/SP.HIGH
  -------------------------------------------------------------------
                         required time                         -0.742    <hidden>
                         arrival time                           0.781    <hidden>
  -------------------------------------------------------------------
                         slack                                  0.039    <hidden>

Slack (MET) :             0.039ns  (arrival time - required time)
  Source:                 col_in_reg[0]_replica/C
                            (rising edge-triggered cell FDRE clocked by aclk  {rise@0.000ns fall@3.367ns period=6.734ns})
  Destination:            lb1_reg_1792_1919_3_3/SP.LOW/WADR0
                            (rising edge-triggered cell RAMD64E clocked by aclk  {rise@0.000ns fall@3.367ns period=6.734ns})
  Path Group:             aclk
  Path Type:              Hold (Min at Fast Process Corner)
  Requirement:            0.000ns  (aclk rise@0.000ns - aclk rise@0.000ns)
  Data Path Delay:        0.371ns  (logic 0.141ns (38.046%)  route 0.230ns (61.954%))
  Logic Levels:           0  
  Clock Path Skew:        0.022ns (DCD - SCD - CPR)
    Destination Clock Delay (DCD):    0.432ns
    Source Clock Delay      (SCD):    0.410ns
    Clock Pessimism Removal (CPR):    -0.000ns

    Location             Delay type                Incr(ns)  Path(ns)    Netlist Resource(s)
  -------------------------------------------------------------------    -------------------
                         (clock aclk rise edge)       0.000     0.000 r  <hidden>
                                                      0.000     0.000 r  aclk
                         net (fo=3018, unset)         0.410     0.410    aclk
    SLICE_X27Y20         FDRE                                         r  col_in_reg[0]_replica/C
  -------------------------------------------------------------------    -------------------
    SLICE_X27Y20         FDRE (Prop_fdre_C_Q)         0.141     0.551 r  col_in_reg[0]_replica/Q
                         net (fo=42, routed)          0.230     0.781    lb1_reg_1792_1919_3_3/A0
    SLICE_X26Y20         RAMD64E                                      r  lb1_reg_1792_1919_3_3/SP.LOW/WADR0
  -------------------------------------------------------------------    -------------------

                         (clock aclk rise edge)       0.000     0.000 r  <hidden>
                                                      0.000     0.000 r  aclk
                         net (fo=3018, unset)         0.432     0.432    lb1_reg_1792_1919_3_3/WCLK
    SLICE_X26Y20         RAMD64E                                      r  lb1_reg_1792_1919_3_3/SP.LOW/CLK
                         clock pessimism              0.000     0.432    <hidden>
    SLICE_X26Y20         RAMD64E (Hold_ramd64e_CLK_WADR0)
                                                      0.310     0.742    lb1_reg_1792_1919_3_3/SP.LOW
  -------------------------------------------------------------------
                         required time                         -0.742    <hidden>
                         arrival time                           0.781    <hidden>
  -------------------------------------------------------------------
                         slack                                  0.039    <hidden>

Slack (MET) :             0.077ns  (arrival time - required time)
  Source:                 col_in_reg[0]_replica_1/C
                            (rising edge-triggered cell FDRE clocked by aclk  {rise@0.000ns fall@3.367ns period=6.734ns})
  Destination:            lb1_reg_2048_2175_3_3/DP.HIGH/WADR0
                            (rising edge-triggered cell RAMD64E clocked by aclk  {rise@0.000ns fall@3.367ns period=6.734ns})
  Path Group:             aclk
  Path Type:              Hold (Min at Fast Process Corner)
  Requirement:            0.000ns  (aclk rise@0.000ns - aclk rise@0.000ns)
  Data Path Delay:        0.408ns  (logic 0.141ns (34.552%)  route 0.267ns (65.448%))
  Logic Levels:           0  
  Clock Path Skew:        0.022ns (DCD - SCD - CPR)
    Destination Clock Delay (DCD):    0.432ns
    Source Clock Delay      (SCD):    0.410ns
    Clock Pessimism Removal (CPR):    -0.000ns

    Location             Delay type                Incr(ns)  Path(ns)    Netlist Resource(s)
  -------------------------------------------------------------------    -------------------
                         (clock aclk rise edge)       0.000     0.000 r  <hidden>
                                                      0.000     0.000 r  aclk
                         net (fo=3018, unset)         0.410     0.410    aclk
    SLICE_X19Y19         FDRE                                         r  col_in_reg[0]_replica_1/C
  -------------------------------------------------------------------    -------------------
    SLICE_X19Y19         FDRE (Prop_fdre_C_Q)         0.141     0.551 r  col_in_reg[0]_replica_1/Q
                         net (fo=12, routed)          0.267     0.818    lb1_reg_2048_2175_3_3/A0
    SLICE_X18Y18         RAMD64E                                      r  lb1_reg_2048_2175_3_3/DP.HIGH/WADR0
  -------------------------------------------------------------------    -------------------

                         (clock aclk rise edge)       0.000     0.000 r  <hidden>
                                                      0.000     0.000 r  aclk
                         net (fo=3018, unset)         0.432     0.432    lb1_reg_2048_2175_3_3/WCLK
    SLICE_X18Y18         RAMD64E                                      r  lb1_reg_2048_2175_3_3/DP.HIGH/CLK
                         clock pessimism              0.000     0.432    <hidden>
    SLICE_X18Y18         RAMD64E (Hold_ramd64e_CLK_WADR0)
                                                      0.310     0.742    lb1_reg_2048_2175_3_3/DP.HIGH
  -------------------------------------------------------------------
                         required time                         -0.742    <hidden>
                         arrival time                           0.818    <hidden>
  -------------------------------------------------------------------
                         slack                                  0.077    <hidden>

Slack (MET) :             0.077ns  (arrival time - required time)
  Source:                 col_in_reg[0]_replica_1/C
                            (rising edge-triggered cell FDRE clocked by aclk  {rise@0.000ns fall@3.367ns period=6.734ns})
  Destination:            lb1_reg_2048_2175_3_3/DP.LOW/WADR0
                            (rising edge-triggered cell RAMD64E clocked by aclk  {rise@0.000ns fall@3.367ns period=6.734ns})
  Path Group:             aclk
  Path Type:              Hold (Min at Fast Process Corner)
  Requirement:            0.000ns  (aclk rise@0.000ns - aclk rise@0.000ns)
  Data Path Delay:        0.408ns  (logic 0.141ns (34.552%)  route 0.267ns (65.448%))
  Logic Levels:           0  
  Clock Path Skew:        0.022ns (DCD - SCD - CPR)
    Destination Clock Delay (DCD):    0.432ns
    Source Clock Delay      (SCD):    0.410ns
    Clock Pessimism Removal (CPR):    -0.000ns

    Location             Delay type                Incr(ns)  Path(ns)    Netlist Resource(s)
  -------------------------------------------------------------------    -------------------
                         (clock aclk rise edge)       0.000     0.000 r  <hidden>
                                                      0.000     0.000 r  aclk
                         net (fo=3018, unset)         0.410     0.410    aclk
    SLICE_X19Y19         FDRE                                         r  col_in_reg[0]_replica_1/C
  -------------------------------------------------------------------    -------------------
    SLICE_X19Y19         FDRE (Prop_fdre_C_Q)         0.141     0.551 r  col_in_reg[0]_replica_1/Q
                         net (fo=12, routed)          0.267     0.818    lb1_reg_2048_2175_3_3/A0
    SLICE_X18Y18         RAMD64E                                      r  lb1_reg_2048_2175_3_3/DP.LOW/WADR0
  -------------------------------------------------------------------    -------------------

                         (clock aclk rise edge)       0.000     0.000 r  <hidden>
                                                      0.000     0.000 r  aclk
                         net (fo=3018, unset)         0.432     0.432    lb1_reg_2048_2175_3_3/WCLK
    SLICE_X18Y18         RAMD64E                                      r  lb1_reg_2048_2175_3_3/DP.LOW/CLK
                         clock pessimism              0.000     0.432    <hidden>
    SLICE_X18Y18         RAMD64E (Hold_ramd64e_CLK_WADR0)
                                                      0.310     0.742    lb1_reg_2048_2175_3_3/DP.LOW
  -------------------------------------------------------------------
                         required time                         -0.742    <hidden>
                         arrival time                           0.818    <hidden>
  -------------------------------------------------------------------
                         slack                                  0.077    <hidden>

Slack (MET) :             0.077ns  (arrival time - required time)
  Source:                 col_in_reg[0]_replica_1/C
                            (rising edge-triggered cell FDRE clocked by aclk  {rise@0.000ns fall@3.367ns period=6.734ns})
  Destination:            lb1_reg_2048_2175_3_3/SP.HIGH/WADR0
                            (rising edge-triggered cell RAMD64E clocked by aclk  {rise@0.000ns fall@3.367ns period=6.734ns})
  Path Group:             aclk
  Path Type:              Hold (Min at Fast Process Corner)
  Requirement:            0.000ns  (aclk rise@0.000ns - aclk rise@0.000ns)
  Data Path Delay:        0.408ns  (logic 0.141ns (34.552%)  route 0.267ns (65.448%))
  Logic Levels:           0  
  Clock Path Skew:        0.022ns (DCD - SCD - CPR)
    Destination Clock Delay (DCD):    0.432ns
    Source Clock Delay      (SCD):    0.410ns
    Clock Pessimism Removal (CPR):    -0.000ns

    Location             Delay type                Incr(ns)  Path(ns)    Netlist Resource(s)
  -------------------------------------------------------------------    -------------------
                         (clock aclk rise edge)       0.000     0.000 r  <hidden>
                                                      0.000     0.000 r  aclk
                         net (fo=3018, unset)         0.410     0.410    aclk
    SLICE_X19Y19         FDRE                                         r  col_in_reg[0]_replica_1/C
  -------------------------------------------------------------------    -------------------
    SLICE_X19Y19         FDRE (Prop_fdre_C_Q)         0.141     0.551 r  col_in_reg[0]_replica_1/Q
                         net (fo=12, routed)          0.267     0.818    lb1_reg_2048_2175_3_3/A0
    SLICE_X18Y18         RAMD64E                                      r  lb1_reg_2048_2175_3_3/SP.HIGH/WADR0
  -------------------------------------------------------------------    -------------------

                         (clock aclk rise edge)       0.000     0.000 r  <hidden>
                                                      0.000     0.000 r  aclk
                         net (fo=3018, unset)         0.432     0.432    lb1_reg_2048_2175_3_3/WCLK
    SLICE_X18Y18         RAMD64E                                      r  lb1_reg_2048_2175_3_3/SP.HIGH/CLK
                         clock pessimism              0.000     0.432    <hidden>
    SLICE_X18Y18         RAMD64E (Hold_ramd64e_CLK_WADR0)
                                                      0.310     0.742    lb1_reg_2048_2175_3_3/SP.HIGH
  -------------------------------------------------------------------
                         required time                         -0.742    <hidden>
                         arrival time                           0.818    <hidden>
  -------------------------------------------------------------------
                         slack                                  0.077    <hidden>

Slack (MET) :             0.077ns  (arrival time - required time)
  Source:                 col_in_reg[0]_replica_1/C
                            (rising edge-triggered cell FDRE clocked by aclk  {rise@0.000ns fall@3.367ns period=6.734ns})
  Destination:            lb1_reg_2048_2175_3_3/SP.LOW/WADR0
                            (rising edge-triggered cell RAMD64E clocked by aclk  {rise@0.000ns fall@3.367ns period=6.734ns})
  Path Group:             aclk
  Path Type:              Hold (Min at Fast Process Corner)
  Requirement:            0.000ns  (aclk rise@0.000ns - aclk rise@0.000ns)
  Data Path Delay:        0.408ns  (logic 0.141ns (34.552%)  route 0.267ns (65.448%))
  Logic Levels:           0  
  Clock Path Skew:        0.022ns (DCD - SCD - CPR)
    Destination Clock Delay (DCD):    0.432ns
    Source Clock Delay      (SCD):    0.410ns
    Clock Pessimism Removal (CPR):    -0.000ns

    Location             Delay type                Incr(ns)  Path(ns)    Netlist Resource(s)
  -------------------------------------------------------------------    -------------------
                         (clock aclk rise edge)       0.000     0.000 r  <hidden>
                                                      0.000     0.000 r  aclk
                         net (fo=3018, unset)         0.410     0.410    aclk
    SLICE_X19Y19         FDRE                                         r  col_in_reg[0]_replica_1/C
  -------------------------------------------------------------------    -------------------
    SLICE_X19Y19         FDRE (Prop_fdre_C_Q)         0.141     0.551 r  col_in_reg[0]_replica_1/Q
                         net (fo=12, routed)          0.267     0.818    lb1_reg_2048_2175_3_3/A0
    SLICE_X18Y18         RAMD64E                                      r  lb1_reg_2048_2175_3_3/SP.LOW/WADR0
  -------------------------------------------------------------------    -------------------

                         (clock aclk rise edge)       0.000     0.000 r  <hidden>
                                                      0.000     0.000 r  aclk
                         net (fo=3018, unset)         0.432     0.432    lb1_reg_2048_2175_3_3/WCLK
    SLICE_X18Y18         RAMD64E                                      r  lb1_reg_2048_2175_3_3/SP.LOW/CLK
                         clock pessimism              0.000     0.432    <hidden>
    SLICE_X18Y18         RAMD64E (Hold_ramd64e_CLK_WADR0)
                                                      0.310     0.742    lb1_reg_2048_2175_3_3/SP.LOW
  -------------------------------------------------------------------
                         required time                         -0.742    <hidden>
                         arrival time                           0.818    <hidden>
  -------------------------------------------------------------------
                         slack                                  0.077    <hidden>

Slack (MET) :             0.079ns  (arrival time - required time)
  Source:                 col_in_reg[0]_replica_3/C
                            (rising edge-triggered cell FDRE clocked by aclk  {rise@0.000ns fall@3.367ns period=6.734ns})
  Destination:            lb1_reg_1536_1663_3_3/DP.HIGH/WADR0
                            (rising edge-triggered cell RAMD64E clocked by aclk  {rise@0.000ns fall@3.367ns period=6.734ns})
  Path Group:             aclk
  Path Type:              Hold (Min at Fast Process Corner)
  Requirement:            0.000ns  (aclk rise@0.000ns - aclk rise@0.000ns)
  Data Path Delay:        0.410ns  (logic 0.141ns (34.356%)  route 0.269ns (65.644%))
  Logic Levels:           0  
  Clock Path Skew:        0.022ns (DCD - SCD - CPR)
    Destination Clock Delay (DCD):    0.432ns
    Source Clock Delay      (SCD):    0.410ns
    Clock Pessimism Removal (CPR):    -0.000ns

    Location             Delay type                Incr(ns)  Path(ns)    Netlist Resource(s)
  -------------------------------------------------------------------    -------------------
                         (clock aclk rise edge)       0.000     0.000 r  <hidden>
                                                      0.000     0.000 r  aclk
                         net (fo=3018, unset)         0.410     0.410    aclk
    SLICE_X33Y19         FDRE                                         r  col_in_reg[0]_replica_3/C
  -------------------------------------------------------------------    -------------------
    SLICE_X33Y19         FDRE (Prop_fdre_C_Q)         0.141     0.551 r  col_in_reg[0]_replica_3/Q
                         net (fo=12, routed)          0.269     0.821    lb1_reg_1536_1663_3_3/A0
    SLICE_X32Y18         RAMD64E                                      r  lb1_reg_1536_1663_3_3/DP.HIGH/WADR0
  -------------------------------------------------------------------    -------------------

                         (clock aclk rise edge)       0.000     0.000 r  <hidden>
                                                      0.000     0.000 r  aclk
                         net (fo=3018, unset)         0.432     0.432    lb1_reg_1536_1663_3_3/WCLK
    SLICE_X32Y18         RAMD64E                                      r  lb1_reg_1536_1663_3_3/DP.HIGH/CLK
                         clock pessimism              0.000     0.432    <hidden>
    SLICE_X32Y18         RAMD64E (Hold_ramd64e_CLK_WADR0)
                                                      0.310     0.742    lb1_reg_1536_1663_3_3/DP.HIGH
  -------------------------------------------------------------------
                         required time                         -0.742    <hidden>
                         arrival time                           0.821    <hidden>
  -------------------------------------------------------------------
                         slack                                  0.079    <hidden>

Slack (MET) :             0.079ns  (arrival time - required time)
  Source:                 col_in_reg[0]_replica_3/C
                            (rising edge-triggered cell FDRE clocked by aclk  {rise@0.000ns fall@3.367ns period=6.734ns})
  Destination:            lb1_reg_1536_1663_3_3/DP.LOW/WADR0
                            (rising edge-triggered cell RAMD64E clocked by aclk  {rise@0.000ns fall@3.367ns period=6.734ns})
  Path Group:             aclk
  Path Type:              Hold (Min at Fast Process Corner)
  Requirement:            0.000ns  (aclk rise@0.000ns - aclk rise@0.000ns)
  Data Path Delay:        0.410ns  (logic 0.141ns (34.356%)  route 0.269ns (65.644%))
  Logic Levels:           0  
  Clock Path Skew:        0.022ns (DCD - SCD - CPR)
    Destination Clock Delay (DCD):    0.432ns
    Source Clock Delay      (SCD):    0.410ns
    Clock Pessimism Removal (CPR):    -0.000ns

    Location             Delay type                Incr(ns)  Path(ns)    Netlist Resource(s)
  -------------------------------------------------------------------    -------------------
                         (clock aclk rise edge)       0.000     0.000 r  <hidden>
                                                      0.000     0.000 r  aclk
                         net (fo=3018, unset)         0.410     0.410    aclk
    SLICE_X33Y19         FDRE                                         r  col_in_reg[0]_replica_3/C
  -------------------------------------------------------------------    -------------------
    SLICE_X33Y19         FDRE (Prop_fdre_C_Q)         0.141     0.551 r  col_in_reg[0]_replica_3/Q
                         net (fo=12, routed)          0.269     0.821    lb1_reg_1536_1663_3_3/A0
    SLICE_X32Y18         RAMD64E                                      r  lb1_reg_1536_1663_3_3/DP.LOW/WADR0
  -------------------------------------------------------------------    -------------------

                         (clock aclk rise edge)       0.000     0.000 r  <hidden>
                                                      0.000     0.000 r  aclk
                         net (fo=3018, unset)         0.432     0.432    lb1_reg_1536_1663_3_3/WCLK
    SLICE_X32Y18         RAMD64E                                      r  lb1_reg_1536_1663_3_3/DP.LOW/CLK
                         clock pessimism              0.000     0.432    <hidden>
    SLICE_X32Y18         RAMD64E (Hold_ramd64e_CLK_WADR0)
                                                      0.310     0.742    lb1_reg_1536_1663_3_3/DP.LOW
  -------------------------------------------------------------------
                         required time                         -0.742    <hidden>
                         arrival time                           0.821    <hidden>
  -------------------------------------------------------------------
                         slack                                  0.079    <hidden>

Slack (MET) :             0.079ns  (arrival time - required time)
  Source:                 col_in_reg[0]_replica_3/C
                            (rising edge-triggered cell FDRE clocked by aclk  {rise@0.000ns fall@3.367ns period=6.734ns})
  Destination:            lb1_reg_1536_1663_3_3/SP.HIGH/WADR0
                            (rising edge-triggered cell RAMD64E clocked by aclk  {rise@0.000ns fall@3.367ns period=6.734ns})
  Path Group:             aclk
  Path Type:              Hold (Min at Fast Process Corner)
  Requirement:            0.000ns  (aclk rise@0.000ns - aclk rise@0.000ns)
  Data Path Delay:        0.410ns  (logic 0.141ns (34.356%)  route 0.269ns (65.644%))
  Logic Levels:           0  
  Clock Path Skew:        0.022ns (DCD - SCD - CPR)
    Destination Clock Delay (DCD):    0.432ns
    Source Clock Delay      (SCD):    0.410ns
    Clock Pessimism Removal (CPR):    -0.000ns

    Location             Delay type                Incr(ns)  Path(ns)    Netlist Resource(s)
  -------------------------------------------------------------------    -------------------
                         (clock aclk rise edge)       0.000     0.000 r  <hidden>
                                                      0.000     0.000 r  aclk
                         net (fo=3018, unset)         0.410     0.410    aclk
    SLICE_X33Y19         FDRE                                         r  col_in_reg[0]_replica_3/C
  -------------------------------------------------------------------    -------------------
    SLICE_X33Y19         FDRE (Prop_fdre_C_Q)         0.141     0.551 r  col_in_reg[0]_replica_3/Q
                         net (fo=12, routed)          0.269     0.821    lb1_reg_1536_1663_3_3/A0
    SLICE_X32Y18         RAMD64E                                      r  lb1_reg_1536_1663_3_3/SP.HIGH/WADR0
  -------------------------------------------------------------------    -------------------

                         (clock aclk rise edge)       0.000     0.000 r  <hidden>
                                                      0.000     0.000 r  aclk
                         net (fo=3018, unset)         0.432     0.432    lb1_reg_1536_1663_3_3/WCLK
    SLICE_X32Y18         RAMD64E                                      r  lb1_reg_1536_1663_3_3/SP.HIGH/CLK
                         clock pessimism              0.000     0.432    <hidden>
    SLICE_X32Y18         RAMD64E (Hold_ramd64e_CLK_WADR0)
                                                      0.310     0.742    lb1_reg_1536_1663_3_3/SP.HIGH
  -------------------------------------------------------------------
                         required time                         -0.742    <hidden>
                         arrival time                           0.821    <hidden>
  -------------------------------------------------------------------
                         slack                                  0.079    <hidden>

Slack (MET) :             0.079ns  (arrival time - required time)
  Source:                 col_in_reg[0]_replica_3/C
                            (rising edge-triggered cell FDRE clocked by aclk  {rise@0.000ns fall@3.367ns period=6.734ns})
  Destination:            lb1_reg_1536_1663_3_3/SP.LOW/WADR0
                            (rising edge-triggered cell RAMD64E clocked by aclk  {rise@0.000ns fall@3.367ns period=6.734ns})
  Path Group:             aclk
  Path Type:              Hold (Min at Fast Process Corner)
  Requirement:            0.000ns  (aclk rise@0.000ns - aclk rise@0.000ns)
  Data Path Delay:        0.410ns  (logic 0.141ns (34.356%)  route 0.269ns (65.644%))
  Logic Levels:           0  
  Clock Path Skew:        0.022ns (DCD - SCD - CPR)
    Destination Clock Delay (DCD):    0.432ns
    Source Clock Delay      (SCD):    0.410ns
    Clock Pessimism Removal (CPR):    -0.000ns

    Location             Delay type                Incr(ns)  Path(ns)    Netlist Resource(s)
  -------------------------------------------------------------------    -------------------
                         (clock aclk rise edge)       0.000     0.000 r  <hidden>
                                                      0.000     0.000 r  aclk
                         net (fo=3018, unset)         0.410     0.410    aclk
    SLICE_X33Y19         FDRE                                         r  col_in_reg[0]_replica_3/C
  -------------------------------------------------------------------    -------------------
    SLICE_X33Y19         FDRE (Prop_fdre_C_Q)         0.141     0.551 r  col_in_reg[0]_replica_3/Q
                         net (fo=12, routed)          0.269     0.821    lb1_reg_1536_1663_3_3/A0
    SLICE_X32Y18         RAMD64E                                      r  lb1_reg_1536_1663_3_3/SP.LOW/WADR0
  -------------------------------------------------------------------    -------------------

                         (clock aclk rise edge)       0.000     0.000 r  <hidden>
                                                      0.000     0.000 r  aclk
                         net (fo=3018, unset)         0.432     0.432    lb1_reg_1536_1663_3_3/WCLK
    SLICE_X32Y18         RAMD64E                                      r  lb1_reg_1536_1663_3_3/SP.LOW/CLK
                         clock pessimism              0.000     0.432    <hidden>
    SLICE_X32Y18         RAMD64E (Hold_ramd64e_CLK_WADR0)
                                                      0.310     0.742    lb1_reg_1536_1663_3_3/SP.LOW
  -------------------------------------------------------------------
                         required time                         -0.742    <hidden>
                         arrival time                           0.821    <hidden>
  -------------------------------------------------------------------
                         slack                                  0.079    <hidden>

Slack (MET) :             0.085ns  (arrival time - required time)
  Source:                 col_in_reg[0]_replica_3/C
                            (rising edge-triggered cell FDRE clocked by aclk  {rise@0.000ns fall@3.367ns period=6.734ns})
  Destination:            lb1_reg_1152_1279_3_3/DP.HIGH/WADR0
                            (rising edge-triggered cell RAMD64E clocked by aclk  {rise@0.000ns fall@3.367ns period=6.734ns})
  Path Group:             aclk
  Path Type:              Hold (Min at Fast Process Corner)
  Requirement:            0.000ns  (aclk rise@0.000ns - aclk rise@0.000ns)
  Data Path Delay:        0.417ns  (logic 0.141ns (33.832%)  route 0.276ns (66.168%))
  Logic Levels:           0  
  Clock Path Skew:        0.022ns (DCD - SCD - CPR)
    Destination Clock Delay (DCD):    0.432ns
    Source Clock Delay      (SCD):    0.410ns
    Clock Pessimism Removal (CPR):    -0.000ns

    Location             Delay type                Incr(ns)  Path(ns)    Netlist Resource(s)
  -------------------------------------------------------------------    -------------------
                         (clock aclk rise edge)       0.000     0.000 r  <hidden>
                                                      0.000     0.000 r  aclk
                         net (fo=3018, unset)         0.410     0.410    aclk
    SLICE_X33Y19         FDRE                                         r  col_in_reg[0]_replica_3/C
  -------------------------------------------------------------------    -------------------
    SLICE_X33Y19         FDRE (Prop_fdre_C_Q)         0.141     0.551 r  col_in_reg[0]_replica_3/Q
                         net (fo=12, routed)          0.276     0.827    lb1_reg_1152_1279_3_3/A0
    SLICE_X32Y17         RAMD64E                                      r  lb1_reg_1152_1279_3_3/DP.HIGH/WADR0
  -------------------------------------------------------------------    -------------------

                         (clock aclk rise edge)       0.000     0.000 r  <hidden>
                                                      0.000     0.000 r  aclk
                         net (fo=3018, unset)         0.432     0.432    lb1_reg_1152_1279_3_3/WCLK
    SLICE_X32Y17         RAMD64E                                      r  lb1_reg_1152_1279_3_3/DP.HIGH/CLK
                         clock pessimism              0.000     0.432    <hidden>
    SLICE_X32Y17         RAMD64E (Hold_ramd64e_CLK_WADR0)
                                                      0.310     0.742    lb1_reg_1152_1279_3_3/DP.HIGH
  -------------------------------------------------------------------
                         required time                         -0.742    <hidden>
                         arrival time                           0.827    <hidden>
  -------------------------------------------------------------------
                         slack                                  0.085    <hidden>

Slack (MET) :             0.085ns  (arrival time - required time)
  Source:                 col_in_reg[0]_replica_3/C
                            (rising edge-triggered cell FDRE clocked by aclk  {rise@0.000ns fall@3.367ns period=6.734ns})
  Destination:            lb1_reg_1152_1279_3_3/DP.LOW/WADR0
                            (rising edge-triggered cell RAMD64E clocked by aclk  {rise@0.000ns fall@3.367ns period=6.734ns})
  Path Group:             aclk
  Path Type:              Hold (Min at Fast Process Corner)
  Requirement:            0.000ns  (aclk rise@0.000ns - aclk rise@0.000ns)
  Data Path Delay:        0.417ns  (logic 0.141ns (33.832%)  route 0.276ns (66.168%))
  Logic Levels:           0  
  Clock Path Skew:        0.022ns (DCD - SCD - CPR)
    Destination Clock Delay (DCD):    0.432ns
    Source Clock Delay      (SCD):    0.410ns
    Clock Pessimism Removal (CPR):    -0.000ns

    Location             Delay type                Incr(ns)  Path(ns)    Netlist Resource(s)
  -------------------------------------------------------------------    -------------------
                         (clock aclk rise edge)       0.000     0.000 r  <hidden>
                                                      0.000     0.000 r  aclk
                         net (fo=3018, unset)         0.410     0.410    aclk
    SLICE_X33Y19         FDRE                                         r  col_in_reg[0]_replica_3/C
  -------------------------------------------------------------------    -------------------
    SLICE_X33Y19         FDRE (Prop_fdre_C_Q)         0.141     0.551 r  col_in_reg[0]_replica_3/Q
                         net (fo=12, routed)          0.276     0.827    lb1_reg_1152_1279_3_3/A0
    SLICE_X32Y17         RAMD64E                                      r  lb1_reg_1152_1279_3_3/DP.LOW/WADR0
  -------------------------------------------------------------------    -------------------

                         (clock aclk rise edge)       0.000     0.000 r  <hidden>
                                                      0.000     0.000 r  aclk
                         net (fo=3018, unset)         0.432     0.432    lb1_reg_1152_1279_3_3/WCLK
    SLICE_X32Y17         RAMD64E                                      r  lb1_reg_1152_1279_3_3/DP.LOW/CLK
                         clock pessimism              0.000     0.432    <hidden>
    SLICE_X32Y17         RAMD64E (Hold_ramd64e_CLK_WADR0)
                                                      0.310     0.742    lb1_reg_1152_1279_3_3/DP.LOW
  -------------------------------------------------------------------
                         required time                         -0.742    <hidden>
                         arrival time                           0.827    <hidden>
  -------------------------------------------------------------------
                         slack                                  0.085    <hidden>

Slack (MET) :             0.085ns  (arrival time - required time)
  Source:                 col_in_reg[0]_replica_3/C
                            (rising edge-triggered cell FDRE clocked by aclk  {rise@0.000ns fall@3.367ns period=6.734ns})
  Destination:            lb1_reg_1152_1279_3_3/SP.HIGH/WADR0
                            (rising edge-triggered cell RAMD64E clocked by aclk  {rise@0.000ns fall@3.367ns period=6.734ns})
  Path Group:             aclk
  Path Type:              Hold (Min at Fast Process Corner)
  Requirement:            0.000ns  (aclk rise@0.000ns - aclk rise@0.000ns)
  Data Path Delay:        0.417ns  (logic 0.141ns (33.832%)  route 0.276ns (66.168%))
  Logic Levels:           0  
  Clock Path Skew:        0.022ns (DCD - SCD - CPR)
    Destination Clock Delay (DCD):    0.432ns
    Source Clock Delay      (SCD):    0.410ns
    Clock Pessimism Removal (CPR):    -0.000ns

    Location             Delay type                Incr(ns)  Path(ns)    Netlist Resource(s)
  -------------------------------------------------------------------    -------------------
                         (clock aclk rise edge)       0.000     0.000 r  <hidden>
                                                      0.000     0.000 r  aclk
                         net (fo=3018, unset)         0.410     0.410    aclk
    SLICE_X33Y19         FDRE                                         r  col_in_reg[0]_replica_3/C
  -------------------------------------------------------------------    -------------------
    SLICE_X33Y19         FDRE (Prop_fdre_C_Q)         0.141     0.551 r  col_in_reg[0]_replica_3/Q
                         net (fo=12, routed)          0.276     0.827    lb1_reg_1152_1279_3_3/A0
    SLICE_X32Y17         RAMD64E                                      r  lb1_reg_1152_1279_3_3/SP.HIGH/WADR0
  -------------------------------------------------------------------    -------------------

                         (clock aclk rise edge)       0.000     0.000 r  <hidden>
                                                      0.000     0.000 r  aclk
                         net (fo=3018, unset)         0.432     0.432    lb1_reg_1152_1279_3_3/WCLK
    SLICE_X32Y17         RAMD64E                                      r  lb1_reg_1152_1279_3_3/SP.HIGH/CLK
                         clock pessimism              0.000     0.432    <hidden>
    SLICE_X32Y17         RAMD64E (Hold_ramd64e_CLK_WADR0)
                                                      0.310     0.742    lb1_reg_1152_1279_3_3/SP.HIGH
  -------------------------------------------------------------------
                         required time                         -0.742    <hidden>
                         arrival time                           0.827    <hidden>
  -------------------------------------------------------------------
                         slack                                  0.085    <hidden>

Slack (MET) :             0.085ns  (arrival time - required time)
  Source:                 col_in_reg[0]_replica_3/C
                            (rising edge-triggered cell FDRE clocked by aclk  {rise@0.000ns fall@3.367ns period=6.734ns})
  Destination:            lb1_reg_1152_1279_3_3/SP.LOW/WADR0
                            (rising edge-triggered cell RAMD64E clocked by aclk  {rise@0.000ns fall@3.367ns period=6.734ns})
  Path Group:             aclk
  Path Type:              Hold (Min at Fast Process Corner)
  Requirement:            0.000ns  (aclk rise@0.000ns - aclk rise@0.000ns)
  Data Path Delay:        0.417ns  (logic 0.141ns (33.832%)  route 0.276ns (66.168%))
  Logic Levels:           0  
  Clock Path Skew:        0.022ns (DCD - SCD - CPR)
    Destination Clock Delay (DCD):    0.432ns
    Source Clock Delay      (SCD):    0.410ns
    Clock Pessimism Removal (CPR):    -0.000ns

    Location             Delay type                Incr(ns)  Path(ns)    Netlist Resource(s)
  -------------------------------------------------------------------    -------------------
                         (clock aclk rise edge)       0.000     0.000 r  <hidden>
                                                      0.000     0.000 r  aclk
                         net (fo=3018, unset)         0.410     0.410    aclk
    SLICE_X33Y19         FDRE                                         r  col_in_reg[0]_replica_3/C
  -------------------------------------------------------------------    -------------------
    SLICE_X33Y19         FDRE (Prop_fdre_C_Q)         0.141     0.551 r  col_in_reg[0]_replica_3/Q
                         net (fo=12, routed)          0.276     0.827    lb1_reg_1152_1279_3_3/A0
    SLICE_X32Y17         RAMD64E                                      r  lb1_reg_1152_1279_3_3/SP.LOW/WADR0
  -------------------------------------------------------------------    -------------------

                         (clock aclk rise edge)       0.000     0.000 r  <hidden>
                                                      0.000     0.000 r  aclk
                         net (fo=3018, unset)         0.432     0.432    lb1_reg_1152_1279_3_3/WCLK
    SLICE_X32Y17         RAMD64E                                      r  lb1_reg_1152_1279_3_3/SP.LOW/CLK
                         clock pessimism              0.000     0.432    <hidden>
    SLICE_X32Y17         RAMD64E (Hold_ramd64e_CLK_WADR0)
                                                      0.310     0.742    lb1_reg_1152_1279_3_3/SP.LOW
  -------------------------------------------------------------------
                         required time                         -0.742    <hidden>
                         arrival time                           0.827    <hidden>
  -------------------------------------------------------------------
                         slack                                  0.085    <hidden>

Slack (MET) :             0.089ns  (arrival time - required time)
  Source:                 col_in_reg[3]_rep__1/C
                            (rising edge-triggered cell FDRE clocked by aclk  {rise@0.000ns fall@3.367ns period=6.734ns})
  Destination:            lb2_reg_2432_2559_4_4/DP.HIGH/WADR3
                            (rising edge-triggered cell RAMD64E clocked by aclk  {rise@0.000ns fall@3.367ns period=6.734ns})
  Path Group:             aclk
  Path Type:              Hold (Min at Fast Process Corner)
  Requirement:            0.000ns  (aclk rise@0.000ns - aclk rise@0.000ns)
  Data Path Delay:        0.351ns  (logic 0.141ns (40.189%)  route 0.210ns (59.811%))
  Logic Levels:           0  
  Clock Path Skew:        0.022ns (DCD - SCD - CPR)
    Destination Clock Delay (DCD):    0.432ns
    Source Clock Delay      (SCD):    0.410ns
    Clock Pessimism Removal (CPR):    -0.000ns

    Location             Delay type                Incr(ns)  Path(ns)    Netlist Resource(s)
  -------------------------------------------------------------------    -------------------
                         (clock aclk rise edge)       0.000     0.000 r  <hidden>
                                                      0.000     0.000 r  aclk
                         net (fo=3018, unset)         0.410     0.410    aclk
    SLICE_X19Y6          FDRE                                         r  col_in_reg[3]_rep__1/C
  -------------------------------------------------------------------    -------------------
    SLICE_X19Y6          FDRE (Prop_fdre_C_Q)         0.141     0.551 r  col_in_reg[3]_rep__1/Q
                         net (fo=240, routed)         0.210     0.761    lb2_reg_2432_2559_4_4/A3
    SLICE_X18Y6          RAMD64E                                      r  lb2_reg_2432_2559_4_4/DP.HIGH/WADR3
  -------------------------------------------------------------------    -------------------

                         (clock aclk rise edge)       0.000     0.000 r  <hidden>
                                                      0.000     0.000 r  aclk
                         net (fo=3018, unset)         0.432     0.432    lb2_reg_2432_2559_4_4/WCLK
    SLICE_X18Y6          RAMD64E                                      r  lb2_reg_2432_2559_4_4/DP.HIGH/CLK
                         clock pessimism              0.000     0.432    <hidden>
    SLICE_X18Y6          RAMD64E (Hold_ramd64e_CLK_WADR3)
                                                      0.240     0.672    lb2_reg_2432_2559_4_4/DP.HIGH
  -------------------------------------------------------------------
                         required time                         -0.672    <hidden>
                         arrival time                           0.761    <hidden>
  -------------------------------------------------------------------
                         slack                                  0.089    <hidden>

Slack (MET) :             0.089ns  (arrival time - required time)
  Source:                 col_in_reg[3]_rep__1/C
                            (rising edge-triggered cell FDRE clocked by aclk  {rise@0.000ns fall@3.367ns period=6.734ns})
  Destination:            lb2_reg_2432_2559_4_4/DP.LOW/WADR3
                            (rising edge-triggered cell RAMD64E clocked by aclk  {rise@0.000ns fall@3.367ns period=6.734ns})
  Path Group:             aclk
  Path Type:              Hold (Min at Fast Process Corner)
  Requirement:            0.000ns  (aclk rise@0.000ns - aclk rise@0.000ns)
  Data Path Delay:        0.351ns  (logic 0.141ns (40.189%)  route 0.210ns (59.811%))
  Logic Levels:           0  
  Clock Path Skew:        0.022ns (DCD - SCD - CPR)
    Destination Clock Delay (DCD):    0.432ns
    Source Clock Delay      (SCD):    0.410ns
    Clock Pessimism Removal (CPR):    -0.000ns

    Location             Delay type                Incr(ns)  Path(ns)    Netlist Resource(s)
  -------------------------------------------------------------------    -------------------
                         (clock aclk rise edge)       0.000     0.000 r  <hidden>
                                                      0.000     0.000 r  aclk
                         net (fo=3018, unset)         0.410     0.410    aclk
    SLICE_X19Y6          FDRE                                         r  col_in_reg[3]_rep__1/C
  -------------------------------------------------------------------    -------------------
    SLICE_X19Y6          FDRE (Prop_fdre_C_Q)         0.141     0.551 r  col_in_reg[3]_rep__1/Q
                         net (fo=240, routed)         0.210     0.761    lb2_reg_2432_2559_4_4/A3
    SLICE_X18Y6          RAMD64E                                      r  lb2_reg_2432_2559_4_4/DP.LOW/WADR3
  -------------------------------------------------------------------    -------------------

                         (clock aclk rise edge)       0.000     0.000 r  <hidden>
                                                      0.000     0.000 r  aclk
                         net (fo=3018, unset)         0.432     0.432    lb2_reg_2432_2559_4_4/WCLK
    SLICE_X18Y6          RAMD64E                                      r  lb2_reg_2432_2559_4_4/DP.LOW/CLK
                         clock pessimism              0.000     0.432    <hidden>
    SLICE_X18Y6          RAMD64E (Hold_ramd64e_CLK_WADR3)
                                                      0.240     0.672    lb2_reg_2432_2559_4_4/DP.LOW
  -------------------------------------------------------------------
                         required time                         -0.672    <hidden>
                         arrival time                           0.761    <hidden>
  -------------------------------------------------------------------
                         slack                                  0.089    <hidden>

Slack (MET) :             0.089ns  (arrival time - required time)
  Source:                 col_in_reg[3]_rep__1/C
                            (rising edge-triggered cell FDRE clocked by aclk  {rise@0.000ns fall@3.367ns period=6.734ns})
  Destination:            lb2_reg_2432_2559_4_4/SP.HIGH/WADR3
                            (rising edge-triggered cell RAMD64E clocked by aclk  {rise@0.000ns fall@3.367ns period=6.734ns})
  Path Group:             aclk
  Path Type:              Hold (Min at Fast Process Corner)
  Requirement:            0.000ns  (aclk rise@0.000ns - aclk rise@0.000ns)
  Data Path Delay:        0.351ns  (logic 0.141ns (40.189%)  route 0.210ns (59.811%))
  Logic Levels:           0  
  Clock Path Skew:        0.022ns (DCD - SCD - CPR)
    Destination Clock Delay (DCD):    0.432ns
    Source Clock Delay      (SCD):    0.410ns
    Clock Pessimism Removal (CPR):    -0.000ns

    Location             Delay type                Incr(ns)  Path(ns)    Netlist Resource(s)
  -------------------------------------------------------------------    -------------------
                         (clock aclk rise edge)       0.000     0.000 r  <hidden>
                                                      0.000     0.000 r  aclk
                         net (fo=3018, unset)         0.410     0.410    aclk
    SLICE_X19Y6          FDRE                                         r  col_in_reg[3]_rep__1/C
  -------------------------------------------------------------------    -------------------
    SLICE_X19Y6          FDRE (Prop_fdre_C_Q)         0.141     0.551 r  col_in_reg[3]_rep__1/Q
                         net (fo=240, routed)         0.210     0.761    lb2_reg_2432_2559_4_4/A3
    SLICE_X18Y6          RAMD64E                                      r  lb2_reg_2432_2559_4_4/SP.HIGH/WADR3
  -------------------------------------------------------------------    -------------------

                         (clock aclk rise edge)       0.000     0.000 r  <hidden>
                                                      0.000     0.000 r  aclk
                         net (fo=3018, unset)         0.432     0.432    lb2_reg_2432_2559_4_4/WCLK
    SLICE_X18Y6          RAMD64E                                      r  lb2_reg_2432_2559_4_4/SP.HIGH/CLK
                         clock pessimism              0.000     0.432    <hidden>
    SLICE_X18Y6          RAMD64E (Hold_ramd64e_CLK_WADR3)
                                                      0.240     0.672    lb2_reg_2432_2559_4_4/SP.HIGH
  -------------------------------------------------------------------
                         required time                         -0.672    <hidden>
                         arrival time                           0.761    <hidden>
  -------------------------------------------------------------------
                         slack                                  0.089    <hidden>

Slack (MET) :             0.089ns  (arrival time - required time)
  Source:                 col_in_reg[3]_rep__1/C
                            (rising edge-triggered cell FDRE clocked by aclk  {rise@0.000ns fall@3.367ns period=6.734ns})
  Destination:            lb2_reg_2432_2559_4_4/SP.LOW/WADR3
                            (rising edge-triggered cell RAMD64E clocked by aclk  {rise@0.000ns fall@3.367ns period=6.734ns})
  Path Group:             aclk
  Path Type:              Hold (Min at Fast Process Corner)
  Requirement:            0.000ns  (aclk rise@0.000ns - aclk rise@0.000ns)
  Data Path Delay:        0.351ns  (logic 0.141ns (40.189%)  route 0.210ns (59.811%))
  Logic Levels:           0  
  Clock Path Skew:        0.022ns (DCD - SCD - CPR)
    Destination Clock Delay (DCD):    0.432ns
    Source Clock Delay      (SCD):    0.410ns
    Clock Pessimism Removal (CPR):    -0.000ns

    Location             Delay type                Incr(ns)  Path(ns)    Netlist Resource(s)
  -------------------------------------------------------------------    -------------------
                         (clock aclk rise edge)       0.000     0.000 r  <hidden>
                                                      0.000     0.000 r  aclk
                         net (fo=3018, unset)         0.410     0.410    aclk
    SLICE_X19Y6          FDRE                                         r  col_in_reg[3]_rep__1/C
  -------------------------------------------------------------------    -------------------
    SLICE_X19Y6          FDRE (Prop_fdre_C_Q)         0.141     0.551 r  col_in_reg[3]_rep__1/Q
                         net (fo=240, routed)         0.210     0.761    lb2_reg_2432_2559_4_4/A3
    SLICE_X18Y6          RAMD64E                                      r  lb2_reg_2432_2559_4_4/SP.LOW/WADR3
  -------------------------------------------------------------------    -------------------

                         (clock aclk rise edge)       0.000     0.000 r  <hidden>
                                                      0.000     0.000 r  aclk
                         net (fo=3018, unset)         0.432     0.432    lb2_reg_2432_2559_4_4/WCLK
    SLICE_X18Y6          RAMD64E                                      r  lb2_reg_2432_2559_4_4/SP.LOW/CLK
                         clock pessimism              0.000     0.432    <hidden>
    SLICE_X18Y6          RAMD64E (Hold_ramd64e_CLK_WADR3)
                                                      0.240     0.672    lb2_reg_2432_2559_4_4/SP.LOW
  -------------------------------------------------------------------
                         required time                         -0.672    <hidden>
                         arrival time                           0.761    <hidden>
  -------------------------------------------------------------------
                         slack                                  0.089    <hidden>

Slack (MET) :             0.090ns  (arrival time - required time)
  Source:                 col_in_reg[0]_rep__7/C
                            (rising edge-triggered cell FDRE clocked by aclk  {rise@0.000ns fall@3.367ns period=6.734ns})
  Destination:            lb2_reg_3072_3199_1_1/DP.HIGH/WADR0
                            (rising edge-triggered cell RAMD64E clocked by aclk  {rise@0.000ns fall@3.367ns period=6.734ns})
  Path Group:             aclk
  Path Type:              Hold (Min at Fast Process Corner)
  Requirement:            0.000ns  (aclk rise@0.000ns - aclk rise@0.000ns)
  Data Path Delay:        0.421ns  (logic 0.141ns (33.457%)  route 0.280ns (66.543%))
  Logic Levels:           0  
  Clock Path Skew:        0.022ns (DCD - SCD - CPR)
    Destination Clock Delay (DCD):    0.432ns
    Source Clock Delay      (SCD):    0.410ns
    Clock Pessimism Removal (CPR):    -0.000ns

    Location             Delay type                Incr(ns)  Path(ns)    Netlist Resource(s)
  -------------------------------------------------------------------    -------------------
                         (clock aclk rise edge)       0.000     0.000 r  <hidden>
                                                      0.000     0.000 r  aclk
                         net (fo=3018, unset)         0.410     0.410    aclk
    SLICE_X19Y5          FDRE                                         r  col_in_reg[0]_rep__7/C
  -------------------------------------------------------------------    -------------------
    SLICE_X19Y5          FDRE (Prop_fdre_C_Q)         0.141     0.551 r  col_in_reg[0]_rep__7/Q
                         net (fo=192, routed)         0.280     0.832    lb2_reg_3072_3199_1_1/A0
    SLICE_X18Y5          RAMD64E                                      r  lb2_reg_3072_3199_1_1/DP.HIGH/WADR0
  -------------------------------------------------------------------    -------------------

                         (clock aclk rise edge)       0.000     0.000 r  <hidden>
                                                      0.000     0.000 r  aclk
                         net (fo=3018, unset)         0.432     0.432    lb2_reg_3072_3199_1_1/WCLK
    SLICE_X18Y5          RAMD64E                                      r  lb2_reg_3072_3199_1_1/DP.HIGH/CLK
                         clock pessimism              0.000     0.432    <hidden>
    SLICE_X18Y5          RAMD64E (Hold_ramd64e_CLK_WADR0)
                                                      0.310     0.742    lb2_reg_3072_3199_1_1/DP.HIGH
  -------------------------------------------------------------------
                         required time                         -0.742    <hidden>
                         arrival time                           0.832    <hidden>
  -------------------------------------------------------------------
                         slack                                  0.090    <hidden>





Pulse Width Checks
--------------------------------------------------------------------------------------
Clock Name:         aclk
Waveform(ns):       { 0.000 3.367 }
Period(ns):         6.734
Sources:            { aclk }

Check Type        Corner  Lib Pin      Reference Pin  Required(ns)  Actual(ns)  Slack(ns)  Location      Pin
Min Period        n/a     DSP48E1/CLK  n/a            3.884         6.734       2.850      DSP48_X1Y4    pr1_reg[1]/CLK
Min Period        n/a     DSP48E1/CLK  n/a            3.884         6.734       2.850      DSP48_X2Y9    pr1_reg[4]/CLK
Min Period        n/a     DSP48E1/CLK  n/a            3.884         6.734       2.850      DSP48_X2Y7    pr1_reg[7]/CLK
Min Period        n/a     DSP48E1/CLK  n/a            3.884         6.734       2.850      DSP48_X0Y4    pr2_reg[1]/CLK
Min Period        n/a     DSP48E1/CLK  n/a            3.884         6.734       2.850      DSP48_X2Y10   pr2_reg[7]/CLK
Min Period        n/a     DSP48E1/CLK  n/a            3.687         6.734       3.047      DSP48_X2Y3    pr2_reg[3]/CLK
Min Period        n/a     DSP48E1/CLK  n/a            2.154         6.734       4.580      DSP48_X2Y4    pr1_reg[0]/CLK
Min Period        n/a     DSP48E1/CLK  n/a            2.154         6.734       4.580      DSP48_X1Y5    pr1_reg[2]/CLK
Min Period        n/a     DSP48E1/CLK  n/a            2.154         6.734       4.580      DSP48_X2Y2    pr1_reg[3]/CLK
Min Period        n/a     DSP48E1/CLK  n/a            2.154         6.734       4.580      DSP48_X1Y6    pr1_reg[5]/CLK
Min Period        n/a     DSP48E1/CLK  n/a            2.154         6.734       4.580      DSP48_X2Y5    pr1_reg[6]/CLK
Min Period        n/a     DSP48E1/CLK  n/a            2.154         6.734       4.580      DSP48_X2Y8    pr1_reg[8]/CLK
Min Period        n/a     DSP48E1/CLK  n/a            2.154         6.734       4.580      DSP48_X2Y0    pr2_reg[0]/CLK
Min Period        n/a     DSP48E1/CLK  n/a            2.154         6.734       4.580      DSP48_X0Y2    pr2_reg[2]/CLK
Min Period        n/a     DSP48E1/CLK  n/a            2.154         6.734       4.580      DSP48_X1Y7    pr2_reg[4]/CLK
Min Period        n/a     DSP48E1/CLK  n/a            2.154         6.734       4.580      DSP48_X1Y0    pr2_reg[5]/CLK
Min Period        n/a     DSP48E1/CLK  n/a            2.154         6.734       4.580      DSP48_X2Y1    pr2_reg[6]/CLK
Min Period        n/a     DSP48E1/CLK  n/a            2.154         6.734       4.580      DSP48_X2Y6    pr2_reg[8]/CLK
Min Period        n/a     FDRE/C       n/a            1.000         6.734       5.734      SLICE_X29Y19  FSM_onehot_state_reg[0]/C
Min Period        n/a     FDSE/C       n/a            1.000         6.734       5.734      SLICE_X29Y20  FSM_onehot_state_reg[1]/C
Min Period        n/a     FDRE/C       n/a            1.000         6.734       5.734      SLICE_X29Y20  FSM_onehot_state_reg[2]/C
Min Period        n/a     FDRE/C       n/a            1.000         6.734       5.734      SLICE_X29Y19  FSM_onehot_state_reg[3]/C
Min Period        n/a     FDRE/C       n/a            1.000         6.734       5.734      SLICE_X44Y9   acc1_q_reg[0]/C
Min Period        n/a     FDRE/C       n/a            1.000         6.734       5.734      SLICE_X44Y11  acc1_q_reg[10]/C
Min Period        n/a     FDRE/C       n/a            1.000         6.734       5.734      SLICE_X44Y11  acc1_q_reg[11]/C
Low Pulse Width   Slow    RAMD64E/CLK  n/a            1.250         3.367       2.117      SLICE_X0Y16   lb1_reg_0_127_0_0/DP.HIGH/CLK
Low Pulse Width   Fast    RAMD64E/CLK  n/a            1.250         3.367       2.117      SLICE_X0Y16   lb1_reg_0_127_0_0/DP.HIGH/CLK
Low Pulse Width   Slow    RAMD64E/CLK  n/a            1.250         3.367       2.117      SLICE_X0Y16   lb1_reg_0_127_0_0/DP.LOW/CLK
Low Pulse Width   Fast    RAMD64E/CLK  n/a            1.250         3.367       2.117      SLICE_X0Y16   lb1_reg_0_127_0_0/DP.LOW/CLK
Low Pulse Width   Slow    RAMD64E/CLK  n/a            1.250         3.367       2.117      SLICE_X0Y16   lb1_reg_0_127_0_0/SP.HIGH/CLK
Low Pulse Width   Fast    RAMD64E/CLK  n/a            1.250         3.367       2.117      SLICE_X0Y16   lb1_reg_0_127_0_0/SP.HIGH/CLK
Low Pulse Width   Slow    RAMD64E/CLK  n/a            1.250         3.367       2.117      SLICE_X0Y16   lb1_reg_0_127_0_0/SP.LOW/CLK
Low Pulse Width   Fast    RAMD64E/CLK  n/a            1.250         3.367       2.117      SLICE_X0Y16   lb1_reg_0_127_0_0/SP.LOW/CLK
Low Pulse Width   Slow    RAMD64E/CLK  n/a            1.250         3.367       2.117      SLICE_X14Y19  lb1_reg_0_127_1_1/DP.HIGH/CLK
Low Pulse Width   Fast    RAMD64E/CLK  n/a            1.250         3.367       2.117      SLICE_X14Y19  lb1_reg_0_127_1_1/DP.HIGH/CLK
Low Pulse Width   Slow    RAMD64E/CLK  n/a            1.250         3.367       2.117      SLICE_X14Y19  lb1_reg_0_127_1_1/DP.LOW/CLK
Low Pulse Width   Fast    RAMD64E/CLK  n/a            1.250         3.367       2.117      SLICE_X14Y19  lb1_reg_0_127_1_1/DP.LOW/CLK
Low Pulse Width   Slow    RAMD64E/CLK  n/a            1.250         3.367       2.117      SLICE_X14Y19  lb1_reg_0_127_1_1/SP.HIGH/CLK
Low Pulse Width   Fast    RAMD64E/CLK  n/a            1.250         3.367       2.117      SLICE_X14Y19  lb1_reg_0_127_1_1/SP.HIGH/CLK
Low Pulse Width   Slow    RAMD64E/CLK  n/a            1.250         3.367       2.117      SLICE_X14Y19  lb1_reg_0_127_1_1/SP.LOW/CLK
Low Pulse Width   Fast    RAMD64E/CLK  n/a            1.250         3.367       2.117      SLICE_X14Y19  lb1_reg_0_127_1_1/SP.LOW/CLK
Low Pulse Width   Slow    RAMD64E/CLK  n/a            1.250         3.367       2.117      SLICE_X20Y15  lb1_reg_0_127_2_2/DP.HIGH/CLK
Low Pulse Width   Fast    RAMD64E/CLK  n/a            1.250         3.367       2.117      SLICE_X20Y15  lb1_reg_0_127_2_2/DP.HIGH/CLK
Low Pulse Width   Slow    RAMD64E/CLK  n/a            1.250         3.367       2.117      SLICE_X20Y15  lb1_reg_0_127_2_2/DP.LOW/CLK
Low Pulse Width   Fast    RAMD64E/CLK  n/a            1.250         3.367       2.117      SLICE_X20Y15  lb1_reg_0_127_2_2/DP.LOW/CLK
Low Pulse Width   Slow    RAMD64E/CLK  n/a            1.250         3.367       2.117      SLICE_X20Y15  lb1_reg_0_127_2_2/SP.HIGH/CLK
Low Pulse Width   Fast    RAMD64E/CLK  n/a            1.250         3.367       2.117      SLICE_X20Y15  lb1_reg_0_127_2_2/SP.HIGH/CLK
Low Pulse Width   Slow    RAMD64E/CLK  n/a            1.250         3.367       2.117      SLICE_X20Y15  lb1_reg_0_127_2_2/SP.LOW/CLK
Low Pulse Width   Fast    RAMD64E/CLK  n/a            1.250         3.367       2.117      SLICE_X20Y15  lb1_reg_0_127_2_2/SP.LOW/CLK
Low Pulse Width   Slow    RAMD64E/CLK  n/a            1.250         3.367       2.117      SLICE_X22Y19  lb1_reg_0_127_3_3/DP.HIGH/CLK
High Pulse Width  Slow    RAMD64E/CLK  n/a            1.250         3.367       2.117      SLICE_X0Y16   lb1_reg_0_127_0_0/DP.HIGH/CLK
High Pulse Width  Fast    RAMD64E/CLK  n/a            1.250         3.367       2.117      SLICE_X0Y16   lb1_reg_0_127_0_0/DP.HIGH/CLK
High Pulse Width  Slow    RAMD64E/CLK  n/a            1.250         3.367       2.117      SLICE_X0Y16   lb1_reg_0_127_0_0/DP.LOW/CLK
High Pulse Width  Fast    RAMD64E/CLK  n/a            1.250         3.367       2.117      SLICE_X0Y16   lb1_reg_0_127_0_0/DP.LOW/CLK
High Pulse Width  Slow    RAMD64E/CLK  n/a            1.250         3.367       2.117      SLICE_X0Y16   lb1_reg_0_127_0_0/SP.HIGH/CLK
High Pulse Width  Fast    RAMD64E/CLK  n/a            1.250         3.367       2.117      SLICE_X0Y16   lb1_reg_0_127_0_0/SP.HIGH/CLK
High Pulse Width  Slow    RAMD64E/CLK  n/a            1.250         3.367       2.117      SLICE_X0Y16   lb1_reg_0_127_0_0/SP.LOW/CLK
High Pulse Width  Fast    RAMD64E/CLK  n/a            1.250         3.367       2.117      SLICE_X0Y16   lb1_reg_0_127_0_0/SP.LOW/CLK
High Pulse Width  Slow    RAMD64E/CLK  n/a            1.250         3.367       2.117      SLICE_X14Y19  lb1_reg_0_127_1_1/DP.HIGH/CLK
High Pulse Width  Fast    RAMD64E/CLK  n/a            1.250         3.367       2.117      SLICE_X14Y19  lb1_reg_0_127_1_1/DP.HIGH/CLK
High Pulse Width  Slow    RAMD64E/CLK  n/a            1.250         3.367       2.117      SLICE_X14Y19  lb1_reg_0_127_1_1/DP.LOW/CLK
High Pulse Width  Fast    RAMD64E/CLK  n/a            1.250         3.367       2.117      SLICE_X14Y19  lb1_reg_0_127_1_1/DP.LOW/CLK
High Pulse Width  Slow    RAMD64E/CLK  n/a            1.250         3.367       2.117      SLICE_X14Y19  lb1_reg_0_127_1_1/SP.HIGH/CLK
High Pulse Width  Fast    RAMD64E/CLK  n/a            1.250         3.367       2.117      SLICE_X14Y19  lb1_reg_0_127_1_1/SP.HIGH/CLK
High Pulse Width  Slow    RAMD64E/CLK  n/a            1.250         3.367       2.117      SLICE_X14Y19  lb1_reg_0_127_1_1/SP.LOW/CLK
High Pulse Width  Fast    RAMD64E/CLK  n/a            1.250         3.367       2.117      SLICE_X14Y19  lb1_reg_0_127_1_1/SP.LOW/CLK
High Pulse Width  Slow    RAMD64E/CLK  n/a            1.250         3.367       2.117      SLICE_X20Y15  lb1_reg_0_127_2_2/DP.HIGH/CLK
High Pulse Width  Fast    RAMD64E/CLK  n/a            1.250         3.367       2.117      SLICE_X20Y15  lb1_reg_0_127_2_2/DP.HIGH/CLK
High Pulse Width  Slow    RAMD64E/CLK  n/a            1.250         3.367       2.117      SLICE_X20Y15  lb1_reg_0_127_2_2/DP.LOW/CLK
High Pulse Width  Fast    RAMD64E/CLK  n/a            1.250         3.367       2.117      SLICE_X20Y15  lb1_reg_0_127_2_2/DP.LOW/CLK
High Pulse Width  Slow    RAMD64E/CLK  n/a            1.250         3.367       2.117      SLICE_X20Y15  lb1_reg_0_127_2_2/SP.HIGH/CLK
High Pulse Width  Fast    RAMD64E/CLK  n/a            1.250         3.367       2.117      SLICE_X20Y15  lb1_reg_0_127_2_2/SP.HIGH/CLK
High Pulse Width  Slow    RAMD64E/CLK  n/a            1.250         3.367       2.117      SLICE_X20Y15  lb1_reg_0_127_2_2/SP.LOW/CLK
High Pulse Width  Fast    RAMD64E/CLK  n/a            1.250         3.367       2.117      SLICE_X20Y15  lb1_reg_0_127_2_2/SP.LOW/CLK
High Pulse Width  Slow    RAMD64E/CLK  n/a            1.250         3.367       2.117      SLICE_X22Y19  lb1_reg_0_127_3_3/DP.HIGH/CLK



