Copyright 1986-2022 Xilinx, Inc. All Rights Reserved. Copyright 2022-2026 Advanced Micro Devices, Inc. All Rights Reserved.
---------------------------------------------------------------------------------------------------------------------------------------------
| Tool Version : Vivado v.2026.1 (win64) Build 6511674 Tue Jun 16 11:02:23 MDT 2026
| Date         : Mon Oct  5 10:27:44 2026
| Host         : <redacted> running 64-bit major release  (build 9200)
| Command      : report_timing_summary -delay_type min_max -max_paths 25 -file sobel_fixed_W3840_tim_impl.rpt
| Design       : sobel_fixed
| Device       : 7z020-clg400
| Speed File   : -1  PRODUCTION 1.12 2019-11-22
| Design State : Routed
---------------------------------------------------------------------------------------------------------------------------------------------

Timing Summary Report

------------------------------------------------------------------------------------------------
| Timer Settings
| --------------
------------------------------------------------------------------------------------------------

  Enable Multi Corner Analysis               :  Yes
  Enable Pessimism Removal                   :  Yes
  Pessimism Removal Resolution               :  Nearest Common Node
  Enable Input Delay Default Clock           :  No
  Enable Preset / Clear Arcs                 :  No
  Disable Flight Delays                      :  No
  Ignore I/O Paths                           :  No
  Timing Early Launch at Borrowing Latches   :  No
  Borrow Time for Max Delay Exceptions       :  Yes
  Merge Timing Exceptions                    :  Yes
  Inter-SLR Compensation                     :  Conservative

  Corner  Analyze    Analyze    
  Name    Max Paths  Min Paths  
  ------  ---------  ---------  
  Slow    Yes        Yes        
  Fast    Yes        Yes        


------------------------------------------------------------------------------------------------
| Report Methodology
| ------------------
------------------------------------------------------------------------------------------------

No report available as report_methodology has not been run prior. Run report_methodology on the current design for the summary of methodology violations.



check_timing report

Table of Contents
-----------------
1. checking no_clock (0)
2. checking constant_clock (0)
3. checking pulse_width_clock (0)
4. checking unconstrained_internal_endpoints (0)
5. checking no_input_delay (0)
6. checking no_output_delay (0)
7. checking multiple_clock (0)
8. checking generated_clocks (0)
9. checking loops (0)
10. checking partial_input_delay (0)
11. checking partial_output_delay (0)
12. checking latch_loops (0)

1. checking no_clock (0)
------------------------
 There are 0 register/latch pins with no clock.


2. checking constant_clock (0)
------------------------------
 There are 0 register/latch pins with constant_clock.


3. checking pulse_width_clock (0)
---------------------------------
 There are 0 register/latch pins which need pulse_width check


4. checking unconstrained_internal_endpoints (0)
------------------------------------------------
 There are 0 pins that are not constrained for maximum delay.

 There are 0 pins that are not constrained for maximum delay due to constant clock.


5. checking no_input_delay (0)
------------------------------
 There are 0 input ports with no input delay specified.

 There are 0 input ports with no input delay but user has a false path constraint.


6. checking no_output_delay (0)
-------------------------------
 There are 0 ports with no output delay specified.

 There are 0 ports with no output delay but user has a false path constraint

 There are 0 ports with no output delay but with a timing clock defined on it or propagating through it


7. checking multiple_clock (0)
------------------------------
 There are 0 register/latch pins with multiple clocks.


8. checking generated_clocks (0)
--------------------------------
 There are 0 generated clocks that are not connected to a clock source.


9. checking loops (0)
---------------------
 There are 0 combinational loops in the design.


10. checking partial_input_delay (0)
------------------------------------
 There are 0 input ports with partial input delay specified.


11. checking partial_output_delay (0)
-------------------------------------
 There are 0 ports with partial output delay specified.


12. checking latch_loops (0)
----------------------------
 There are 0 combinational latch loops in the design through latch input



------------------------------------------------------------------------------------------------
| Design Timing Summary
| ---------------------
------------------------------------------------------------------------------------------------

    WNS(ns)      TNS(ns)  TNS Failing Endpoints  TNS Total Endpoints      WHS(ns)      THS(ns)  THS Failing Endpoints  THS Total Endpoints     WPWS(ns)     TPWS(ns)  TPWS Failing Endpoints  TPWS Total Endpoints  
    -------      -------  ---------------------  -------------------      -------      -------  ---------------------  -------------------     --------     --------  ----------------------  --------------------  
     -0.150       -1.957                     25                19620        0.103        0.000                      0                19620        2.117        0.000                       0                  2468  


Timing constraints are not met.


------------------------------------------------------------------------------------------------
| Clock Summary
| -------------
------------------------------------------------------------------------------------------------

Clock  Waveform(ns)         Period(ns)      Frequency(MHz)
-----  ------------         ----------      --------------
aclk   {0.000 3.367}        6.734           148.500         


------------------------------------------------------------------------------------------------
| Intra Clock Table
| -----------------
------------------------------------------------------------------------------------------------

Clock             WNS(ns)      TNS(ns)  TNS Failing Endpoints  TNS Total Endpoints      WHS(ns)      THS(ns)  THS Failing Endpoints  THS Total Endpoints     WPWS(ns)     TPWS(ns)  TPWS Failing Endpoints  TPWS Total Endpoints  
-----             -------      -------  ---------------------  -------------------      -------      -------  ---------------------  -------------------     --------     --------  ----------------------  --------------------  
aclk               -0.150       -1.957                     25                19620        0.103        0.000                      0                19620        2.117        0.000                       0                  2468  


------------------------------------------------------------------------------------------------
| Inter Clock Table
| -----------------
------------------------------------------------------------------------------------------------

From Clock    To Clock          WNS(ns)      TNS(ns)  TNS Failing Endpoints  TNS Total Endpoints      WHS(ns)      THS(ns)  THS Failing Endpoints  THS Total Endpoints  
----------    --------          -------      -------  ---------------------  -------------------      -------      -------  ---------------------  -------------------  


------------------------------------------------------------------------------------------------
| Other Path Groups Table
| -----------------------
------------------------------------------------------------------------------------------------

Path Group    From Clock    To Clock          WNS(ns)      TNS(ns)  TNS Failing Endpoints  TNS Total Endpoints      WHS(ns)      THS(ns)  THS Failing Endpoints  THS Total Endpoints  
----------    ----------    --------          -------      -------  ---------------------  -------------------      -------      -------  ---------------------  -------------------  


------------------------------------------------------------------------------------------------
| Timing Details
| --------------
------------------------------------------------------------------------------------------------


---------------------------------------------------------------------------------------------------
From Clock:  aclk
  To Clock:  aclk

Setup :           25  Failing Endpoints,  Worst Slack       -0.150ns,  Total Violation       -1.957ns
Hold  :            0  Failing Endpoints,  Worst Slack        0.103ns,  Total Violation        0.000ns
PW    :            0  Failing Endpoints,  Worst Slack        2.117ns,  Total Violation        0.000ns
---------------------------------------------------------------------------------------------------


Max Delay Paths
--------------------------------------------------------------------------------------
Slack (VIOLATED) :        -0.150ns  (required time - arrival time)
  Source:                 col_in_reg[0]_rep__0/C
                            (rising edge-triggered cell FDRE clocked by aclk  {rise@0.000ns fall@3.367ns period=6.734ns})
  Destination:            lb2_reg_768_895_2_2/DP.HIGH/I
                            (rising edge-triggered cell RAMD64E clocked by aclk  {rise@0.000ns fall@3.367ns period=6.734ns})
  Path Group:             aclk
  Path Type:              Setup (Max at Slow Process Corner)
  Requirement:            6.734ns  (aclk rise@6.734ns - aclk rise@0.000ns)
  Data Path Delay:        6.075ns  (logic 1.635ns (26.914%)  route 4.440ns (73.086%))
  Logic Levels:           5  (LUT6=2 MUXF7=2 RAMD64E=1)
  Clock Path Skew:        -0.049ns (DCD - SCD + CPR)
    Destination Clock Delay (DCD):    0.924ns = ( 7.658 - 6.734 ) 
    Source Clock Delay      (SCD):    0.973ns
    Clock Pessimism Removal (CPR):    0.000ns
  Clock Uncertainty:      0.035ns  ((TSJ^2 + TIJ^2)^1/2 + DJ) / 2 + PE
    Total System Jitter     (TSJ):    0.071ns
    Total Input Jitter      (TIJ):    0.000ns
    Discrete Jitter          (DJ):    0.000ns
    Phase Error              (PE):    0.000ns

    Location             Delay type                Incr(ns)  Path(ns)    Netlist Resource(s)
  -------------------------------------------------------------------    -------------------
                         (clock aclk rise edge)       0.000     0.000 r  <hidden>
                                                      0.000     0.000 r  aclk
                         net (fo=2467, unset)         0.973     0.973    aclk
    SLICE_X31Y76         FDRE                                         r  col_in_reg[0]_rep__0/C
  -------------------------------------------------------------------    -------------------
    SLICE_X31Y76         FDRE (Prop_fdre_C_Q)         0.456     1.429 r  col_in_reg[0]_rep__0/Q
                         net (fo=192, routed)         1.490     2.919    lb1_reg_512_639_2_2/A0
    SLICE_X36Y73         RAMD64E (Prop_ramd64e_RADR0_O)
                                                      0.124     3.043 r  lb1_reg_512_639_2_2/SP.LOW/O
                         net (fo=1, routed)           0.000     3.043    lb1_reg_512_639_2_2/SPO0
    SLICE_X36Y73         MUXF7 (Prop_muxf7_I0_O)      0.241     3.284 r  lb1_reg_512_639_2_2/F7.SP/O
                         net (fo=1, routed)           1.262     4.546    lb1_reg_512_639_2_2_n_1
    SLICE_X35Y56         LUT6 (Prop_lut6_I5_O)        0.298     4.844 r  lb2_reg_0_127_2_2_i_13/O
                         net (fo=1, routed)           0.000     4.844    lb2_reg_0_127_2_2_i_13_n_0
    SLICE_X35Y56         MUXF7 (Prop_muxf7_I1_O)      0.217     5.061 r  lb2_reg_0_127_2_2_i_5/O
                         net (fo=1, routed)           0.652     5.713    lb2_reg_0_127_2_2_i_5_n_0
    SLICE_X33Y56         LUT6 (Prop_lut6_I5_O)        0.299     6.012 r  lb2_reg_0_127_2_2_i_1/O
                         net (fo=130, routed)         1.036     7.048    lb2_reg_768_895_2_2/D
    SLICE_X34Y45         RAMD64E                                      r  lb2_reg_768_895_2_2/DP.HIGH/I
  -------------------------------------------------------------------    -------------------

                         (clock aclk rise edge)       6.734     6.734 r  <hidden>
                                                      0.000     6.734 r  aclk
                         net (fo=2467, unset)         0.924     7.658    lb2_reg_768_895_2_2/WCLK
    SLICE_X34Y45         RAMD64E                                      r  lb2_reg_768_895_2_2/DP.HIGH/CLK
                         clock pessimism              0.000     7.658    <hidden>
                         clock uncertainty           -0.035     7.623    <hidden>
    SLICE_X34Y45         RAMD64E (Setup_ramd64e_CLK_I)
                                                     -0.725     6.898    lb2_reg_768_895_2_2/DP.HIGH
  -------------------------------------------------------------------
                         required time                          6.898    <hidden>
                         arrival time                          -7.048    <hidden>
  -------------------------------------------------------------------
                         slack                                 -0.150    <hidden>

Slack (VIOLATED) :        -0.139ns  (required time - arrival time)
  Source:                 col_in_reg[0]_rep__0/C
                            (rising edge-triggered cell FDRE clocked by aclk  {rise@0.000ns fall@3.367ns period=6.734ns})
  Destination:            lb2_reg_2688_2815_2_2/DP.HIGH/I
                            (rising edge-triggered cell RAMD64E clocked by aclk  {rise@0.000ns fall@3.367ns period=6.734ns})
  Path Group:             aclk
  Path Type:              Setup (Max at Slow Process Corner)
  Requirement:            6.734ns  (aclk rise@6.734ns - aclk rise@0.000ns)
  Data Path Delay:        6.064ns  (logic 1.635ns (26.962%)  route 4.429ns (73.038%))
  Logic Levels:           5  (LUT6=2 MUXF7=2 RAMD64E=1)
  Clock Path Skew:        -0.049ns (DCD - SCD + CPR)
    Destination Clock Delay (DCD):    0.924ns = ( 7.658 - 6.734 ) 
    Source Clock Delay      (SCD):    0.973ns
    Clock Pessimism Removal (CPR):    0.000ns
  Clock Uncertainty:      0.035ns  ((TSJ^2 + TIJ^2)^1/2 + DJ) / 2 + PE
    Total System Jitter     (TSJ):    0.071ns
    Total Input Jitter      (TIJ):    0.000ns
    Discrete Jitter          (DJ):    0.000ns
    Phase Error              (PE):    0.000ns

    Location             Delay type                Incr(ns)  Path(ns)    Netlist Resource(s)
  -------------------------------------------------------------------    -------------------
                         (clock aclk rise edge)       0.000     0.000 r  <hidden>
                                                      0.000     0.000 r  aclk
                         net (fo=2467, unset)         0.973     0.973    aclk
    SLICE_X31Y76         FDRE                                         r  col_in_reg[0]_rep__0/C
  -------------------------------------------------------------------    -------------------
    SLICE_X31Y76         FDRE (Prop_fdre_C_Q)         0.456     1.429 r  col_in_reg[0]_rep__0/Q
                         net (fo=192, routed)         1.490     2.919    lb1_reg_512_639_2_2/A0
    SLICE_X36Y73         RAMD64E (Prop_ramd64e_RADR0_O)
                                                      0.124     3.043 r  lb1_reg_512_639_2_2/SP.LOW/O
                         net (fo=1, routed)           0.000     3.043    lb1_reg_512_639_2_2/SPO0
    SLICE_X36Y73         MUXF7 (Prop_muxf7_I0_O)      0.241     3.284 r  lb1_reg_512_639_2_2/F7.SP/O
                         net (fo=1, routed)           1.262     4.546    lb1_reg_512_639_2_2_n_1
    SLICE_X35Y56         LUT6 (Prop_lut6_I5_O)        0.298     4.844 r  lb2_reg_0_127_2_2_i_13/O
                         net (fo=1, routed)           0.000     4.844    lb2_reg_0_127_2_2_i_13_n_0
    SLICE_X35Y56         MUXF7 (Prop_muxf7_I1_O)      0.217     5.061 r  lb2_reg_0_127_2_2_i_5/O
                         net (fo=1, routed)           0.652     5.713    lb2_reg_0_127_2_2_i_5_n_0
    SLICE_X33Y56         LUT6 (Prop_lut6_I5_O)        0.299     6.012 r  lb2_reg_0_127_2_2_i_1/O
                         net (fo=130, routed)         1.025     7.037    lb2_reg_2688_2815_2_2/D
    SLICE_X30Y48         RAMD64E                                      r  lb2_reg_2688_2815_2_2/DP.HIGH/I
  -------------------------------------------------------------------    -------------------

                         (clock aclk rise edge)       6.734     6.734 r  <hidden>
                                                      0.000     6.734 r  aclk
                         net (fo=2467, unset)         0.924     7.658    lb2_reg_2688_2815_2_2/WCLK
    SLICE_X30Y48         RAMD64E                                      r  lb2_reg_2688_2815_2_2/DP.HIGH/CLK
                         clock pessimism              0.000     7.658    <hidden>
                         clock uncertainty           -0.035     7.623    <hidden>
    SLICE_X30Y48         RAMD64E (Setup_ramd64e_CLK_I)
                                                     -0.725     6.898    lb2_reg_2688_2815_2_2/DP.HIGH
  -------------------------------------------------------------------
                         required time                          6.898    <hidden>
                         arrival time                          -7.037    <hidden>
  -------------------------------------------------------------------
                         slack                                 -0.139    <hidden>

Slack (VIOLATED) :        -0.122ns  (required time - arrival time)
  Source:                 col_in_reg[0]_rep__0/C
                            (rising edge-triggered cell FDRE clocked by aclk  {rise@0.000ns fall@3.367ns period=6.734ns})
  Destination:            lb2_reg_640_767_2_2/DP.HIGH/I
                            (rising edge-triggered cell RAMD64E clocked by aclk  {rise@0.000ns fall@3.367ns period=6.734ns})
  Path Group:             aclk
  Path Type:              Setup (Max at Slow Process Corner)
  Requirement:            6.734ns  (aclk rise@6.734ns - aclk rise@0.000ns)
  Data Path Delay:        6.047ns  (logic 1.635ns (27.036%)  route 4.412ns (72.964%))
  Logic Levels:           5  (LUT6=2 MUXF7=2 RAMD64E=1)
  Clock Path Skew:        -0.049ns (DCD - SCD + CPR)
    Destination Clock Delay (DCD):    0.924ns = ( 7.658 - 6.734 ) 
    Source Clock Delay      (SCD):    0.973ns
    Clock Pessimism Removal (CPR):    0.000ns
  Clock Uncertainty:      0.035ns  ((TSJ^2 + TIJ^2)^1/2 + DJ) / 2 + PE
    Total System Jitter     (TSJ):    0.071ns
    Total Input Jitter      (TIJ):    0.000ns
    Discrete Jitter          (DJ):    0.000ns
    Phase Error              (PE):    0.000ns

    Location             Delay type                Incr(ns)  Path(ns)    Netlist Resource(s)
  -------------------------------------------------------------------    -------------------
                         (clock aclk rise edge)       0.000     0.000 r  <hidden>
                                                      0.000     0.000 r  aclk
                         net (fo=2467, unset)         0.973     0.973    aclk
    SLICE_X31Y76         FDRE                                         r  col_in_reg[0]_rep__0/C
  -------------------------------------------------------------------    -------------------
    SLICE_X31Y76         FDRE (Prop_fdre_C_Q)         0.456     1.429 r  col_in_reg[0]_rep__0/Q
                         net (fo=192, routed)         1.490     2.919    lb1_reg_512_639_2_2/A0
    SLICE_X36Y73         RAMD64E (Prop_ramd64e_RADR0_O)
                                                      0.124     3.043 r  lb1_reg_512_639_2_2/SP.LOW/O
                         net (fo=1, routed)           0.000     3.043    lb1_reg_512_639_2_2/SPO0
    SLICE_X36Y73         MUXF7 (Prop_muxf7_I0_O)      0.241     3.284 r  lb1_reg_512_639_2_2/F7.SP/O
                         net (fo=1, routed)           1.262     4.546    lb1_reg_512_639_2_2_n_1
    SLICE_X35Y56         LUT6 (Prop_lut6_I5_O)        0.298     4.844 r  lb2_reg_0_127_2_2_i_13/O
                         net (fo=1, routed)           0.000     4.844    lb2_reg_0_127_2_2_i_13_n_0
    SLICE_X35Y56         MUXF7 (Prop_muxf7_I1_O)      0.217     5.061 r  lb2_reg_0_127_2_2_i_5/O
                         net (fo=1, routed)           0.652     5.713    lb2_reg_0_127_2_2_i_5_n_0
    SLICE_X33Y56         LUT6 (Prop_lut6_I5_O)        0.299     6.012 r  lb2_reg_0_127_2_2_i_1/O
                         net (fo=130, routed)         1.008     7.020    lb2_reg_640_767_2_2/D
    SLICE_X34Y46         RAMD64E                                      r  lb2_reg_640_767_2_2/DP.HIGH/I
  -------------------------------------------------------------------    -------------------

                         (clock aclk rise edge)       6.734     6.734 r  <hidden>
                                                      0.000     6.734 r  aclk
                         net (fo=2467, unset)         0.924     7.658    lb2_reg_640_767_2_2/WCLK
    SLICE_X34Y46         RAMD64E                                      r  lb2_reg_640_767_2_2/DP.HIGH/CLK
                         clock pessimism              0.000     7.658    <hidden>
                         clock uncertainty           -0.035     7.623    <hidden>
    SLICE_X34Y46         RAMD64E (Setup_ramd64e_CLK_I)
                                                     -0.725     6.898    lb2_reg_640_767_2_2/DP.HIGH
  -------------------------------------------------------------------
                         required time                          6.898    <hidden>
                         arrival time                          -7.020    <hidden>
  -------------------------------------------------------------------
                         slack                                 -0.122    <hidden>

Slack (VIOLATED) :        -0.122ns  (required time - arrival time)
  Source:                 col_in_reg[0]_rep__0/C
                            (rising edge-triggered cell FDRE clocked by aclk  {rise@0.000ns fall@3.367ns period=6.734ns})
  Destination:            lb2_reg_0_127_2_2/DP.HIGH/I
                            (rising edge-triggered cell RAMD64E clocked by aclk  {rise@0.000ns fall@3.367ns period=6.734ns})
  Path Group:             aclk
  Path Type:              Setup (Max at Slow Process Corner)
  Requirement:            6.734ns  (aclk rise@6.734ns - aclk rise@0.000ns)
  Data Path Delay:        6.047ns  (logic 1.635ns (27.037%)  route 4.412ns (72.963%))
  Logic Levels:           5  (LUT6=2 MUXF7=2 RAMD64E=1)
  Clock Path Skew:        -0.049ns (DCD - SCD + CPR)
    Destination Clock Delay (DCD):    0.924ns = ( 7.658 - 6.734 ) 
    Source Clock Delay      (SCD):    0.973ns
    Clock Pessimism Removal (CPR):    0.000ns
  Clock Uncertainty:      0.035ns  ((TSJ^2 + TIJ^2)^1/2 + DJ) / 2 + PE
    Total System Jitter     (TSJ):    0.071ns
    Total Input Jitter      (TIJ):    0.000ns
    Discrete Jitter          (DJ):    0.000ns
    Phase Error              (PE):    0.000ns

    Location             Delay type                Incr(ns)  Path(ns)    Netlist Resource(s)
  -------------------------------------------------------------------    -------------------
                         (clock aclk rise edge)       0.000     0.000 r  <hidden>
                                                      0.000     0.000 r  aclk
                         net (fo=2467, unset)         0.973     0.973    aclk
    SLICE_X31Y76         FDRE                                         r  col_in_reg[0]_rep__0/C
  -------------------------------------------------------------------    -------------------
    SLICE_X31Y76         FDRE (Prop_fdre_C_Q)         0.456     1.429 r  col_in_reg[0]_rep__0/Q
                         net (fo=192, routed)         1.490     2.919    lb1_reg_512_639_2_2/A0
    SLICE_X36Y73         RAMD64E (Prop_ramd64e_RADR0_O)
                                                      0.124     3.043 r  lb1_reg_512_639_2_2/SP.LOW/O
                         net (fo=1, routed)           0.000     3.043    lb1_reg_512_639_2_2/SPO0
    SLICE_X36Y73         MUXF7 (Prop_muxf7_I0_O)      0.241     3.284 r  lb1_reg_512_639_2_2/F7.SP/O
                         net (fo=1, routed)           1.262     4.546    lb1_reg_512_639_2_2_n_1
    SLICE_X35Y56         LUT6 (Prop_lut6_I5_O)        0.298     4.844 r  lb2_reg_0_127_2_2_i_13/O
                         net (fo=1, routed)           0.000     4.844    lb2_reg_0_127_2_2_i_13_n_0
    SLICE_X35Y56         MUXF7 (Prop_muxf7_I1_O)      0.217     5.061 r  lb2_reg_0_127_2_2_i_5/O
                         net (fo=1, routed)           0.652     5.713    lb2_reg_0_127_2_2_i_5_n_0
    SLICE_X33Y56         LUT6 (Prop_lut6_I5_O)        0.299     6.012 r  lb2_reg_0_127_2_2_i_1/O
                         net (fo=130, routed)         1.008     7.020    lb2_reg_0_127_2_2/D
    SLICE_X34Y47         RAMD64E                                      r  lb2_reg_0_127_2_2/DP.HIGH/I
  -------------------------------------------------------------------    -------------------

                         (clock aclk rise edge)       6.734     6.734 r  <hidden>
                                                      0.000     6.734 r  aclk
                         net (fo=2467, unset)         0.924     7.658    lb2_reg_0_127_2_2/WCLK
    SLICE_X34Y47         RAMD64E                                      r  lb2_reg_0_127_2_2/DP.HIGH/CLK
                         clock pessimism              0.000     7.658    <hidden>
                         clock uncertainty           -0.035     7.623    <hidden>
    SLICE_X34Y47         RAMD64E (Setup_ramd64e_CLK_I)
                                                     -0.725     6.898    lb2_reg_0_127_2_2/DP.HIGH
  -------------------------------------------------------------------
                         required time                          6.898    <hidden>
                         arrival time                          -7.020    <hidden>
  -------------------------------------------------------------------
                         slack                                 -0.122    <hidden>

Slack (VIOLATED) :        -0.122ns  (required time - arrival time)
  Source:                 col_in_reg[0]_rep__0/C
                            (rising edge-triggered cell FDRE clocked by aclk  {rise@0.000ns fall@3.367ns period=6.734ns})
  Destination:            lb2_reg_896_1023_2_2/DP.HIGH/I
                            (rising edge-triggered cell RAMD64E clocked by aclk  {rise@0.000ns fall@3.367ns period=6.734ns})
  Path Group:             aclk
  Path Type:              Setup (Max at Slow Process Corner)
  Requirement:            6.734ns  (aclk rise@6.734ns - aclk rise@0.000ns)
  Data Path Delay:        6.047ns  (logic 1.635ns (27.037%)  route 4.412ns (72.963%))
  Logic Levels:           5  (LUT6=2 MUXF7=2 RAMD64E=1)
  Clock Path Skew:        -0.049ns (DCD - SCD + CPR)
    Destination Clock Delay (DCD):    0.924ns = ( 7.658 - 6.734 ) 
    Source Clock Delay      (SCD):    0.973ns
    Clock Pessimism Removal (CPR):    0.000ns
  Clock Uncertainty:      0.035ns  ((TSJ^2 + TIJ^2)^1/2 + DJ) / 2 + PE
    Total System Jitter     (TSJ):    0.071ns
    Total Input Jitter      (TIJ):    0.000ns
    Discrete Jitter          (DJ):    0.000ns
    Phase Error              (PE):    0.000ns

    Location             Delay type                Incr(ns)  Path(ns)    Netlist Resource(s)
  -------------------------------------------------------------------    -------------------
                         (clock aclk rise edge)       0.000     0.000 r  <hidden>
                                                      0.000     0.000 r  aclk
                         net (fo=2467, unset)         0.973     0.973    aclk
    SLICE_X31Y76         FDRE                                         r  col_in_reg[0]_rep__0/C
  -------------------------------------------------------------------    -------------------
    SLICE_X31Y76         FDRE (Prop_fdre_C_Q)         0.456     1.429 r  col_in_reg[0]_rep__0/Q
                         net (fo=192, routed)         1.490     2.919    lb1_reg_512_639_2_2/A0
    SLICE_X36Y73         RAMD64E (Prop_ramd64e_RADR0_O)
                                                      0.124     3.043 r  lb1_reg_512_639_2_2/SP.LOW/O
                         net (fo=1, routed)           0.000     3.043    lb1_reg_512_639_2_2/SPO0
    SLICE_X36Y73         MUXF7 (Prop_muxf7_I0_O)      0.241     3.284 r  lb1_reg_512_639_2_2/F7.SP/O
                         net (fo=1, routed)           1.262     4.546    lb1_reg_512_639_2_2_n_1
    SLICE_X35Y56         LUT6 (Prop_lut6_I5_O)        0.298     4.844 r  lb2_reg_0_127_2_2_i_13/O
                         net (fo=1, routed)           0.000     4.844    lb2_reg_0_127_2_2_i_13_n_0
    SLICE_X35Y56         MUXF7 (Prop_muxf7_I1_O)      0.217     5.061 r  lb2_reg_0_127_2_2_i_5/O
                         net (fo=1, routed)           0.652     5.713    lb2_reg_0_127_2_2_i_5_n_0
    SLICE_X33Y56         LUT6 (Prop_lut6_I5_O)        0.299     6.012 r  lb2_reg_0_127_2_2_i_1/O
                         net (fo=130, routed)         1.008     7.020    lb2_reg_896_1023_2_2/D
    SLICE_X34Y49         RAMD64E                                      r  lb2_reg_896_1023_2_2/DP.HIGH/I
  -------------------------------------------------------------------    -------------------

                         (clock aclk rise edge)       6.734     6.734 r  <hidden>
                                                      0.000     6.734 r  aclk
                         net (fo=2467, unset)         0.924     7.658    lb2_reg_896_1023_2_2/WCLK
    SLICE_X34Y49         RAMD64E                                      r  lb2_reg_896_1023_2_2/DP.HIGH/CLK
                         clock pessimism              0.000     7.658    <hidden>
                         clock uncertainty           -0.035     7.623    <hidden>
    SLICE_X34Y49         RAMD64E (Setup_ramd64e_CLK_I)
                                                     -0.725     6.898    lb2_reg_896_1023_2_2/DP.HIGH
  -------------------------------------------------------------------
                         required time                          6.898    <hidden>
                         arrival time                          -7.020    <hidden>
  -------------------------------------------------------------------
                         slack                                 -0.122    <hidden>

Slack (VIOLATED) :        -0.120ns  (required time - arrival time)
  Source:                 col_in_reg[0]_rep__0/C
                            (rising edge-triggered cell FDRE clocked by aclk  {rise@0.000ns fall@3.367ns period=6.734ns})
  Destination:            lb2_reg_3456_3583_2_2/DP.HIGH/I
                            (rising edge-triggered cell RAMD64E clocked by aclk  {rise@0.000ns fall@3.367ns period=6.734ns})
  Path Group:             aclk
  Path Type:              Setup (Max at Slow Process Corner)
  Requirement:            6.734ns  (aclk rise@6.734ns - aclk rise@0.000ns)
  Data Path Delay:        6.045ns  (logic 1.635ns (27.049%)  route 4.410ns (72.951%))
  Logic Levels:           5  (LUT6=2 MUXF7=2 RAMD64E=1)
  Clock Path Skew:        -0.049ns (DCD - SCD + CPR)
    Destination Clock Delay (DCD):    0.924ns = ( 7.658 - 6.734 ) 
    Source Clock Delay      (SCD):    0.973ns
    Clock Pessimism Removal (CPR):    0.000ns
  Clock Uncertainty:      0.035ns  ((TSJ^2 + TIJ^2)^1/2 + DJ) / 2 + PE
    Total System Jitter     (TSJ):    0.071ns
    Total Input Jitter      (TIJ):    0.000ns
    Discrete Jitter          (DJ):    0.000ns
    Phase Error              (PE):    0.000ns

    Location             Delay type                Incr(ns)  Path(ns)    Netlist Resource(s)
  -------------------------------------------------------------------    -------------------
                         (clock aclk rise edge)       0.000     0.000 r  <hidden>
                                                      0.000     0.000 r  aclk
                         net (fo=2467, unset)         0.973     0.973    aclk
    SLICE_X31Y76         FDRE                                         r  col_in_reg[0]_rep__0/C
  -------------------------------------------------------------------    -------------------
    SLICE_X31Y76         FDRE (Prop_fdre_C_Q)         0.456     1.429 r  col_in_reg[0]_rep__0/Q
                         net (fo=192, routed)         1.490     2.919    lb1_reg_512_639_2_2/A0
    SLICE_X36Y73         RAMD64E (Prop_ramd64e_RADR0_O)
                                                      0.124     3.043 r  lb1_reg_512_639_2_2/SP.LOW/O
                         net (fo=1, routed)           0.000     3.043    lb1_reg_512_639_2_2/SPO0
    SLICE_X36Y73         MUXF7 (Prop_muxf7_I0_O)      0.241     3.284 r  lb1_reg_512_639_2_2/F7.SP/O
                         net (fo=1, routed)           1.262     4.546    lb1_reg_512_639_2_2_n_1
    SLICE_X35Y56         LUT6 (Prop_lut6_I5_O)        0.298     4.844 r  lb2_reg_0_127_2_2_i_13/O
                         net (fo=1, routed)           0.000     4.844    lb2_reg_0_127_2_2_i_13_n_0
    SLICE_X35Y56         MUXF7 (Prop_muxf7_I1_O)      0.217     5.061 r  lb2_reg_0_127_2_2_i_5/O
                         net (fo=1, routed)           0.652     5.713    lb2_reg_0_127_2_2_i_5_n_0
    SLICE_X33Y56         LUT6 (Prop_lut6_I5_O)        0.299     6.012 r  lb2_reg_0_127_2_2_i_1/O
                         net (fo=130, routed)         1.006     7.018    lb2_reg_3456_3583_2_2/D
    SLICE_X36Y47         RAMD64E                                      r  lb2_reg_3456_3583_2_2/DP.HIGH/I
  -------------------------------------------------------------------    -------------------

                         (clock aclk rise edge)       6.734     6.734 r  <hidden>
                                                      0.000     6.734 r  aclk
                         net (fo=2467, unset)         0.924     7.658    lb2_reg_3456_3583_2_2/WCLK
    SLICE_X36Y47         RAMD64E                                      r  lb2_reg_3456_3583_2_2/DP.HIGH/CLK
                         clock pessimism              0.000     7.658    <hidden>
                         clock uncertainty           -0.035     7.623    <hidden>
    SLICE_X36Y47         RAMD64E (Setup_ramd64e_CLK_I)
                                                     -0.725     6.898    lb2_reg_3456_3583_2_2/DP.HIGH
  -------------------------------------------------------------------
                         required time                          6.898    <hidden>
                         arrival time                          -7.018    <hidden>
  -------------------------------------------------------------------
                         slack                                 -0.120    <hidden>

Slack (VIOLATED) :        -0.110ns  (required time - arrival time)
  Source:                 col_in_reg[0]_rep__1/C
                            (rising edge-triggered cell FDRE clocked by aclk  {rise@0.000ns fall@3.367ns period=6.734ns})
  Destination:            lb2_reg_2176_2303_3_3/DP.HIGH/I
                            (rising edge-triggered cell RAMD64E clocked by aclk  {rise@0.000ns fall@3.367ns period=6.734ns})
  Path Group:             aclk
  Path Type:              Setup (Max at Slow Process Corner)
  Requirement:            6.734ns  (aclk rise@6.734ns - aclk rise@0.000ns)
  Data Path Delay:        6.035ns  (logic 1.630ns (27.007%)  route 4.405ns (72.993%))
  Logic Levels:           5  (LUT6=2 MUXF7=2 RAMD64E=1)
  Clock Path Skew:        -0.049ns (DCD - SCD + CPR)
    Destination Clock Delay (DCD):    0.924ns = ( 7.658 - 6.734 ) 
    Source Clock Delay      (SCD):    0.973ns
    Clock Pessimism Removal (CPR):    0.000ns
  Clock Uncertainty:      0.035ns  ((TSJ^2 + TIJ^2)^1/2 + DJ) / 2 + PE
    Total System Jitter     (TSJ):    0.071ns
    Total Input Jitter      (TIJ):    0.000ns
    Discrete Jitter          (DJ):    0.000ns
    Phase Error              (PE):    0.000ns

    Location             Delay type                Incr(ns)  Path(ns)    Netlist Resource(s)
  -------------------------------------------------------------------    -------------------
                         (clock aclk rise edge)       0.000     0.000 r  <hidden>
                                                      0.000     0.000 r  aclk
                         net (fo=2467, unset)         0.973     0.973    aclk
    SLICE_X33Y84         FDRE                                         r  col_in_reg[0]_rep__1/C
  -------------------------------------------------------------------    -------------------
    SLICE_X33Y84         FDRE (Prop_fdre_C_Q)         0.456     1.429 r  col_in_reg[0]_rep__1/Q
                         net (fo=192, routed)         1.230     2.659    lb1_reg_1280_1407_3_3/A0
    SLICE_X34Y84         RAMD64E (Prop_ramd64e_RADR0_O)
                                                      0.124     2.783 r  lb1_reg_1280_1407_3_3/SP.LOW/O
                         net (fo=1, routed)           0.000     2.783    lb1_reg_1280_1407_3_3/SPO0
    SLICE_X34Y84         MUXF7 (Prop_muxf7_I0_O)      0.241     3.024 r  lb1_reg_1280_1407_3_3/F7.SP/O
                         net (fo=1, routed)           1.408     4.432    lb1_reg_1280_1407_3_3_n_1
    SLICE_X29Y67         LUT6 (Prop_lut6_I1_O)        0.298     4.730 r  lb2_reg_0_127_3_3_i_10/O
                         net (fo=1, routed)           0.000     4.730    lb2_reg_0_127_3_3_i_10_n_0
    SLICE_X29Y67         MUXF7 (Prop_muxf7_I0_O)      0.212     4.942 r  lb2_reg_0_127_3_3_i_4/O
                         net (fo=1, routed)           0.631     5.573    lb2_reg_0_127_3_3_i_4_n_0
    SLICE_X31Y67         LUT6 (Prop_lut6_I3_O)        0.299     5.872 r  lb2_reg_0_127_3_3_i_1/O
                         net (fo=130, routed)         1.136     7.008    lb2_reg_2176_2303_3_3/D
    SLICE_X30Y49         RAMD64E                                      r  lb2_reg_2176_2303_3_3/DP.HIGH/I
  -------------------------------------------------------------------    -------------------

                         (clock aclk rise edge)       6.734     6.734 r  <hidden>
                                                      0.000     6.734 r  aclk
                         net (fo=2467, unset)         0.924     7.658    lb2_reg_2176_2303_3_3/WCLK
    SLICE_X30Y49         RAMD64E                                      r  lb2_reg_2176_2303_3_3/DP.HIGH/CLK
                         clock pessimism              0.000     7.658    <hidden>
                         clock uncertainty           -0.035     7.623    <hidden>
    SLICE_X30Y49         RAMD64E (Setup_ramd64e_CLK_I)
                                                     -0.725     6.898    lb2_reg_2176_2303_3_3/DP.HIGH
  -------------------------------------------------------------------
                         required time                          6.898    <hidden>
                         arrival time                          -7.008    <hidden>
  -------------------------------------------------------------------
                         slack                                 -0.110    <hidden>

Slack (VIOLATED) :        -0.108ns  (required time - arrival time)
  Source:                 col_in_reg[0]_rep__1/C
                            (rising edge-triggered cell FDRE clocked by aclk  {rise@0.000ns fall@3.367ns period=6.734ns})
  Destination:            lb2_reg_2304_2431_3_3/DP.HIGH/I
                            (rising edge-triggered cell RAMD64E clocked by aclk  {rise@0.000ns fall@3.367ns period=6.734ns})
  Path Group:             aclk
  Path Type:              Setup (Max at Slow Process Corner)
  Requirement:            6.734ns  (aclk rise@6.734ns - aclk rise@0.000ns)
  Data Path Delay:        6.033ns  (logic 1.630ns (27.019%)  route 4.403ns (72.981%))
  Logic Levels:           5  (LUT6=2 MUXF7=2 RAMD64E=1)
  Clock Path Skew:        -0.049ns (DCD - SCD + CPR)
    Destination Clock Delay (DCD):    0.924ns = ( 7.658 - 6.734 ) 
    Source Clock Delay      (SCD):    0.973ns
    Clock Pessimism Removal (CPR):    0.000ns
  Clock Uncertainty:      0.035ns  ((TSJ^2 + TIJ^2)^1/2 + DJ) / 2 + PE
    Total System Jitter     (TSJ):    0.071ns
    Total Input Jitter      (TIJ):    0.000ns
    Discrete Jitter          (DJ):    0.000ns
    Phase Error              (PE):    0.000ns

    Location             Delay type                Incr(ns)  Path(ns)    Netlist Resource(s)
  -------------------------------------------------------------------    -------------------
                         (clock aclk rise edge)       0.000     0.000 r  <hidden>
                                                      0.000     0.000 r  aclk
                         net (fo=2467, unset)         0.973     0.973    aclk
    SLICE_X33Y84         FDRE                                         r  col_in_reg[0]_rep__1/C
  -------------------------------------------------------------------    -------------------
    SLICE_X33Y84         FDRE (Prop_fdre_C_Q)         0.456     1.429 r  col_in_reg[0]_rep__1/Q
                         net (fo=192, routed)         1.230     2.659    lb1_reg_1280_1407_3_3/A0
    SLICE_X34Y84         RAMD64E (Prop_ramd64e_RADR0_O)
                                                      0.124     2.783 r  lb1_reg_1280_1407_3_3/SP.LOW/O
                         net (fo=1, routed)           0.000     2.783    lb1_reg_1280_1407_3_3/SPO0
    SLICE_X34Y84         MUXF7 (Prop_muxf7_I0_O)      0.241     3.024 r  lb1_reg_1280_1407_3_3/F7.SP/O
                         net (fo=1, routed)           1.408     4.432    lb1_reg_1280_1407_3_3_n_1
    SLICE_X29Y67         LUT6 (Prop_lut6_I1_O)        0.298     4.730 r  lb2_reg_0_127_3_3_i_10/O
                         net (fo=1, routed)           0.000     4.730    lb2_reg_0_127_3_3_i_10_n_0
    SLICE_X29Y67         MUXF7 (Prop_muxf7_I0_O)      0.212     4.942 r  lb2_reg_0_127_3_3_i_4/O
                         net (fo=1, routed)           0.631     5.573    lb2_reg_0_127_3_3_i_4_n_0
    SLICE_X31Y67         LUT6 (Prop_lut6_I3_O)        0.299     5.872 r  lb2_reg_0_127_3_3_i_1/O
                         net (fo=130, routed)         1.134     7.006    lb2_reg_2304_2431_3_3/D
    SLICE_X30Y50         RAMD64E                                      r  lb2_reg_2304_2431_3_3/DP.HIGH/I
  -------------------------------------------------------------------    -------------------

                         (clock aclk rise edge)       6.734     6.734 r  <hidden>
                                                      0.000     6.734 r  aclk
                         net (fo=2467, unset)         0.924     7.658    lb2_reg_2304_2431_3_3/WCLK
    SLICE_X30Y50         RAMD64E                                      r  lb2_reg_2304_2431_3_3/DP.HIGH/CLK
                         clock pessimism              0.000     7.658    <hidden>
                         clock uncertainty           -0.035     7.623    <hidden>
    SLICE_X30Y50         RAMD64E (Setup_ramd64e_CLK_I)
                                                     -0.725     6.898    lb2_reg_2304_2431_3_3/DP.HIGH
  -------------------------------------------------------------------
                         required time                          6.898    <hidden>
                         arrival time                          -7.006    <hidden>
  -------------------------------------------------------------------
                         slack                                 -0.108    <hidden>

Slack (VIOLATED) :        -0.103ns  (required time - arrival time)
  Source:                 col_in_reg[0]_rep__0/C
                            (rising edge-triggered cell FDRE clocked by aclk  {rise@0.000ns fall@3.367ns period=6.734ns})
  Destination:            lb2_reg_1536_1663_2_2/DP.HIGH/I
                            (rising edge-triggered cell RAMD64E clocked by aclk  {rise@0.000ns fall@3.367ns period=6.734ns})
  Path Group:             aclk
  Path Type:              Setup (Max at Slow Process Corner)
  Requirement:            6.734ns  (aclk rise@6.734ns - aclk rise@0.000ns)
  Data Path Delay:        6.028ns  (logic 1.635ns (27.123%)  route 4.393ns (72.877%))
  Logic Levels:           5  (LUT6=2 MUXF7=2 RAMD64E=1)
  Clock Path Skew:        -0.049ns (DCD - SCD + CPR)
    Destination Clock Delay (DCD):    0.924ns = ( 7.658 - 6.734 ) 
    Source Clock Delay      (SCD):    0.973ns
    Clock Pessimism Removal (CPR):    0.000ns
  Clock Uncertainty:      0.035ns  ((TSJ^2 + TIJ^2)^1/2 + DJ) / 2 + PE
    Total System Jitter     (TSJ):    0.071ns
    Total Input Jitter      (TIJ):    0.000ns
    Discrete Jitter          (DJ):    0.000ns
    Phase Error              (PE):    0.000ns

    Location             Delay type                Incr(ns)  Path(ns)    Netlist Resource(s)
  -------------------------------------------------------------------    -------------------
                         (clock aclk rise edge)       0.000     0.000 r  <hidden>
                                                      0.000     0.000 r  aclk
                         net (fo=2467, unset)         0.973     0.973    aclk
    SLICE_X31Y76         FDRE                                         r  col_in_reg[0]_rep__0/C
  -------------------------------------------------------------------    -------------------
    SLICE_X31Y76         FDRE (Prop_fdre_C_Q)         0.456     1.429 r  col_in_reg[0]_rep__0/Q
                         net (fo=192, routed)         1.490     2.919    lb1_reg_512_639_2_2/A0
    SLICE_X36Y73         RAMD64E (Prop_ramd64e_RADR0_O)
                                                      0.124     3.043 r  lb1_reg_512_639_2_2/SP.LOW/O
                         net (fo=1, routed)           0.000     3.043    lb1_reg_512_639_2_2/SPO0
    SLICE_X36Y73         MUXF7 (Prop_muxf7_I0_O)      0.241     3.284 r  lb1_reg_512_639_2_2/F7.SP/O
                         net (fo=1, routed)           1.262     4.546    lb1_reg_512_639_2_2_n_1
    SLICE_X35Y56         LUT6 (Prop_lut6_I5_O)        0.298     4.844 r  lb2_reg_0_127_2_2_i_13/O
                         net (fo=1, routed)           0.000     4.844    lb2_reg_0_127_2_2_i_13_n_0
    SLICE_X35Y56         MUXF7 (Prop_muxf7_I1_O)      0.217     5.061 r  lb2_reg_0_127_2_2_i_5/O
                         net (fo=1, routed)           0.652     5.713    lb2_reg_0_127_2_2_i_5_n_0
    SLICE_X33Y56         LUT6 (Prop_lut6_I5_O)        0.299     6.012 r  lb2_reg_0_127_2_2_i_1/O
                         net (fo=130, routed)         0.989     7.001    lb2_reg_1536_1663_2_2/D
    SLICE_X30Y45         RAMD64E                                      r  lb2_reg_1536_1663_2_2/DP.HIGH/I
  -------------------------------------------------------------------    -------------------

                         (clock aclk rise edge)       6.734     6.734 r  <hidden>
                                                      0.000     6.734 r  aclk
                         net (fo=2467, unset)         0.924     7.658    lb2_reg_1536_1663_2_2/WCLK
    SLICE_X30Y45         RAMD64E                                      r  lb2_reg_1536_1663_2_2/DP.HIGH/CLK
                         clock pessimism              0.000     7.658    <hidden>
                         clock uncertainty           -0.035     7.623    <hidden>
    SLICE_X30Y45         RAMD64E (Setup_ramd64e_CLK_I)
                                                     -0.725     6.898    lb2_reg_1536_1663_2_2/DP.HIGH
  -------------------------------------------------------------------
                         required time                          6.898    <hidden>
                         arrival time                          -7.001    <hidden>
  -------------------------------------------------------------------
                         slack                                 -0.103    <hidden>

Slack (VIOLATED) :        -0.099ns  (required time - arrival time)
  Source:                 col_in_reg[0]_rep__2/C
                            (rising edge-triggered cell FDRE clocked by aclk  {rise@0.000ns fall@3.367ns period=6.734ns})
  Destination:            lb2_reg_3584_3711_4_4/DP.HIGH/I
                            (rising edge-triggered cell RAMD64E clocked by aclk  {rise@0.000ns fall@3.367ns period=6.734ns})
  Path Group:             aclk
  Path Type:              Setup (Max at Slow Process Corner)
  Requirement:            6.734ns  (aclk rise@6.734ns - aclk rise@0.000ns)
  Data Path Delay:        6.024ns  (logic 1.662ns (27.589%)  route 4.362ns (72.411%))
  Logic Levels:           5  (LUT6=2 MUXF7=2 RAMD64E=1)
  Clock Path Skew:        -0.049ns (DCD - SCD + CPR)
    Destination Clock Delay (DCD):    0.924ns = ( 7.658 - 6.734 ) 
    Source Clock Delay      (SCD):    0.973ns
    Clock Pessimism Removal (CPR):    0.000ns
  Clock Uncertainty:      0.035ns  ((TSJ^2 + TIJ^2)^1/2 + DJ) / 2 + PE
    Total System Jitter     (TSJ):    0.071ns
    Total Input Jitter      (TIJ):    0.000ns
    Discrete Jitter          (DJ):    0.000ns
    Phase Error              (PE):    0.000ns

    Location             Delay type                Incr(ns)  Path(ns)    Netlist Resource(s)
  -------------------------------------------------------------------    -------------------
                         (clock aclk rise edge)       0.000     0.000 r  <hidden>
                                                      0.000     0.000 r  aclk
                         net (fo=2467, unset)         0.973     0.973    aclk
    SLICE_X33Y102        FDRE                                         r  col_in_reg[0]_rep__2/C
  -------------------------------------------------------------------    -------------------
    SLICE_X33Y102        FDRE (Prop_fdre_C_Q)         0.456     1.429 r  col_in_reg[0]_rep__2/Q
                         net (fo=192, routed)         1.337     2.766    lb1_reg_2944_3071_4_4/A0
    SLICE_X32Y98         RAMD64E (Prop_ramd64e_RADR0_O)
                                                      0.124     2.890 r  lb1_reg_2944_3071_4_4/SP.LOW/O
                         net (fo=1, routed)           0.000     2.890    lb1_reg_2944_3071_4_4/SPO0
    SLICE_X32Y98         MUXF7 (Prop_muxf7_I0_O)      0.241     3.131 r  lb1_reg_2944_3071_4_4/F7.SP/O
                         net (fo=1, routed)           0.931     4.062    lb1_reg_2944_3071_4_4_n_1
    SLICE_X33Y101        LUT6 (Prop_lut6_I0_O)        0.298     4.360 r  lb2_reg_0_127_4_4_i_9/O
                         net (fo=1, routed)           0.000     4.360    lb2_reg_0_127_4_4_i_9_n_0
    SLICE_X33Y101        MUXF7 (Prop_muxf7_I1_O)      0.245     4.605 r  lb2_reg_0_127_4_4_i_3/O
                         net (fo=1, routed)           0.788     5.393    lb2_reg_0_127_4_4_i_3_n_0
    SLICE_X33Y93         LUT6 (Prop_lut6_I1_O)        0.298     5.691 r  lb2_reg_0_127_4_4_i_1/O
                         net (fo=130, routed)         1.307     6.997    lb2_reg_3584_3711_4_4/D
    SLICE_X26Y75         RAMD64E                                      r  lb2_reg_3584_3711_4_4/DP.HIGH/I
  -------------------------------------------------------------------    -------------------

                         (clock aclk rise edge)       6.734     6.734 r  <hidden>
                                                      0.000     6.734 r  aclk
                         net (fo=2467, unset)         0.924     7.658    lb2_reg_3584_3711_4_4/WCLK
    SLICE_X26Y75         RAMD64E                                      r  lb2_reg_3584_3711_4_4/DP.HIGH/CLK
                         clock pessimism              0.000     7.658    <hidden>
                         clock uncertainty           -0.035     7.623    <hidden>
    SLICE_X26Y75         RAMD64E (Setup_ramd64e_CLK_I)
                                                     -0.725     6.898    lb2_reg_3584_3711_4_4/DP.HIGH
  -------------------------------------------------------------------
                         required time                          6.898    <hidden>
                         arrival time                          -6.997    <hidden>
  -------------------------------------------------------------------
                         slack                                 -0.099    <hidden>

Slack (VIOLATED) :        -0.099ns  (required time - arrival time)
  Source:                 col_in_reg[0]_rep__0/C
                            (rising edge-triggered cell FDRE clocked by aclk  {rise@0.000ns fall@3.367ns period=6.734ns})
  Destination:            lb2_reg_3328_3455_2_2/DP.HIGH/I
                            (rising edge-triggered cell RAMD64E clocked by aclk  {rise@0.000ns fall@3.367ns period=6.734ns})
  Path Group:             aclk
  Path Type:              Setup (Max at Slow Process Corner)
  Requirement:            6.734ns  (aclk rise@6.734ns - aclk rise@0.000ns)
  Data Path Delay:        6.024ns  (logic 1.635ns (27.141%)  route 4.389ns (72.859%))
  Logic Levels:           5  (LUT6=2 MUXF7=2 RAMD64E=1)
  Clock Path Skew:        -0.049ns (DCD - SCD + CPR)
    Destination Clock Delay (DCD):    0.924ns = ( 7.658 - 6.734 ) 
    Source Clock Delay      (SCD):    0.973ns
    Clock Pessimism Removal (CPR):    0.000ns
  Clock Uncertainty:      0.035ns  ((TSJ^2 + TIJ^2)^1/2 + DJ) / 2 + PE
    Total System Jitter     (TSJ):    0.071ns
    Total Input Jitter      (TIJ):    0.000ns
    Discrete Jitter          (DJ):    0.000ns
    Phase Error              (PE):    0.000ns

    Location             Delay type                Incr(ns)  Path(ns)    Netlist Resource(s)
  -------------------------------------------------------------------    -------------------
                         (clock aclk rise edge)       0.000     0.000 r  <hidden>
                                                      0.000     0.000 r  aclk
                         net (fo=2467, unset)         0.973     0.973    aclk
    SLICE_X31Y76         FDRE                                         r  col_in_reg[0]_rep__0/C
  -------------------------------------------------------------------    -------------------
    SLICE_X31Y76         FDRE (Prop_fdre_C_Q)         0.456     1.429 r  col_in_reg[0]_rep__0/Q
                         net (fo=192, routed)         1.490     2.919    lb1_reg_512_639_2_2/A0
    SLICE_X36Y73         RAMD64E (Prop_ramd64e_RADR0_O)
                                                      0.124     3.043 r  lb1_reg_512_639_2_2/SP.LOW/O
                         net (fo=1, routed)           0.000     3.043    lb1_reg_512_639_2_2/SPO0
    SLICE_X36Y73         MUXF7 (Prop_muxf7_I0_O)      0.241     3.284 r  lb1_reg_512_639_2_2/F7.SP/O
                         net (fo=1, routed)           1.262     4.546    lb1_reg_512_639_2_2_n_1
    SLICE_X35Y56         LUT6 (Prop_lut6_I5_O)        0.298     4.844 r  lb2_reg_0_127_2_2_i_13/O
                         net (fo=1, routed)           0.000     4.844    lb2_reg_0_127_2_2_i_13_n_0
    SLICE_X35Y56         MUXF7 (Prop_muxf7_I1_O)      0.217     5.061 r  lb2_reg_0_127_2_2_i_5/O
                         net (fo=1, routed)           0.652     5.713    lb2_reg_0_127_2_2_i_5_n_0
    SLICE_X33Y56         LUT6 (Prop_lut6_I5_O)        0.299     6.012 r  lb2_reg_0_127_2_2_i_1/O
                         net (fo=130, routed)         0.985     6.997    lb2_reg_3328_3455_2_2/D
    SLICE_X36Y49         RAMD64E                                      r  lb2_reg_3328_3455_2_2/DP.HIGH/I
  -------------------------------------------------------------------    -------------------

                         (clock aclk rise edge)       6.734     6.734 r  <hidden>
                                                      0.000     6.734 r  aclk
                         net (fo=2467, unset)         0.924     7.658    lb2_reg_3328_3455_2_2/WCLK
    SLICE_X36Y49         RAMD64E                                      r  lb2_reg_3328_3455_2_2/DP.HIGH/CLK
                         clock pessimism              0.000     7.658    <hidden>
                         clock uncertainty           -0.035     7.623    <hidden>
    SLICE_X36Y49         RAMD64E (Setup_ramd64e_CLK_I)
                                                     -0.725     6.898    lb2_reg_3328_3455_2_2/DP.HIGH
  -------------------------------------------------------------------
                         required time                          6.898    <hidden>
                         arrival time                          -6.997    <hidden>
  -------------------------------------------------------------------
                         slack                                 -0.099    <hidden>

Slack (VIOLATED) :        -0.098ns  (required time - arrival time)
  Source:                 col_in_reg[0]_rep__0/C
                            (rising edge-triggered cell FDRE clocked by aclk  {rise@0.000ns fall@3.367ns period=6.734ns})
  Destination:            lb2_reg_3584_3711_2_2/DP.HIGH/I
                            (rising edge-triggered cell RAMD64E clocked by aclk  {rise@0.000ns fall@3.367ns period=6.734ns})
  Path Group:             aclk
  Path Type:              Setup (Max at Slow Process Corner)
  Requirement:            6.734ns  (aclk rise@6.734ns - aclk rise@0.000ns)
  Data Path Delay:        6.023ns  (logic 1.635ns (27.144%)  route 4.388ns (72.855%))
  Logic Levels:           5  (LUT6=2 MUXF7=2 RAMD64E=1)
  Clock Path Skew:        -0.049ns (DCD - SCD + CPR)
    Destination Clock Delay (DCD):    0.924ns = ( 7.658 - 6.734 ) 
    Source Clock Delay      (SCD):    0.973ns
    Clock Pessimism Removal (CPR):    0.000ns
  Clock Uncertainty:      0.035ns  ((TSJ^2 + TIJ^2)^1/2 + DJ) / 2 + PE
    Total System Jitter     (TSJ):    0.071ns
    Total Input Jitter      (TIJ):    0.000ns
    Discrete Jitter          (DJ):    0.000ns
    Phase Error              (PE):    0.000ns

    Location             Delay type                Incr(ns)  Path(ns)    Netlist Resource(s)
  -------------------------------------------------------------------    -------------------
                         (clock aclk rise edge)       0.000     0.000 r  <hidden>
                                                      0.000     0.000 r  aclk
                         net (fo=2467, unset)         0.973     0.973    aclk
    SLICE_X31Y76         FDRE                                         r  col_in_reg[0]_rep__0/C
  -------------------------------------------------------------------    -------------------
    SLICE_X31Y76         FDRE (Prop_fdre_C_Q)         0.456     1.429 r  col_in_reg[0]_rep__0/Q
                         net (fo=192, routed)         1.490     2.919    lb1_reg_512_639_2_2/A0
    SLICE_X36Y73         RAMD64E (Prop_ramd64e_RADR0_O)
                                                      0.124     3.043 r  lb1_reg_512_639_2_2/SP.LOW/O
                         net (fo=1, routed)           0.000     3.043    lb1_reg_512_639_2_2/SPO0
    SLICE_X36Y73         MUXF7 (Prop_muxf7_I0_O)      0.241     3.284 r  lb1_reg_512_639_2_2/F7.SP/O
                         net (fo=1, routed)           1.262     4.546    lb1_reg_512_639_2_2_n_1
    SLICE_X35Y56         LUT6 (Prop_lut6_I5_O)        0.298     4.844 r  lb2_reg_0_127_2_2_i_13/O
                         net (fo=1, routed)           0.000     4.844    lb2_reg_0_127_2_2_i_13_n_0
    SLICE_X35Y56         MUXF7 (Prop_muxf7_I1_O)      0.217     5.061 r  lb2_reg_0_127_2_2_i_5/O
                         net (fo=1, routed)           0.652     5.713    lb2_reg_0_127_2_2_i_5_n_0
    SLICE_X33Y56         LUT6 (Prop_lut6_I5_O)        0.299     6.012 r  lb2_reg_0_127_2_2_i_1/O
                         net (fo=130, routed)         0.984     6.996    lb2_reg_3584_3711_2_2/D
    SLICE_X36Y48         RAMD64E                                      r  lb2_reg_3584_3711_2_2/DP.HIGH/I
  -------------------------------------------------------------------    -------------------

                         (clock aclk rise edge)       6.734     6.734 r  <hidden>
                                                      0.000     6.734 r  aclk
                         net (fo=2467, unset)         0.924     7.658    lb2_reg_3584_3711_2_2/WCLK
    SLICE_X36Y48         RAMD64E                                      r  lb2_reg_3584_3711_2_2/DP.HIGH/CLK
                         clock pessimism              0.000     7.658    <hidden>
                         clock uncertainty           -0.035     7.623    <hidden>
    SLICE_X36Y48         RAMD64E (Setup_ramd64e_CLK_I)
                                                     -0.725     6.898    lb2_reg_3584_3711_2_2/DP.HIGH
  -------------------------------------------------------------------
                         required time                          6.898    <hidden>
                         arrival time                          -6.996    <hidden>
  -------------------------------------------------------------------
                         slack                                 -0.098    <hidden>

Slack (VIOLATED) :        -0.097ns  (required time - arrival time)
  Source:                 col_in_reg[0]_rep__0/C
                            (rising edge-triggered cell FDRE clocked by aclk  {rise@0.000ns fall@3.367ns period=6.734ns})
  Destination:            lb2_reg_3200_3327_2_2/DP.HIGH/I
                            (rising edge-triggered cell RAMD64E clocked by aclk  {rise@0.000ns fall@3.367ns period=6.734ns})
  Path Group:             aclk
  Path Type:              Setup (Max at Slow Process Corner)
  Requirement:            6.734ns  (aclk rise@6.734ns - aclk rise@0.000ns)
  Data Path Delay:        6.022ns  (logic 1.635ns (27.148%)  route 4.387ns (72.852%))
  Logic Levels:           5  (LUT6=2 MUXF7=2 RAMD64E=1)
  Clock Path Skew:        -0.049ns (DCD - SCD + CPR)
    Destination Clock Delay (DCD):    0.924ns = ( 7.658 - 6.734 ) 
    Source Clock Delay      (SCD):    0.973ns
    Clock Pessimism Removal (CPR):    0.000ns
  Clock Uncertainty:      0.035ns  ((TSJ^2 + TIJ^2)^1/2 + DJ) / 2 + PE
    Total System Jitter     (TSJ):    0.071ns
    Total Input Jitter      (TIJ):    0.000ns
    Discrete Jitter          (DJ):    0.000ns
    Phase Error              (PE):    0.000ns

    Location             Delay type                Incr(ns)  Path(ns)    Netlist Resource(s)
  -------------------------------------------------------------------    -------------------
                         (clock aclk rise edge)       0.000     0.000 r  <hidden>
                                                      0.000     0.000 r  aclk
                         net (fo=2467, unset)         0.973     0.973    aclk
    SLICE_X31Y76         FDRE                                         r  col_in_reg[0]_rep__0/C
  -------------------------------------------------------------------    -------------------
    SLICE_X31Y76         FDRE (Prop_fdre_C_Q)         0.456     1.429 r  col_in_reg[0]_rep__0/Q
                         net (fo=192, routed)         1.490     2.919    lb1_reg_512_639_2_2/A0
    SLICE_X36Y73         RAMD64E (Prop_ramd64e_RADR0_O)
                                                      0.124     3.043 r  lb1_reg_512_639_2_2/SP.LOW/O
                         net (fo=1, routed)           0.000     3.043    lb1_reg_512_639_2_2/SPO0
    SLICE_X36Y73         MUXF7 (Prop_muxf7_I0_O)      0.241     3.284 r  lb1_reg_512_639_2_2/F7.SP/O
                         net (fo=1, routed)           1.262     4.546    lb1_reg_512_639_2_2_n_1
    SLICE_X35Y56         LUT6 (Prop_lut6_I5_O)        0.298     4.844 r  lb2_reg_0_127_2_2_i_13/O
                         net (fo=1, routed)           0.000     4.844    lb2_reg_0_127_2_2_i_13_n_0
    SLICE_X35Y56         MUXF7 (Prop_muxf7_I1_O)      0.217     5.061 r  lb2_reg_0_127_2_2_i_5/O
                         net (fo=1, routed)           0.652     5.713    lb2_reg_0_127_2_2_i_5_n_0
    SLICE_X33Y56         LUT6 (Prop_lut6_I5_O)        0.299     6.012 r  lb2_reg_0_127_2_2_i_1/O
                         net (fo=130, routed)         0.983     6.995    lb2_reg_3200_3327_2_2/D
    SLICE_X38Y49         RAMD64E                                      r  lb2_reg_3200_3327_2_2/DP.HIGH/I
  -------------------------------------------------------------------    -------------------

                         (clock aclk rise edge)       6.734     6.734 r  <hidden>
                                                      0.000     6.734 r  aclk
                         net (fo=2467, unset)         0.924     7.658    lb2_reg_3200_3327_2_2/WCLK
    SLICE_X38Y49         RAMD64E                                      r  lb2_reg_3200_3327_2_2/DP.HIGH/CLK
                         clock pessimism              0.000     7.658    <hidden>
                         clock uncertainty           -0.035     7.623    <hidden>
    SLICE_X38Y49         RAMD64E (Setup_ramd64e_CLK_I)
                                                     -0.725     6.898    lb2_reg_3200_3327_2_2/DP.HIGH
  -------------------------------------------------------------------
                         required time                          6.898    <hidden>
                         arrival time                          -6.995    <hidden>
  -------------------------------------------------------------------
                         slack                                 -0.097    <hidden>

Slack (VIOLATED) :        -0.089ns  (required time - arrival time)
  Source:                 col_in_reg[0]_rep__0/C
                            (rising edge-triggered cell FDRE clocked by aclk  {rise@0.000ns fall@3.367ns period=6.734ns})
  Destination:            lb2_reg_2176_2303_2_2/DP.HIGH/I
                            (rising edge-triggered cell RAMD64E clocked by aclk  {rise@0.000ns fall@3.367ns period=6.734ns})
  Path Group:             aclk
  Path Type:              Setup (Max at Slow Process Corner)
  Requirement:            6.734ns  (aclk rise@6.734ns - aclk rise@0.000ns)
  Data Path Delay:        6.014ns  (logic 1.635ns (27.186%)  route 4.379ns (72.814%))
  Logic Levels:           5  (LUT6=2 MUXF7=2 RAMD64E=1)
  Clock Path Skew:        -0.049ns (DCD - SCD + CPR)
    Destination Clock Delay (DCD):    0.924ns = ( 7.658 - 6.734 ) 
    Source Clock Delay      (SCD):    0.973ns
    Clock Pessimism Removal (CPR):    0.000ns
  Clock Uncertainty:      0.035ns  ((TSJ^2 + TIJ^2)^1/2 + DJ) / 2 + PE
    Total System Jitter     (TSJ):    0.071ns
    Total Input Jitter      (TIJ):    0.000ns
    Discrete Jitter          (DJ):    0.000ns
    Phase Error              (PE):    0.000ns

    Location             Delay type                Incr(ns)  Path(ns)    Netlist Resource(s)
  -------------------------------------------------------------------    -------------------
                         (clock aclk rise edge)       0.000     0.000 r  <hidden>
                                                      0.000     0.000 r  aclk
                         net (fo=2467, unset)         0.973     0.973    aclk
    SLICE_X31Y76         FDRE                                         r  col_in_reg[0]_rep__0/C
  -------------------------------------------------------------------    -------------------
    SLICE_X31Y76         FDRE (Prop_fdre_C_Q)         0.456     1.429 r  col_in_reg[0]_rep__0/Q
                         net (fo=192, routed)         1.490     2.919    lb1_reg_512_639_2_2/A0
    SLICE_X36Y73         RAMD64E (Prop_ramd64e_RADR0_O)
                                                      0.124     3.043 r  lb1_reg_512_639_2_2/SP.LOW/O
                         net (fo=1, routed)           0.000     3.043    lb1_reg_512_639_2_2/SPO0
    SLICE_X36Y73         MUXF7 (Prop_muxf7_I0_O)      0.241     3.284 r  lb1_reg_512_639_2_2/F7.SP/O
                         net (fo=1, routed)           1.262     4.546    lb1_reg_512_639_2_2_n_1
    SLICE_X35Y56         LUT6 (Prop_lut6_I5_O)        0.298     4.844 r  lb2_reg_0_127_2_2_i_13/O
                         net (fo=1, routed)           0.000     4.844    lb2_reg_0_127_2_2_i_13_n_0
    SLICE_X35Y56         MUXF7 (Prop_muxf7_I1_O)      0.217     5.061 r  lb2_reg_0_127_2_2_i_5/O
                         net (fo=1, routed)           0.652     5.713    lb2_reg_0_127_2_2_i_5_n_0
    SLICE_X33Y56         LUT6 (Prop_lut6_I5_O)        0.299     6.012 r  lb2_reg_0_127_2_2_i_1/O
                         net (fo=130, routed)         0.975     6.987    lb2_reg_2176_2303_2_2/D
    SLICE_X32Y48         RAMD64E                                      r  lb2_reg_2176_2303_2_2/DP.HIGH/I
  -------------------------------------------------------------------    -------------------

                         (clock aclk rise edge)       6.734     6.734 r  <hidden>
                                                      0.000     6.734 r  aclk
                         net (fo=2467, unset)         0.924     7.658    lb2_reg_2176_2303_2_2/WCLK
    SLICE_X32Y48         RAMD64E                                      r  lb2_reg_2176_2303_2_2/DP.HIGH/CLK
                         clock pessimism              0.000     7.658    <hidden>
                         clock uncertainty           -0.035     7.623    <hidden>
    SLICE_X32Y48         RAMD64E (Setup_ramd64e_CLK_I)
                                                     -0.725     6.898    lb2_reg_2176_2303_2_2/DP.HIGH
  -------------------------------------------------------------------
                         required time                          6.898    <hidden>
                         arrival time                          -6.987    <hidden>
  -------------------------------------------------------------------
                         slack                                 -0.089    <hidden>

Slack (VIOLATED) :        -0.084ns  (required time - arrival time)
  Source:                 col_in_reg[0]_rep__2/C
                            (rising edge-triggered cell FDRE clocked by aclk  {rise@0.000ns fall@3.367ns period=6.734ns})
  Destination:            lb2_reg_3072_3199_4_4/DP.HIGH/I
                            (rising edge-triggered cell RAMD64E clocked by aclk  {rise@0.000ns fall@3.367ns period=6.734ns})
  Path Group:             aclk
  Path Type:              Setup (Max at Slow Process Corner)
  Requirement:            6.734ns  (aclk rise@6.734ns - aclk rise@0.000ns)
  Data Path Delay:        6.009ns  (logic 1.662ns (27.657%)  route 4.347ns (72.343%))
  Logic Levels:           5  (LUT6=2 MUXF7=2 RAMD64E=1)
  Clock Path Skew:        -0.049ns (DCD - SCD + CPR)
    Destination Clock Delay (DCD):    0.924ns = ( 7.658 - 6.734 ) 
    Source Clock Delay      (SCD):    0.973ns
    Clock Pessimism Removal (CPR):    0.000ns
  Clock Uncertainty:      0.035ns  ((TSJ^2 + TIJ^2)^1/2 + DJ) / 2 + PE
    Total System Jitter     (TSJ):    0.071ns
    Total Input Jitter      (TIJ):    0.000ns
    Discrete Jitter          (DJ):    0.000ns
    Phase Error              (PE):    0.000ns

    Location             Delay type                Incr(ns)  Path(ns)    Netlist Resource(s)
  -------------------------------------------------------------------    -------------------
                         (clock aclk rise edge)       0.000     0.000 r  <hidden>
                                                      0.000     0.000 r  aclk
                         net (fo=2467, unset)         0.973     0.973    aclk
    SLICE_X33Y102        FDRE                                         r  col_in_reg[0]_rep__2/C
  -------------------------------------------------------------------    -------------------
    SLICE_X33Y102        FDRE (Prop_fdre_C_Q)         0.456     1.429 r  col_in_reg[0]_rep__2/Q
                         net (fo=192, routed)         1.337     2.766    lb1_reg_2944_3071_4_4/A0
    SLICE_X32Y98         RAMD64E (Prop_ramd64e_RADR0_O)
                                                      0.124     2.890 r  lb1_reg_2944_3071_4_4/SP.LOW/O
                         net (fo=1, routed)           0.000     2.890    lb1_reg_2944_3071_4_4/SPO0
    SLICE_X32Y98         MUXF7 (Prop_muxf7_I0_O)      0.241     3.131 r  lb1_reg_2944_3071_4_4/F7.SP/O
                         net (fo=1, routed)           0.931     4.062    lb1_reg_2944_3071_4_4_n_1
    SLICE_X33Y101        LUT6 (Prop_lut6_I0_O)        0.298     4.360 r  lb2_reg_0_127_4_4_i_9/O
                         net (fo=1, routed)           0.000     4.360    lb2_reg_0_127_4_4_i_9_n_0
    SLICE_X33Y101        MUXF7 (Prop_muxf7_I1_O)      0.245     4.605 r  lb2_reg_0_127_4_4_i_3/O
                         net (fo=1, routed)           0.788     5.393    lb2_reg_0_127_4_4_i_3_n_0
    SLICE_X33Y93         LUT6 (Prop_lut6_I1_O)        0.298     5.691 r  lb2_reg_0_127_4_4_i_1/O
                         net (fo=130, routed)         1.292     6.982    lb2_reg_3072_3199_4_4/D
    SLICE_X26Y76         RAMD64E                                      r  lb2_reg_3072_3199_4_4/DP.HIGH/I
  -------------------------------------------------------------------    -------------------

                         (clock aclk rise edge)       6.734     6.734 r  <hidden>
                                                      0.000     6.734 r  aclk
                         net (fo=2467, unset)         0.924     7.658    lb2_reg_3072_3199_4_4/WCLK
    SLICE_X26Y76         RAMD64E                                      r  lb2_reg_3072_3199_4_4/DP.HIGH/CLK
                         clock pessimism              0.000     7.658    <hidden>
                         clock uncertainty           -0.035     7.623    <hidden>
    SLICE_X26Y76         RAMD64E (Setup_ramd64e_CLK_I)
                                                     -0.725     6.898    lb2_reg_3072_3199_4_4/DP.HIGH
  -------------------------------------------------------------------
                         required time                          6.898    <hidden>
                         arrival time                          -6.982    <hidden>
  -------------------------------------------------------------------
                         slack                                 -0.084    <hidden>

Slack (VIOLATED) :        -0.084ns  (required time - arrival time)
  Source:                 col_in_reg[0]_rep__2/C
                            (rising edge-triggered cell FDRE clocked by aclk  {rise@0.000ns fall@3.367ns period=6.734ns})
  Destination:            lb2_reg_3712_3839_4_4/DP.HIGH/I
                            (rising edge-triggered cell RAMD64E clocked by aclk  {rise@0.000ns fall@3.367ns period=6.734ns})
  Path Group:             aclk
  Path Type:              Setup (Max at Slow Process Corner)
  Requirement:            6.734ns  (aclk rise@6.734ns - aclk rise@0.000ns)
  Data Path Delay:        6.009ns  (logic 1.662ns (27.658%)  route 4.347ns (72.342%))
  Logic Levels:           5  (LUT6=2 MUXF7=2 RAMD64E=1)
  Clock Path Skew:        -0.049ns (DCD - SCD + CPR)
    Destination Clock Delay (DCD):    0.924ns = ( 7.658 - 6.734 ) 
    Source Clock Delay      (SCD):    0.973ns
    Clock Pessimism Removal (CPR):    0.000ns
  Clock Uncertainty:      0.035ns  ((TSJ^2 + TIJ^2)^1/2 + DJ) / 2 + PE
    Total System Jitter     (TSJ):    0.071ns
    Total Input Jitter      (TIJ):    0.000ns
    Discrete Jitter          (DJ):    0.000ns
    Phase Error              (PE):    0.000ns

    Location             Delay type                Incr(ns)  Path(ns)    Netlist Resource(s)
  -------------------------------------------------------------------    -------------------
                         (clock aclk rise edge)       0.000     0.000 r  <hidden>
                                                      0.000     0.000 r  aclk
                         net (fo=2467, unset)         0.973     0.973    aclk
    SLICE_X33Y102        FDRE                                         r  col_in_reg[0]_rep__2/C
  -------------------------------------------------------------------    -------------------
    SLICE_X33Y102        FDRE (Prop_fdre_C_Q)         0.456     1.429 r  col_in_reg[0]_rep__2/Q
                         net (fo=192, routed)         1.337     2.766    lb1_reg_2944_3071_4_4/A0
    SLICE_X32Y98         RAMD64E (Prop_ramd64e_RADR0_O)
                                                      0.124     2.890 r  lb1_reg_2944_3071_4_4/SP.LOW/O
                         net (fo=1, routed)           0.000     2.890    lb1_reg_2944_3071_4_4/SPO0
    SLICE_X32Y98         MUXF7 (Prop_muxf7_I0_O)      0.241     3.131 r  lb1_reg_2944_3071_4_4/F7.SP/O
                         net (fo=1, routed)           0.931     4.062    lb1_reg_2944_3071_4_4_n_1
    SLICE_X33Y101        LUT6 (Prop_lut6_I0_O)        0.298     4.360 r  lb2_reg_0_127_4_4_i_9/O
                         net (fo=1, routed)           0.000     4.360    lb2_reg_0_127_4_4_i_9_n_0
    SLICE_X33Y101        MUXF7 (Prop_muxf7_I1_O)      0.245     4.605 r  lb2_reg_0_127_4_4_i_3/O
                         net (fo=1, routed)           0.788     5.393    lb2_reg_0_127_4_4_i_3_n_0
    SLICE_X33Y93         LUT6 (Prop_lut6_I1_O)        0.298     5.691 r  lb2_reg_0_127_4_4_i_1/O
                         net (fo=130, routed)         1.292     6.982    lb2_reg_3712_3839_4_4/D
    SLICE_X26Y77         RAMD64E                                      r  lb2_reg_3712_3839_4_4/DP.HIGH/I
  -------------------------------------------------------------------    -------------------

                         (clock aclk rise edge)       6.734     6.734 r  <hidden>
                                                      0.000     6.734 r  aclk
                         net (fo=2467, unset)         0.924     7.658    lb2_reg_3712_3839_4_4/WCLK
    SLICE_X26Y77         RAMD64E                                      r  lb2_reg_3712_3839_4_4/DP.HIGH/CLK
                         clock pessimism              0.000     7.658    <hidden>
                         clock uncertainty           -0.035     7.623    <hidden>
    SLICE_X26Y77         RAMD64E (Setup_ramd64e_CLK_I)
                                                     -0.725     6.898    lb2_reg_3712_3839_4_4/DP.HIGH
  -------------------------------------------------------------------
                         required time                          6.898    <hidden>
                         arrival time                          -6.982    <hidden>
  -------------------------------------------------------------------
                         slack                                 -0.084    <hidden>

Slack (VIOLATED) :        -0.042ns  (required time - arrival time)
  Source:                 col_in_reg[0]_rep__4/C
                            (rising edge-triggered cell FDRE clocked by aclk  {rise@0.000ns fall@3.367ns period=6.734ns})
  Destination:            lb2_reg_3072_3199_6_6/DP.HIGH/I
                            (rising edge-triggered cell RAMD64E clocked by aclk  {rise@0.000ns fall@3.367ns period=6.734ns})
  Path Group:             aclk
  Path Type:              Setup (Max at Slow Process Corner)
  Requirement:            6.734ns  (aclk rise@6.734ns - aclk rise@0.000ns)
  Data Path Delay:        5.967ns  (logic 1.655ns (27.734%)  route 4.312ns (72.266%))
  Logic Levels:           5  (LUT6=2 MUXF7=2 RAMD64E=1)
  Clock Path Skew:        -0.049ns (DCD - SCD + CPR)
    Destination Clock Delay (DCD):    0.924ns = ( 7.658 - 6.734 ) 
    Source Clock Delay      (SCD):    0.973ns
    Clock Pessimism Removal (CPR):    0.000ns
  Clock Uncertainty:      0.035ns  ((TSJ^2 + TIJ^2)^1/2 + DJ) / 2 + PE
    Total System Jitter     (TSJ):    0.071ns
    Total Input Jitter      (TIJ):    0.000ns
    Discrete Jitter          (DJ):    0.000ns
    Phase Error              (PE):    0.000ns

    Location             Delay type                Incr(ns)  Path(ns)    Netlist Resource(s)
  -------------------------------------------------------------------    -------------------
                         (clock aclk rise edge)       0.000     0.000 r  <hidden>
                                                      0.000     0.000 r  aclk
                         net (fo=2467, unset)         0.973     0.973    aclk
    SLICE_X49Y86         FDRE                                         r  col_in_reg[0]_rep__4/C
  -------------------------------------------------------------------    -------------------
    SLICE_X49Y86         FDRE (Prop_fdre_C_Q)         0.456     1.429 r  col_in_reg[0]_rep__4/Q
                         net (fo=192, routed)         1.363     2.792    lb1_reg_3328_3455_6_6/A0
    SLICE_X54Y85         RAMD64E (Prop_ramd64e_RADR0_O)
                                                      0.124     2.916 r  lb1_reg_3328_3455_6_6/SP.LOW/O
                         net (fo=1, routed)           0.000     2.916    lb1_reg_3328_3455_6_6/SPO0
    SLICE_X54Y85         MUXF7 (Prop_muxf7_I0_O)      0.241     3.157 r  lb1_reg_3328_3455_6_6/F7.SP/O
                         net (fo=1, routed)           1.169     4.326    lb1_reg_3328_3455_6_6_n_1
    SLICE_X47Y89         LUT6 (Prop_lut6_I1_O)        0.298     4.624 r  lb2_reg_0_127_6_6_i_6/O
                         net (fo=1, routed)           0.000     4.624    lb2_reg_0_127_6_6_i_6_n_0
    SLICE_X47Y89         MUXF7 (Prop_muxf7_I0_O)      0.238     4.862 r  lb2_reg_0_127_6_6_i_2/O
                         net (fo=1, routed)           0.657     5.518    lb2_reg_0_127_6_6_i_2_n_0
    SLICE_X44Y88         LUT6 (Prop_lut6_I0_O)        0.298     5.816 r  lb2_reg_0_127_6_6_i_1/O
                         net (fo=130, routed)         1.124     6.940    lb2_reg_3072_3199_6_6/D
    SLICE_X50Y99         RAMD64E                                      r  lb2_reg_3072_3199_6_6/DP.HIGH/I
  -------------------------------------------------------------------    -------------------

                         (clock aclk rise edge)       6.734     6.734 r  <hidden>
                                                      0.000     6.734 r  aclk
                         net (fo=2467, unset)         0.924     7.658    lb2_reg_3072_3199_6_6/WCLK
    SLICE_X50Y99         RAMD64E                                      r  lb2_reg_3072_3199_6_6/DP.HIGH/CLK
                         clock pessimism              0.000     7.658    <hidden>
                         clock uncertainty           -0.035     7.623    <hidden>
    SLICE_X50Y99         RAMD64E (Setup_ramd64e_CLK_I)
                                                     -0.725     6.898    lb2_reg_3072_3199_6_6/DP.HIGH
  -------------------------------------------------------------------
                         required time                          6.898    <hidden>
                         arrival time                          -6.940    <hidden>
  -------------------------------------------------------------------
                         slack                                 -0.042    <hidden>

Slack (VIOLATED) :        -0.041ns  (required time - arrival time)
  Source:                 col_in_reg[0]_rep__0/C
                            (rising edge-triggered cell FDRE clocked by aclk  {rise@0.000ns fall@3.367ns period=6.734ns})
  Destination:            lb2_reg_384_511_2_2/DP.HIGH/I
                            (rising edge-triggered cell RAMD64E clocked by aclk  {rise@0.000ns fall@3.367ns period=6.734ns})
  Path Group:             aclk
  Path Type:              Setup (Max at Slow Process Corner)
  Requirement:            6.734ns  (aclk rise@6.734ns - aclk rise@0.000ns)
  Data Path Delay:        5.966ns  (logic 1.635ns (27.404%)  route 4.331ns (72.596%))
  Logic Levels:           5  (LUT6=2 MUXF7=2 RAMD64E=1)
  Clock Path Skew:        -0.049ns (DCD - SCD + CPR)
    Destination Clock Delay (DCD):    0.924ns = ( 7.658 - 6.734 ) 
    Source Clock Delay      (SCD):    0.973ns
    Clock Pessimism Removal (CPR):    0.000ns
  Clock Uncertainty:      0.035ns  ((TSJ^2 + TIJ^2)^1/2 + DJ) / 2 + PE
    Total System Jitter     (TSJ):    0.071ns
    Total Input Jitter      (TIJ):    0.000ns
    Discrete Jitter          (DJ):    0.000ns
    Phase Error              (PE):    0.000ns

    Location             Delay type                Incr(ns)  Path(ns)    Netlist Resource(s)
  -------------------------------------------------------------------    -------------------
                         (clock aclk rise edge)       0.000     0.000 r  <hidden>
                                                      0.000     0.000 r  aclk
                         net (fo=2467, unset)         0.973     0.973    aclk
    SLICE_X31Y76         FDRE                                         r  col_in_reg[0]_rep__0/C
  -------------------------------------------------------------------    -------------------
    SLICE_X31Y76         FDRE (Prop_fdre_C_Q)         0.456     1.429 r  col_in_reg[0]_rep__0/Q
                         net (fo=192, routed)         1.490     2.919    lb1_reg_512_639_2_2/A0
    SLICE_X36Y73         RAMD64E (Prop_ramd64e_RADR0_O)
                                                      0.124     3.043 r  lb1_reg_512_639_2_2/SP.LOW/O
                         net (fo=1, routed)           0.000     3.043    lb1_reg_512_639_2_2/SPO0
    SLICE_X36Y73         MUXF7 (Prop_muxf7_I0_O)      0.241     3.284 r  lb1_reg_512_639_2_2/F7.SP/O
                         net (fo=1, routed)           1.262     4.546    lb1_reg_512_639_2_2_n_1
    SLICE_X35Y56         LUT6 (Prop_lut6_I5_O)        0.298     4.844 r  lb2_reg_0_127_2_2_i_13/O
                         net (fo=1, routed)           0.000     4.844    lb2_reg_0_127_2_2_i_13_n_0
    SLICE_X35Y56         MUXF7 (Prop_muxf7_I1_O)      0.217     5.061 r  lb2_reg_0_127_2_2_i_5/O
                         net (fo=1, routed)           0.652     5.713    lb2_reg_0_127_2_2_i_5_n_0
    SLICE_X33Y56         LUT6 (Prop_lut6_I5_O)        0.299     6.012 r  lb2_reg_0_127_2_2_i_1/O
                         net (fo=130, routed)         0.927     6.939    lb2_reg_384_511_2_2/D
    SLICE_X34Y51         RAMD64E                                      r  lb2_reg_384_511_2_2/DP.HIGH/I
  -------------------------------------------------------------------    -------------------

                         (clock aclk rise edge)       6.734     6.734 r  <hidden>
                                                      0.000     6.734 r  aclk
                         net (fo=2467, unset)         0.924     7.658    lb2_reg_384_511_2_2/WCLK
    SLICE_X34Y51         RAMD64E                                      r  lb2_reg_384_511_2_2/DP.HIGH/CLK
                         clock pessimism              0.000     7.658    <hidden>
                         clock uncertainty           -0.035     7.623    <hidden>
    SLICE_X34Y51         RAMD64E (Setup_ramd64e_CLK_I)
                                                     -0.725     6.898    lb2_reg_384_511_2_2/DP.HIGH
  -------------------------------------------------------------------
                         required time                          6.898    <hidden>
                         arrival time                          -6.939    <hidden>
  -------------------------------------------------------------------
                         slack                                 -0.041    <hidden>

Slack (VIOLATED) :        -0.040ns  (required time - arrival time)
  Source:                 col_in_reg[0]_rep__2/C
                            (rising edge-triggered cell FDRE clocked by aclk  {rise@0.000ns fall@3.367ns period=6.734ns})
  Destination:            lb2_reg_3328_3455_4_4/DP.HIGH/I
                            (rising edge-triggered cell RAMD64E clocked by aclk  {rise@0.000ns fall@3.367ns period=6.734ns})
  Path Group:             aclk
  Path Type:              Setup (Max at Slow Process Corner)
  Requirement:            6.734ns  (aclk rise@6.734ns - aclk rise@0.000ns)
  Data Path Delay:        5.965ns  (logic 1.662ns (27.864%)  route 4.303ns (72.136%))
  Logic Levels:           5  (LUT6=2 MUXF7=2 RAMD64E=1)
  Clock Path Skew:        -0.049ns (DCD - SCD + CPR)
    Destination Clock Delay (DCD):    0.924ns = ( 7.658 - 6.734 ) 
    Source Clock Delay      (SCD):    0.973ns
    Clock Pessimism Removal (CPR):    0.000ns
  Clock Uncertainty:      0.035ns  ((TSJ^2 + TIJ^2)^1/2 + DJ) / 2 + PE
    Total System Jitter     (TSJ):    0.071ns
    Total Input Jitter      (TIJ):    0.000ns
    Discrete Jitter          (DJ):    0.000ns
    Phase Error              (PE):    0.000ns

    Location             Delay type                Incr(ns)  Path(ns)    Netlist Resource(s)
  -------------------------------------------------------------------    -------------------
                         (clock aclk rise edge)       0.000     0.000 r  <hidden>
                                                      0.000     0.000 r  aclk
                         net (fo=2467, unset)         0.973     0.973    aclk
    SLICE_X33Y102        FDRE                                         r  col_in_reg[0]_rep__2/C
  -------------------------------------------------------------------    -------------------
    SLICE_X33Y102        FDRE (Prop_fdre_C_Q)         0.456     1.429 r  col_in_reg[0]_rep__2/Q
                         net (fo=192, routed)         1.337     2.766    lb1_reg_2944_3071_4_4/A0
    SLICE_X32Y98         RAMD64E (Prop_ramd64e_RADR0_O)
                                                      0.124     2.890 r  lb1_reg_2944_3071_4_4/SP.LOW/O
                         net (fo=1, routed)           0.000     2.890    lb1_reg_2944_3071_4_4/SPO0
    SLICE_X32Y98         MUXF7 (Prop_muxf7_I0_O)      0.241     3.131 r  lb1_reg_2944_3071_4_4/F7.SP/O
                         net (fo=1, routed)           0.931     4.062    lb1_reg_2944_3071_4_4_n_1
    SLICE_X33Y101        LUT6 (Prop_lut6_I0_O)        0.298     4.360 r  lb2_reg_0_127_4_4_i_9/O
                         net (fo=1, routed)           0.000     4.360    lb2_reg_0_127_4_4_i_9_n_0
    SLICE_X33Y101        MUXF7 (Prop_muxf7_I1_O)      0.245     4.605 r  lb2_reg_0_127_4_4_i_3/O
                         net (fo=1, routed)           0.788     5.393    lb2_reg_0_127_4_4_i_3_n_0
    SLICE_X33Y93         LUT6 (Prop_lut6_I1_O)        0.298     5.691 r  lb2_reg_0_127_4_4_i_1/O
                         net (fo=130, routed)         1.247     6.938    lb2_reg_3328_3455_4_4/D
    SLICE_X30Y77         RAMD64E                                      r  lb2_reg_3328_3455_4_4/DP.HIGH/I
  -------------------------------------------------------------------    -------------------

                         (clock aclk rise edge)       6.734     6.734 r  <hidden>
                                                      0.000     6.734 r  aclk
                         net (fo=2467, unset)         0.924     7.658    lb2_reg_3328_3455_4_4/WCLK
    SLICE_X30Y77         RAMD64E                                      r  lb2_reg_3328_3455_4_4/DP.HIGH/CLK
                         clock pessimism              0.000     7.658    <hidden>
                         clock uncertainty           -0.035     7.623    <hidden>
    SLICE_X30Y77         RAMD64E (Setup_ramd64e_CLK_I)
                                                     -0.725     6.898    lb2_reg_3328_3455_4_4/DP.HIGH
  -------------------------------------------------------------------
                         required time                          6.898    <hidden>
                         arrival time                          -6.938    <hidden>
  -------------------------------------------------------------------
                         slack                                 -0.040    <hidden>

Slack (VIOLATED) :        -0.024ns  (required time - arrival time)
  Source:                 col_in_reg[0]_rep__1/C
                            (rising edge-triggered cell FDRE clocked by aclk  {rise@0.000ns fall@3.367ns period=6.734ns})
  Destination:            lb2_reg_256_383_3_3/DP.HIGH/I
                            (rising edge-triggered cell RAMD64E clocked by aclk  {rise@0.000ns fall@3.367ns period=6.734ns})
  Path Group:             aclk
  Path Type:              Setup (Max at Slow Process Corner)
  Requirement:            6.734ns  (aclk rise@6.734ns - aclk rise@0.000ns)
  Data Path Delay:        5.949ns  (logic 1.630ns (27.402%)  route 4.319ns (72.598%))
  Logic Levels:           5  (LUT6=2 MUXF7=2 RAMD64E=1)
  Clock Path Skew:        -0.049ns (DCD - SCD + CPR)
    Destination Clock Delay (DCD):    0.924ns = ( 7.658 - 6.734 ) 
    Source Clock Delay      (SCD):    0.973ns
    Clock Pessimism Removal (CPR):    0.000ns
  Clock Uncertainty:      0.035ns  ((TSJ^2 + TIJ^2)^1/2 + DJ) / 2 + PE
    Total System Jitter     (TSJ):    0.071ns
    Total Input Jitter      (TIJ):    0.000ns
    Discrete Jitter          (DJ):    0.000ns
    Phase Error              (PE):    0.000ns

    Location             Delay type                Incr(ns)  Path(ns)    Netlist Resource(s)
  -------------------------------------------------------------------    -------------------
                         (clock aclk rise edge)       0.000     0.000 r  <hidden>
                                                      0.000     0.000 r  aclk
                         net (fo=2467, unset)         0.973     0.973    aclk
    SLICE_X33Y84         FDRE                                         r  col_in_reg[0]_rep__1/C
  -------------------------------------------------------------------    -------------------
    SLICE_X33Y84         FDRE (Prop_fdre_C_Q)         0.456     1.429 r  col_in_reg[0]_rep__1/Q
                         net (fo=192, routed)         1.230     2.659    lb1_reg_1280_1407_3_3/A0
    SLICE_X34Y84         RAMD64E (Prop_ramd64e_RADR0_O)
                                                      0.124     2.783 r  lb1_reg_1280_1407_3_3/SP.LOW/O
                         net (fo=1, routed)           0.000     2.783    lb1_reg_1280_1407_3_3/SPO0
    SLICE_X34Y84         MUXF7 (Prop_muxf7_I0_O)      0.241     3.024 r  lb1_reg_1280_1407_3_3/F7.SP/O
                         net (fo=1, routed)           1.408     4.432    lb1_reg_1280_1407_3_3_n_1
    SLICE_X29Y67         LUT6 (Prop_lut6_I1_O)        0.298     4.730 r  lb2_reg_0_127_3_3_i_10/O
                         net (fo=1, routed)           0.000     4.730    lb2_reg_0_127_3_3_i_10_n_0
    SLICE_X29Y67         MUXF7 (Prop_muxf7_I0_O)      0.212     4.942 r  lb2_reg_0_127_3_3_i_4/O
                         net (fo=1, routed)           0.631     5.573    lb2_reg_0_127_3_3_i_4_n_0
    SLICE_X31Y67         LUT6 (Prop_lut6_I3_O)        0.299     5.872 r  lb2_reg_0_127_3_3_i_1/O
                         net (fo=130, routed)         1.049     6.922    lb2_reg_256_383_3_3/D
    SLICE_X32Y58         RAMD64E                                      r  lb2_reg_256_383_3_3/DP.HIGH/I
  -------------------------------------------------------------------    -------------------

                         (clock aclk rise edge)       6.734     6.734 r  <hidden>
                                                      0.000     6.734 r  aclk
                         net (fo=2467, unset)         0.924     7.658    lb2_reg_256_383_3_3/WCLK
    SLICE_X32Y58         RAMD64E                                      r  lb2_reg_256_383_3_3/DP.HIGH/CLK
                         clock pessimism              0.000     7.658    <hidden>
                         clock uncertainty           -0.035     7.623    <hidden>
    SLICE_X32Y58         RAMD64E (Setup_ramd64e_CLK_I)
                                                     -0.725     6.898    lb2_reg_256_383_3_3/DP.HIGH
  -------------------------------------------------------------------
                         required time                          6.898    <hidden>
                         arrival time                          -6.922    <hidden>
  -------------------------------------------------------------------
                         slack                                 -0.024    <hidden>

Slack (VIOLATED) :        -0.020ns  (required time - arrival time)
  Source:                 col_in_reg[0]_rep__2/C
                            (rising edge-triggered cell FDRE clocked by aclk  {rise@0.000ns fall@3.367ns period=6.734ns})
  Destination:            lb2_reg_3840_3967_4_4/DP.HIGH/I
                            (rising edge-triggered cell RAMD64E clocked by aclk  {rise@0.000ns fall@3.367ns period=6.734ns})
  Path Group:             aclk
  Path Type:              Setup (Max at Slow Process Corner)
  Requirement:            6.734ns  (aclk rise@6.734ns - aclk rise@0.000ns)
  Data Path Delay:        5.945ns  (logic 1.662ns (27.957%)  route 4.283ns (72.043%))
  Logic Levels:           5  (LUT6=2 MUXF7=2 RAMD64E=1)
  Clock Path Skew:        -0.049ns (DCD - SCD + CPR)
    Destination Clock Delay (DCD):    0.924ns = ( 7.658 - 6.734 ) 
    Source Clock Delay      (SCD):    0.973ns
    Clock Pessimism Removal (CPR):    0.000ns
  Clock Uncertainty:      0.035ns  ((TSJ^2 + TIJ^2)^1/2 + DJ) / 2 + PE
    Total System Jitter     (TSJ):    0.071ns
    Total Input Jitter      (TIJ):    0.000ns
    Discrete Jitter          (DJ):    0.000ns
    Phase Error              (PE):    0.000ns

    Location             Delay type                Incr(ns)  Path(ns)    Netlist Resource(s)
  -------------------------------------------------------------------    -------------------
                         (clock aclk rise edge)       0.000     0.000 r  <hidden>
                                                      0.000     0.000 r  aclk
                         net (fo=2467, unset)         0.973     0.973    aclk
    SLICE_X33Y102        FDRE                                         r  col_in_reg[0]_rep__2/C
  -------------------------------------------------------------------    -------------------
    SLICE_X33Y102        FDRE (Prop_fdre_C_Q)         0.456     1.429 r  col_in_reg[0]_rep__2/Q
                         net (fo=192, routed)         1.337     2.766    lb1_reg_2944_3071_4_4/A0
    SLICE_X32Y98         RAMD64E (Prop_ramd64e_RADR0_O)
                                                      0.124     2.890 r  lb1_reg_2944_3071_4_4/SP.LOW/O
                         net (fo=1, routed)           0.000     2.890    lb1_reg_2944_3071_4_4/SPO0
    SLICE_X32Y98         MUXF7 (Prop_muxf7_I0_O)      0.241     3.131 r  lb1_reg_2944_3071_4_4/F7.SP/O
                         net (fo=1, routed)           0.931     4.062    lb1_reg_2944_3071_4_4_n_1
    SLICE_X33Y101        LUT6 (Prop_lut6_I0_O)        0.298     4.360 r  lb2_reg_0_127_4_4_i_9/O
                         net (fo=1, routed)           0.000     4.360    lb2_reg_0_127_4_4_i_9_n_0
    SLICE_X33Y101        MUXF7 (Prop_muxf7_I1_O)      0.245     4.605 r  lb2_reg_0_127_4_4_i_3/O
                         net (fo=1, routed)           0.788     5.393    lb2_reg_0_127_4_4_i_3_n_0
    SLICE_X33Y93         LUT6 (Prop_lut6_I1_O)        0.298     5.691 r  lb2_reg_0_127_4_4_i_1/O
                         net (fo=130, routed)         1.227     6.918    lb2_reg_3840_3967_4_4/D
    SLICE_X30Y78         RAMD64E                                      r  lb2_reg_3840_3967_4_4/DP.HIGH/I
  -------------------------------------------------------------------    -------------------

                         (clock aclk rise edge)       6.734     6.734 r  <hidden>
                                                      0.000     6.734 r  aclk
                         net (fo=2467, unset)         0.924     7.658    lb2_reg_3840_3967_4_4/WCLK
    SLICE_X30Y78         RAMD64E                                      r  lb2_reg_3840_3967_4_4/DP.HIGH/CLK
                         clock pessimism              0.000     7.658    <hidden>
                         clock uncertainty           -0.035     7.623    <hidden>
    SLICE_X30Y78         RAMD64E (Setup_ramd64e_CLK_I)
                                                     -0.725     6.898    lb2_reg_3840_3967_4_4/DP.HIGH
  -------------------------------------------------------------------
                         required time                          6.898    <hidden>
                         arrival time                          -6.918    <hidden>
  -------------------------------------------------------------------
                         slack                                 -0.020    <hidden>

Slack (VIOLATED) :        -0.014ns  (required time - arrival time)
  Source:                 col_in_reg[0]_rep__1/C
                            (rising edge-triggered cell FDRE clocked by aclk  {rise@0.000ns fall@3.367ns period=6.734ns})
  Destination:            lb2_reg_128_255_3_3/DP.HIGH/I
                            (rising edge-triggered cell RAMD64E clocked by aclk  {rise@0.000ns fall@3.367ns period=6.734ns})
  Path Group:             aclk
  Path Type:              Setup (Max at Slow Process Corner)
  Requirement:            6.734ns  (aclk rise@6.734ns - aclk rise@0.000ns)
  Data Path Delay:        5.939ns  (logic 1.630ns (27.448%)  route 4.309ns (72.552%))
  Logic Levels:           5  (LUT6=2 MUXF7=2 RAMD64E=1)
  Clock Path Skew:        -0.049ns (DCD - SCD + CPR)
    Destination Clock Delay (DCD):    0.924ns = ( 7.658 - 6.734 ) 
    Source Clock Delay      (SCD):    0.973ns
    Clock Pessimism Removal (CPR):    0.000ns
  Clock Uncertainty:      0.035ns  ((TSJ^2 + TIJ^2)^1/2 + DJ) / 2 + PE
    Total System Jitter     (TSJ):    0.071ns
    Total Input Jitter      (TIJ):    0.000ns
    Discrete Jitter          (DJ):    0.000ns
    Phase Error              (PE):    0.000ns

    Location             Delay type                Incr(ns)  Path(ns)    Netlist Resource(s)
  -------------------------------------------------------------------    -------------------
                         (clock aclk rise edge)       0.000     0.000 r  <hidden>
                                                      0.000     0.000 r  aclk
                         net (fo=2467, unset)         0.973     0.973    aclk
    SLICE_X33Y84         FDRE                                         r  col_in_reg[0]_rep__1/C
  -------------------------------------------------------------------    -------------------
    SLICE_X33Y84         FDRE (Prop_fdre_C_Q)         0.456     1.429 r  col_in_reg[0]_rep__1/Q
                         net (fo=192, routed)         1.230     2.659    lb1_reg_1280_1407_3_3/A0
    SLICE_X34Y84         RAMD64E (Prop_ramd64e_RADR0_O)
                                                      0.124     2.783 r  lb1_reg_1280_1407_3_3/SP.LOW/O
                         net (fo=1, routed)           0.000     2.783    lb1_reg_1280_1407_3_3/SPO0
    SLICE_X34Y84         MUXF7 (Prop_muxf7_I0_O)      0.241     3.024 r  lb1_reg_1280_1407_3_3/F7.SP/O
                         net (fo=1, routed)           1.408     4.432    lb1_reg_1280_1407_3_3_n_1
    SLICE_X29Y67         LUT6 (Prop_lut6_I1_O)        0.298     4.730 r  lb2_reg_0_127_3_3_i_10/O
                         net (fo=1, routed)           0.000     4.730    lb2_reg_0_127_3_3_i_10_n_0
    SLICE_X29Y67         MUXF7 (Prop_muxf7_I0_O)      0.212     4.942 r  lb2_reg_0_127_3_3_i_4/O
                         net (fo=1, routed)           0.631     5.573    lb2_reg_0_127_3_3_i_4_n_0
    SLICE_X31Y67         LUT6 (Prop_lut6_I3_O)        0.299     5.872 r  lb2_reg_0_127_3_3_i_1/O
                         net (fo=130, routed)         1.039     6.912    lb2_reg_128_255_3_3/D
    SLICE_X32Y57         RAMD64E                                      r  lb2_reg_128_255_3_3/DP.HIGH/I
  -------------------------------------------------------------------    -------------------

                         (clock aclk rise edge)       6.734     6.734 r  <hidden>
                                                      0.000     6.734 r  aclk
                         net (fo=2467, unset)         0.924     7.658    lb2_reg_128_255_3_3/WCLK
    SLICE_X32Y57         RAMD64E                                      r  lb2_reg_128_255_3_3/DP.HIGH/CLK
                         clock pessimism              0.000     7.658    <hidden>
                         clock uncertainty           -0.035     7.623    <hidden>
    SLICE_X32Y57         RAMD64E (Setup_ramd64e_CLK_I)
                                                     -0.725     6.898    lb2_reg_128_255_3_3/DP.HIGH
  -------------------------------------------------------------------
                         required time                          6.898    <hidden>
                         arrival time                          -6.912    <hidden>
  -------------------------------------------------------------------
                         slack                                 -0.014    <hidden>

Slack (VIOLATED) :        -0.011ns  (required time - arrival time)
  Source:                 col_in_reg[0]_rep__4/C
                            (rising edge-triggered cell FDRE clocked by aclk  {rise@0.000ns fall@3.367ns period=6.734ns})
  Destination:            lb2_reg_256_383_6_6/DP.HIGH/I
                            (rising edge-triggered cell RAMD64E clocked by aclk  {rise@0.000ns fall@3.367ns period=6.734ns})
  Path Group:             aclk
  Path Type:              Setup (Max at Slow Process Corner)
  Requirement:            6.734ns  (aclk rise@6.734ns - aclk rise@0.000ns)
  Data Path Delay:        5.936ns  (logic 1.655ns (27.880%)  route 4.281ns (72.120%))
  Logic Levels:           5  (LUT6=2 MUXF7=2 RAMD64E=1)
  Clock Path Skew:        -0.049ns (DCD - SCD + CPR)
    Destination Clock Delay (DCD):    0.924ns = ( 7.658 - 6.734 ) 
    Source Clock Delay      (SCD):    0.973ns
    Clock Pessimism Removal (CPR):    0.000ns
  Clock Uncertainty:      0.035ns  ((TSJ^2 + TIJ^2)^1/2 + DJ) / 2 + PE
    Total System Jitter     (TSJ):    0.071ns
    Total Input Jitter      (TIJ):    0.000ns
    Discrete Jitter          (DJ):    0.000ns
    Phase Error              (PE):    0.000ns

    Location             Delay type                Incr(ns)  Path(ns)    Netlist Resource(s)
  -------------------------------------------------------------------    -------------------
                         (clock aclk rise edge)       0.000     0.000 r  <hidden>
                                                      0.000     0.000 r  aclk
                         net (fo=2467, unset)         0.973     0.973    aclk
    SLICE_X49Y86         FDRE                                         r  col_in_reg[0]_rep__4/C
  -------------------------------------------------------------------    -------------------
    SLICE_X49Y86         FDRE (Prop_fdre_C_Q)         0.456     1.429 r  col_in_reg[0]_rep__4/Q
                         net (fo=192, routed)         1.363     2.792    lb1_reg_3328_3455_6_6/A0
    SLICE_X54Y85         RAMD64E (Prop_ramd64e_RADR0_O)
                                                      0.124     2.916 r  lb1_reg_3328_3455_6_6/SP.LOW/O
                         net (fo=1, routed)           0.000     2.916    lb1_reg_3328_3455_6_6/SPO0
    SLICE_X54Y85         MUXF7 (Prop_muxf7_I0_O)      0.241     3.157 r  lb1_reg_3328_3455_6_6/F7.SP/O
                         net (fo=1, routed)           1.169     4.326    lb1_reg_3328_3455_6_6_n_1
    SLICE_X47Y89         LUT6 (Prop_lut6_I1_O)        0.298     4.624 r  lb2_reg_0_127_6_6_i_6/O
                         net (fo=1, routed)           0.000     4.624    lb2_reg_0_127_6_6_i_6_n_0
    SLICE_X47Y89         MUXF7 (Prop_muxf7_I0_O)      0.238     4.862 r  lb2_reg_0_127_6_6_i_2/O
                         net (fo=1, routed)           0.657     5.518    lb2_reg_0_127_6_6_i_2_n_0
    SLICE_X44Y88         LUT6 (Prop_lut6_I0_O)        0.298     5.816 r  lb2_reg_0_127_6_6_i_1/O
                         net (fo=130, routed)         1.093     6.909    lb2_reg_256_383_6_6/D
    SLICE_X42Y76         RAMD64E                                      r  lb2_reg_256_383_6_6/DP.HIGH/I
  -------------------------------------------------------------------    -------------------

                         (clock aclk rise edge)       6.734     6.734 r  <hidden>
                                                      0.000     6.734 r  aclk
                         net (fo=2467, unset)         0.924     7.658    lb2_reg_256_383_6_6/WCLK
    SLICE_X42Y76         RAMD64E                                      r  lb2_reg_256_383_6_6/DP.HIGH/CLK
                         clock pessimism              0.000     7.658    <hidden>
                         clock uncertainty           -0.035     7.623    <hidden>
    SLICE_X42Y76         RAMD64E (Setup_ramd64e_CLK_I)
                                                     -0.725     6.898    lb2_reg_256_383_6_6/DP.HIGH
  -------------------------------------------------------------------
                         required time                          6.898    <hidden>
                         arrival time                          -6.909    <hidden>
  -------------------------------------------------------------------
                         slack                                 -0.011    <hidden>

Slack (VIOLATED) :        -0.011ns  (required time - arrival time)
  Source:                 col_in_reg[0]_rep__0/C
                            (rising edge-triggered cell FDRE clocked by aclk  {rise@0.000ns fall@3.367ns period=6.734ns})
  Destination:            lb2_reg_512_639_2_2/DP.HIGH/I
                            (rising edge-triggered cell RAMD64E clocked by aclk  {rise@0.000ns fall@3.367ns period=6.734ns})
  Path Group:             aclk
  Path Type:              Setup (Max at Slow Process Corner)
  Requirement:            6.734ns  (aclk rise@6.734ns - aclk rise@0.000ns)
  Data Path Delay:        5.936ns  (logic 1.635ns (27.544%)  route 4.301ns (72.456%))
  Logic Levels:           5  (LUT6=2 MUXF7=2 RAMD64E=1)
  Clock Path Skew:        -0.049ns (DCD - SCD + CPR)
    Destination Clock Delay (DCD):    0.924ns = ( 7.658 - 6.734 ) 
    Source Clock Delay      (SCD):    0.973ns
    Clock Pessimism Removal (CPR):    0.000ns
  Clock Uncertainty:      0.035ns  ((TSJ^2 + TIJ^2)^1/2 + DJ) / 2 + PE
    Total System Jitter     (TSJ):    0.071ns
    Total Input Jitter      (TIJ):    0.000ns
    Discrete Jitter          (DJ):    0.000ns
    Phase Error              (PE):    0.000ns

    Location             Delay type                Incr(ns)  Path(ns)    Netlist Resource(s)
  -------------------------------------------------------------------    -------------------
                         (clock aclk rise edge)       0.000     0.000 r  <hidden>
                                                      0.000     0.000 r  aclk
                         net (fo=2467, unset)         0.973     0.973    aclk
    SLICE_X31Y76         FDRE                                         r  col_in_reg[0]_rep__0/C
  -------------------------------------------------------------------    -------------------
    SLICE_X31Y76         FDRE (Prop_fdre_C_Q)         0.456     1.429 r  col_in_reg[0]_rep__0/Q
                         net (fo=192, routed)         1.490     2.919    lb1_reg_512_639_2_2/A0
    SLICE_X36Y73         RAMD64E (Prop_ramd64e_RADR0_O)
                                                      0.124     3.043 r  lb1_reg_512_639_2_2/SP.LOW/O
                         net (fo=1, routed)           0.000     3.043    lb1_reg_512_639_2_2/SPO0
    SLICE_X36Y73         MUXF7 (Prop_muxf7_I0_O)      0.241     3.284 r  lb1_reg_512_639_2_2/F7.SP/O
                         net (fo=1, routed)           1.262     4.546    lb1_reg_512_639_2_2_n_1
    SLICE_X35Y56         LUT6 (Prop_lut6_I5_O)        0.298     4.844 r  lb2_reg_0_127_2_2_i_13/O
                         net (fo=1, routed)           0.000     4.844    lb2_reg_0_127_2_2_i_13_n_0
    SLICE_X35Y56         MUXF7 (Prop_muxf7_I1_O)      0.217     5.061 r  lb2_reg_0_127_2_2_i_5/O
                         net (fo=1, routed)           0.652     5.713    lb2_reg_0_127_2_2_i_5_n_0
    SLICE_X33Y56         LUT6 (Prop_lut6_I5_O)        0.299     6.012 r  lb2_reg_0_127_2_2_i_1/O
                         net (fo=130, routed)         0.897     6.909    lb2_reg_512_639_2_2/D
    SLICE_X32Y50         RAMD64E                                      r  lb2_reg_512_639_2_2/DP.HIGH/I
  -------------------------------------------------------------------    -------------------

                         (clock aclk rise edge)       6.734     6.734 r  <hidden>
                                                      0.000     6.734 r  aclk
                         net (fo=2467, unset)         0.924     7.658    lb2_reg_512_639_2_2/WCLK
    SLICE_X32Y50         RAMD64E                                      r  lb2_reg_512_639_2_2/DP.HIGH/CLK
                         clock pessimism              0.000     7.658    <hidden>
                         clock uncertainty           -0.035     7.623    <hidden>
    SLICE_X32Y50         RAMD64E (Setup_ramd64e_CLK_I)
                                                     -0.725     6.898    lb2_reg_512_639_2_2/DP.HIGH
  -------------------------------------------------------------------
                         required time                          6.898    <hidden>
                         arrival time                          -6.909    <hidden>
  -------------------------------------------------------------------
                         slack                                 -0.011    <hidden>

Slack (VIOLATED) :        -0.006ns  (required time - arrival time)
  Source:                 col_in_reg[0]_rep__1/C
                            (rising edge-triggered cell FDRE clocked by aclk  {rise@0.000ns fall@3.367ns period=6.734ns})
  Destination:            lb2_reg_2816_2943_3_3/DP.HIGH/I
                            (rising edge-triggered cell RAMD64E clocked by aclk  {rise@0.000ns fall@3.367ns period=6.734ns})
  Path Group:             aclk
  Path Type:              Setup (Max at Slow Process Corner)
  Requirement:            6.734ns  (aclk rise@6.734ns - aclk rise@0.000ns)
  Data Path Delay:        5.931ns  (logic 1.630ns (27.485%)  route 4.301ns (72.515%))
  Logic Levels:           5  (LUT6=2 MUXF7=2 RAMD64E=1)
  Clock Path Skew:        -0.049ns (DCD - SCD + CPR)
    Destination Clock Delay (DCD):    0.924ns = ( 7.658 - 6.734 ) 
    Source Clock Delay      (SCD):    0.973ns
    Clock Pessimism Removal (CPR):    0.000ns
  Clock Uncertainty:      0.035ns  ((TSJ^2 + TIJ^2)^1/2 + DJ) / 2 + PE
    Total System Jitter     (TSJ):    0.071ns
    Total Input Jitter      (TIJ):    0.000ns
    Discrete Jitter          (DJ):    0.000ns
    Phase Error              (PE):    0.000ns

    Location             Delay type                Incr(ns)  Path(ns)    Netlist Resource(s)
  -------------------------------------------------------------------    -------------------
                         (clock aclk rise edge)       0.000     0.000 r  <hidden>
                                                      0.000     0.000 r  aclk
                         net (fo=2467, unset)         0.973     0.973    aclk
    SLICE_X33Y84         FDRE                                         r  col_in_reg[0]_rep__1/C
  -------------------------------------------------------------------    -------------------
    SLICE_X33Y84         FDRE (Prop_fdre_C_Q)         0.456     1.429 r  col_in_reg[0]_rep__1/Q
                         net (fo=192, routed)         1.230     2.659    lb1_reg_1280_1407_3_3/A0
    SLICE_X34Y84         RAMD64E (Prop_ramd64e_RADR0_O)
                                                      0.124     2.783 r  lb1_reg_1280_1407_3_3/SP.LOW/O
                         net (fo=1, routed)           0.000     2.783    lb1_reg_1280_1407_3_3/SPO0
    SLICE_X34Y84         MUXF7 (Prop_muxf7_I0_O)      0.241     3.024 r  lb1_reg_1280_1407_3_3/F7.SP/O
                         net (fo=1, routed)           1.408     4.432    lb1_reg_1280_1407_3_3_n_1
    SLICE_X29Y67         LUT6 (Prop_lut6_I1_O)        0.298     4.730 r  lb2_reg_0_127_3_3_i_10/O
                         net (fo=1, routed)           0.000     4.730    lb2_reg_0_127_3_3_i_10_n_0
    SLICE_X29Y67         MUXF7 (Prop_muxf7_I0_O)      0.212     4.942 r  lb2_reg_0_127_3_3_i_4/O
                         net (fo=1, routed)           0.631     5.573    lb2_reg_0_127_3_3_i_4_n_0
    SLICE_X31Y67         LUT6 (Prop_lut6_I3_O)        0.299     5.872 r  lb2_reg_0_127_3_3_i_1/O
                         net (fo=130, routed)         1.031     6.904    lb2_reg_2816_2943_3_3/D
    SLICE_X26Y52         RAMD64E                                      r  lb2_reg_2816_2943_3_3/DP.HIGH/I
  -------------------------------------------------------------------    -------------------

                         (clock aclk rise edge)       6.734     6.734 r  <hidden>
                                                      0.000     6.734 r  aclk
                         net (fo=2467, unset)         0.924     7.658    lb2_reg_2816_2943_3_3/WCLK
    SLICE_X26Y52         RAMD64E                                      r  lb2_reg_2816_2943_3_3/DP.HIGH/CLK
                         clock pessimism              0.000     7.658    <hidden>
                         clock uncertainty           -0.035     7.623    <hidden>
    SLICE_X26Y52         RAMD64E (Setup_ramd64e_CLK_I)
                                                     -0.725     6.898    lb2_reg_2816_2943_3_3/DP.HIGH
  -------------------------------------------------------------------
                         required time                          6.898    <hidden>
                         arrival time                          -6.904    <hidden>
  -------------------------------------------------------------------
                         slack                                 -0.006    <hidden>





Min Delay Paths
--------------------------------------------------------------------------------------
Slack (MET) :             0.103ns  (arrival time - required time)
  Source:                 col_in_reg[0]_rep__0/C
                            (rising edge-triggered cell FDRE clocked by aclk  {rise@0.000ns fall@3.367ns period=6.734ns})
  Destination:            lb1_reg_1408_1535_2_2/DP.HIGH/WADR0
                            (rising edge-triggered cell RAMD64E clocked by aclk  {rise@0.000ns fall@3.367ns period=6.734ns})
  Path Group:             aclk
  Path Type:              Hold (Min at Fast Process Corner)
  Requirement:            0.000ns  (aclk rise@0.000ns - aclk rise@0.000ns)
  Data Path Delay:        0.435ns  (logic 0.141ns (32.411%)  route 0.294ns (67.589%))
  Logic Levels:           0  
  Clock Path Skew:        0.022ns (DCD - SCD - CPR)
    Destination Clock Delay (DCD):    0.432ns
    Source Clock Delay      (SCD):    0.410ns
    Clock Pessimism Removal (CPR):    -0.000ns

    Location             Delay type                Incr(ns)  Path(ns)    Netlist Resource(s)
  -------------------------------------------------------------------    -------------------
                         (clock aclk rise edge)       0.000     0.000 r  <hidden>
                                                      0.000     0.000 r  aclk
                         net (fo=2467, unset)         0.410     0.410    aclk
    SLICE_X31Y76         FDRE                                         r  col_in_reg[0]_rep__0/C
  -------------------------------------------------------------------    -------------------
    SLICE_X31Y76         FDRE (Prop_fdre_C_Q)         0.141     0.551 r  col_in_reg[0]_rep__0/Q
                         net (fo=192, routed)         0.294     0.845    lb1_reg_1408_1535_2_2/A0
    SLICE_X30Y76         RAMD64E                                      r  lb1_reg_1408_1535_2_2/DP.HIGH/WADR0
  -------------------------------------------------------------------    -------------------

                         (clock aclk rise edge)       0.000     0.000 r  <hidden>
                                                      0.000     0.000 r  aclk
                         net (fo=2467, unset)         0.432     0.432    lb1_reg_1408_1535_2_2/WCLK
    SLICE_X30Y76         RAMD64E                                      r  lb1_reg_1408_1535_2_2/DP.HIGH/CLK
                         clock pessimism              0.000     0.432    <hidden>
    SLICE_X30Y76         RAMD64E (Hold_ramd64e_CLK_WADR0)
                                                      0.310     0.742    lb1_reg_1408_1535_2_2/DP.HIGH
  -------------------------------------------------------------------
                         required time                         -0.742    <hidden>
                         arrival time                           0.845    <hidden>
  -------------------------------------------------------------------
                         slack                                  0.103    <hidden>

Slack (MET) :             0.103ns  (arrival time - required time)
  Source:                 col_in_reg[0]_rep__0/C
                            (rising edge-triggered cell FDRE clocked by aclk  {rise@0.000ns fall@3.367ns period=6.734ns})
  Destination:            lb1_reg_1408_1535_2_2/DP.LOW/WADR0
                            (rising edge-triggered cell RAMD64E clocked by aclk  {rise@0.000ns fall@3.367ns period=6.734ns})
  Path Group:             aclk
  Path Type:              Hold (Min at Fast Process Corner)
  Requirement:            0.000ns  (aclk rise@0.000ns - aclk rise@0.000ns)
  Data Path Delay:        0.435ns  (logic 0.141ns (32.411%)  route 0.294ns (67.589%))
  Logic Levels:           0  
  Clock Path Skew:        0.022ns (DCD - SCD - CPR)
    Destination Clock Delay (DCD):    0.432ns
    Source Clock Delay      (SCD):    0.410ns
    Clock Pessimism Removal (CPR):    -0.000ns

    Location             Delay type                Incr(ns)  Path(ns)    Netlist Resource(s)
  -------------------------------------------------------------------    -------------------
                         (clock aclk rise edge)       0.000     0.000 r  <hidden>
                                                      0.000     0.000 r  aclk
                         net (fo=2467, unset)         0.410     0.410    aclk
    SLICE_X31Y76         FDRE                                         r  col_in_reg[0]_rep__0/C
  -------------------------------------------------------------------    -------------------
    SLICE_X31Y76         FDRE (Prop_fdre_C_Q)         0.141     0.551 r  col_in_reg[0]_rep__0/Q
                         net (fo=192, routed)         0.294     0.845    lb1_reg_1408_1535_2_2/A0
    SLICE_X30Y76         RAMD64E                                      r  lb1_reg_1408_1535_2_2/DP.LOW/WADR0
  -------------------------------------------------------------------    -------------------

                         (clock aclk rise edge)       0.000     0.000 r  <hidden>
                                                      0.000     0.000 r  aclk
                         net (fo=2467, unset)         0.432     0.432    lb1_reg_1408_1535_2_2/WCLK
    SLICE_X30Y76         RAMD64E                                      r  lb1_reg_1408_1535_2_2/DP.LOW/CLK
                         clock pessimism              0.000     0.432    <hidden>
    SLICE_X30Y76         RAMD64E (Hold_ramd64e_CLK_WADR0)
                                                      0.310     0.742    lb1_reg_1408_1535_2_2/DP.LOW
  -------------------------------------------------------------------
                         required time                         -0.742    <hidden>
                         arrival time                           0.845    <hidden>
  -------------------------------------------------------------------
                         slack                                  0.103    <hidden>

Slack (MET) :             0.103ns  (arrival time - required time)
  Source:                 col_in_reg[0]_rep__0/C
                            (rising edge-triggered cell FDRE clocked by aclk  {rise@0.000ns fall@3.367ns period=6.734ns})
  Destination:            lb1_reg_1408_1535_2_2/SP.HIGH/WADR0
                            (rising edge-triggered cell RAMD64E clocked by aclk  {rise@0.000ns fall@3.367ns period=6.734ns})
  Path Group:             aclk
  Path Type:              Hold (Min at Fast Process Corner)
  Requirement:            0.000ns  (aclk rise@0.000ns - aclk rise@0.000ns)
  Data Path Delay:        0.435ns  (logic 0.141ns (32.411%)  route 0.294ns (67.589%))
  Logic Levels:           0  
  Clock Path Skew:        0.022ns (DCD - SCD - CPR)
    Destination Clock Delay (DCD):    0.432ns
    Source Clock Delay      (SCD):    0.410ns
    Clock Pessimism Removal (CPR):    -0.000ns

    Location             Delay type                Incr(ns)  Path(ns)    Netlist Resource(s)
  -------------------------------------------------------------------    -------------------
                         (clock aclk rise edge)       0.000     0.000 r  <hidden>
                                                      0.000     0.000 r  aclk
                         net (fo=2467, unset)         0.410     0.410    aclk
    SLICE_X31Y76         FDRE                                         r  col_in_reg[0]_rep__0/C
  -------------------------------------------------------------------    -------------------
    SLICE_X31Y76         FDRE (Prop_fdre_C_Q)         0.141     0.551 r  col_in_reg[0]_rep__0/Q
                         net (fo=192, routed)         0.294     0.845    lb1_reg_1408_1535_2_2/A0
    SLICE_X30Y76         RAMD64E                                      r  lb1_reg_1408_1535_2_2/SP.HIGH/WADR0
  -------------------------------------------------------------------    -------------------

                         (clock aclk rise edge)       0.000     0.000 r  <hidden>
                                                      0.000     0.000 r  aclk
                         net (fo=2467, unset)         0.432     0.432    lb1_reg_1408_1535_2_2/WCLK
    SLICE_X30Y76         RAMD64E                                      r  lb1_reg_1408_1535_2_2/SP.HIGH/CLK
                         clock pessimism              0.000     0.432    <hidden>
    SLICE_X30Y76         RAMD64E (Hold_ramd64e_CLK_WADR0)
                                                      0.310     0.742    lb1_reg_1408_1535_2_2/SP.HIGH
  -------------------------------------------------------------------
                         required time                         -0.742    <hidden>
                         arrival time                           0.845    <hidden>
  -------------------------------------------------------------------
                         slack                                  0.103    <hidden>

Slack (MET) :             0.103ns  (arrival time - required time)
  Source:                 col_in_reg[0]_rep__0/C
                            (rising edge-triggered cell FDRE clocked by aclk  {rise@0.000ns fall@3.367ns period=6.734ns})
  Destination:            lb1_reg_1408_1535_2_2/SP.LOW/WADR0
                            (rising edge-triggered cell RAMD64E clocked by aclk  {rise@0.000ns fall@3.367ns period=6.734ns})
  Path Group:             aclk
  Path Type:              Hold (Min at Fast Process Corner)
  Requirement:            0.000ns  (aclk rise@0.000ns - aclk rise@0.000ns)
  Data Path Delay:        0.435ns  (logic 0.141ns (32.411%)  route 0.294ns (67.589%))
  Logic Levels:           0  
  Clock Path Skew:        0.022ns (DCD - SCD - CPR)
    Destination Clock Delay (DCD):    0.432ns
    Source Clock Delay      (SCD):    0.410ns
    Clock Pessimism Removal (CPR):    -0.000ns

    Location             Delay type                Incr(ns)  Path(ns)    Netlist Resource(s)
  -------------------------------------------------------------------    -------------------
                         (clock aclk rise edge)       0.000     0.000 r  <hidden>
                                                      0.000     0.000 r  aclk
                         net (fo=2467, unset)         0.410     0.410    aclk
    SLICE_X31Y76         FDRE                                         r  col_in_reg[0]_rep__0/C
  -------------------------------------------------------------------    -------------------
    SLICE_X31Y76         FDRE (Prop_fdre_C_Q)         0.141     0.551 r  col_in_reg[0]_rep__0/Q
                         net (fo=192, routed)         0.294     0.845    lb1_reg_1408_1535_2_2/A0
    SLICE_X30Y76         RAMD64E                                      r  lb1_reg_1408_1535_2_2/SP.LOW/WADR0
  -------------------------------------------------------------------    -------------------

                         (clock aclk rise edge)       0.000     0.000 r  <hidden>
                                                      0.000     0.000 r  aclk
                         net (fo=2467, unset)         0.432     0.432    lb1_reg_1408_1535_2_2/WCLK
    SLICE_X30Y76         RAMD64E                                      r  lb1_reg_1408_1535_2_2/SP.LOW/CLK
                         clock pessimism              0.000     0.432    <hidden>
    SLICE_X30Y76         RAMD64E (Hold_ramd64e_CLK_WADR0)
                                                      0.310     0.742    lb1_reg_1408_1535_2_2/SP.LOW
  -------------------------------------------------------------------
                         required time                         -0.742    <hidden>
                         arrival time                           0.845    <hidden>
  -------------------------------------------------------------------
                         slack                                  0.103    <hidden>

Slack (MET) :             0.104ns  (arrival time - required time)
  Source:                 col_in_reg[0]_rep__7/C
                            (rising edge-triggered cell FDRE clocked by aclk  {rise@0.000ns fall@3.367ns period=6.734ns})
  Destination:            lb2_reg_3712_3839_1_1/DP.HIGH/WADR0
                            (rising edge-triggered cell RAMD64E clocked by aclk  {rise@0.000ns fall@3.367ns period=6.734ns})
  Path Group:             aclk
  Path Type:              Hold (Min at Fast Process Corner)
  Requirement:            0.000ns  (aclk rise@0.000ns - aclk rise@0.000ns)
  Data Path Delay:        0.436ns  (logic 0.141ns (32.359%)  route 0.295ns (67.641%))
  Logic Levels:           0  
  Clock Path Skew:        0.022ns (DCD - SCD - CPR)
    Destination Clock Delay (DCD):    0.432ns
    Source Clock Delay      (SCD):    0.410ns
    Clock Pessimism Removal (CPR):    -0.000ns

    Location             Delay type                Incr(ns)  Path(ns)    Netlist Resource(s)
  -------------------------------------------------------------------    -------------------
                         (clock aclk rise edge)       0.000     0.000 r  <hidden>
                                                      0.000     0.000 r  aclk
                         net (fo=2467, unset)         0.410     0.410    aclk
    SLICE_X31Y66         FDRE                                         r  col_in_reg[0]_rep__7/C
  -------------------------------------------------------------------    -------------------
    SLICE_X31Y66         FDRE (Prop_fdre_C_Q)         0.141     0.551 r  col_in_reg[0]_rep__7/Q
                         net (fo=192, routed)         0.295     0.846    lb2_reg_3712_3839_1_1/A0
    SLICE_X30Y66         RAMD64E                                      r  lb2_reg_3712_3839_1_1/DP.HIGH/WADR0
  -------------------------------------------------------------------    -------------------

                         (clock aclk rise edge)       0.000     0.000 r  <hidden>
                                                      0.000     0.000 r  aclk
                         net (fo=2467, unset)         0.432     0.432    lb2_reg_3712_3839_1_1/WCLK
    SLICE_X30Y66         RAMD64E                                      r  lb2_reg_3712_3839_1_1/DP.HIGH/CLK
                         clock pessimism              0.000     0.432    <hidden>
    SLICE_X30Y66         RAMD64E (Hold_ramd64e_CLK_WADR0)
                                                      0.310     0.742    lb2_reg_3712_3839_1_1/DP.HIGH
  -------------------------------------------------------------------
                         required time                         -0.742    <hidden>
                         arrival time                           0.846    <hidden>
  -------------------------------------------------------------------
                         slack                                  0.104    <hidden>

Slack (MET) :             0.104ns  (arrival time - required time)
  Source:                 col_in_reg[0]_rep__7/C
                            (rising edge-triggered cell FDRE clocked by aclk  {rise@0.000ns fall@3.367ns period=6.734ns})
  Destination:            lb2_reg_3712_3839_1_1/DP.LOW/WADR0
                            (rising edge-triggered cell RAMD64E clocked by aclk  {rise@0.000ns fall@3.367ns period=6.734ns})
  Path Group:             aclk
  Path Type:              Hold (Min at Fast Process Corner)
  Requirement:            0.000ns  (aclk rise@0.000ns - aclk rise@0.000ns)
  Data Path Delay:        0.436ns  (logic 0.141ns (32.359%)  route 0.295ns (67.641%))
  Logic Levels:           0  
  Clock Path Skew:        0.022ns (DCD - SCD - CPR)
    Destination Clock Delay (DCD):    0.432ns
    Source Clock Delay      (SCD):    0.410ns
    Clock Pessimism Removal (CPR):    -0.000ns

    Location             Delay type                Incr(ns)  Path(ns)    Netlist Resource(s)
  -------------------------------------------------------------------    -------------------
                         (clock aclk rise edge)       0.000     0.000 r  <hidden>
                                                      0.000     0.000 r  aclk
                         net (fo=2467, unset)         0.410     0.410    aclk
    SLICE_X31Y66         FDRE                                         r  col_in_reg[0]_rep__7/C
  -------------------------------------------------------------------    -------------------
    SLICE_X31Y66         FDRE (Prop_fdre_C_Q)         0.141     0.551 r  col_in_reg[0]_rep__7/Q
                         net (fo=192, routed)         0.295     0.846    lb2_reg_3712_3839_1_1/A0
    SLICE_X30Y66         RAMD64E                                      r  lb2_reg_3712_3839_1_1/DP.LOW/WADR0
  -------------------------------------------------------------------    -------------------

                         (clock aclk rise edge)       0.000     0.000 r  <hidden>
                                                      0.000     0.000 r  aclk
                         net (fo=2467, unset)         0.432     0.432    lb2_reg_3712_3839_1_1/WCLK
    SLICE_X30Y66         RAMD64E                                      r  lb2_reg_3712_3839_1_1/DP.LOW/CLK
                         clock pessimism              0.000     0.432    <hidden>
    SLICE_X30Y66         RAMD64E (Hold_ramd64e_CLK_WADR0)
                                                      0.310     0.742    lb2_reg_3712_3839_1_1/DP.LOW
  -------------------------------------------------------------------
                         required time                         -0.742    <hidden>
                         arrival time                           0.846    <hidden>
  -------------------------------------------------------------------
                         slack                                  0.104    <hidden>

Slack (MET) :             0.104ns  (arrival time - required time)
  Source:                 col_in_reg[0]_rep__7/C
                            (rising edge-triggered cell FDRE clocked by aclk  {rise@0.000ns fall@3.367ns period=6.734ns})
  Destination:            lb2_reg_3712_3839_1_1/SP.HIGH/WADR0
                            (rising edge-triggered cell RAMD64E clocked by aclk  {rise@0.000ns fall@3.367ns period=6.734ns})
  Path Group:             aclk
  Path Type:              Hold (Min at Fast Process Corner)
  Requirement:            0.000ns  (aclk rise@0.000ns - aclk rise@0.000ns)
  Data Path Delay:        0.436ns  (logic 0.141ns (32.359%)  route 0.295ns (67.641%))
  Logic Levels:           0  
  Clock Path Skew:        0.022ns (DCD - SCD - CPR)
    Destination Clock Delay (DCD):    0.432ns
    Source Clock Delay      (SCD):    0.410ns
    Clock Pessimism Removal (CPR):    -0.000ns

    Location             Delay type                Incr(ns)  Path(ns)    Netlist Resource(s)
  -------------------------------------------------------------------    -------------------
                         (clock aclk rise edge)       0.000     0.000 r  <hidden>
                                                      0.000     0.000 r  aclk
                         net (fo=2467, unset)         0.410     0.410    aclk
    SLICE_X31Y66         FDRE                                         r  col_in_reg[0]_rep__7/C
  -------------------------------------------------------------------    -------------------
    SLICE_X31Y66         FDRE (Prop_fdre_C_Q)         0.141     0.551 r  col_in_reg[0]_rep__7/Q
                         net (fo=192, routed)         0.295     0.846    lb2_reg_3712_3839_1_1/A0
    SLICE_X30Y66         RAMD64E                                      r  lb2_reg_3712_3839_1_1/SP.HIGH/WADR0
  -------------------------------------------------------------------    -------------------

                         (clock aclk rise edge)       0.000     0.000 r  <hidden>
                                                      0.000     0.000 r  aclk
                         net (fo=2467, unset)         0.432     0.432    lb2_reg_3712_3839_1_1/WCLK
    SLICE_X30Y66         RAMD64E                                      r  lb2_reg_3712_3839_1_1/SP.HIGH/CLK
                         clock pessimism              0.000     0.432    <hidden>
    SLICE_X30Y66         RAMD64E (Hold_ramd64e_CLK_WADR0)
                                                      0.310     0.742    lb2_reg_3712_3839_1_1/SP.HIGH
  -------------------------------------------------------------------
                         required time                         -0.742    <hidden>
                         arrival time                           0.846    <hidden>
  -------------------------------------------------------------------
                         slack                                  0.104    <hidden>

Slack (MET) :             0.104ns  (arrival time - required time)
  Source:                 col_in_reg[0]_rep__7/C
                            (rising edge-triggered cell FDRE clocked by aclk  {rise@0.000ns fall@3.367ns period=6.734ns})
  Destination:            lb2_reg_3712_3839_1_1/SP.LOW/WADR0
                            (rising edge-triggered cell RAMD64E clocked by aclk  {rise@0.000ns fall@3.367ns period=6.734ns})
  Path Group:             aclk
  Path Type:              Hold (Min at Fast Process Corner)
  Requirement:            0.000ns  (aclk rise@0.000ns - aclk rise@0.000ns)
  Data Path Delay:        0.436ns  (logic 0.141ns (32.359%)  route 0.295ns (67.641%))
  Logic Levels:           0  
  Clock Path Skew:        0.022ns (DCD - SCD - CPR)
    Destination Clock Delay (DCD):    0.432ns
    Source Clock Delay      (SCD):    0.410ns
    Clock Pessimism Removal (CPR):    -0.000ns

    Location             Delay type                Incr(ns)  Path(ns)    Netlist Resource(s)
  -------------------------------------------------------------------    -------------------
                         (clock aclk rise edge)       0.000     0.000 r  <hidden>
                                                      0.000     0.000 r  aclk
                         net (fo=2467, unset)         0.410     0.410    aclk
    SLICE_X31Y66         FDRE                                         r  col_in_reg[0]_rep__7/C
  -------------------------------------------------------------------    -------------------
    SLICE_X31Y66         FDRE (Prop_fdre_C_Q)         0.141     0.551 r  col_in_reg[0]_rep__7/Q
                         net (fo=192, routed)         0.295     0.846    lb2_reg_3712_3839_1_1/A0
    SLICE_X30Y66         RAMD64E                                      r  lb2_reg_3712_3839_1_1/SP.LOW/WADR0
  -------------------------------------------------------------------    -------------------

                         (clock aclk rise edge)       0.000     0.000 r  <hidden>
                                                      0.000     0.000 r  aclk
                         net (fo=2467, unset)         0.432     0.432    lb2_reg_3712_3839_1_1/WCLK
    SLICE_X30Y66         RAMD64E                                      r  lb2_reg_3712_3839_1_1/SP.LOW/CLK
                         clock pessimism              0.000     0.432    <hidden>
    SLICE_X30Y66         RAMD64E (Hold_ramd64e_CLK_WADR0)
                                                      0.310     0.742    lb2_reg_3712_3839_1_1/SP.LOW
  -------------------------------------------------------------------
                         required time                         -0.742    <hidden>
                         arrival time                           0.846    <hidden>
  -------------------------------------------------------------------
                         slack                                  0.104    <hidden>

Slack (MET) :             0.112ns  (arrival time - required time)
  Source:                 col_in_reg[1]_replica_1/C
                            (rising edge-triggered cell FDRE clocked by aclk  {rise@0.000ns fall@3.367ns period=6.734ns})
  Destination:            lb1_reg_2944_3071_4_4/DP.HIGH/WADR1
                            (rising edge-triggered cell RAMD64E clocked by aclk  {rise@0.000ns fall@3.367ns period=6.734ns})
  Path Group:             aclk
  Path Type:              Hold (Min at Fast Process Corner)
  Requirement:            0.000ns  (aclk rise@0.000ns - aclk rise@0.000ns)
  Data Path Delay:        0.443ns  (logic 0.141ns (31.837%)  route 0.302ns (68.163%))
  Logic Levels:           0  
  Clock Path Skew:        0.022ns (DCD - SCD - CPR)
    Destination Clock Delay (DCD):    0.432ns
    Source Clock Delay      (SCD):    0.410ns
    Clock Pessimism Removal (CPR):    -0.000ns

    Location             Delay type                Incr(ns)  Path(ns)    Netlist Resource(s)
  -------------------------------------------------------------------    -------------------
                         (clock aclk rise edge)       0.000     0.000 r  <hidden>
                                                      0.000     0.000 r  aclk
                         net (fo=2467, unset)         0.410     0.410    aclk
    SLICE_X33Y98         FDRE                                         r  col_in_reg[1]_replica_1/C
  -------------------------------------------------------------------    -------------------
    SLICE_X33Y98         FDRE (Prop_fdre_C_Q)         0.141     0.551 r  col_in_reg[1]_replica_1/Q
                         net (fo=54, routed)          0.302     0.853    lb1_reg_2944_3071_4_4/A1
    SLICE_X32Y98         RAMD64E                                      r  lb1_reg_2944_3071_4_4/DP.HIGH/WADR1
  -------------------------------------------------------------------    -------------------

                         (clock aclk rise edge)       0.000     0.000 r  <hidden>
                                                      0.000     0.000 r  aclk
                         net (fo=2467, unset)         0.432     0.432    lb1_reg_2944_3071_4_4/WCLK
    SLICE_X32Y98         RAMD64E                                      r  lb1_reg_2944_3071_4_4/DP.HIGH/CLK
                         clock pessimism              0.000     0.432    <hidden>
    SLICE_X32Y98         RAMD64E (Hold_ramd64e_CLK_WADR1)
                                                      0.309     0.741    lb1_reg_2944_3071_4_4/DP.HIGH
  -------------------------------------------------------------------
                         required time                         -0.741    <hidden>
                         arrival time                           0.853    <hidden>
  -------------------------------------------------------------------
                         slack                                  0.112    <hidden>

Slack (MET) :             0.112ns  (arrival time - required time)
  Source:                 col_in_reg[1]_replica_1/C
                            (rising edge-triggered cell FDRE clocked by aclk  {rise@0.000ns fall@3.367ns period=6.734ns})
  Destination:            lb1_reg_2944_3071_4_4/DP.LOW/WADR1
                            (rising edge-triggered cell RAMD64E clocked by aclk  {rise@0.000ns fall@3.367ns period=6.734ns})
  Path Group:             aclk
  Path Type:              Hold (Min at Fast Process Corner)
  Requirement:            0.000ns  (aclk rise@0.000ns - aclk rise@0.000ns)
  Data Path Delay:        0.443ns  (logic 0.141ns (31.837%)  route 0.302ns (68.163%))
  Logic Levels:           0  
  Clock Path Skew:        0.022ns (DCD - SCD - CPR)
    Destination Clock Delay (DCD):    0.432ns
    Source Clock Delay      (SCD):    0.410ns
    Clock Pessimism Removal (CPR):    -0.000ns

    Location             Delay type                Incr(ns)  Path(ns)    Netlist Resource(s)
  -------------------------------------------------------------------    -------------------
                         (clock aclk rise edge)       0.000     0.000 r  <hidden>
                                                      0.000     0.000 r  aclk
                         net (fo=2467, unset)         0.410     0.410    aclk
    SLICE_X33Y98         FDRE                                         r  col_in_reg[1]_replica_1/C
  -------------------------------------------------------------------    -------------------
    SLICE_X33Y98         FDRE (Prop_fdre_C_Q)         0.141     0.551 r  col_in_reg[1]_replica_1/Q
                         net (fo=54, routed)          0.302     0.853    lb1_reg_2944_3071_4_4/A1
    SLICE_X32Y98         RAMD64E                                      r  lb1_reg_2944_3071_4_4/DP.LOW/WADR1
  -------------------------------------------------------------------    -------------------

                         (clock aclk rise edge)       0.000     0.000 r  <hidden>
                                                      0.000     0.000 r  aclk
                         net (fo=2467, unset)         0.432     0.432    lb1_reg_2944_3071_4_4/WCLK
    SLICE_X32Y98         RAMD64E                                      r  lb1_reg_2944_3071_4_4/DP.LOW/CLK
                         clock pessimism              0.000     0.432    <hidden>
    SLICE_X32Y98         RAMD64E (Hold_ramd64e_CLK_WADR1)
                                                      0.309     0.741    lb1_reg_2944_3071_4_4/DP.LOW
  -------------------------------------------------------------------
                         required time                         -0.741    <hidden>
                         arrival time                           0.853    <hidden>
  -------------------------------------------------------------------
                         slack                                  0.112    <hidden>

Slack (MET) :             0.112ns  (arrival time - required time)
  Source:                 col_in_reg[1]_replica_1/C
                            (rising edge-triggered cell FDRE clocked by aclk  {rise@0.000ns fall@3.367ns period=6.734ns})
  Destination:            lb1_reg_2944_3071_4_4/SP.HIGH/WADR1
                            (rising edge-triggered cell RAMD64E clocked by aclk  {rise@0.000ns fall@3.367ns period=6.734ns})
  Path Group:             aclk
  Path Type:              Hold (Min at Fast Process Corner)
  Requirement:            0.000ns  (aclk rise@0.000ns - aclk rise@0.000ns)
  Data Path Delay:        0.443ns  (logic 0.141ns (31.837%)  route 0.302ns (68.163%))
  Logic Levels:           0  
  Clock Path Skew:        0.022ns (DCD - SCD - CPR)
    Destination Clock Delay (DCD):    0.432ns
    Source Clock Delay      (SCD):    0.410ns
    Clock Pessimism Removal (CPR):    -0.000ns

    Location             Delay type                Incr(ns)  Path(ns)    Netlist Resource(s)
  -------------------------------------------------------------------    -------------------
                         (clock aclk rise edge)       0.000     0.000 r  <hidden>
                                                      0.000     0.000 r  aclk
                         net (fo=2467, unset)         0.410     0.410    aclk
    SLICE_X33Y98         FDRE                                         r  col_in_reg[1]_replica_1/C
  -------------------------------------------------------------------    -------------------
    SLICE_X33Y98         FDRE (Prop_fdre_C_Q)         0.141     0.551 r  col_in_reg[1]_replica_1/Q
                         net (fo=54, routed)          0.302     0.853    lb1_reg_2944_3071_4_4/A1
    SLICE_X32Y98         RAMD64E                                      r  lb1_reg_2944_3071_4_4/SP.HIGH/WADR1
  -------------------------------------------------------------------    -------------------

                         (clock aclk rise edge)       0.000     0.000 r  <hidden>
                                                      0.000     0.000 r  aclk
                         net (fo=2467, unset)         0.432     0.432    lb1_reg_2944_3071_4_4/WCLK
    SLICE_X32Y98         RAMD64E                                      r  lb1_reg_2944_3071_4_4/SP.HIGH/CLK
                         clock pessimism              0.000     0.432    <hidden>
    SLICE_X32Y98         RAMD64E (Hold_ramd64e_CLK_WADR1)
                                                      0.309     0.741    lb1_reg_2944_3071_4_4/SP.HIGH
  -------------------------------------------------------------------
                         required time                         -0.741    <hidden>
                         arrival time                           0.853    <hidden>
  -------------------------------------------------------------------
                         slack                                  0.112    <hidden>

Slack (MET) :             0.112ns  (arrival time - required time)
  Source:                 col_in_reg[1]_replica_1/C
                            (rising edge-triggered cell FDRE clocked by aclk  {rise@0.000ns fall@3.367ns period=6.734ns})
  Destination:            lb1_reg_2944_3071_4_4/SP.LOW/WADR1
                            (rising edge-triggered cell RAMD64E clocked by aclk  {rise@0.000ns fall@3.367ns period=6.734ns})
  Path Group:             aclk
  Path Type:              Hold (Min at Fast Process Corner)
  Requirement:            0.000ns  (aclk rise@0.000ns - aclk rise@0.000ns)
  Data Path Delay:        0.443ns  (logic 0.141ns (31.837%)  route 0.302ns (68.163%))
  Logic Levels:           0  
  Clock Path Skew:        0.022ns (DCD - SCD - CPR)
    Destination Clock Delay (DCD):    0.432ns
    Source Clock Delay      (SCD):    0.410ns
    Clock Pessimism Removal (CPR):    -0.000ns

    Location             Delay type                Incr(ns)  Path(ns)    Netlist Resource(s)
  -------------------------------------------------------------------    -------------------
                         (clock aclk rise edge)       0.000     0.000 r  <hidden>
                                                      0.000     0.000 r  aclk
                         net (fo=2467, unset)         0.410     0.410    aclk
    SLICE_X33Y98         FDRE                                         r  col_in_reg[1]_replica_1/C
  -------------------------------------------------------------------    -------------------
    SLICE_X33Y98         FDRE (Prop_fdre_C_Q)         0.141     0.551 r  col_in_reg[1]_replica_1/Q
                         net (fo=54, routed)          0.302     0.853    lb1_reg_2944_3071_4_4/A1
    SLICE_X32Y98         RAMD64E                                      r  lb1_reg_2944_3071_4_4/SP.LOW/WADR1
  -------------------------------------------------------------------    -------------------

                         (clock aclk rise edge)       0.000     0.000 r  <hidden>
                                                      0.000     0.000 r  aclk
                         net (fo=2467, unset)         0.432     0.432    lb1_reg_2944_3071_4_4/WCLK
    SLICE_X32Y98         RAMD64E                                      r  lb1_reg_2944_3071_4_4/SP.LOW/CLK
                         clock pessimism              0.000     0.432    <hidden>
    SLICE_X32Y98         RAMD64E (Hold_ramd64e_CLK_WADR1)
                                                      0.309     0.741    lb1_reg_2944_3071_4_4/SP.LOW
  -------------------------------------------------------------------
                         required time                         -0.741    <hidden>
                         arrival time                           0.853    <hidden>
  -------------------------------------------------------------------
                         slack                                  0.112    <hidden>

Slack (MET) :             0.122ns  (arrival time - required time)
  Source:                 col_in_reg[1]_rep__3/C
                            (rising edge-triggered cell FDRE clocked by aclk  {rise@0.000ns fall@3.367ns period=6.734ns})
  Destination:            lb2_reg_512_639_1_1/DP.HIGH/WADR1
                            (rising edge-triggered cell RAMD64E clocked by aclk  {rise@0.000ns fall@3.367ns period=6.734ns})
  Path Group:             aclk
  Path Type:              Hold (Min at Fast Process Corner)
  Requirement:            0.000ns  (aclk rise@0.000ns - aclk rise@0.000ns)
  Data Path Delay:        0.453ns  (logic 0.141ns (31.146%)  route 0.312ns (68.854%))
  Logic Levels:           0  
  Clock Path Skew:        0.022ns (DCD - SCD - CPR)
    Destination Clock Delay (DCD):    0.432ns
    Source Clock Delay      (SCD):    0.410ns
    Clock Pessimism Removal (CPR):    -0.000ns

    Location             Delay type                Incr(ns)  Path(ns)    Netlist Resource(s)
  -------------------------------------------------------------------    -------------------
                         (clock aclk rise edge)       0.000     0.000 r  <hidden>
                                                      0.000     0.000 r  aclk
                         net (fo=2467, unset)         0.410     0.410    aclk
    SLICE_X35Y59         FDRE                                         r  col_in_reg[1]_rep__3/C
  -------------------------------------------------------------------    -------------------
    SLICE_X35Y59         FDRE (Prop_fdre_C_Q)         0.141     0.551 r  col_in_reg[1]_rep__3/Q
                         net (fo=240, routed)         0.312     0.863    lb2_reg_512_639_1_1/A1
    SLICE_X34Y59         RAMD64E                                      r  lb2_reg_512_639_1_1/DP.HIGH/WADR1
  -------------------------------------------------------------------    -------------------

                         (clock aclk rise edge)       0.000     0.000 r  <hidden>
                                                      0.000     0.000 r  aclk
                         net (fo=2467, unset)         0.432     0.432    lb2_reg_512_639_1_1/WCLK
    SLICE_X34Y59         RAMD64E                                      r  lb2_reg_512_639_1_1/DP.HIGH/CLK
                         clock pessimism              0.000     0.432    <hidden>
    SLICE_X34Y59         RAMD64E (Hold_ramd64e_CLK_WADR1)
                                                      0.309     0.741    lb2_reg_512_639_1_1/DP.HIGH
  -------------------------------------------------------------------
                         required time                         -0.741    <hidden>
                         arrival time                           0.863    <hidden>
  -------------------------------------------------------------------
                         slack                                  0.122    <hidden>

Slack (MET) :             0.122ns  (arrival time - required time)
  Source:                 col_in_reg[1]_rep__3/C
                            (rising edge-triggered cell FDRE clocked by aclk  {rise@0.000ns fall@3.367ns period=6.734ns})
  Destination:            lb2_reg_512_639_1_1/DP.LOW/WADR1
                            (rising edge-triggered cell RAMD64E clocked by aclk  {rise@0.000ns fall@3.367ns period=6.734ns})
  Path Group:             aclk
  Path Type:              Hold (Min at Fast Process Corner)
  Requirement:            0.000ns  (aclk rise@0.000ns - aclk rise@0.000ns)
  Data Path Delay:        0.453ns  (logic 0.141ns (31.146%)  route 0.312ns (68.854%))
  Logic Levels:           0  
  Clock Path Skew:        0.022ns (DCD - SCD - CPR)
    Destination Clock Delay (DCD):    0.432ns
    Source Clock Delay      (SCD):    0.410ns
    Clock Pessimism Removal (CPR):    -0.000ns

    Location             Delay type                Incr(ns)  Path(ns)    Netlist Resource(s)
  -------------------------------------------------------------------    -------------------
                         (clock aclk rise edge)       0.000     0.000 r  <hidden>
                                                      0.000     0.000 r  aclk
                         net (fo=2467, unset)         0.410     0.410    aclk
    SLICE_X35Y59         FDRE                                         r  col_in_reg[1]_rep__3/C
  -------------------------------------------------------------------    -------------------
    SLICE_X35Y59         FDRE (Prop_fdre_C_Q)         0.141     0.551 r  col_in_reg[1]_rep__3/Q
                         net (fo=240, routed)         0.312     0.863    lb2_reg_512_639_1_1/A1
    SLICE_X34Y59         RAMD64E                                      r  lb2_reg_512_639_1_1/DP.LOW/WADR1
  -------------------------------------------------------------------    -------------------

                         (clock aclk rise edge)       0.000     0.000 r  <hidden>
                                                      0.000     0.000 r  aclk
                         net (fo=2467, unset)         0.432     0.432    lb2_reg_512_639_1_1/WCLK
    SLICE_X34Y59         RAMD64E                                      r  lb2_reg_512_639_1_1/DP.LOW/CLK
                         clock pessimism              0.000     0.432    <hidden>
    SLICE_X34Y59         RAMD64E (Hold_ramd64e_CLK_WADR1)
                                                      0.309     0.741    lb2_reg_512_639_1_1/DP.LOW
  -------------------------------------------------------------------
                         required time                         -0.741    <hidden>
                         arrival time                           0.863    <hidden>
  -------------------------------------------------------------------
                         slack                                  0.122    <hidden>

Slack (MET) :             0.122ns  (arrival time - required time)
  Source:                 col_in_reg[1]_rep__3/C
                            (rising edge-triggered cell FDRE clocked by aclk  {rise@0.000ns fall@3.367ns period=6.734ns})
  Destination:            lb2_reg_512_639_1_1/SP.HIGH/WADR1
                            (rising edge-triggered cell RAMD64E clocked by aclk  {rise@0.000ns fall@3.367ns period=6.734ns})
  Path Group:             aclk
  Path Type:              Hold (Min at Fast Process Corner)
  Requirement:            0.000ns  (aclk rise@0.000ns - aclk rise@0.000ns)
  Data Path Delay:        0.453ns  (logic 0.141ns (31.146%)  route 0.312ns (68.854%))
  Logic Levels:           0  
  Clock Path Skew:        0.022ns (DCD - SCD - CPR)
    Destination Clock Delay (DCD):    0.432ns
    Source Clock Delay      (SCD):    0.410ns
    Clock Pessimism Removal (CPR):    -0.000ns

    Location             Delay type                Incr(ns)  Path(ns)    Netlist Resource(s)
  -------------------------------------------------------------------    -------------------
                         (clock aclk rise edge)       0.000     0.000 r  <hidden>
                                                      0.000     0.000 r  aclk
                         net (fo=2467, unset)         0.410     0.410    aclk
    SLICE_X35Y59         FDRE                                         r  col_in_reg[1]_rep__3/C
  -------------------------------------------------------------------    -------------------
    SLICE_X35Y59         FDRE (Prop_fdre_C_Q)         0.141     0.551 r  col_in_reg[1]_rep__3/Q
                         net (fo=240, routed)         0.312     0.863    lb2_reg_512_639_1_1/A1
    SLICE_X34Y59         RAMD64E                                      r  lb2_reg_512_639_1_1/SP.HIGH/WADR1
  -------------------------------------------------------------------    -------------------

                         (clock aclk rise edge)       0.000     0.000 r  <hidden>
                                                      0.000     0.000 r  aclk
                         net (fo=2467, unset)         0.432     0.432    lb2_reg_512_639_1_1/WCLK
    SLICE_X34Y59         RAMD64E                                      r  lb2_reg_512_639_1_1/SP.HIGH/CLK
                         clock pessimism              0.000     0.432    <hidden>
    SLICE_X34Y59         RAMD64E (Hold_ramd64e_CLK_WADR1)
                                                      0.309     0.741    lb2_reg_512_639_1_1/SP.HIGH
  -------------------------------------------------------------------
                         required time                         -0.741    <hidden>
                         arrival time                           0.863    <hidden>
  -------------------------------------------------------------------
                         slack                                  0.122    <hidden>

Slack (MET) :             0.122ns  (arrival time - required time)
  Source:                 col_in_reg[1]_rep__3/C
                            (rising edge-triggered cell FDRE clocked by aclk  {rise@0.000ns fall@3.367ns period=6.734ns})
  Destination:            lb2_reg_512_639_1_1/SP.LOW/WADR1
                            (rising edge-triggered cell RAMD64E clocked by aclk  {rise@0.000ns fall@3.367ns period=6.734ns})
  Path Group:             aclk
  Path Type:              Hold (Min at Fast Process Corner)
  Requirement:            0.000ns  (aclk rise@0.000ns - aclk rise@0.000ns)
  Data Path Delay:        0.453ns  (logic 0.141ns (31.146%)  route 0.312ns (68.854%))
  Logic Levels:           0  
  Clock Path Skew:        0.022ns (DCD - SCD - CPR)
    Destination Clock Delay (DCD):    0.432ns
    Source Clock Delay      (SCD):    0.410ns
    Clock Pessimism Removal (CPR):    -0.000ns

    Location             Delay type                Incr(ns)  Path(ns)    Netlist Resource(s)
  -------------------------------------------------------------------    -------------------
                         (clock aclk rise edge)       0.000     0.000 r  <hidden>
                                                      0.000     0.000 r  aclk
                         net (fo=2467, unset)         0.410     0.410    aclk
    SLICE_X35Y59         FDRE                                         r  col_in_reg[1]_rep__3/C
  -------------------------------------------------------------------    -------------------
    SLICE_X35Y59         FDRE (Prop_fdre_C_Q)         0.141     0.551 r  col_in_reg[1]_rep__3/Q
                         net (fo=240, routed)         0.312     0.863    lb2_reg_512_639_1_1/A1
    SLICE_X34Y59         RAMD64E                                      r  lb2_reg_512_639_1_1/SP.LOW/WADR1
  -------------------------------------------------------------------    -------------------

                         (clock aclk rise edge)       0.000     0.000 r  <hidden>
                                                      0.000     0.000 r  aclk
                         net (fo=2467, unset)         0.432     0.432    lb2_reg_512_639_1_1/WCLK
    SLICE_X34Y59         RAMD64E                                      r  lb2_reg_512_639_1_1/SP.LOW/CLK
                         clock pessimism              0.000     0.432    <hidden>
    SLICE_X34Y59         RAMD64E (Hold_ramd64e_CLK_WADR1)
                                                      0.309     0.741    lb2_reg_512_639_1_1/SP.LOW
  -------------------------------------------------------------------
                         required time                         -0.741    <hidden>
                         arrival time                           0.863    <hidden>
  -------------------------------------------------------------------
                         slack                                  0.122    <hidden>

Slack (MET) :             0.126ns  (arrival time - required time)
  Source:                 col_in_reg[1]_rep__0/C
                            (rising edge-triggered cell FDRE clocked by aclk  {rise@0.000ns fall@3.367ns period=6.734ns})
  Destination:            lb2_reg_1280_1407_5_5/DP.HIGH/WADR1
                            (rising edge-triggered cell RAMD64E clocked by aclk  {rise@0.000ns fall@3.367ns period=6.734ns})
  Path Group:             aclk
  Path Type:              Hold (Min at Fast Process Corner)
  Requirement:            0.000ns  (aclk rise@0.000ns - aclk rise@0.000ns)
  Data Path Delay:        0.457ns  (logic 0.141ns (30.870%)  route 0.316ns (69.130%))
  Logic Levels:           0  
  Clock Path Skew:        0.022ns (DCD - SCD - CPR)
    Destination Clock Delay (DCD):    0.432ns
    Source Clock Delay      (SCD):    0.410ns
    Clock Pessimism Removal (CPR):    -0.000ns

    Location             Delay type                Incr(ns)  Path(ns)    Netlist Resource(s)
  -------------------------------------------------------------------    -------------------
                         (clock aclk rise edge)       0.000     0.000 r  <hidden>
                                                      0.000     0.000 r  aclk
                         net (fo=2467, unset)         0.410     0.410    aclk
    SLICE_X41Y101        FDRE                                         r  col_in_reg[1]_rep__0/C
  -------------------------------------------------------------------    -------------------
    SLICE_X41Y101        FDRE (Prop_fdre_C_Q)         0.141     0.551 r  col_in_reg[1]_rep__0/Q
                         net (fo=240, routed)         0.316     0.867    lb2_reg_1280_1407_5_5/A1
    SLICE_X42Y101        RAMD64E                                      r  lb2_reg_1280_1407_5_5/DP.HIGH/WADR1
  -------------------------------------------------------------------    -------------------

                         (clock aclk rise edge)       0.000     0.000 r  <hidden>
                                                      0.000     0.000 r  aclk
                         net (fo=2467, unset)         0.432     0.432    lb2_reg_1280_1407_5_5/WCLK
    SLICE_X42Y101        RAMD64E                                      r  lb2_reg_1280_1407_5_5/DP.HIGH/CLK
                         clock pessimism              0.000     0.432    <hidden>
    SLICE_X42Y101        RAMD64E (Hold_ramd64e_CLK_WADR1)
                                                      0.309     0.741    lb2_reg_1280_1407_5_5/DP.HIGH
  -------------------------------------------------------------------
                         required time                         -0.741    <hidden>
                         arrival time                           0.867    <hidden>
  -------------------------------------------------------------------
                         slack                                  0.126    <hidden>

Slack (MET) :             0.126ns  (arrival time - required time)
  Source:                 col_in_reg[1]_rep__0/C
                            (rising edge-triggered cell FDRE clocked by aclk  {rise@0.000ns fall@3.367ns period=6.734ns})
  Destination:            lb2_reg_1280_1407_5_5/DP.LOW/WADR1
                            (rising edge-triggered cell RAMD64E clocked by aclk  {rise@0.000ns fall@3.367ns period=6.734ns})
  Path Group:             aclk
  Path Type:              Hold (Min at Fast Process Corner)
  Requirement:            0.000ns  (aclk rise@0.000ns - aclk rise@0.000ns)
  Data Path Delay:        0.457ns  (logic 0.141ns (30.870%)  route 0.316ns (69.130%))
  Logic Levels:           0  
  Clock Path Skew:        0.022ns (DCD - SCD - CPR)
    Destination Clock Delay (DCD):    0.432ns
    Source Clock Delay      (SCD):    0.410ns
    Clock Pessimism Removal (CPR):    -0.000ns

    Location             Delay type                Incr(ns)  Path(ns)    Netlist Resource(s)
  -------------------------------------------------------------------    -------------------
                         (clock aclk rise edge)       0.000     0.000 r  <hidden>
                                                      0.000     0.000 r  aclk
                         net (fo=2467, unset)         0.410     0.410    aclk
    SLICE_X41Y101        FDRE                                         r  col_in_reg[1]_rep__0/C
  -------------------------------------------------------------------    -------------------
    SLICE_X41Y101        FDRE (Prop_fdre_C_Q)         0.141     0.551 r  col_in_reg[1]_rep__0/Q
                         net (fo=240, routed)         0.316     0.867    lb2_reg_1280_1407_5_5/A1
    SLICE_X42Y101        RAMD64E                                      r  lb2_reg_1280_1407_5_5/DP.LOW/WADR1
  -------------------------------------------------------------------    -------------------

                         (clock aclk rise edge)       0.000     0.000 r  <hidden>
                                                      0.000     0.000 r  aclk
                         net (fo=2467, unset)         0.432     0.432    lb2_reg_1280_1407_5_5/WCLK
    SLICE_X42Y101        RAMD64E                                      r  lb2_reg_1280_1407_5_5/DP.LOW/CLK
                         clock pessimism              0.000     0.432    <hidden>
    SLICE_X42Y101        RAMD64E (Hold_ramd64e_CLK_WADR1)
                                                      0.309     0.741    lb2_reg_1280_1407_5_5/DP.LOW
  -------------------------------------------------------------------
                         required time                         -0.741    <hidden>
                         arrival time                           0.867    <hidden>
  -------------------------------------------------------------------
                         slack                                  0.126    <hidden>

Slack (MET) :             0.126ns  (arrival time - required time)
  Source:                 col_in_reg[1]_rep__0/C
                            (rising edge-triggered cell FDRE clocked by aclk  {rise@0.000ns fall@3.367ns period=6.734ns})
  Destination:            lb2_reg_1280_1407_5_5/SP.HIGH/WADR1
                            (rising edge-triggered cell RAMD64E clocked by aclk  {rise@0.000ns fall@3.367ns period=6.734ns})
  Path Group:             aclk
  Path Type:              Hold (Min at Fast Process Corner)
  Requirement:            0.000ns  (aclk rise@0.000ns - aclk rise@0.000ns)
  Data Path Delay:        0.457ns  (logic 0.141ns (30.870%)  route 0.316ns (69.130%))
  Logic Levels:           0  
  Clock Path Skew:        0.022ns (DCD - SCD - CPR)
    Destination Clock Delay (DCD):    0.432ns
    Source Clock Delay      (SCD):    0.410ns
    Clock Pessimism Removal (CPR):    -0.000ns

    Location             Delay type                Incr(ns)  Path(ns)    Netlist Resource(s)
  -------------------------------------------------------------------    -------------------
                         (clock aclk rise edge)       0.000     0.000 r  <hidden>
                                                      0.000     0.000 r  aclk
                         net (fo=2467, unset)         0.410     0.410    aclk
    SLICE_X41Y101        FDRE                                         r  col_in_reg[1]_rep__0/C
  -------------------------------------------------------------------    -------------------
    SLICE_X41Y101        FDRE (Prop_fdre_C_Q)         0.141     0.551 r  col_in_reg[1]_rep__0/Q
                         net (fo=240, routed)         0.316     0.867    lb2_reg_1280_1407_5_5/A1
    SLICE_X42Y101        RAMD64E                                      r  lb2_reg_1280_1407_5_5/SP.HIGH/WADR1
  -------------------------------------------------------------------    -------------------

                         (clock aclk rise edge)       0.000     0.000 r  <hidden>
                                                      0.000     0.000 r  aclk
                         net (fo=2467, unset)         0.432     0.432    lb2_reg_1280_1407_5_5/WCLK
    SLICE_X42Y101        RAMD64E                                      r  lb2_reg_1280_1407_5_5/SP.HIGH/CLK
                         clock pessimism              0.000     0.432    <hidden>
    SLICE_X42Y101        RAMD64E (Hold_ramd64e_CLK_WADR1)
                                                      0.309     0.741    lb2_reg_1280_1407_5_5/SP.HIGH
  -------------------------------------------------------------------
                         required time                         -0.741    <hidden>
                         arrival time                           0.867    <hidden>
  -------------------------------------------------------------------
                         slack                                  0.126    <hidden>

Slack (MET) :             0.126ns  (arrival time - required time)
  Source:                 col_in_reg[1]_rep__0/C
                            (rising edge-triggered cell FDRE clocked by aclk  {rise@0.000ns fall@3.367ns period=6.734ns})
  Destination:            lb2_reg_1280_1407_5_5/SP.LOW/WADR1
                            (rising edge-triggered cell RAMD64E clocked by aclk  {rise@0.000ns fall@3.367ns period=6.734ns})
  Path Group:             aclk
  Path Type:              Hold (Min at Fast Process Corner)
  Requirement:            0.000ns  (aclk rise@0.000ns - aclk rise@0.000ns)
  Data Path Delay:        0.457ns  (logic 0.141ns (30.870%)  route 0.316ns (69.130%))
  Logic Levels:           0  
  Clock Path Skew:        0.022ns (DCD - SCD - CPR)
    Destination Clock Delay (DCD):    0.432ns
    Source Clock Delay      (SCD):    0.410ns
    Clock Pessimism Removal (CPR):    -0.000ns

    Location             Delay type                Incr(ns)  Path(ns)    Netlist Resource(s)
  -------------------------------------------------------------------    -------------------
                         (clock aclk rise edge)       0.000     0.000 r  <hidden>
                                                      0.000     0.000 r  aclk
                         net (fo=2467, unset)         0.410     0.410    aclk
    SLICE_X41Y101        FDRE                                         r  col_in_reg[1]_rep__0/C
  -------------------------------------------------------------------    -------------------
    SLICE_X41Y101        FDRE (Prop_fdre_C_Q)         0.141     0.551 r  col_in_reg[1]_rep__0/Q
                         net (fo=240, routed)         0.316     0.867    lb2_reg_1280_1407_5_5/A1
    SLICE_X42Y101        RAMD64E                                      r  lb2_reg_1280_1407_5_5/SP.LOW/WADR1
  -------------------------------------------------------------------    -------------------

                         (clock aclk rise edge)       0.000     0.000 r  <hidden>
                                                      0.000     0.000 r  aclk
                         net (fo=2467, unset)         0.432     0.432    lb2_reg_1280_1407_5_5/WCLK
    SLICE_X42Y101        RAMD64E                                      r  lb2_reg_1280_1407_5_5/SP.LOW/CLK
                         clock pessimism              0.000     0.432    <hidden>
    SLICE_X42Y101        RAMD64E (Hold_ramd64e_CLK_WADR1)
                                                      0.309     0.741    lb2_reg_1280_1407_5_5/SP.LOW
  -------------------------------------------------------------------
                         required time                         -0.741    <hidden>
                         arrival time                           0.867    <hidden>
  -------------------------------------------------------------------
                         slack                                  0.126    <hidden>

Slack (MET) :             0.129ns  (arrival time - required time)
  Source:                 col_in_reg[0]_rep/C
                            (rising edge-triggered cell FDRE clocked by aclk  {rise@0.000ns fall@3.367ns period=6.734ns})
  Destination:            lb1_reg_3456_3583_1_1/DP.HIGH/WADR0
                            (rising edge-triggered cell RAMD64E clocked by aclk  {rise@0.000ns fall@3.367ns period=6.734ns})
  Path Group:             aclk
  Path Type:              Hold (Min at Fast Process Corner)
  Requirement:            0.000ns  (aclk rise@0.000ns - aclk rise@0.000ns)
  Data Path Delay:        0.461ns  (logic 0.141ns (30.609%)  route 0.320ns (69.391%))
  Logic Levels:           0  
  Clock Path Skew:        0.022ns (DCD - SCD - CPR)
    Destination Clock Delay (DCD):    0.432ns
    Source Clock Delay      (SCD):    0.410ns
    Clock Pessimism Removal (CPR):    -0.000ns

    Location             Delay type                Incr(ns)  Path(ns)    Netlist Resource(s)
  -------------------------------------------------------------------    -------------------
                         (clock aclk rise edge)       0.000     0.000 r  <hidden>
                                                      0.000     0.000 r  aclk
                         net (fo=2467, unset)         0.410     0.410    aclk
    SLICE_X37Y64         FDRE                                         r  col_in_reg[0]_rep/C
  -------------------------------------------------------------------    -------------------
    SLICE_X37Y64         FDRE (Prop_fdre_C_Q)         0.141     0.551 r  col_in_reg[0]_rep/Q
                         net (fo=192, routed)         0.320     0.871    lb1_reg_3456_3583_1_1/A0
    SLICE_X36Y64         RAMD64E                                      r  lb1_reg_3456_3583_1_1/DP.HIGH/WADR0
  -------------------------------------------------------------------    -------------------

                         (clock aclk rise edge)       0.000     0.000 r  <hidden>
                                                      0.000     0.000 r  aclk
                         net (fo=2467, unset)         0.432     0.432    lb1_reg_3456_3583_1_1/WCLK
    SLICE_X36Y64         RAMD64E                                      r  lb1_reg_3456_3583_1_1/DP.HIGH/CLK
                         clock pessimism              0.000     0.432    <hidden>
    SLICE_X36Y64         RAMD64E (Hold_ramd64e_CLK_WADR0)
                                                      0.310     0.742    lb1_reg_3456_3583_1_1/DP.HIGH
  -------------------------------------------------------------------
                         required time                         -0.742    <hidden>
                         arrival time                           0.871    <hidden>
  -------------------------------------------------------------------
                         slack                                  0.129    <hidden>

Slack (MET) :             0.129ns  (arrival time - required time)
  Source:                 col_in_reg[0]_rep/C
                            (rising edge-triggered cell FDRE clocked by aclk  {rise@0.000ns fall@3.367ns period=6.734ns})
  Destination:            lb1_reg_3456_3583_1_1/DP.LOW/WADR0
                            (rising edge-triggered cell RAMD64E clocked by aclk  {rise@0.000ns fall@3.367ns period=6.734ns})
  Path Group:             aclk
  Path Type:              Hold (Min at Fast Process Corner)
  Requirement:            0.000ns  (aclk rise@0.000ns - aclk rise@0.000ns)
  Data Path Delay:        0.461ns  (logic 0.141ns (30.609%)  route 0.320ns (69.391%))
  Logic Levels:           0  
  Clock Path Skew:        0.022ns (DCD - SCD - CPR)
    Destination Clock Delay (DCD):    0.432ns
    Source Clock Delay      (SCD):    0.410ns
    Clock Pessimism Removal (CPR):    -0.000ns

    Location             Delay type                Incr(ns)  Path(ns)    Netlist Resource(s)
  -------------------------------------------------------------------    -------------------
                         (clock aclk rise edge)       0.000     0.000 r  <hidden>
                                                      0.000     0.000 r  aclk
                         net (fo=2467, unset)         0.410     0.410    aclk
    SLICE_X37Y64         FDRE                                         r  col_in_reg[0]_rep/C
  -------------------------------------------------------------------    -------------------
    SLICE_X37Y64         FDRE (Prop_fdre_C_Q)         0.141     0.551 r  col_in_reg[0]_rep/Q
                         net (fo=192, routed)         0.320     0.871    lb1_reg_3456_3583_1_1/A0
    SLICE_X36Y64         RAMD64E                                      r  lb1_reg_3456_3583_1_1/DP.LOW/WADR0
  -------------------------------------------------------------------    -------------------

                         (clock aclk rise edge)       0.000     0.000 r  <hidden>
                                                      0.000     0.000 r  aclk
                         net (fo=2467, unset)         0.432     0.432    lb1_reg_3456_3583_1_1/WCLK
    SLICE_X36Y64         RAMD64E                                      r  lb1_reg_3456_3583_1_1/DP.LOW/CLK
                         clock pessimism              0.000     0.432    <hidden>
    SLICE_X36Y64         RAMD64E (Hold_ramd64e_CLK_WADR0)
                                                      0.310     0.742    lb1_reg_3456_3583_1_1/DP.LOW
  -------------------------------------------------------------------
                         required time                         -0.742    <hidden>
                         arrival time                           0.871    <hidden>
  -------------------------------------------------------------------
                         slack                                  0.129    <hidden>

Slack (MET) :             0.129ns  (arrival time - required time)
  Source:                 col_in_reg[0]_rep/C
                            (rising edge-triggered cell FDRE clocked by aclk  {rise@0.000ns fall@3.367ns period=6.734ns})
  Destination:            lb1_reg_3456_3583_1_1/SP.HIGH/WADR0
                            (rising edge-triggered cell RAMD64E clocked by aclk  {rise@0.000ns fall@3.367ns period=6.734ns})
  Path Group:             aclk
  Path Type:              Hold (Min at Fast Process Corner)
  Requirement:            0.000ns  (aclk rise@0.000ns - aclk rise@0.000ns)
  Data Path Delay:        0.461ns  (logic 0.141ns (30.609%)  route 0.320ns (69.391%))
  Logic Levels:           0  
  Clock Path Skew:        0.022ns (DCD - SCD - CPR)
    Destination Clock Delay (DCD):    0.432ns
    Source Clock Delay      (SCD):    0.410ns
    Clock Pessimism Removal (CPR):    -0.000ns

    Location             Delay type                Incr(ns)  Path(ns)    Netlist Resource(s)
  -------------------------------------------------------------------    -------------------
                         (clock aclk rise edge)       0.000     0.000 r  <hidden>
                                                      0.000     0.000 r  aclk
                         net (fo=2467, unset)         0.410     0.410    aclk
    SLICE_X37Y64         FDRE                                         r  col_in_reg[0]_rep/C
  -------------------------------------------------------------------    -------------------
    SLICE_X37Y64         FDRE (Prop_fdre_C_Q)         0.141     0.551 r  col_in_reg[0]_rep/Q
                         net (fo=192, routed)         0.320     0.871    lb1_reg_3456_3583_1_1/A0
    SLICE_X36Y64         RAMD64E                                      r  lb1_reg_3456_3583_1_1/SP.HIGH/WADR0
  -------------------------------------------------------------------    -------------------

                         (clock aclk rise edge)       0.000     0.000 r  <hidden>
                                                      0.000     0.000 r  aclk
                         net (fo=2467, unset)         0.432     0.432    lb1_reg_3456_3583_1_1/WCLK
    SLICE_X36Y64         RAMD64E                                      r  lb1_reg_3456_3583_1_1/SP.HIGH/CLK
                         clock pessimism              0.000     0.432    <hidden>
    SLICE_X36Y64         RAMD64E (Hold_ramd64e_CLK_WADR0)
                                                      0.310     0.742    lb1_reg_3456_3583_1_1/SP.HIGH
  -------------------------------------------------------------------
                         required time                         -0.742    <hidden>
                         arrival time                           0.871    <hidden>
  -------------------------------------------------------------------
                         slack                                  0.129    <hidden>

Slack (MET) :             0.129ns  (arrival time - required time)
  Source:                 col_in_reg[0]_rep/C
                            (rising edge-triggered cell FDRE clocked by aclk  {rise@0.000ns fall@3.367ns period=6.734ns})
  Destination:            lb1_reg_3456_3583_1_1/SP.LOW/WADR0
                            (rising edge-triggered cell RAMD64E clocked by aclk  {rise@0.000ns fall@3.367ns period=6.734ns})
  Path Group:             aclk
  Path Type:              Hold (Min at Fast Process Corner)
  Requirement:            0.000ns  (aclk rise@0.000ns - aclk rise@0.000ns)
  Data Path Delay:        0.461ns  (logic 0.141ns (30.609%)  route 0.320ns (69.391%))
  Logic Levels:           0  
  Clock Path Skew:        0.022ns (DCD - SCD - CPR)
    Destination Clock Delay (DCD):    0.432ns
    Source Clock Delay      (SCD):    0.410ns
    Clock Pessimism Removal (CPR):    -0.000ns

    Location             Delay type                Incr(ns)  Path(ns)    Netlist Resource(s)
  -------------------------------------------------------------------    -------------------
                         (clock aclk rise edge)       0.000     0.000 r  <hidden>
                                                      0.000     0.000 r  aclk
                         net (fo=2467, unset)         0.410     0.410    aclk
    SLICE_X37Y64         FDRE                                         r  col_in_reg[0]_rep/C
  -------------------------------------------------------------------    -------------------
    SLICE_X37Y64         FDRE (Prop_fdre_C_Q)         0.141     0.551 r  col_in_reg[0]_rep/Q
                         net (fo=192, routed)         0.320     0.871    lb1_reg_3456_3583_1_1/A0
    SLICE_X36Y64         RAMD64E                                      r  lb1_reg_3456_3583_1_1/SP.LOW/WADR0
  -------------------------------------------------------------------    -------------------

                         (clock aclk rise edge)       0.000     0.000 r  <hidden>
                                                      0.000     0.000 r  aclk
                         net (fo=2467, unset)         0.432     0.432    lb1_reg_3456_3583_1_1/WCLK
    SLICE_X36Y64         RAMD64E                                      r  lb1_reg_3456_3583_1_1/SP.LOW/CLK
                         clock pessimism              0.000     0.432    <hidden>
    SLICE_X36Y64         RAMD64E (Hold_ramd64e_CLK_WADR0)
                                                      0.310     0.742    lb1_reg_3456_3583_1_1/SP.LOW
  -------------------------------------------------------------------
                         required time                         -0.742    <hidden>
                         arrival time                           0.871    <hidden>
  -------------------------------------------------------------------
                         slack                                  0.129    <hidden>

Slack (MET) :             0.132ns  (arrival time - required time)
  Source:                 col_in_reg[3]_rep__0/C
                            (rising edge-triggered cell FDRE clocked by aclk  {rise@0.000ns fall@3.367ns period=6.734ns})
  Destination:            lb2_reg_1280_1407_5_5/DP.HIGH/WADR3
                            (rising edge-triggered cell RAMD64E clocked by aclk  {rise@0.000ns fall@3.367ns period=6.734ns})
  Path Group:             aclk
  Path Type:              Hold (Min at Fast Process Corner)
  Requirement:            0.000ns  (aclk rise@0.000ns - aclk rise@0.000ns)
  Data Path Delay:        0.394ns  (logic 0.141ns (35.821%)  route 0.253ns (64.179%))
  Logic Levels:           0  
  Clock Path Skew:        0.022ns (DCD - SCD - CPR)
    Destination Clock Delay (DCD):    0.432ns
    Source Clock Delay      (SCD):    0.410ns
    Clock Pessimism Removal (CPR):    -0.000ns

    Location             Delay type                Incr(ns)  Path(ns)    Netlist Resource(s)
  -------------------------------------------------------------------    -------------------
                         (clock aclk rise edge)       0.000     0.000 r  <hidden>
                                                      0.000     0.000 r  aclk
                         net (fo=2467, unset)         0.410     0.410    aclk
    SLICE_X41Y101        FDRE                                         r  col_in_reg[3]_rep__0/C
  -------------------------------------------------------------------    -------------------
    SLICE_X41Y101        FDRE (Prop_fdre_C_Q)         0.141     0.551 r  col_in_reg[3]_rep__0/Q
                         net (fo=240, routed)         0.253     0.804    lb2_reg_1280_1407_5_5/A3
    SLICE_X42Y101        RAMD64E                                      r  lb2_reg_1280_1407_5_5/DP.HIGH/WADR3
  -------------------------------------------------------------------    -------------------

                         (clock aclk rise edge)       0.000     0.000 r  <hidden>
                                                      0.000     0.000 r  aclk
                         net (fo=2467, unset)         0.432     0.432    lb2_reg_1280_1407_5_5/WCLK
    SLICE_X42Y101        RAMD64E                                      r  lb2_reg_1280_1407_5_5/DP.HIGH/CLK
                         clock pessimism              0.000     0.432    <hidden>
    SLICE_X42Y101        RAMD64E (Hold_ramd64e_CLK_WADR3)
                                                      0.240     0.672    lb2_reg_1280_1407_5_5/DP.HIGH
  -------------------------------------------------------------------
                         required time                         -0.672    <hidden>
                         arrival time                           0.804    <hidden>
  -------------------------------------------------------------------
                         slack                                  0.132    <hidden>





Pulse Width Checks
--------------------------------------------------------------------------------------
Clock Name:         aclk
Waveform(ns):       { 0.000 3.367 }
Period(ns):         6.734
Sources:            { aclk }

Check Type        Corner  Lib Pin      Reference Pin  Required(ns)  Actual(ns)  Slack(ns)  Location       Pin
Min Period        n/a     FDRE/C       n/a            1.000         6.734       5.734      SLICE_X32Y107  FSM_onehot_state_reg[0]/C
Min Period        n/a     FDSE/C       n/a            1.000         6.734       5.734      SLICE_X30Y108  FSM_onehot_state_reg[1]/C
Min Period        n/a     FDRE/C       n/a            1.000         6.734       5.734      SLICE_X30Y108  FSM_onehot_state_reg[2]/C
Min Period        n/a     FDRE/C       n/a            1.000         6.734       5.734      SLICE_X32Y107  FSM_onehot_state_reg[3]/C
Min Period        n/a     FDRE/C       n/a            1.000         6.734       5.734      SLICE_X29Y106  cc1_q_reg[0]/C
Min Period        n/a     FDRE/C       n/a            1.000         6.734       5.734      SLICE_X29Y108  cc1_q_reg[10]/C
Min Period        n/a     FDRE/C       n/a            1.000         6.734       5.734      SLICE_X29Y108  cc1_q_reg[11]/C
Min Period        n/a     FDRE/C       n/a            1.000         6.734       5.734      SLICE_X29Y106  cc1_q_reg[1]/C
Min Period        n/a     FDRE/C       n/a            1.000         6.734       5.734      SLICE_X29Y106  cc1_q_reg[2]/C
Min Period        n/a     FDRE/C       n/a            1.000         6.734       5.734      SLICE_X29Y106  cc1_q_reg[3]/C
Min Period        n/a     FDRE/C       n/a            1.000         6.734       5.734      SLICE_X29Y107  cc1_q_reg[4]/C
Min Period        n/a     FDRE/C       n/a            1.000         6.734       5.734      SLICE_X29Y107  cc1_q_reg[5]/C
Min Period        n/a     FDRE/C       n/a            1.000         6.734       5.734      SLICE_X29Y107  cc1_q_reg[6]/C
Min Period        n/a     FDRE/C       n/a            1.000         6.734       5.734      SLICE_X29Y107  cc1_q_reg[7]/C
Min Period        n/a     FDRE/C       n/a            1.000         6.734       5.734      SLICE_X29Y108  cc1_q_reg[8]/C
Min Period        n/a     FDRE/C       n/a            1.000         6.734       5.734      SLICE_X29Y108  cc1_q_reg[9]/C
Min Period        n/a     FDRE/C       n/a            1.000         6.734       5.734      SLICE_X35Y69   col_ff_reg[0]/C
Min Period        n/a     FDRE/C       n/a            1.000         6.734       5.734      SLICE_X33Y69   col_ff_reg[0]_rep/C
Min Period        n/a     FDRE/C       n/a            1.000         6.734       5.734      SLICE_X33Y61   col_ff_reg[0]_rep__0/C
Min Period        n/a     FDRE/C       n/a            1.000         6.734       5.734      SLICE_X31Y61   col_ff_reg[0]_rep__1/C
Min Period        n/a     FDRE/C       n/a            1.000         6.734       5.734      SLICE_X35Y74   col_ff_reg[0]_rep__10/C
Min Period        n/a     FDRE/C       n/a            1.000         6.734       5.734      SLICE_X44Y67   col_ff_reg[0]_rep__11/C
Min Period        n/a     FDRE/C       n/a            1.000         6.734       5.734      SLICE_X43Y78   col_ff_reg[0]_rep__12/C
Min Period        n/a     FDRE/C       n/a            1.000         6.734       5.734      SLICE_X31Y89   col_ff_reg[0]_rep__2/C
Min Period        n/a     FDRE/C       n/a            1.000         6.734       5.734      SLICE_X37Y94   col_ff_reg[0]_rep__3/C
Low Pulse Width   Slow    RAMD64E/CLK  n/a            1.250         3.367       2.117      SLICE_X54Y61   lb1_reg_0_127_0_0/DP.HIGH/CLK
Low Pulse Width   Fast    RAMD64E/CLK  n/a            1.250         3.367       2.117      SLICE_X54Y61   lb1_reg_0_127_0_0/DP.HIGH/CLK
Low Pulse Width   Slow    RAMD64E/CLK  n/a            1.250         3.367       2.117      SLICE_X54Y61   lb1_reg_0_127_0_0/DP.LOW/CLK
Low Pulse Width   Fast    RAMD64E/CLK  n/a            1.250         3.367       2.117      SLICE_X54Y61   lb1_reg_0_127_0_0/DP.LOW/CLK
Low Pulse Width   Slow    RAMD64E/CLK  n/a            1.250         3.367       2.117      SLICE_X54Y61   lb1_reg_0_127_0_0/SP.HIGH/CLK
Low Pulse Width   Fast    RAMD64E/CLK  n/a            1.250         3.367       2.117      SLICE_X54Y61   lb1_reg_0_127_0_0/SP.HIGH/CLK
Low Pulse Width   Slow    RAMD64E/CLK  n/a            1.250         3.367       2.117      SLICE_X54Y61   lb1_reg_0_127_0_0/SP.LOW/CLK
Low Pulse Width   Fast    RAMD64E/CLK  n/a            1.250         3.367       2.117      SLICE_X54Y61   lb1_reg_0_127_0_0/SP.LOW/CLK
Low Pulse Width   Slow    RAMD64E/CLK  n/a            1.250         3.367       2.117      SLICE_X38Y71   lb1_reg_0_127_1_1/DP.HIGH/CLK
Low Pulse Width   Fast    RAMD64E/CLK  n/a            1.250         3.367       2.117      SLICE_X38Y71   lb1_reg_0_127_1_1/DP.HIGH/CLK
Low Pulse Width   Slow    RAMD64E/CLK  n/a            1.250         3.367       2.117      SLICE_X38Y71   lb1_reg_0_127_1_1/DP.LOW/CLK
Low Pulse Width   Fast    RAMD64E/CLK  n/a            1.250         3.367       2.117      SLICE_X38Y71   lb1_reg_0_127_1_1/DP.LOW/CLK
Low Pulse Width   Slow    RAMD64E/CLK  n/a            1.250         3.367       2.117      SLICE_X38Y71   lb1_reg_0_127_1_1/SP.HIGH/CLK
Low Pulse Width   Fast    RAMD64E/CLK  n/a            1.250         3.367       2.117      SLICE_X38Y71   lb1_reg_0_127_1_1/SP.HIGH/CLK
Low Pulse Width   Slow    RAMD64E/CLK  n/a            1.250         3.367       2.117      SLICE_X38Y71   lb1_reg_0_127_1_1/SP.LOW/CLK
Low Pulse Width   Fast    RAMD64E/CLK  n/a            1.250         3.367       2.117      SLICE_X38Y71   lb1_reg_0_127_1_1/SP.LOW/CLK
Low Pulse Width   Slow    RAMD64E/CLK  n/a            1.250         3.367       2.117      SLICE_X34Y72   lb1_reg_0_127_2_2/DP.HIGH/CLK
Low Pulse Width   Fast    RAMD64E/CLK  n/a            1.250         3.367       2.117      SLICE_X34Y72   lb1_reg_0_127_2_2/DP.HIGH/CLK
Low Pulse Width   Slow    RAMD64E/CLK  n/a            1.250         3.367       2.117      SLICE_X34Y72   lb1_reg_0_127_2_2/DP.LOW/CLK
Low Pulse Width   Fast    RAMD64E/CLK  n/a            1.250         3.367       2.117      SLICE_X34Y72   lb1_reg_0_127_2_2/DP.LOW/CLK
Low Pulse Width   Slow    RAMD64E/CLK  n/a            1.250         3.367       2.117      SLICE_X34Y72   lb1_reg_0_127_2_2/SP.HIGH/CLK
Low Pulse Width   Fast    RAMD64E/CLK  n/a            1.250         3.367       2.117      SLICE_X34Y72   lb1_reg_0_127_2_2/SP.HIGH/CLK
Low Pulse Width   Slow    RAMD64E/CLK  n/a            1.250         3.367       2.117      SLICE_X34Y72   lb1_reg_0_127_2_2/SP.LOW/CLK
Low Pulse Width   Fast    RAMD64E/CLK  n/a            1.250         3.367       2.117      SLICE_X34Y72   lb1_reg_0_127_2_2/SP.LOW/CLK
Low Pulse Width   Slow    RAMD64E/CLK  n/a            1.250         3.367       2.117      SLICE_X38Y82   lb1_reg_0_127_3_3/DP.HIGH/CLK
High Pulse Width  Slow    RAMD64E/CLK  n/a            1.250         3.367       2.117      SLICE_X54Y61   lb1_reg_0_127_0_0/DP.HIGH/CLK
High Pulse Width  Fast    RAMD64E/CLK  n/a            1.250         3.367       2.117      SLICE_X54Y61   lb1_reg_0_127_0_0/DP.HIGH/CLK
High Pulse Width  Slow    RAMD64E/CLK  n/a            1.250         3.367       2.117      SLICE_X54Y61   lb1_reg_0_127_0_0/DP.LOW/CLK
High Pulse Width  Fast    RAMD64E/CLK  n/a            1.250         3.367       2.117      SLICE_X54Y61   lb1_reg_0_127_0_0/DP.LOW/CLK
High Pulse Width  Slow    RAMD64E/CLK  n/a            1.250         3.367       2.117      SLICE_X54Y61   lb1_reg_0_127_0_0/SP.HIGH/CLK
High Pulse Width  Fast    RAMD64E/CLK  n/a            1.250         3.367       2.117      SLICE_X54Y61   lb1_reg_0_127_0_0/SP.HIGH/CLK
High Pulse Width  Slow    RAMD64E/CLK  n/a            1.250         3.367       2.117      SLICE_X54Y61   lb1_reg_0_127_0_0/SP.LOW/CLK
High Pulse Width  Fast    RAMD64E/CLK  n/a            1.250         3.367       2.117      SLICE_X54Y61   lb1_reg_0_127_0_0/SP.LOW/CLK
High Pulse Width  Slow    RAMD64E/CLK  n/a            1.250         3.367       2.117      SLICE_X38Y71   lb1_reg_0_127_1_1/DP.HIGH/CLK
High Pulse Width  Fast    RAMD64E/CLK  n/a            1.250         3.367       2.117      SLICE_X38Y71   lb1_reg_0_127_1_1/DP.HIGH/CLK
High Pulse Width  Slow    RAMD64E/CLK  n/a            1.250         3.367       2.117      SLICE_X38Y71   lb1_reg_0_127_1_1/DP.LOW/CLK
High Pulse Width  Fast    RAMD64E/CLK  n/a            1.250         3.367       2.117      SLICE_X38Y71   lb1_reg_0_127_1_1/DP.LOW/CLK
High Pulse Width  Slow    RAMD64E/CLK  n/a            1.250         3.367       2.117      SLICE_X38Y71   lb1_reg_0_127_1_1/SP.HIGH/CLK
High Pulse Width  Fast    RAMD64E/CLK  n/a            1.250         3.367       2.117      SLICE_X38Y71   lb1_reg_0_127_1_1/SP.HIGH/CLK
High Pulse Width  Slow    RAMD64E/CLK  n/a            1.250         3.367       2.117      SLICE_X38Y71   lb1_reg_0_127_1_1/SP.LOW/CLK
High Pulse Width  Fast    RAMD64E/CLK  n/a            1.250         3.367       2.117      SLICE_X38Y71   lb1_reg_0_127_1_1/SP.LOW/CLK
High Pulse Width  Slow    RAMD64E/CLK  n/a            1.250         3.367       2.117      SLICE_X34Y72   lb1_reg_0_127_2_2/DP.HIGH/CLK
High Pulse Width  Fast    RAMD64E/CLK  n/a            1.250         3.367       2.117      SLICE_X34Y72   lb1_reg_0_127_2_2/DP.HIGH/CLK
High Pulse Width  Slow    RAMD64E/CLK  n/a            1.250         3.367       2.117      SLICE_X34Y72   lb1_reg_0_127_2_2/DP.LOW/CLK
High Pulse Width  Fast    RAMD64E/CLK  n/a            1.250         3.367       2.117      SLICE_X34Y72   lb1_reg_0_127_2_2/DP.LOW/CLK
High Pulse Width  Slow    RAMD64E/CLK  n/a            1.250         3.367       2.117      SLICE_X34Y72   lb1_reg_0_127_2_2/SP.HIGH/CLK
High Pulse Width  Fast    RAMD64E/CLK  n/a            1.250         3.367       2.117      SLICE_X34Y72   lb1_reg_0_127_2_2/SP.HIGH/CLK
High Pulse Width  Slow    RAMD64E/CLK  n/a            1.250         3.367       2.117      SLICE_X34Y72   lb1_reg_0_127_2_2/SP.LOW/CLK
High Pulse Width  Fast    RAMD64E/CLK  n/a            1.250         3.367       2.117      SLICE_X34Y72   lb1_reg_0_127_2_2/SP.LOW/CLK
High Pulse Width  Slow    RAMD64E/CLK  n/a            1.250         3.367       2.117      SLICE_X38Y82   lb1_reg_0_127_3_3/DP.HIGH/CLK



