Copyright 1986-2022 Xilinx, Inc. All Rights Reserved. Copyright 2022-2026 Advanced Micro Devices, Inc. All Rights Reserved.
---------------------------------------------------------------------------------------------------------------------------------------------
| Tool Version : Vivado v.2026.1 (win64) Build 6511674 Tue Jun 16 11:02:23 MDT 2026
| Date         : Thu Jul  9 10:44:37 2026
| Host         : <redacted> running 64-bit major release  (build 9200)
| Command      : report_timing_summary -delay_type min_max -max_paths 25 -file conv3x3_engine_tim_impl.rpt
| Design       : conv3x3_engine
| Device       : 7z020-clg400
| Speed File   : -1  PRODUCTION 1.12 2019-11-22
| Design State : Routed
---------------------------------------------------------------------------------------------------------------------------------------------

Timing Summary Report

------------------------------------------------------------------------------------------------
| Timer Settings
| --------------
------------------------------------------------------------------------------------------------

  Enable Multi Corner Analysis               :  Yes
  Enable Pessimism Removal                   :  Yes
  Pessimism Removal Resolution               :  Nearest Common Node
  Enable Input Delay Default Clock           :  No
  Enable Preset / Clear Arcs                 :  No
  Disable Flight Delays                      :  No
  Ignore I/O Paths                           :  No
  Timing Early Launch at Borrowing Latches   :  No
  Borrow Time for Max Delay Exceptions       :  Yes
  Merge Timing Exceptions                    :  Yes
  Inter-SLR Compensation                     :  Conservative

  Corner  Analyze    Analyze    
  Name    Max Paths  Min Paths  
  ------  ---------  ---------  
  Slow    Yes        Yes        
  Fast    Yes        Yes        


------------------------------------------------------------------------------------------------
| Report Methodology
| ------------------
------------------------------------------------------------------------------------------------

No report available as report_methodology has not been run prior. Run report_methodology on the current design for the summary of methodology violations.



check_timing report

Table of Contents
-----------------
1. checking no_clock (0)
2. checking constant_clock (0)
3. checking pulse_width_clock (0)
4. checking unconstrained_internal_endpoints (0)
5. checking no_input_delay (0)
6. checking no_output_delay (0)
7. checking multiple_clock (0)
8. checking generated_clocks (0)
9. checking loops (0)
10. checking partial_input_delay (0)
11. checking partial_output_delay (0)
12. checking latch_loops (0)

1. checking no_clock (0)
------------------------
 There are 0 register/latch pins with no clock.


2. checking constant_clock (0)
------------------------------
 There are 0 register/latch pins with constant_clock.


3. checking pulse_width_clock (0)
---------------------------------
 There are 0 register/latch pins which need pulse_width check


4. checking unconstrained_internal_endpoints (0)
------------------------------------------------
 There are 0 pins that are not constrained for maximum delay.

 There are 0 pins that are not constrained for maximum delay due to constant clock.


5. checking no_input_delay (0)
------------------------------
 There are 0 input ports with no input delay specified.

 There are 0 input ports with no input delay but user has a false path constraint.


6. checking no_output_delay (0)
-------------------------------
 There are 0 ports with no output delay specified.

 There are 0 ports with no output delay but user has a false path constraint

 There are 0 ports with no output delay but with a timing clock defined on it or propagating through it


7. checking multiple_clock (0)
------------------------------
 There are 0 register/latch pins with multiple clocks.


8. checking generated_clocks (0)
--------------------------------
 There are 0 generated clocks that are not connected to a clock source.


9. checking loops (0)
---------------------
 There are 0 combinational loops in the design.


10. checking partial_input_delay (0)
------------------------------------
 There are 0 input ports with partial input delay specified.


11. checking partial_output_delay (0)
-------------------------------------
 There are 0 ports with partial output delay specified.


12. checking latch_loops (0)
----------------------------
 There are 0 combinational latch loops in the design through latch input



------------------------------------------------------------------------------------------------
| Design Timing Summary
| ---------------------
------------------------------------------------------------------------------------------------

    WNS(ns)      TNS(ns)  TNS Failing Endpoints  TNS Total Endpoints      WHS(ns)      THS(ns)  THS Failing Endpoints  THS Total Endpoints     WPWS(ns)     TPWS(ns)  TPWS Failing Endpoints  TPWS Total Endpoints  
    -------      -------  ---------------------  -------------------      -------      -------  ---------------------  -------------------     --------     --------  ----------------------  --------------------  
      0.025        0.000                      0                 4646        0.097        0.000                      0                 4646        2.117        0.000                       0                   896  


All user specified timing constraints are met.


------------------------------------------------------------------------------------------------
| Clock Summary
| -------------
------------------------------------------------------------------------------------------------

Clock  Waveform(ns)         Period(ns)      Frequency(MHz)
-----  ------------         ----------      --------------
aclk   {0.000 3.367}        6.734           148.500         


------------------------------------------------------------------------------------------------
| Intra Clock Table
| -----------------
------------------------------------------------------------------------------------------------

Clock             WNS(ns)      TNS(ns)  TNS Failing Endpoints  TNS Total Endpoints      WHS(ns)      THS(ns)  THS Failing Endpoints  THS Total Endpoints     WPWS(ns)     TPWS(ns)  TPWS Failing Endpoints  TPWS Total Endpoints  
-----             -------      -------  ---------------------  -------------------      -------      -------  ---------------------  -------------------     --------     --------  ----------------------  --------------------  
aclk                0.025        0.000                      0                 4646        0.097        0.000                      0                 4646        2.117        0.000                       0                   896  


------------------------------------------------------------------------------------------------
| Inter Clock Table
| -----------------
------------------------------------------------------------------------------------------------

From Clock    To Clock          WNS(ns)      TNS(ns)  TNS Failing Endpoints  TNS Total Endpoints      WHS(ns)      THS(ns)  THS Failing Endpoints  THS Total Endpoints  
----------    --------          -------      -------  ---------------------  -------------------      -------      -------  ---------------------  -------------------  


------------------------------------------------------------------------------------------------
| Other Path Groups Table
| -----------------------
------------------------------------------------------------------------------------------------

Path Group    From Clock    To Clock          WNS(ns)      TNS(ns)  TNS Failing Endpoints  TNS Total Endpoints      WHS(ns)      THS(ns)  THS Failing Endpoints  THS Total Endpoints  
----------    ----------    --------          -------      -------  ---------------------  -------------------      -------      -------  ---------------------  -------------------  


------------------------------------------------------------------------------------------------
| Timing Details
| --------------
------------------------------------------------------------------------------------------------


---------------------------------------------------------------------------------------------------
From Clock:  aclk
  To Clock:  aclk

Setup :            0  Failing Endpoints,  Worst Slack        0.025ns,  Total Violation        0.000ns
Hold  :            0  Failing Endpoints,  Worst Slack        0.097ns,  Total Violation        0.000ns
PW    :            0  Failing Endpoints,  Worst Slack        2.117ns,  Total Violation        0.000ns
---------------------------------------------------------------------------------------------------


Max Delay Paths
--------------------------------------------------------------------------------------
Slack (MET) :             0.025ns  (required time - arrival time)
  Source:                 pcnt_q_reg[6]/C
                            (rising edge-triggered cell FDRE clocked by aclk  {rise@0.000ns fall@3.367ns period=6.734ns})
  Destination:            pr1_reg[6]/A[7]
                            (rising edge-triggered cell DSP48E1 clocked by aclk  {rise@0.000ns fall@3.367ns period=6.734ns})
  Path Group:             aclk
  Path Type:              Setup (Max at Slow Process Corner)
  Requirement:            6.734ns  (aclk rise@6.734ns - aclk rise@0.000ns)
  Data Path Delay:        2.903ns  (logic 0.704ns (24.255%)  route 2.199ns (75.745%))
  Logic Levels:           2  (LUT6=2)
  Clock Path Skew:        -0.049ns (DCD - SCD + CPR)
    Destination Clock Delay (DCD):    0.924ns = ( 7.658 - 6.734 ) 
    Source Clock Delay      (SCD):    0.973ns
    Clock Pessimism Removal (CPR):    0.000ns
  Clock Uncertainty:      0.035ns  ((TSJ^2 + TIJ^2)^1/2 + DJ) / 2 + PE
    Total System Jitter     (TSJ):    0.071ns
    Total Input Jitter      (TIJ):    0.000ns
    Discrete Jitter          (DJ):    0.000ns
    Phase Error              (PE):    0.000ns

    Location             Delay type                Incr(ns)  Path(ns)    Netlist Resource(s)
  -------------------------------------------------------------------    -------------------
                         (clock aclk rise edge)       0.000     0.000 r  <hidden>
                                                      0.000     0.000 r  aclk
                         net (fo=895, unset)          0.973     0.973    aclk
    SLICE_X19Y3          FDRE                                         r  pcnt_q_reg[6]/C
  -------------------------------------------------------------------    -------------------
    SLICE_X19Y3          FDRE (Prop_fdre_C_Q)         0.456     1.429 r  pcnt_q_reg[6]/Q
                         net (fo=3, routed)           0.843     2.272    pcnt_q[6]
    SLICE_X18Y4          LUT6 (Prop_lut6_I0_O)        0.124     2.396 r  vB_q_i_2/O
                         net (fo=26, routed)          0.639     3.034    vB_q_i_2_n_0
    SLICE_X18Y4          LUT6 (Prop_lut6_I3_O)        0.124     3.158 r  pr2_reg[6]_i_1/O
                         net (fo=2, routed)           0.717     3.876    pr2_reg[6]_i_1_n_0
    DSP48_X0Y2           DSP48E1                                      r  pr1_reg[6]/A[7]
  -------------------------------------------------------------------    -------------------

                         (clock aclk rise edge)       6.734     6.734 r  <hidden>
                                                      0.000     6.734 r  aclk
                         net (fo=895, unset)          0.924     7.658    aclk
    DSP48_X0Y2           DSP48E1                                      r  pr1_reg[6]/CLK
                         clock pessimism              0.000     7.658    <hidden>
                         clock uncertainty           -0.035     7.623    <hidden>
    DSP48_X0Y2           DSP48E1 (Setup_dsp48e1_CLK_A[7])
                                                     -3.722     3.901    pr1_reg[6]
  -------------------------------------------------------------------
                         required time                          3.901    <hidden>
                         arrival time                          -3.876    <hidden>
  -------------------------------------------------------------------
                         slack                                  0.025    <hidden>

Slack (MET) :             0.025ns  (required time - arrival time)
  Source:                 pcnt_q_reg[6]/C
                            (rising edge-triggered cell FDRE clocked by aclk  {rise@0.000ns fall@3.367ns period=6.734ns})
  Destination:            pr2_reg[6]/A[7]
                            (rising edge-triggered cell DSP48E1 clocked by aclk  {rise@0.000ns fall@3.367ns period=6.734ns})
  Path Group:             aclk
  Path Type:              Setup (Max at Slow Process Corner)
  Requirement:            6.734ns  (aclk rise@6.734ns - aclk rise@0.000ns)
  Data Path Delay:        2.903ns  (logic 0.704ns (24.255%)  route 2.199ns (75.745%))
  Logic Levels:           2  (LUT6=2)
  Clock Path Skew:        -0.049ns (DCD - SCD + CPR)
    Destination Clock Delay (DCD):    0.924ns = ( 7.658 - 6.734 ) 
    Source Clock Delay      (SCD):    0.973ns
    Clock Pessimism Removal (CPR):    0.000ns
  Clock Uncertainty:      0.035ns  ((TSJ^2 + TIJ^2)^1/2 + DJ) / 2 + PE
    Total System Jitter     (TSJ):    0.071ns
    Total Input Jitter      (TIJ):    0.000ns
    Discrete Jitter          (DJ):    0.000ns
    Phase Error              (PE):    0.000ns

    Location             Delay type                Incr(ns)  Path(ns)    Netlist Resource(s)
  -------------------------------------------------------------------    -------------------
                         (clock aclk rise edge)       0.000     0.000 r  <hidden>
                                                      0.000     0.000 r  aclk
                         net (fo=895, unset)          0.973     0.973    aclk
    SLICE_X19Y3          FDRE                                         r  pcnt_q_reg[6]/C
  -------------------------------------------------------------------    -------------------
    SLICE_X19Y3          FDRE (Prop_fdre_C_Q)         0.456     1.429 r  pcnt_q_reg[6]/Q
                         net (fo=3, routed)           0.843     2.272    pcnt_q[6]
    SLICE_X18Y4          LUT6 (Prop_lut6_I0_O)        0.124     2.396 r  vB_q_i_2/O
                         net (fo=26, routed)          0.639     3.034    vB_q_i_2_n_0
    SLICE_X18Y4          LUT6 (Prop_lut6_I3_O)        0.124     3.158 r  pr2_reg[6]_i_1/O
                         net (fo=2, routed)           0.717     3.876    pr2_reg[6]_i_1_n_0
    DSP48_X0Y3           DSP48E1                                      r  pr2_reg[6]/A[7]
  -------------------------------------------------------------------    -------------------

                         (clock aclk rise edge)       6.734     6.734 r  <hidden>
                                                      0.000     6.734 r  aclk
                         net (fo=895, unset)          0.924     7.658    aclk
    DSP48_X0Y3           DSP48E1                                      r  pr2_reg[6]/CLK
                         clock pessimism              0.000     7.658    <hidden>
                         clock uncertainty           -0.035     7.623    <hidden>
    DSP48_X0Y3           DSP48E1 (Setup_dsp48e1_CLK_A[7])
                                                     -3.722     3.901    pr2_reg[6]
  -------------------------------------------------------------------
                         required time                          3.901    <hidden>
                         arrival time                          -3.876    <hidden>
  -------------------------------------------------------------------
                         slack                                  0.025    <hidden>

Slack (MET) :             0.063ns  (required time - arrival time)
  Source:                 pcnt_q_reg[6]/C
                            (rising edge-triggered cell FDRE clocked by aclk  {rise@0.000ns fall@3.367ns period=6.734ns})
  Destination:            pr2_reg[3]/A[7]
                            (rising edge-triggered cell DSP48E1 clocked by aclk  {rise@0.000ns fall@3.367ns period=6.734ns})
  Path Group:             aclk
  Path Type:              Setup (Max at Slow Process Corner)
  Requirement:            6.734ns  (aclk rise@6.734ns - aclk rise@0.000ns)
  Data Path Delay:        2.865ns  (logic 0.704ns (24.571%)  route 2.161ns (75.429%))
  Logic Levels:           2  (LUT6=2)
  Clock Path Skew:        -0.049ns (DCD - SCD + CPR)
    Destination Clock Delay (DCD):    0.924ns = ( 7.658 - 6.734 ) 
    Source Clock Delay      (SCD):    0.973ns
    Clock Pessimism Removal (CPR):    0.000ns
  Clock Uncertainty:      0.035ns  ((TSJ^2 + TIJ^2)^1/2 + DJ) / 2 + PE
    Total System Jitter     (TSJ):    0.071ns
    Total Input Jitter      (TIJ):    0.000ns
    Discrete Jitter          (DJ):    0.000ns
    Phase Error              (PE):    0.000ns

    Location             Delay type                Incr(ns)  Path(ns)    Netlist Resource(s)
  -------------------------------------------------------------------    -------------------
                         (clock aclk rise edge)       0.000     0.000 r  <hidden>
                                                      0.000     0.000 r  aclk
                         net (fo=895, unset)          0.973     0.973    aclk
    SLICE_X19Y3          FDRE                                         r  pcnt_q_reg[6]/C
  -------------------------------------------------------------------    -------------------
    SLICE_X19Y3          FDRE (Prop_fdre_C_Q)         0.456     1.429 r  pcnt_q_reg[6]/Q
                         net (fo=3, routed)           0.843     2.272    pcnt_q[6]
    SLICE_X18Y4          LUT6 (Prop_lut6_I0_O)        0.124     2.396 r  vB_q_i_2/O
                         net (fo=26, routed)          0.573     2.969    vB_q_i_2_n_0
    SLICE_X19Y6          LUT6 (Prop_lut6_I3_O)        0.124     3.093 r  pr2_reg[3]_i_2/O
                         net (fo=2, routed)           0.745     3.838    pr2_reg[3]_i_2_n_0
    DSP48_X1Y0           DSP48E1                                      r  pr2_reg[3]/A[7]
  -------------------------------------------------------------------    -------------------

                         (clock aclk rise edge)       6.734     6.734 r  <hidden>
                                                      0.000     6.734 r  aclk
                         net (fo=895, unset)          0.924     7.658    aclk
    DSP48_X1Y0           DSP48E1                                      r  pr2_reg[3]/CLK
                         clock pessimism              0.000     7.658    <hidden>
                         clock uncertainty           -0.035     7.623    <hidden>
    DSP48_X1Y0           DSP48E1 (Setup_dsp48e1_CLK_A[7])
                                                     -3.722     3.901    pr2_reg[3]
  -------------------------------------------------------------------
                         required time                          3.901    <hidden>
                         arrival time                          -3.838    <hidden>
  -------------------------------------------------------------------
                         slack                                  0.063    <hidden>

Slack (MET) :             0.068ns  (required time - arrival time)
  Source:                 pcnt_q_reg[6]/C
                            (rising edge-triggered cell FDRE clocked by aclk  {rise@0.000ns fall@3.367ns period=6.734ns})
  Destination:            pr1_reg[6]/A[3]
                            (rising edge-triggered cell DSP48E1 clocked by aclk  {rise@0.000ns fall@3.367ns period=6.734ns})
  Path Group:             aclk
  Path Type:              Setup (Max at Slow Process Corner)
  Requirement:            6.734ns  (aclk rise@6.734ns - aclk rise@0.000ns)
  Data Path Delay:        2.860ns  (logic 0.704ns (24.611%)  route 2.156ns (75.389%))
  Logic Levels:           2  (LUT6=2)
  Clock Path Skew:        -0.049ns (DCD - SCD + CPR)
    Destination Clock Delay (DCD):    0.924ns = ( 7.658 - 6.734 ) 
    Source Clock Delay      (SCD):    0.973ns
    Clock Pessimism Removal (CPR):    0.000ns
  Clock Uncertainty:      0.035ns  ((TSJ^2 + TIJ^2)^1/2 + DJ) / 2 + PE
    Total System Jitter     (TSJ):    0.071ns
    Total Input Jitter      (TIJ):    0.000ns
    Discrete Jitter          (DJ):    0.000ns
    Phase Error              (PE):    0.000ns

    Location             Delay type                Incr(ns)  Path(ns)    Netlist Resource(s)
  -------------------------------------------------------------------    -------------------
                         (clock aclk rise edge)       0.000     0.000 r  <hidden>
                                                      0.000     0.000 r  aclk
                         net (fo=895, unset)          0.973     0.973    aclk
    SLICE_X19Y3          FDRE                                         r  pcnt_q_reg[6]/C
  -------------------------------------------------------------------    -------------------
    SLICE_X19Y3          FDRE (Prop_fdre_C_Q)         0.456     1.429 r  pcnt_q_reg[6]/Q
                         net (fo=3, routed)           0.843     2.272    pcnt_q[6]
    SLICE_X18Y4          LUT6 (Prop_lut6_I0_O)        0.124     2.396 r  vB_q_i_2/O
                         net (fo=26, routed)          0.572     2.968    vB_q_i_2_n_0
    SLICE_X21Y5          LUT6 (Prop_lut6_I3_O)        0.124     3.092 r  pr2_reg[6]_i_5/O
                         net (fo=2, routed)           0.742     3.833    pr2_reg[6]_i_5_n_0
    DSP48_X0Y2           DSP48E1                                      r  pr1_reg[6]/A[3]
  -------------------------------------------------------------------    -------------------

                         (clock aclk rise edge)       6.734     6.734 r  <hidden>
                                                      0.000     6.734 r  aclk
                         net (fo=895, unset)          0.924     7.658    aclk
    DSP48_X0Y2           DSP48E1                                      r  pr1_reg[6]/CLK
                         clock pessimism              0.000     7.658    <hidden>
                         clock uncertainty           -0.035     7.623    <hidden>
    DSP48_X0Y2           DSP48E1 (Setup_dsp48e1_CLK_A[3])
                                                     -3.722     3.901    pr1_reg[6]
  -------------------------------------------------------------------
                         required time                          3.901    <hidden>
                         arrival time                          -3.833    <hidden>
  -------------------------------------------------------------------
                         slack                                  0.068    <hidden>

Slack (MET) :             0.068ns  (required time - arrival time)
  Source:                 pcnt_q_reg[6]/C
                            (rising edge-triggered cell FDRE clocked by aclk  {rise@0.000ns fall@3.367ns period=6.734ns})
  Destination:            pr2_reg[6]/A[3]
                            (rising edge-triggered cell DSP48E1 clocked by aclk  {rise@0.000ns fall@3.367ns period=6.734ns})
  Path Group:             aclk
  Path Type:              Setup (Max at Slow Process Corner)
  Requirement:            6.734ns  (aclk rise@6.734ns - aclk rise@0.000ns)
  Data Path Delay:        2.860ns  (logic 0.704ns (24.611%)  route 2.156ns (75.389%))
  Logic Levels:           2  (LUT6=2)
  Clock Path Skew:        -0.049ns (DCD - SCD + CPR)
    Destination Clock Delay (DCD):    0.924ns = ( 7.658 - 6.734 ) 
    Source Clock Delay      (SCD):    0.973ns
    Clock Pessimism Removal (CPR):    0.000ns
  Clock Uncertainty:      0.035ns  ((TSJ^2 + TIJ^2)^1/2 + DJ) / 2 + PE
    Total System Jitter     (TSJ):    0.071ns
    Total Input Jitter      (TIJ):    0.000ns
    Discrete Jitter          (DJ):    0.000ns
    Phase Error              (PE):    0.000ns

    Location             Delay type                Incr(ns)  Path(ns)    Netlist Resource(s)
  -------------------------------------------------------------------    -------------------
                         (clock aclk rise edge)       0.000     0.000 r  <hidden>
                                                      0.000     0.000 r  aclk
                         net (fo=895, unset)          0.973     0.973    aclk
    SLICE_X19Y3          FDRE                                         r  pcnt_q_reg[6]/C
  -------------------------------------------------------------------    -------------------
    SLICE_X19Y3          FDRE (Prop_fdre_C_Q)         0.456     1.429 r  pcnt_q_reg[6]/Q
                         net (fo=3, routed)           0.843     2.272    pcnt_q[6]
    SLICE_X18Y4          LUT6 (Prop_lut6_I0_O)        0.124     2.396 r  vB_q_i_2/O
                         net (fo=26, routed)          0.572     2.968    vB_q_i_2_n_0
    SLICE_X21Y5          LUT6 (Prop_lut6_I3_O)        0.124     3.092 r  pr2_reg[6]_i_5/O
                         net (fo=2, routed)           0.742     3.833    pr2_reg[6]_i_5_n_0
    DSP48_X0Y3           DSP48E1                                      r  pr2_reg[6]/A[3]
  -------------------------------------------------------------------    -------------------

                         (clock aclk rise edge)       6.734     6.734 r  <hidden>
                                                      0.000     6.734 r  aclk
                         net (fo=895, unset)          0.924     7.658    aclk
    DSP48_X0Y3           DSP48E1                                      r  pr2_reg[6]/CLK
                         clock pessimism              0.000     7.658    <hidden>
                         clock uncertainty           -0.035     7.623    <hidden>
    DSP48_X0Y3           DSP48E1 (Setup_dsp48e1_CLK_A[3])
                                                     -3.722     3.901    pr2_reg[6]
  -------------------------------------------------------------------
                         required time                          3.901    <hidden>
                         arrival time                          -3.833    <hidden>
  -------------------------------------------------------------------
                         slack                                  0.068    <hidden>

Slack (MET) :             0.071ns  (required time - arrival time)
  Source:                 pcnt_q_reg[6]/C
                            (rising edge-triggered cell FDRE clocked by aclk  {rise@0.000ns fall@3.367ns period=6.734ns})
  Destination:            pr2_reg[3]/A[4]
                            (rising edge-triggered cell DSP48E1 clocked by aclk  {rise@0.000ns fall@3.367ns period=6.734ns})
  Path Group:             aclk
  Path Type:              Setup (Max at Slow Process Corner)
  Requirement:            6.734ns  (aclk rise@6.734ns - aclk rise@0.000ns)
  Data Path Delay:        2.857ns  (logic 0.704ns (24.643%)  route 2.153ns (75.357%))
  Logic Levels:           2  (LUT6=2)
  Clock Path Skew:        -0.049ns (DCD - SCD + CPR)
    Destination Clock Delay (DCD):    0.924ns = ( 7.658 - 6.734 ) 
    Source Clock Delay      (SCD):    0.973ns
    Clock Pessimism Removal (CPR):    0.000ns
  Clock Uncertainty:      0.035ns  ((TSJ^2 + TIJ^2)^1/2 + DJ) / 2 + PE
    Total System Jitter     (TSJ):    0.071ns
    Total Input Jitter      (TIJ):    0.000ns
    Discrete Jitter          (DJ):    0.000ns
    Phase Error              (PE):    0.000ns

    Location             Delay type                Incr(ns)  Path(ns)    Netlist Resource(s)
  -------------------------------------------------------------------    -------------------
                         (clock aclk rise edge)       0.000     0.000 r  <hidden>
                                                      0.000     0.000 r  aclk
                         net (fo=895, unset)          0.973     0.973    aclk
    SLICE_X19Y3          FDRE                                         r  pcnt_q_reg[6]/C
  -------------------------------------------------------------------    -------------------
    SLICE_X19Y3          FDRE (Prop_fdre_C_Q)         0.456     1.429 r  pcnt_q_reg[6]/Q
                         net (fo=3, routed)           0.843     2.272    pcnt_q[6]
    SLICE_X18Y4          LUT6 (Prop_lut6_I0_O)        0.124     2.396 r  vB_q_i_2/O
                         net (fo=26, routed)          0.550     2.946    vB_q_i_2_n_0
    SLICE_X18Y6          LUT6 (Prop_lut6_I3_O)        0.124     3.070 r  pr2_reg[3]_i_5/O
                         net (fo=2, routed)           0.760     3.830    pr2_reg[3]_i_5_n_0
    DSP48_X1Y0           DSP48E1                                      r  pr2_reg[3]/A[4]
  -------------------------------------------------------------------    -------------------

                         (clock aclk rise edge)       6.734     6.734 r  <hidden>
                                                      0.000     6.734 r  aclk
                         net (fo=895, unset)          0.924     7.658    aclk
    DSP48_X1Y0           DSP48E1                                      r  pr2_reg[3]/CLK
                         clock pessimism              0.000     7.658    <hidden>
                         clock uncertainty           -0.035     7.623    <hidden>
    DSP48_X1Y0           DSP48E1 (Setup_dsp48e1_CLK_A[4])
                                                     -3.722     3.901    pr2_reg[3]
  -------------------------------------------------------------------
                         required time                          3.901    <hidden>
                         arrival time                          -3.830    <hidden>
  -------------------------------------------------------------------
                         slack                                  0.071    <hidden>

Slack (MET) :             0.086ns  (required time - arrival time)
  Source:                 pcnt_q_reg[6]/C
                            (rising edge-triggered cell FDRE clocked by aclk  {rise@0.000ns fall@3.367ns period=6.734ns})
  Destination:            pr1_reg[3]/A[4]
                            (rising edge-triggered cell DSP48E1 clocked by aclk  {rise@0.000ns fall@3.367ns period=6.734ns})
  Path Group:             aclk
  Path Type:              Setup (Max at Slow Process Corner)
  Requirement:            6.734ns  (aclk rise@6.734ns - aclk rise@0.000ns)
  Data Path Delay:        2.842ns  (logic 0.704ns (24.771%)  route 2.138ns (75.229%))
  Logic Levels:           2  (LUT6=2)
  Clock Path Skew:        -0.049ns (DCD - SCD + CPR)
    Destination Clock Delay (DCD):    0.924ns = ( 7.658 - 6.734 ) 
    Source Clock Delay      (SCD):    0.973ns
    Clock Pessimism Removal (CPR):    0.000ns
  Clock Uncertainty:      0.035ns  ((TSJ^2 + TIJ^2)^1/2 + DJ) / 2 + PE
    Total System Jitter     (TSJ):    0.071ns
    Total Input Jitter      (TIJ):    0.000ns
    Discrete Jitter          (DJ):    0.000ns
    Phase Error              (PE):    0.000ns

    Location             Delay type                Incr(ns)  Path(ns)    Netlist Resource(s)
  -------------------------------------------------------------------    -------------------
                         (clock aclk rise edge)       0.000     0.000 r  <hidden>
                                                      0.000     0.000 r  aclk
                         net (fo=895, unset)          0.973     0.973    aclk
    SLICE_X19Y3          FDRE                                         r  pcnt_q_reg[6]/C
  -------------------------------------------------------------------    -------------------
    SLICE_X19Y3          FDRE (Prop_fdre_C_Q)         0.456     1.429 r  pcnt_q_reg[6]/Q
                         net (fo=3, routed)           0.843     2.272    pcnt_q[6]
    SLICE_X18Y4          LUT6 (Prop_lut6_I0_O)        0.124     2.396 r  vB_q_i_2/O
                         net (fo=26, routed)          0.550     2.946    vB_q_i_2_n_0
    SLICE_X18Y6          LUT6 (Prop_lut6_I3_O)        0.124     3.070 r  pr2_reg[3]_i_5/O
                         net (fo=2, routed)           0.745     3.815    pr2_reg[3]_i_5_n_0
    DSP48_X1Y4           DSP48E1                                      r  pr1_reg[3]/A[4]
  -------------------------------------------------------------------    -------------------

                         (clock aclk rise edge)       6.734     6.734 r  <hidden>
                                                      0.000     6.734 r  aclk
                         net (fo=895, unset)          0.924     7.658    aclk
    DSP48_X1Y4           DSP48E1                                      r  pr1_reg[3]/CLK
                         clock pessimism              0.000     7.658    <hidden>
                         clock uncertainty           -0.035     7.623    <hidden>
    DSP48_X1Y4           DSP48E1 (Setup_dsp48e1_CLK_A[4])
                                                     -3.722     3.901    pr1_reg[3]
  -------------------------------------------------------------------
                         required time                          3.901    <hidden>
                         arrival time                          -3.815    <hidden>
  -------------------------------------------------------------------
                         slack                                  0.086    <hidden>

Slack (MET) :             0.107ns  (required time - arrival time)
  Source:                 pcnt_q_reg[6]/C
                            (rising edge-triggered cell FDRE clocked by aclk  {rise@0.000ns fall@3.367ns period=6.734ns})
  Destination:            pr1_reg[0]/A[4]
                            (rising edge-triggered cell DSP48E1 clocked by aclk  {rise@0.000ns fall@3.367ns period=6.734ns})
  Path Group:             aclk
  Path Type:              Setup (Max at Slow Process Corner)
  Requirement:            6.734ns  (aclk rise@6.734ns - aclk rise@0.000ns)
  Data Path Delay:        2.821ns  (logic 0.704ns (24.956%)  route 2.117ns (75.044%))
  Logic Levels:           2  (LUT6=2)
  Clock Path Skew:        -0.049ns (DCD - SCD + CPR)
    Destination Clock Delay (DCD):    0.924ns = ( 7.658 - 6.734 ) 
    Source Clock Delay      (SCD):    0.973ns
    Clock Pessimism Removal (CPR):    0.000ns
  Clock Uncertainty:      0.035ns  ((TSJ^2 + TIJ^2)^1/2 + DJ) / 2 + PE
    Total System Jitter     (TSJ):    0.071ns
    Total Input Jitter      (TIJ):    0.000ns
    Discrete Jitter          (DJ):    0.000ns
    Phase Error              (PE):    0.000ns

    Location             Delay type                Incr(ns)  Path(ns)    Netlist Resource(s)
  -------------------------------------------------------------------    -------------------
                         (clock aclk rise edge)       0.000     0.000 r  <hidden>
                                                      0.000     0.000 r  aclk
                         net (fo=895, unset)          0.973     0.973    aclk
    SLICE_X19Y3          FDRE                                         r  pcnt_q_reg[6]/C
  -------------------------------------------------------------------    -------------------
    SLICE_X19Y3          FDRE (Prop_fdre_C_Q)         0.456     1.429 r  pcnt_q_reg[6]/Q
                         net (fo=3, routed)           0.843     2.272    pcnt_q[6]
    SLICE_X18Y4          LUT6 (Prop_lut6_I0_O)        0.124     2.396 r  vB_q_i_2/O
                         net (fo=26, routed)          0.697     3.093    vB_q_i_2_n_0
    SLICE_X21Y6          LUT6 (Prop_lut6_I3_O)        0.124     3.217 r  pr2_reg[0]_i_4/O
                         net (fo=2, routed)           0.577     3.794    p_0_in[4]
    DSP48_X1Y3           DSP48E1                                      r  pr1_reg[0]/A[4]
  -------------------------------------------------------------------    -------------------

                         (clock aclk rise edge)       6.734     6.734 r  <hidden>
                                                      0.000     6.734 r  aclk
                         net (fo=895, unset)          0.924     7.658    aclk
    DSP48_X1Y3           DSP48E1                                      r  pr1_reg[0]/CLK
                         clock pessimism              0.000     7.658    <hidden>
                         clock uncertainty           -0.035     7.623    <hidden>
    DSP48_X1Y3           DSP48E1 (Setup_dsp48e1_CLK_A[4])
                                                     -3.722     3.901    pr1_reg[0]
  -------------------------------------------------------------------
                         required time                          3.901    <hidden>
                         arrival time                          -3.794    <hidden>
  -------------------------------------------------------------------
                         slack                                  0.107    <hidden>

Slack (MET) :             0.107ns  (required time - arrival time)
  Source:                 pcnt_q_reg[6]/C
                            (rising edge-triggered cell FDRE clocked by aclk  {rise@0.000ns fall@3.367ns period=6.734ns})
  Destination:            pr2_reg[0]/A[4]
                            (rising edge-triggered cell DSP48E1 clocked by aclk  {rise@0.000ns fall@3.367ns period=6.734ns})
  Path Group:             aclk
  Path Type:              Setup (Max at Slow Process Corner)
  Requirement:            6.734ns  (aclk rise@6.734ns - aclk rise@0.000ns)
  Data Path Delay:        2.821ns  (logic 0.704ns (24.956%)  route 2.117ns (75.044%))
  Logic Levels:           2  (LUT6=2)
  Clock Path Skew:        -0.049ns (DCD - SCD + CPR)
    Destination Clock Delay (DCD):    0.924ns = ( 7.658 - 6.734 ) 
    Source Clock Delay      (SCD):    0.973ns
    Clock Pessimism Removal (CPR):    0.000ns
  Clock Uncertainty:      0.035ns  ((TSJ^2 + TIJ^2)^1/2 + DJ) / 2 + PE
    Total System Jitter     (TSJ):    0.071ns
    Total Input Jitter      (TIJ):    0.000ns
    Discrete Jitter          (DJ):    0.000ns
    Phase Error              (PE):    0.000ns

    Location             Delay type                Incr(ns)  Path(ns)    Netlist Resource(s)
  -------------------------------------------------------------------    -------------------
                         (clock aclk rise edge)       0.000     0.000 r  <hidden>
                                                      0.000     0.000 r  aclk
                         net (fo=895, unset)          0.973     0.973    aclk
    SLICE_X19Y3          FDRE                                         r  pcnt_q_reg[6]/C
  -------------------------------------------------------------------    -------------------
    SLICE_X19Y3          FDRE (Prop_fdre_C_Q)         0.456     1.429 r  pcnt_q_reg[6]/Q
                         net (fo=3, routed)           0.843     2.272    pcnt_q[6]
    SLICE_X18Y4          LUT6 (Prop_lut6_I0_O)        0.124     2.396 r  vB_q_i_2/O
                         net (fo=26, routed)          0.697     3.093    vB_q_i_2_n_0
    SLICE_X21Y6          LUT6 (Prop_lut6_I3_O)        0.124     3.217 r  pr2_reg[0]_i_4/O
                         net (fo=2, routed)           0.577     3.794    p_0_in[4]
    DSP48_X1Y2           DSP48E1                                      r  pr2_reg[0]/A[4]
  -------------------------------------------------------------------    -------------------

                         (clock aclk rise edge)       6.734     6.734 r  <hidden>
                                                      0.000     6.734 r  aclk
                         net (fo=895, unset)          0.924     7.658    aclk
    DSP48_X1Y2           DSP48E1                                      r  pr2_reg[0]/CLK
                         clock pessimism              0.000     7.658    <hidden>
                         clock uncertainty           -0.035     7.623    <hidden>
    DSP48_X1Y2           DSP48E1 (Setup_dsp48e1_CLK_A[4])
                                                     -3.722     3.901    pr2_reg[0]
  -------------------------------------------------------------------
                         required time                          3.901    <hidden>
                         arrival time                          -3.794    <hidden>
  -------------------------------------------------------------------
                         slack                                  0.107    <hidden>

Slack (MET) :             0.120ns  (required time - arrival time)
  Source:                 pcnt_q_reg[6]/C
                            (rising edge-triggered cell FDRE clocked by aclk  {rise@0.000ns fall@3.367ns period=6.734ns})
  Destination:            pr1_reg[3]/A[3]
                            (rising edge-triggered cell DSP48E1 clocked by aclk  {rise@0.000ns fall@3.367ns period=6.734ns})
  Path Group:             aclk
  Path Type:              Setup (Max at Slow Process Corner)
  Requirement:            6.734ns  (aclk rise@6.734ns - aclk rise@0.000ns)
  Data Path Delay:        2.808ns  (logic 0.704ns (25.075%)  route 2.104ns (74.925%))
  Logic Levels:           2  (LUT6=2)
  Clock Path Skew:        -0.049ns (DCD - SCD + CPR)
    Destination Clock Delay (DCD):    0.924ns = ( 7.658 - 6.734 ) 
    Source Clock Delay      (SCD):    0.973ns
    Clock Pessimism Removal (CPR):    0.000ns
  Clock Uncertainty:      0.035ns  ((TSJ^2 + TIJ^2)^1/2 + DJ) / 2 + PE
    Total System Jitter     (TSJ):    0.071ns
    Total Input Jitter      (TIJ):    0.000ns
    Discrete Jitter          (DJ):    0.000ns
    Phase Error              (PE):    0.000ns

    Location             Delay type                Incr(ns)  Path(ns)    Netlist Resource(s)
  -------------------------------------------------------------------    -------------------
                         (clock aclk rise edge)       0.000     0.000 r  <hidden>
                                                      0.000     0.000 r  aclk
                         net (fo=895, unset)          0.973     0.973    aclk
    SLICE_X19Y3          FDRE                                         r  pcnt_q_reg[6]/C
  -------------------------------------------------------------------    -------------------
    SLICE_X19Y3          FDRE (Prop_fdre_C_Q)         0.456     1.429 r  pcnt_q_reg[6]/Q
                         net (fo=3, routed)           0.843     2.272    pcnt_q[6]
    SLICE_X18Y4          LUT6 (Prop_lut6_I0_O)        0.124     2.396 r  vB_q_i_2/O
                         net (fo=26, routed)          0.560     2.956    vB_q_i_2_n_0
    SLICE_X18Y6          LUT6 (Prop_lut6_I3_O)        0.124     3.080 r  pr2_reg[3]_i_6/O
                         net (fo=2, routed)           0.701     3.781    pr2_reg[3]_i_6_n_0
    DSP48_X1Y4           DSP48E1                                      r  pr1_reg[3]/A[3]
  -------------------------------------------------------------------    -------------------

                         (clock aclk rise edge)       6.734     6.734 r  <hidden>
                                                      0.000     6.734 r  aclk
                         net (fo=895, unset)          0.924     7.658    aclk
    DSP48_X1Y4           DSP48E1                                      r  pr1_reg[3]/CLK
                         clock pessimism              0.000     7.658    <hidden>
                         clock uncertainty           -0.035     7.623    <hidden>
    DSP48_X1Y4           DSP48E1 (Setup_dsp48e1_CLK_A[3])
                                                     -3.722     3.901    pr1_reg[3]
  -------------------------------------------------------------------
                         required time                          3.901    <hidden>
                         arrival time                          -3.781    <hidden>
  -------------------------------------------------------------------
                         slack                                  0.120    <hidden>

Slack (MET) :             0.125ns  (required time - arrival time)
  Source:                 pcnt_q_reg[6]/C
                            (rising edge-triggered cell FDRE clocked by aclk  {rise@0.000ns fall@3.367ns period=6.734ns})
  Destination:            pr2_reg[3]/A[2]
                            (rising edge-triggered cell DSP48E1 clocked by aclk  {rise@0.000ns fall@3.367ns period=6.734ns})
  Path Group:             aclk
  Path Type:              Setup (Max at Slow Process Corner)
  Requirement:            6.734ns  (aclk rise@6.734ns - aclk rise@0.000ns)
  Data Path Delay:        2.803ns  (logic 0.704ns (25.119%)  route 2.099ns (74.881%))
  Logic Levels:           2  (LUT6=2)
  Clock Path Skew:        -0.049ns (DCD - SCD + CPR)
    Destination Clock Delay (DCD):    0.924ns = ( 7.658 - 6.734 ) 
    Source Clock Delay      (SCD):    0.973ns
    Clock Pessimism Removal (CPR):    0.000ns
  Clock Uncertainty:      0.035ns  ((TSJ^2 + TIJ^2)^1/2 + DJ) / 2 + PE
    Total System Jitter     (TSJ):    0.071ns
    Total Input Jitter      (TIJ):    0.000ns
    Discrete Jitter          (DJ):    0.000ns
    Phase Error              (PE):    0.000ns

    Location             Delay type                Incr(ns)  Path(ns)    Netlist Resource(s)
  -------------------------------------------------------------------    -------------------
                         (clock aclk rise edge)       0.000     0.000 r  <hidden>
                                                      0.000     0.000 r  aclk
                         net (fo=895, unset)          0.973     0.973    aclk
    SLICE_X19Y3          FDRE                                         r  pcnt_q_reg[6]/C
  -------------------------------------------------------------------    -------------------
    SLICE_X19Y3          FDRE (Prop_fdre_C_Q)         0.456     1.429 r  pcnt_q_reg[6]/Q
                         net (fo=3, routed)           0.843     2.272    pcnt_q[6]
    SLICE_X18Y4          LUT6 (Prop_lut6_I0_O)        0.124     2.396 r  vB_q_i_2/O
                         net (fo=26, routed)          0.496     2.892    vB_q_i_2_n_0
    SLICE_X19Y6          LUT6 (Prop_lut6_I3_O)        0.124     3.016 r  pr2_reg[3]_i_7/O
                         net (fo=2, routed)           0.760     3.776    pr2_reg[3]_i_7_n_0
    DSP48_X1Y0           DSP48E1                                      r  pr2_reg[3]/A[2]
  -------------------------------------------------------------------    -------------------

                         (clock aclk rise edge)       6.734     6.734 r  <hidden>
                                                      0.000     6.734 r  aclk
                         net (fo=895, unset)          0.924     7.658    aclk
    DSP48_X1Y0           DSP48E1                                      r  pr2_reg[3]/CLK
                         clock pessimism              0.000     7.658    <hidden>
                         clock uncertainty           -0.035     7.623    <hidden>
    DSP48_X1Y0           DSP48E1 (Setup_dsp48e1_CLK_A[2])
                                                     -3.722     3.901    pr2_reg[3]
  -------------------------------------------------------------------
                         required time                          3.901    <hidden>
                         arrival time                          -3.776    <hidden>
  -------------------------------------------------------------------
                         slack                                  0.125    <hidden>

Slack (MET) :             0.142ns  (required time - arrival time)
  Source:                 aresetn
                            (input port clocked by aclk  {rise@0.000ns fall@3.367ns period=6.734ns})
  Destination:            sh_k1_reg[0][2]/S
                            (rising edge-triggered cell FDSE clocked by aclk  {rise@0.000ns fall@3.367ns period=6.734ns})
  Path Group:             aclk
  Path Type:              Setup (Max at Slow Process Corner)
  Requirement:            6.734ns  (aclk rise@6.734ns - aclk rise@0.000ns)
  Data Path Delay:        4.850ns  (logic 0.150ns (3.093%)  route 4.700ns (96.907%))
  Logic Levels:           1  (LUT1=1)
  Input Delay:            2.000ns
  Clock Path Skew:        0.924ns (DCD - SCD + CPR)
    Destination Clock Delay (DCD):    0.924ns = ( 7.658 - 6.734 ) 
    Source Clock Delay      (SCD):    0.000ns
    Clock Pessimism Removal (CPR):    0.000ns
  Clock Uncertainty:      0.035ns  ((TSJ^2 + TIJ^2)^1/2 + DJ) / 2 + PE
    Total System Jitter     (TSJ):    0.071ns
    Total Input Jitter      (TIJ):    0.000ns
    Discrete Jitter          (DJ):    0.000ns
    Phase Error              (PE):    0.000ns

    Location             Delay type                Incr(ns)  Path(ns)    Netlist Resource(s)
  -------------------------------------------------------------------    -------------------
                         (clock aclk rise edge)       0.000     0.000 r  <hidden>
                         input delay                  2.000     2.000    <hidden>
                                                      0.000     2.000 f  aresetn
                         net (fo=17, unset)           0.973     2.973    aresetn
    SLICE_X15Y21         LUT1 (Prop_lut1_I0_O)        0.150     3.123 r  m_axis_tdata[7]_i_1/O
                         net (fo=548, routed)         3.727     6.850    m_axis_tdata[7]_i_1_n_0
    SLICE_X24Y8          FDSE                                         r  sh_k1_reg[0][2]/S
  -------------------------------------------------------------------    -------------------

                         (clock aclk rise edge)       6.734     6.734 r  <hidden>
                                                      0.000     6.734 r  aclk
                         net (fo=895, unset)          0.924     7.658    aclk
    SLICE_X24Y8          FDSE                                         r  sh_k1_reg[0][2]/C
                         clock pessimism              0.000     7.658    <hidden>
                         clock uncertainty           -0.035     7.623    <hidden>
    SLICE_X24Y8          FDSE (Setup_fdse_C_S)       -0.631     6.992    sh_k1_reg[0][2]
  -------------------------------------------------------------------
                         required time                          6.992    <hidden>
                         arrival time                          -6.850    <hidden>
  -------------------------------------------------------------------
                         slack                                  0.142    <hidden>

Slack (MET) :             0.142ns  (required time - arrival time)
  Source:                 aresetn
                            (input port clocked by aclk  {rise@0.000ns fall@3.367ns period=6.734ns})
  Destination:            sh_k1_reg[0][7]/S
                            (rising edge-triggered cell FDSE clocked by aclk  {rise@0.000ns fall@3.367ns period=6.734ns})
  Path Group:             aclk
  Path Type:              Setup (Max at Slow Process Corner)
  Requirement:            6.734ns  (aclk rise@6.734ns - aclk rise@0.000ns)
  Data Path Delay:        4.850ns  (logic 0.150ns (3.093%)  route 4.700ns (96.907%))
  Logic Levels:           1  (LUT1=1)
  Input Delay:            2.000ns
  Clock Path Skew:        0.924ns (DCD - SCD + CPR)
    Destination Clock Delay (DCD):    0.924ns = ( 7.658 - 6.734 ) 
    Source Clock Delay      (SCD):    0.000ns
    Clock Pessimism Removal (CPR):    0.000ns
  Clock Uncertainty:      0.035ns  ((TSJ^2 + TIJ^2)^1/2 + DJ) / 2 + PE
    Total System Jitter     (TSJ):    0.071ns
    Total Input Jitter      (TIJ):    0.000ns
    Discrete Jitter          (DJ):    0.000ns
    Phase Error              (PE):    0.000ns

    Location             Delay type                Incr(ns)  Path(ns)    Netlist Resource(s)
  -------------------------------------------------------------------    -------------------
                         (clock aclk rise edge)       0.000     0.000 r  <hidden>
                         input delay                  2.000     2.000    <hidden>
                                                      0.000     2.000 f  aresetn
                         net (fo=17, unset)           0.973     2.973    aresetn
    SLICE_X15Y21         LUT1 (Prop_lut1_I0_O)        0.150     3.123 r  m_axis_tdata[7]_i_1/O
                         net (fo=548, routed)         3.727     6.850    m_axis_tdata[7]_i_1_n_0
    SLICE_X24Y8          FDSE                                         r  sh_k1_reg[0][7]/S
  -------------------------------------------------------------------    -------------------

                         (clock aclk rise edge)       6.734     6.734 r  <hidden>
                                                      0.000     6.734 r  aclk
                         net (fo=895, unset)          0.924     7.658    aclk
    SLICE_X24Y8          FDSE                                         r  sh_k1_reg[0][7]/C
                         clock pessimism              0.000     7.658    <hidden>
                         clock uncertainty           -0.035     7.623    <hidden>
    SLICE_X24Y8          FDSE (Setup_fdse_C_S)       -0.631     6.992    sh_k1_reg[0][7]
  -------------------------------------------------------------------
                         required time                          6.992    <hidden>
                         arrival time                          -6.850    <hidden>
  -------------------------------------------------------------------
                         slack                                  0.142    <hidden>

Slack (MET) :             0.146ns  (required time - arrival time)
  Source:                 pcnt_q_reg[6]/C
                            (rising edge-triggered cell FDRE clocked by aclk  {rise@0.000ns fall@3.367ns period=6.734ns})
  Destination:            pr1_reg[0]/A[5]
                            (rising edge-triggered cell DSP48E1 clocked by aclk  {rise@0.000ns fall@3.367ns period=6.734ns})
  Path Group:             aclk
  Path Type:              Setup (Max at Slow Process Corner)
  Requirement:            6.734ns  (aclk rise@6.734ns - aclk rise@0.000ns)
  Data Path Delay:        2.782ns  (logic 0.704ns (25.306%)  route 2.078ns (74.694%))
  Logic Levels:           2  (LUT6=2)
  Clock Path Skew:        -0.049ns (DCD - SCD + CPR)
    Destination Clock Delay (DCD):    0.924ns = ( 7.658 - 6.734 ) 
    Source Clock Delay      (SCD):    0.973ns
    Clock Pessimism Removal (CPR):    0.000ns
  Clock Uncertainty:      0.035ns  ((TSJ^2 + TIJ^2)^1/2 + DJ) / 2 + PE
    Total System Jitter     (TSJ):    0.071ns
    Total Input Jitter      (TIJ):    0.000ns
    Discrete Jitter          (DJ):    0.000ns
    Phase Error              (PE):    0.000ns

    Location             Delay type                Incr(ns)  Path(ns)    Netlist Resource(s)
  -------------------------------------------------------------------    -------------------
                         (clock aclk rise edge)       0.000     0.000 r  <hidden>
                                                      0.000     0.000 r  aclk
                         net (fo=895, unset)          0.973     0.973    aclk
    SLICE_X19Y3          FDRE                                         r  pcnt_q_reg[6]/C
  -------------------------------------------------------------------    -------------------
    SLICE_X19Y3          FDRE (Prop_fdre_C_Q)         0.456     1.429 r  pcnt_q_reg[6]/Q
                         net (fo=3, routed)           0.843     2.272    pcnt_q[6]
    SLICE_X18Y4          LUT6 (Prop_lut6_I0_O)        0.124     2.396 r  vB_q_i_2/O
                         net (fo=26, routed)          0.685     3.081    vB_q_i_2_n_0
    SLICE_X22Y5          LUT6 (Prop_lut6_I3_O)        0.124     3.205 r  pr2_reg[0]_i_3/O
                         net (fo=2, routed)           0.550     3.755    p_0_in[5]
    DSP48_X1Y3           DSP48E1                                      r  pr1_reg[0]/A[5]
  -------------------------------------------------------------------    -------------------

                         (clock aclk rise edge)       6.734     6.734 r  <hidden>
                                                      0.000     6.734 r  aclk
                         net (fo=895, unset)          0.924     7.658    aclk
    DSP48_X1Y3           DSP48E1                                      r  pr1_reg[0]/CLK
                         clock pessimism              0.000     7.658    <hidden>
                         clock uncertainty           -0.035     7.623    <hidden>
    DSP48_X1Y3           DSP48E1 (Setup_dsp48e1_CLK_A[5])
                                                     -3.722     3.901    pr1_reg[0]
  -------------------------------------------------------------------
                         required time                          3.901    <hidden>
                         arrival time                          -3.755    <hidden>
  -------------------------------------------------------------------
                         slack                                  0.146    <hidden>

Slack (MET) :             0.146ns  (required time - arrival time)
  Source:                 pcnt_q_reg[6]/C
                            (rising edge-triggered cell FDRE clocked by aclk  {rise@0.000ns fall@3.367ns period=6.734ns})
  Destination:            pr2_reg[0]/A[5]
                            (rising edge-triggered cell DSP48E1 clocked by aclk  {rise@0.000ns fall@3.367ns period=6.734ns})
  Path Group:             aclk
  Path Type:              Setup (Max at Slow Process Corner)
  Requirement:            6.734ns  (aclk rise@6.734ns - aclk rise@0.000ns)
  Data Path Delay:        2.782ns  (logic 0.704ns (25.306%)  route 2.078ns (74.694%))
  Logic Levels:           2  (LUT6=2)
  Clock Path Skew:        -0.049ns (DCD - SCD + CPR)
    Destination Clock Delay (DCD):    0.924ns = ( 7.658 - 6.734 ) 
    Source Clock Delay      (SCD):    0.973ns
    Clock Pessimism Removal (CPR):    0.000ns
  Clock Uncertainty:      0.035ns  ((TSJ^2 + TIJ^2)^1/2 + DJ) / 2 + PE
    Total System Jitter     (TSJ):    0.071ns
    Total Input Jitter      (TIJ):    0.000ns
    Discrete Jitter          (DJ):    0.000ns
    Phase Error              (PE):    0.000ns

    Location             Delay type                Incr(ns)  Path(ns)    Netlist Resource(s)
  -------------------------------------------------------------------    -------------------
                         (clock aclk rise edge)       0.000     0.000 r  <hidden>
                                                      0.000     0.000 r  aclk
                         net (fo=895, unset)          0.973     0.973    aclk
    SLICE_X19Y3          FDRE                                         r  pcnt_q_reg[6]/C
  -------------------------------------------------------------------    -------------------
    SLICE_X19Y3          FDRE (Prop_fdre_C_Q)         0.456     1.429 r  pcnt_q_reg[6]/Q
                         net (fo=3, routed)           0.843     2.272    pcnt_q[6]
    SLICE_X18Y4          LUT6 (Prop_lut6_I0_O)        0.124     2.396 r  vB_q_i_2/O
                         net (fo=26, routed)          0.685     3.081    vB_q_i_2_n_0
    SLICE_X22Y5          LUT6 (Prop_lut6_I3_O)        0.124     3.205 r  pr2_reg[0]_i_3/O
                         net (fo=2, routed)           0.550     3.755    p_0_in[5]
    DSP48_X1Y2           DSP48E1                                      r  pr2_reg[0]/A[5]
  -------------------------------------------------------------------    -------------------

                         (clock aclk rise edge)       6.734     6.734 r  <hidden>
                                                      0.000     6.734 r  aclk
                         net (fo=895, unset)          0.924     7.658    aclk
    DSP48_X1Y2           DSP48E1                                      r  pr2_reg[0]/CLK
                         clock pessimism              0.000     7.658    <hidden>
                         clock uncertainty           -0.035     7.623    <hidden>
    DSP48_X1Y2           DSP48E1 (Setup_dsp48e1_CLK_A[5])
                                                     -3.722     3.901    pr2_reg[0]
  -------------------------------------------------------------------
                         required time                          3.901    <hidden>
                         arrival time                          -3.755    <hidden>
  -------------------------------------------------------------------
                         slack                                  0.146    <hidden>

Slack (MET) :             0.147ns  (required time - arrival time)
  Source:                 aresetn
                            (input port clocked by aclk  {rise@0.000ns fall@3.367ns period=6.734ns})
  Destination:            sh_k1_reg[3][2]/S
                            (rising edge-triggered cell FDSE clocked by aclk  {rise@0.000ns fall@3.367ns period=6.734ns})
  Path Group:             aclk
  Path Type:              Setup (Max at Slow Process Corner)
  Requirement:            6.734ns  (aclk rise@6.734ns - aclk rise@0.000ns)
  Data Path Delay:        4.845ns  (logic 0.150ns (3.096%)  route 4.695ns (96.904%))
  Logic Levels:           1  (LUT1=1)
  Input Delay:            2.000ns
  Clock Path Skew:        0.924ns (DCD - SCD + CPR)
    Destination Clock Delay (DCD):    0.924ns = ( 7.658 - 6.734 ) 
    Source Clock Delay      (SCD):    0.000ns
    Clock Pessimism Removal (CPR):    0.000ns
  Clock Uncertainty:      0.035ns  ((TSJ^2 + TIJ^2)^1/2 + DJ) / 2 + PE
    Total System Jitter     (TSJ):    0.071ns
    Total Input Jitter      (TIJ):    0.000ns
    Discrete Jitter          (DJ):    0.000ns
    Phase Error              (PE):    0.000ns

    Location             Delay type                Incr(ns)  Path(ns)    Netlist Resource(s)
  -------------------------------------------------------------------    -------------------
                         (clock aclk rise edge)       0.000     0.000 r  <hidden>
                         input delay                  2.000     2.000    <hidden>
                                                      0.000     2.000 f  aresetn
                         net (fo=17, unset)           0.973     2.973    aresetn
    SLICE_X15Y21         LUT1 (Prop_lut1_I0_O)        0.150     3.123 r  m_axis_tdata[7]_i_1/O
                         net (fo=548, routed)         3.722     6.845    m_axis_tdata[7]_i_1_n_0
    SLICE_X25Y8          FDSE                                         r  sh_k1_reg[3][2]/S
  -------------------------------------------------------------------    -------------------

                         (clock aclk rise edge)       6.734     6.734 r  <hidden>
                                                      0.000     6.734 r  aclk
                         net (fo=895, unset)          0.924     7.658    aclk
    SLICE_X25Y8          FDSE                                         r  sh_k1_reg[3][2]/C
                         clock pessimism              0.000     7.658    <hidden>
                         clock uncertainty           -0.035     7.623    <hidden>
    SLICE_X25Y8          FDSE (Setup_fdse_C_S)       -0.631     6.992    sh_k1_reg[3][2]
  -------------------------------------------------------------------
                         required time                          6.992    <hidden>
                         arrival time                          -6.845    <hidden>
  -------------------------------------------------------------------
                         slack                                  0.147    <hidden>

Slack (MET) :             0.147ns  (required time - arrival time)
  Source:                 aresetn
                            (input port clocked by aclk  {rise@0.000ns fall@3.367ns period=6.734ns})
  Destination:            sh_k1_reg[3][3]/S
                            (rising edge-triggered cell FDSE clocked by aclk  {rise@0.000ns fall@3.367ns period=6.734ns})
  Path Group:             aclk
  Path Type:              Setup (Max at Slow Process Corner)
  Requirement:            6.734ns  (aclk rise@6.734ns - aclk rise@0.000ns)
  Data Path Delay:        4.845ns  (logic 0.150ns (3.096%)  route 4.695ns (96.904%))
  Logic Levels:           1  (LUT1=1)
  Input Delay:            2.000ns
  Clock Path Skew:        0.924ns (DCD - SCD + CPR)
    Destination Clock Delay (DCD):    0.924ns = ( 7.658 - 6.734 ) 
    Source Clock Delay      (SCD):    0.000ns
    Clock Pessimism Removal (CPR):    0.000ns
  Clock Uncertainty:      0.035ns  ((TSJ^2 + TIJ^2)^1/2 + DJ) / 2 + PE
    Total System Jitter     (TSJ):    0.071ns
    Total Input Jitter      (TIJ):    0.000ns
    Discrete Jitter          (DJ):    0.000ns
    Phase Error              (PE):    0.000ns

    Location             Delay type                Incr(ns)  Path(ns)    Netlist Resource(s)
  -------------------------------------------------------------------    -------------------
                         (clock aclk rise edge)       0.000     0.000 r  <hidden>
                         input delay                  2.000     2.000    <hidden>
                                                      0.000     2.000 f  aresetn
                         net (fo=17, unset)           0.973     2.973    aresetn
    SLICE_X15Y21         LUT1 (Prop_lut1_I0_O)        0.150     3.123 r  m_axis_tdata[7]_i_1/O
                         net (fo=548, routed)         3.722     6.845    m_axis_tdata[7]_i_1_n_0
    SLICE_X25Y8          FDSE                                         r  sh_k1_reg[3][3]/S
  -------------------------------------------------------------------    -------------------

                         (clock aclk rise edge)       6.734     6.734 r  <hidden>
                                                      0.000     6.734 r  aclk
                         net (fo=895, unset)          0.924     7.658    aclk
    SLICE_X25Y8          FDSE                                         r  sh_k1_reg[3][3]/C
                         clock pessimism              0.000     7.658    <hidden>
                         clock uncertainty           -0.035     7.623    <hidden>
    SLICE_X25Y8          FDSE (Setup_fdse_C_S)       -0.631     6.992    sh_k1_reg[3][3]
  -------------------------------------------------------------------
                         required time                          6.992    <hidden>
                         arrival time                          -6.845    <hidden>
  -------------------------------------------------------------------
                         slack                                  0.147    <hidden>

Slack (MET) :             0.170ns  (required time - arrival time)
  Source:                 pcnt_q_reg[6]/C
                            (rising edge-triggered cell FDRE clocked by aclk  {rise@0.000ns fall@3.367ns period=6.734ns})
  Destination:            pr1_reg[3]/A[2]
                            (rising edge-triggered cell DSP48E1 clocked by aclk  {rise@0.000ns fall@3.367ns period=6.734ns})
  Path Group:             aclk
  Path Type:              Setup (Max at Slow Process Corner)
  Requirement:            6.734ns  (aclk rise@6.734ns - aclk rise@0.000ns)
  Data Path Delay:        2.758ns  (logic 0.704ns (25.522%)  route 2.054ns (74.478%))
  Logic Levels:           2  (LUT6=2)
  Clock Path Skew:        -0.049ns (DCD - SCD + CPR)
    Destination Clock Delay (DCD):    0.924ns = ( 7.658 - 6.734 ) 
    Source Clock Delay      (SCD):    0.973ns
    Clock Pessimism Removal (CPR):    0.000ns
  Clock Uncertainty:      0.035ns  ((TSJ^2 + TIJ^2)^1/2 + DJ) / 2 + PE
    Total System Jitter     (TSJ):    0.071ns
    Total Input Jitter      (TIJ):    0.000ns
    Discrete Jitter          (DJ):    0.000ns
    Phase Error              (PE):    0.000ns

    Location             Delay type                Incr(ns)  Path(ns)    Netlist Resource(s)
  -------------------------------------------------------------------    -------------------
                         (clock aclk rise edge)       0.000     0.000 r  <hidden>
                                                      0.000     0.000 r  aclk
                         net (fo=895, unset)          0.973     0.973    aclk
    SLICE_X19Y3          FDRE                                         r  pcnt_q_reg[6]/C
  -------------------------------------------------------------------    -------------------
    SLICE_X19Y3          FDRE (Prop_fdre_C_Q)         0.456     1.429 r  pcnt_q_reg[6]/Q
                         net (fo=3, routed)           0.843     2.272    pcnt_q[6]
    SLICE_X18Y4          LUT6 (Prop_lut6_I0_O)        0.124     2.396 r  vB_q_i_2/O
                         net (fo=26, routed)          0.496     2.892    vB_q_i_2_n_0
    SLICE_X19Y6          LUT6 (Prop_lut6_I3_O)        0.124     3.016 r  pr2_reg[3]_i_7/O
                         net (fo=2, routed)           0.716     3.731    pr2_reg[3]_i_7_n_0
    DSP48_X1Y4           DSP48E1                                      r  pr1_reg[3]/A[2]
  -------------------------------------------------------------------    -------------------

                         (clock aclk rise edge)       6.734     6.734 r  <hidden>
                                                      0.000     6.734 r  aclk
                         net (fo=895, unset)          0.924     7.658    aclk
    DSP48_X1Y4           DSP48E1                                      r  pr1_reg[3]/CLK
                         clock pessimism              0.000     7.658    <hidden>
                         clock uncertainty           -0.035     7.623    <hidden>
    DSP48_X1Y4           DSP48E1 (Setup_dsp48e1_CLK_A[2])
                                                     -3.722     3.901    pr1_reg[3]
  -------------------------------------------------------------------
                         required time                          3.901    <hidden>
                         arrival time                          -3.731    <hidden>
  -------------------------------------------------------------------
                         slack                                  0.170    <hidden>

Slack (MET) :             0.174ns  (required time - arrival time)
  Source:                 pcnt_q_reg[6]/C
                            (rising edge-triggered cell FDRE clocked by aclk  {rise@0.000ns fall@3.367ns period=6.734ns})
  Destination:            pr1_reg[6]/A[0]
                            (rising edge-triggered cell DSP48E1 clocked by aclk  {rise@0.000ns fall@3.367ns period=6.734ns})
  Path Group:             aclk
  Path Type:              Setup (Max at Slow Process Corner)
  Requirement:            6.734ns  (aclk rise@6.734ns - aclk rise@0.000ns)
  Data Path Delay:        2.754ns  (logic 0.704ns (25.567%)  route 2.050ns (74.433%))
  Logic Levels:           2  (LUT6=2)
  Clock Path Skew:        -0.049ns (DCD - SCD + CPR)
    Destination Clock Delay (DCD):    0.924ns = ( 7.658 - 6.734 ) 
    Source Clock Delay      (SCD):    0.973ns
    Clock Pessimism Removal (CPR):    0.000ns
  Clock Uncertainty:      0.035ns  ((TSJ^2 + TIJ^2)^1/2 + DJ) / 2 + PE
    Total System Jitter     (TSJ):    0.071ns
    Total Input Jitter      (TIJ):    0.000ns
    Discrete Jitter          (DJ):    0.000ns
    Phase Error              (PE):    0.000ns

    Location             Delay type                Incr(ns)  Path(ns)    Netlist Resource(s)
  -------------------------------------------------------------------    -------------------
                         (clock aclk rise edge)       0.000     0.000 r  <hidden>
                                                      0.000     0.000 r  aclk
                         net (fo=895, unset)          0.973     0.973    aclk
    SLICE_X19Y3          FDRE                                         r  pcnt_q_reg[6]/C
  -------------------------------------------------------------------    -------------------
    SLICE_X19Y3          FDRE (Prop_fdre_C_Q)         0.456     1.429 r  pcnt_q_reg[6]/Q
                         net (fo=3, routed)           0.843     2.272    pcnt_q[6]
    SLICE_X18Y4          LUT6 (Prop_lut6_I0_O)        0.124     2.396 r  vB_q_i_2/O
                         net (fo=26, routed)          0.572     2.967    vB_q_i_2_n_0
    SLICE_X19Y5          LUT6 (Prop_lut6_I3_O)        0.124     3.091 r  pr2_reg[6]_i_8/O
                         net (fo=2, routed)           0.635     3.727    pr2_reg[6]_i_8_n_0
    DSP48_X0Y2           DSP48E1                                      r  pr1_reg[6]/A[0]
  -------------------------------------------------------------------    -------------------

                         (clock aclk rise edge)       6.734     6.734 r  <hidden>
                                                      0.000     6.734 r  aclk
                         net (fo=895, unset)          0.924     7.658    aclk
    DSP48_X0Y2           DSP48E1                                      r  pr1_reg[6]/CLK
                         clock pessimism              0.000     7.658    <hidden>
                         clock uncertainty           -0.035     7.623    <hidden>
    DSP48_X0Y2           DSP48E1 (Setup_dsp48e1_CLK_A[0])
                                                     -3.722     3.901    pr1_reg[6]
  -------------------------------------------------------------------
                         required time                          3.901    <hidden>
                         arrival time                          -3.727    <hidden>
  -------------------------------------------------------------------
                         slack                                  0.174    <hidden>

Slack (MET) :             0.174ns  (required time - arrival time)
  Source:                 pcnt_q_reg[6]/C
                            (rising edge-triggered cell FDRE clocked by aclk  {rise@0.000ns fall@3.367ns period=6.734ns})
  Destination:            pr2_reg[6]/A[0]
                            (rising edge-triggered cell DSP48E1 clocked by aclk  {rise@0.000ns fall@3.367ns period=6.734ns})
  Path Group:             aclk
  Path Type:              Setup (Max at Slow Process Corner)
  Requirement:            6.734ns  (aclk rise@6.734ns - aclk rise@0.000ns)
  Data Path Delay:        2.754ns  (logic 0.704ns (25.567%)  route 2.050ns (74.433%))
  Logic Levels:           2  (LUT6=2)
  Clock Path Skew:        -0.049ns (DCD - SCD + CPR)
    Destination Clock Delay (DCD):    0.924ns = ( 7.658 - 6.734 ) 
    Source Clock Delay      (SCD):    0.973ns
    Clock Pessimism Removal (CPR):    0.000ns
  Clock Uncertainty:      0.035ns  ((TSJ^2 + TIJ^2)^1/2 + DJ) / 2 + PE
    Total System Jitter     (TSJ):    0.071ns
    Total Input Jitter      (TIJ):    0.000ns
    Discrete Jitter          (DJ):    0.000ns
    Phase Error              (PE):    0.000ns

    Location             Delay type                Incr(ns)  Path(ns)    Netlist Resource(s)
  -------------------------------------------------------------------    -------------------
                         (clock aclk rise edge)       0.000     0.000 r  <hidden>
                                                      0.000     0.000 r  aclk
                         net (fo=895, unset)          0.973     0.973    aclk
    SLICE_X19Y3          FDRE                                         r  pcnt_q_reg[6]/C
  -------------------------------------------------------------------    -------------------
    SLICE_X19Y3          FDRE (Prop_fdre_C_Q)         0.456     1.429 r  pcnt_q_reg[6]/Q
                         net (fo=3, routed)           0.843     2.272    pcnt_q[6]
    SLICE_X18Y4          LUT6 (Prop_lut6_I0_O)        0.124     2.396 r  vB_q_i_2/O
                         net (fo=26, routed)          0.572     2.967    vB_q_i_2_n_0
    SLICE_X19Y5          LUT6 (Prop_lut6_I3_O)        0.124     3.091 r  pr2_reg[6]_i_8/O
                         net (fo=2, routed)           0.635     3.727    pr2_reg[6]_i_8_n_0
    DSP48_X0Y3           DSP48E1                                      r  pr2_reg[6]/A[0]
  -------------------------------------------------------------------    -------------------

                         (clock aclk rise edge)       6.734     6.734 r  <hidden>
                                                      0.000     6.734 r  aclk
                         net (fo=895, unset)          0.924     7.658    aclk
    DSP48_X0Y3           DSP48E1                                      r  pr2_reg[6]/CLK
                         clock pessimism              0.000     7.658    <hidden>
                         clock uncertainty           -0.035     7.623    <hidden>
    DSP48_X0Y3           DSP48E1 (Setup_dsp48e1_CLK_A[0])
                                                     -3.722     3.901    pr2_reg[6]
  -------------------------------------------------------------------
                         required time                          3.901    <hidden>
                         arrival time                          -3.727    <hidden>
  -------------------------------------------------------------------
                         slack                                  0.174    <hidden>

Slack (MET) :             0.188ns  (required time - arrival time)
  Source:                 pcnt_q_reg[6]/C
                            (rising edge-triggered cell FDRE clocked by aclk  {rise@0.000ns fall@3.367ns period=6.734ns})
  Destination:            pr2_reg[3]/A[3]
                            (rising edge-triggered cell DSP48E1 clocked by aclk  {rise@0.000ns fall@3.367ns period=6.734ns})
  Path Group:             aclk
  Path Type:              Setup (Max at Slow Process Corner)
  Requirement:            6.734ns  (aclk rise@6.734ns - aclk rise@0.000ns)
  Data Path Delay:        2.740ns  (logic 0.704ns (25.697%)  route 2.036ns (74.303%))
  Logic Levels:           2  (LUT6=2)
  Clock Path Skew:        -0.049ns (DCD - SCD + CPR)
    Destination Clock Delay (DCD):    0.924ns = ( 7.658 - 6.734 ) 
    Source Clock Delay      (SCD):    0.973ns
    Clock Pessimism Removal (CPR):    0.000ns
  Clock Uncertainty:      0.035ns  ((TSJ^2 + TIJ^2)^1/2 + DJ) / 2 + PE
    Total System Jitter     (TSJ):    0.071ns
    Total Input Jitter      (TIJ):    0.000ns
    Discrete Jitter          (DJ):    0.000ns
    Phase Error              (PE):    0.000ns

    Location             Delay type                Incr(ns)  Path(ns)    Netlist Resource(s)
  -------------------------------------------------------------------    -------------------
                         (clock aclk rise edge)       0.000     0.000 r  <hidden>
                                                      0.000     0.000 r  aclk
                         net (fo=895, unset)          0.973     0.973    aclk
    SLICE_X19Y3          FDRE                                         r  pcnt_q_reg[6]/C
  -------------------------------------------------------------------    -------------------
    SLICE_X19Y3          FDRE (Prop_fdre_C_Q)         0.456     1.429 r  pcnt_q_reg[6]/Q
                         net (fo=3, routed)           0.843     2.272    pcnt_q[6]
    SLICE_X18Y4          LUT6 (Prop_lut6_I0_O)        0.124     2.396 r  vB_q_i_2/O
                         net (fo=26, routed)          0.560     2.956    vB_q_i_2_n_0
    SLICE_X18Y6          LUT6 (Prop_lut6_I3_O)        0.124     3.080 r  pr2_reg[3]_i_6/O
                         net (fo=2, routed)           0.633     3.713    pr2_reg[3]_i_6_n_0
    DSP48_X1Y0           DSP48E1                                      r  pr2_reg[3]/A[3]
  -------------------------------------------------------------------    -------------------

                         (clock aclk rise edge)       6.734     6.734 r  <hidden>
                                                      0.000     6.734 r  aclk
                         net (fo=895, unset)          0.924     7.658    aclk
    DSP48_X1Y0           DSP48E1                                      r  pr2_reg[3]/CLK
                         clock pessimism              0.000     7.658    <hidden>
                         clock uncertainty           -0.035     7.623    <hidden>
    DSP48_X1Y0           DSP48E1 (Setup_dsp48e1_CLK_A[3])
                                                     -3.722     3.901    pr2_reg[3]
  -------------------------------------------------------------------
                         required time                          3.901    <hidden>
                         arrival time                          -3.713    <hidden>
  -------------------------------------------------------------------
                         slack                                  0.188    <hidden>

Slack (MET) :             0.191ns  (required time - arrival time)
  Source:                 pcnt_q_reg[6]/C
                            (rising edge-triggered cell FDRE clocked by aclk  {rise@0.000ns fall@3.367ns period=6.734ns})
  Destination:            pr1_reg[3]/A[7]
                            (rising edge-triggered cell DSP48E1 clocked by aclk  {rise@0.000ns fall@3.367ns period=6.734ns})
  Path Group:             aclk
  Path Type:              Setup (Max at Slow Process Corner)
  Requirement:            6.734ns  (aclk rise@6.734ns - aclk rise@0.000ns)
  Data Path Delay:        2.737ns  (logic 0.704ns (25.717%)  route 2.033ns (74.283%))
  Logic Levels:           2  (LUT6=2)
  Clock Path Skew:        -0.049ns (DCD - SCD + CPR)
    Destination Clock Delay (DCD):    0.924ns = ( 7.658 - 6.734 ) 
    Source Clock Delay      (SCD):    0.973ns
    Clock Pessimism Removal (CPR):    0.000ns
  Clock Uncertainty:      0.035ns  ((TSJ^2 + TIJ^2)^1/2 + DJ) / 2 + PE
    Total System Jitter     (TSJ):    0.071ns
    Total Input Jitter      (TIJ):    0.000ns
    Discrete Jitter          (DJ):    0.000ns
    Phase Error              (PE):    0.000ns

    Location             Delay type                Incr(ns)  Path(ns)    Netlist Resource(s)
  -------------------------------------------------------------------    -------------------
                         (clock aclk rise edge)       0.000     0.000 r  <hidden>
                                                      0.000     0.000 r  aclk
                         net (fo=895, unset)          0.973     0.973    aclk
    SLICE_X19Y3          FDRE                                         r  pcnt_q_reg[6]/C
  -------------------------------------------------------------------    -------------------
    SLICE_X19Y3          FDRE (Prop_fdre_C_Q)         0.456     1.429 r  pcnt_q_reg[6]/Q
                         net (fo=3, routed)           0.843     2.272    pcnt_q[6]
    SLICE_X18Y4          LUT6 (Prop_lut6_I0_O)        0.124     2.396 r  vB_q_i_2/O
                         net (fo=26, routed)          0.573     2.969    vB_q_i_2_n_0
    SLICE_X19Y6          LUT6 (Prop_lut6_I3_O)        0.124     3.093 r  pr2_reg[3]_i_2/O
                         net (fo=2, routed)           0.617     3.710    pr2_reg[3]_i_2_n_0
    DSP48_X1Y4           DSP48E1                                      r  pr1_reg[3]/A[7]
  -------------------------------------------------------------------    -------------------

                         (clock aclk rise edge)       6.734     6.734 r  <hidden>
                                                      0.000     6.734 r  aclk
                         net (fo=895, unset)          0.924     7.658    aclk
    DSP48_X1Y4           DSP48E1                                      r  pr1_reg[3]/CLK
                         clock pessimism              0.000     7.658    <hidden>
                         clock uncertainty           -0.035     7.623    <hidden>
    DSP48_X1Y4           DSP48E1 (Setup_dsp48e1_CLK_A[7])
                                                     -3.722     3.901    pr1_reg[3]
  -------------------------------------------------------------------
                         required time                          3.901    <hidden>
                         arrival time                          -3.710    <hidden>
  -------------------------------------------------------------------
                         slack                                  0.191    <hidden>

Slack (MET) :             0.206ns  (required time - arrival time)
  Source:                 pcnt_q_reg[6]/C
                            (rising edge-triggered cell FDRE clocked by aclk  {rise@0.000ns fall@3.367ns period=6.734ns})
  Destination:            pr2_reg[3]/A[1]
                            (rising edge-triggered cell DSP48E1 clocked by aclk  {rise@0.000ns fall@3.367ns period=6.734ns})
  Path Group:             aclk
  Path Type:              Setup (Max at Slow Process Corner)
  Requirement:            6.734ns  (aclk rise@6.734ns - aclk rise@0.000ns)
  Data Path Delay:        2.722ns  (logic 0.704ns (25.867%)  route 2.018ns (74.133%))
  Logic Levels:           2  (LUT6=2)
  Clock Path Skew:        -0.049ns (DCD - SCD + CPR)
    Destination Clock Delay (DCD):    0.924ns = ( 7.658 - 6.734 ) 
    Source Clock Delay      (SCD):    0.973ns
    Clock Pessimism Removal (CPR):    0.000ns
  Clock Uncertainty:      0.035ns  ((TSJ^2 + TIJ^2)^1/2 + DJ) / 2 + PE
    Total System Jitter     (TSJ):    0.071ns
    Total Input Jitter      (TIJ):    0.000ns
    Discrete Jitter          (DJ):    0.000ns
    Phase Error              (PE):    0.000ns

    Location             Delay type                Incr(ns)  Path(ns)    Netlist Resource(s)
  -------------------------------------------------------------------    -------------------
                         (clock aclk rise edge)       0.000     0.000 r  <hidden>
                                                      0.000     0.000 r  aclk
                         net (fo=895, unset)          0.973     0.973    aclk
    SLICE_X19Y3          FDRE                                         r  pcnt_q_reg[6]/C
  -------------------------------------------------------------------    -------------------
    SLICE_X19Y3          FDRE (Prop_fdre_C_Q)         0.456     1.429 r  pcnt_q_reg[6]/Q
                         net (fo=3, routed)           0.843     2.272    pcnt_q[6]
    SLICE_X18Y4          LUT6 (Prop_lut6_I0_O)        0.124     2.396 r  vB_q_i_2/O
                         net (fo=26, routed)          0.415     2.810    vB_q_i_2_n_0
    SLICE_X18Y5          LUT6 (Prop_lut6_I3_O)        0.124     2.934 r  pr2_reg[3]_i_8/O
                         net (fo=2, routed)           0.760     3.695    pr2_reg[3]_i_8_n_0
    DSP48_X1Y0           DSP48E1                                      r  pr2_reg[3]/A[1]
  -------------------------------------------------------------------    -------------------

                         (clock aclk rise edge)       6.734     6.734 r  <hidden>
                                                      0.000     6.734 r  aclk
                         net (fo=895, unset)          0.924     7.658    aclk
    DSP48_X1Y0           DSP48E1                                      r  pr2_reg[3]/CLK
                         clock pessimism              0.000     7.658    <hidden>
                         clock uncertainty           -0.035     7.623    <hidden>
    DSP48_X1Y0           DSP48E1 (Setup_dsp48e1_CLK_A[1])
                                                     -3.722     3.901    pr2_reg[3]
  -------------------------------------------------------------------
                         required time                          3.901    <hidden>
                         arrival time                          -3.695    <hidden>
  -------------------------------------------------------------------
                         slack                                  0.206    <hidden>

Slack (MET) :             0.213ns  (required time - arrival time)
  Source:                 pcnt_q_reg[6]/C
                            (rising edge-triggered cell FDRE clocked by aclk  {rise@0.000ns fall@3.367ns period=6.734ns})
  Destination:            pr1_reg[3]/A[0]
                            (rising edge-triggered cell DSP48E1 clocked by aclk  {rise@0.000ns fall@3.367ns period=6.734ns})
  Path Group:             aclk
  Path Type:              Setup (Max at Slow Process Corner)
  Requirement:            6.734ns  (aclk rise@6.734ns - aclk rise@0.000ns)
  Data Path Delay:        2.715ns  (logic 0.704ns (25.928%)  route 2.011ns (74.072%))
  Logic Levels:           2  (LUT6=2)
  Clock Path Skew:        -0.049ns (DCD - SCD + CPR)
    Destination Clock Delay (DCD):    0.924ns = ( 7.658 - 6.734 ) 
    Source Clock Delay      (SCD):    0.973ns
    Clock Pessimism Removal (CPR):    0.000ns
  Clock Uncertainty:      0.035ns  ((TSJ^2 + TIJ^2)^1/2 + DJ) / 2 + PE
    Total System Jitter     (TSJ):    0.071ns
    Total Input Jitter      (TIJ):    0.000ns
    Discrete Jitter          (DJ):    0.000ns
    Phase Error              (PE):    0.000ns

    Location             Delay type                Incr(ns)  Path(ns)    Netlist Resource(s)
  -------------------------------------------------------------------    -------------------
                         (clock aclk rise edge)       0.000     0.000 r  <hidden>
                                                      0.000     0.000 r  aclk
                         net (fo=895, unset)          0.973     0.973    aclk
    SLICE_X19Y3          FDRE                                         r  pcnt_q_reg[6]/C
  -------------------------------------------------------------------    -------------------
    SLICE_X19Y3          FDRE (Prop_fdre_C_Q)         0.456     1.429 r  pcnt_q_reg[6]/Q
                         net (fo=3, routed)           0.843     2.272    pcnt_q[6]
    SLICE_X18Y4          LUT6 (Prop_lut6_I0_O)        0.124     2.396 r  vB_q_i_2/O
                         net (fo=26, routed)          0.412     2.807    vB_q_i_2_n_0
    SLICE_X18Y5          LUT6 (Prop_lut6_I3_O)        0.124     2.931 r  pr2_reg[3]_i_9/O
                         net (fo=2, routed)           0.757     3.688    pr2_reg[3]_i_9_n_0
    DSP48_X1Y4           DSP48E1                                      r  pr1_reg[3]/A[0]
  -------------------------------------------------------------------    -------------------

                         (clock aclk rise edge)       6.734     6.734 r  <hidden>
                                                      0.000     6.734 r  aclk
                         net (fo=895, unset)          0.924     7.658    aclk
    DSP48_X1Y4           DSP48E1                                      r  pr1_reg[3]/CLK
                         clock pessimism              0.000     7.658    <hidden>
                         clock uncertainty           -0.035     7.623    <hidden>
    DSP48_X1Y4           DSP48E1 (Setup_dsp48e1_CLK_A[0])
                                                     -3.722     3.901    pr1_reg[3]
  -------------------------------------------------------------------
                         required time                          3.901    <hidden>
                         arrival time                          -3.688    <hidden>
  -------------------------------------------------------------------
                         slack                                  0.213    <hidden>

Slack (MET) :             0.220ns  (required time - arrival time)
  Source:                 pcnt_q_reg[6]/C
                            (rising edge-triggered cell FDRE clocked by aclk  {rise@0.000ns fall@3.367ns period=6.734ns})
  Destination:            pr1_reg[3]/A[1]
                            (rising edge-triggered cell DSP48E1 clocked by aclk  {rise@0.000ns fall@3.367ns period=6.734ns})
  Path Group:             aclk
  Path Type:              Setup (Max at Slow Process Corner)
  Requirement:            6.734ns  (aclk rise@6.734ns - aclk rise@0.000ns)
  Data Path Delay:        2.708ns  (logic 0.704ns (25.993%)  route 2.004ns (74.007%))
  Logic Levels:           2  (LUT6=2)
  Clock Path Skew:        -0.049ns (DCD - SCD + CPR)
    Destination Clock Delay (DCD):    0.924ns = ( 7.658 - 6.734 ) 
    Source Clock Delay      (SCD):    0.973ns
    Clock Pessimism Removal (CPR):    0.000ns
  Clock Uncertainty:      0.035ns  ((TSJ^2 + TIJ^2)^1/2 + DJ) / 2 + PE
    Total System Jitter     (TSJ):    0.071ns
    Total Input Jitter      (TIJ):    0.000ns
    Discrete Jitter          (DJ):    0.000ns
    Phase Error              (PE):    0.000ns

    Location             Delay type                Incr(ns)  Path(ns)    Netlist Resource(s)
  -------------------------------------------------------------------    -------------------
                         (clock aclk rise edge)       0.000     0.000 r  <hidden>
                                                      0.000     0.000 r  aclk
                         net (fo=895, unset)          0.973     0.973    aclk
    SLICE_X19Y3          FDRE                                         r  pcnt_q_reg[6]/C
  -------------------------------------------------------------------    -------------------
    SLICE_X19Y3          FDRE (Prop_fdre_C_Q)         0.456     1.429 r  pcnt_q_reg[6]/Q
                         net (fo=3, routed)           0.843     2.272    pcnt_q[6]
    SLICE_X18Y4          LUT6 (Prop_lut6_I0_O)        0.124     2.396 r  vB_q_i_2/O
                         net (fo=26, routed)          0.415     2.810    vB_q_i_2_n_0
    SLICE_X18Y5          LUT6 (Prop_lut6_I3_O)        0.124     2.934 r  pr2_reg[3]_i_8/O
                         net (fo=2, routed)           0.747     3.681    pr2_reg[3]_i_8_n_0
    DSP48_X1Y4           DSP48E1                                      r  pr1_reg[3]/A[1]
  -------------------------------------------------------------------    -------------------

                         (clock aclk rise edge)       6.734     6.734 r  <hidden>
                                                      0.000     6.734 r  aclk
                         net (fo=895, unset)          0.924     7.658    aclk
    DSP48_X1Y4           DSP48E1                                      r  pr1_reg[3]/CLK
                         clock pessimism              0.000     7.658    <hidden>
                         clock uncertainty           -0.035     7.623    <hidden>
    DSP48_X1Y4           DSP48E1 (Setup_dsp48e1_CLK_A[1])
                                                     -3.722     3.901    pr1_reg[3]
  -------------------------------------------------------------------
                         required time                          3.901    <hidden>
                         arrival time                          -3.681    <hidden>
  -------------------------------------------------------------------
                         slack                                  0.220    <hidden>





Min Delay Paths
--------------------------------------------------------------------------------------
Slack (MET) :             0.097ns  (arrival time - required time)
  Source:                 cc1_q_reg[5]/C
                            (rising edge-triggered cell FDRE clocked by aclk  {rise@0.000ns fall@3.367ns period=6.734ns})
  Destination:            ccD_q_reg[5]/D
                            (rising edge-triggered cell FDRE clocked by aclk  {rise@0.000ns fall@3.367ns period=6.734ns})
  Path Group:             aclk
  Path Type:              Hold (Min at Fast Process Corner)
  Requirement:            0.000ns  (aclk rise@0.000ns - aclk rise@0.000ns)
  Data Path Delay:        0.197ns  (logic 0.141ns (71.611%)  route 0.056ns (28.389%))
  Logic Levels:           0  
  Clock Path Skew:        0.022ns (DCD - SCD - CPR)
    Destination Clock Delay (DCD):    0.432ns
    Source Clock Delay      (SCD):    0.410ns
    Clock Pessimism Removal (CPR):    -0.000ns

    Location             Delay type                Incr(ns)  Path(ns)    Netlist Resource(s)
  -------------------------------------------------------------------    -------------------
                         (clock aclk rise edge)       0.000     0.000 r  <hidden>
                                                      0.000     0.000 r  aclk
                         net (fo=895, unset)          0.410     0.410    aclk
    SLICE_X23Y4          FDRE                                         r  cc1_q_reg[5]/C
  -------------------------------------------------------------------    -------------------
    SLICE_X23Y4          FDRE (Prop_fdre_C_Q)         0.141     0.551 r  cc1_q_reg[5]/Q
                         net (fo=1, routed)           0.056     0.607    cc1_q[5]
    SLICE_X23Y4          FDRE                                         r  ccD_q_reg[5]/D
  -------------------------------------------------------------------    -------------------

                         (clock aclk rise edge)       0.000     0.000 r  <hidden>
                                                      0.000     0.000 r  aclk
                         net (fo=895, unset)          0.432     0.432    aclk
    SLICE_X23Y4          FDRE                                         r  ccD_q_reg[5]/C
                         clock pessimism              0.000     0.432    <hidden>
    SLICE_X23Y4          FDRE (Hold_fdre_C_D)         0.078     0.510    ccD_q_reg[5]
  -------------------------------------------------------------------
                         required time                         -0.510    <hidden>
                         arrival time                           0.607    <hidden>
  -------------------------------------------------------------------
                         slack                                  0.097    <hidden>

Slack (MET) :             0.100ns  (arrival time - required time)
  Source:                 row1_q_reg[4]/C
                            (rising edge-triggered cell FDRE clocked by aclk  {rise@0.000ns fall@3.367ns period=6.734ns})
  Destination:            rowD_q_reg[4]/D
                            (rising edge-triggered cell FDRE clocked by aclk  {rise@0.000ns fall@3.367ns period=6.734ns})
  Path Group:             aclk
  Path Type:              Hold (Min at Fast Process Corner)
  Requirement:            0.000ns  (aclk rise@0.000ns - aclk rise@0.000ns)
  Data Path Delay:        0.197ns  (logic 0.141ns (71.611%)  route 0.056ns (28.389%))
  Logic Levels:           0  
  Clock Path Skew:        0.022ns (DCD - SCD - CPR)
    Destination Clock Delay (DCD):    0.432ns
    Source Clock Delay      (SCD):    0.410ns
    Clock Pessimism Removal (CPR):    -0.000ns

    Location             Delay type                Incr(ns)  Path(ns)    Netlist Resource(s)
  -------------------------------------------------------------------    -------------------
                         (clock aclk rise edge)       0.000     0.000 r  <hidden>
                                                      0.000     0.000 r  aclk
                         net (fo=895, unset)          0.410     0.410    aclk
    SLICE_X19Y28         FDRE                                         r  row1_q_reg[4]/C
  -------------------------------------------------------------------    -------------------
    SLICE_X19Y28         FDRE (Prop_fdre_C_Q)         0.141     0.551 r  row1_q_reg[4]/Q
                         net (fo=1, routed)           0.056     0.607    row1_q[4]
    SLICE_X19Y28         FDRE                                         r  rowD_q_reg[4]/D
  -------------------------------------------------------------------    -------------------

                         (clock aclk rise edge)       0.000     0.000 r  <hidden>
                                                      0.000     0.000 r  aclk
                         net (fo=895, unset)          0.432     0.432    aclk
    SLICE_X19Y28         FDRE                                         r  rowD_q_reg[4]/C
                         clock pessimism              0.000     0.432    <hidden>
    SLICE_X19Y28         FDRE (Hold_fdre_C_D)         0.075     0.507    rowD_q_reg[4]
  -------------------------------------------------------------------
                         required time                         -0.507    <hidden>
                         arrival time                           0.607    <hidden>
  -------------------------------------------------------------------
                         slack                                  0.100    <hidden>

Slack (MET) :             0.102ns  (arrival time - required time)
  Source:                 cc1_q_reg[7]/C
                            (rising edge-triggered cell FDRE clocked by aclk  {rise@0.000ns fall@3.367ns period=6.734ns})
  Destination:            ccD_q_reg[7]/D
                            (rising edge-triggered cell FDRE clocked by aclk  {rise@0.000ns fall@3.367ns period=6.734ns})
  Path Group:             aclk
  Path Type:              Hold (Min at Fast Process Corner)
  Requirement:            0.000ns  (aclk rise@0.000ns - aclk rise@0.000ns)
  Data Path Delay:        0.200ns  (logic 0.141ns (70.589%)  route 0.059ns (29.411%))
  Logic Levels:           0  
  Clock Path Skew:        0.022ns (DCD - SCD - CPR)
    Destination Clock Delay (DCD):    0.432ns
    Source Clock Delay      (SCD):    0.410ns
    Clock Pessimism Removal (CPR):    -0.000ns

    Location             Delay type                Incr(ns)  Path(ns)    Netlist Resource(s)
  -------------------------------------------------------------------    -------------------
                         (clock aclk rise edge)       0.000     0.000 r  <hidden>
                                                      0.000     0.000 r  aclk
                         net (fo=895, unset)          0.410     0.410    aclk
    SLICE_X24Y4          FDRE                                         r  cc1_q_reg[7]/C
  -------------------------------------------------------------------    -------------------
    SLICE_X24Y4          FDRE (Prop_fdre_C_Q)         0.141     0.551 r  cc1_q_reg[7]/Q
                         net (fo=1, routed)           0.059     0.610    cc1_q[7]
    SLICE_X24Y4          FDRE                                         r  ccD_q_reg[7]/D
  -------------------------------------------------------------------    -------------------

                         (clock aclk rise edge)       0.000     0.000 r  <hidden>
                                                      0.000     0.000 r  aclk
                         net (fo=895, unset)          0.432     0.432    aclk
    SLICE_X24Y4          FDRE                                         r  ccD_q_reg[7]/C
                         clock pessimism              0.000     0.432    <hidden>
    SLICE_X24Y4          FDRE (Hold_fdre_C_D)         0.076     0.508    ccD_q_reg[7]
  -------------------------------------------------------------------
                         required time                         -0.508    <hidden>
                         arrival time                           0.610    <hidden>
  -------------------------------------------------------------------
                         slack                                  0.102    <hidden>

Slack (MET) :             0.138ns  (arrival time - required time)
  Source:                 row1_q_reg[5]/C
                            (rising edge-triggered cell FDRE clocked by aclk  {rise@0.000ns fall@3.367ns period=6.734ns})
  Destination:            rowD_q_reg[5]/D
                            (rising edge-triggered cell FDRE clocked by aclk  {rise@0.000ns fall@3.367ns period=6.734ns})
  Path Group:             aclk
  Path Type:              Hold (Min at Fast Process Corner)
  Requirement:            0.000ns  (aclk rise@0.000ns - aclk rise@0.000ns)
  Data Path Delay:        0.220ns  (logic 0.164ns (74.580%)  route 0.056ns (25.420%))
  Logic Levels:           0  
  Clock Path Skew:        0.022ns (DCD - SCD - CPR)
    Destination Clock Delay (DCD):    0.432ns
    Source Clock Delay      (SCD):    0.410ns
    Clock Pessimism Removal (CPR):    -0.000ns

    Location             Delay type                Incr(ns)  Path(ns)    Netlist Resource(s)
  -------------------------------------------------------------------    -------------------
                         (clock aclk rise edge)       0.000     0.000 r  <hidden>
                                                      0.000     0.000 r  aclk
                         net (fo=895, unset)          0.410     0.410    aclk
    SLICE_X18Y28         FDRE                                         r  row1_q_reg[5]/C
  -------------------------------------------------------------------    -------------------
    SLICE_X18Y28         FDRE (Prop_fdre_C_Q)         0.164     0.574 r  row1_q_reg[5]/Q
                         net (fo=1, routed)           0.056     0.630    row1_q[5]
    SLICE_X18Y28         FDRE                                         r  rowD_q_reg[5]/D
  -------------------------------------------------------------------    -------------------

                         (clock aclk rise edge)       0.000     0.000 r  <hidden>
                                                      0.000     0.000 r  aclk
                         net (fo=895, unset)          0.432     0.432    aclk
    SLICE_X18Y28         FDRE                                         r  rowD_q_reg[5]/C
                         clock pessimism              0.000     0.432    <hidden>
    SLICE_X18Y28         FDRE (Hold_fdre_C_D)         0.060     0.492    rowD_q_reg[5]
  -------------------------------------------------------------------
                         required time                         -0.492    <hidden>
                         arrival time                           0.630    <hidden>
  -------------------------------------------------------------------
                         slack                                  0.138    <hidden>

Slack (MET) :             0.142ns  (arrival time - required time)
  Source:                 rowp_q_reg[5]/C
                            (rising edge-triggered cell FDRE clocked by aclk  {rise@0.000ns fall@3.367ns period=6.734ns})
  Destination:            rowB_q_reg[5]/D
                            (rising edge-triggered cell FDRE clocked by aclk  {rise@0.000ns fall@3.367ns period=6.734ns})
  Path Group:             aclk
  Path Type:              Hold (Min at Fast Process Corner)
  Requirement:            0.000ns  (aclk rise@0.000ns - aclk rise@0.000ns)
  Data Path Delay:        0.239ns  (logic 0.141ns (58.894%)  route 0.098ns (41.106%))
  Logic Levels:           0  
  Clock Path Skew:        0.022ns (DCD - SCD - CPR)
    Destination Clock Delay (DCD):    0.432ns
    Source Clock Delay      (SCD):    0.410ns
    Clock Pessimism Removal (CPR):    -0.000ns

    Location             Delay type                Incr(ns)  Path(ns)    Netlist Resource(s)
  -------------------------------------------------------------------    -------------------
                         (clock aclk rise edge)       0.000     0.000 r  <hidden>
                                                      0.000     0.000 r  aclk
                         net (fo=895, unset)          0.410     0.410    aclk
    SLICE_X17Y27         FDRE                                         r  rowp_q_reg[5]/C
  -------------------------------------------------------------------    -------------------
    SLICE_X17Y27         FDRE (Prop_fdre_C_Q)         0.141     0.551 r  rowp_q_reg[5]/Q
                         net (fo=1, routed)           0.098     0.650    rowp_q[5]
    SLICE_X18Y28         FDRE                                         r  rowB_q_reg[5]/D
  -------------------------------------------------------------------    -------------------

                         (clock aclk rise edge)       0.000     0.000 r  <hidden>
                                                      0.000     0.000 r  aclk
                         net (fo=895, unset)          0.432     0.432    aclk
    SLICE_X18Y28         FDRE                                         r  rowB_q_reg[5]/C
                         clock pessimism              0.000     0.432    <hidden>
    SLICE_X18Y28         FDRE (Hold_fdre_C_D)         0.076     0.508    rowB_q_reg[5]
  -------------------------------------------------------------------
                         required time                         -0.508    <hidden>
                         arrival time                           0.650    <hidden>
  -------------------------------------------------------------------
                         slack                                  0.142    <hidden>

Slack (MET) :             0.151ns  (arrival time - required time)
  Source:                 col_in_reg[1]_rep__0/C
                            (rising edge-triggered cell FDRE clocked by aclk  {rise@0.000ns fall@3.367ns period=6.734ns})
  Destination:            lb1_reg_256_383_3_3/DP.HIGH/WADR1
                            (rising edge-triggered cell RAMD64E clocked by aclk  {rise@0.000ns fall@3.367ns period=6.734ns})
  Path Group:             aclk
  Path Type:              Hold (Min at Fast Process Corner)
  Requirement:            0.000ns  (aclk rise@0.000ns - aclk rise@0.000ns)
  Data Path Delay:        0.482ns  (logic 0.141ns (29.283%)  route 0.341ns (70.717%))
  Logic Levels:           0  
  Clock Path Skew:        0.022ns (DCD - SCD - CPR)
    Destination Clock Delay (DCD):    0.432ns
    Source Clock Delay      (SCD):    0.410ns
    Clock Pessimism Removal (CPR):    -0.000ns

    Location             Delay type                Incr(ns)  Path(ns)    Netlist Resource(s)
  -------------------------------------------------------------------    -------------------
                         (clock aclk rise edge)       0.000     0.000 r  <hidden>
                                                      0.000     0.000 r  aclk
                         net (fo=895, unset)          0.410     0.410    aclk
    SLICE_X17Y11         FDRE                                         r  col_in_reg[1]_rep__0/C
  -------------------------------------------------------------------    -------------------
    SLICE_X17Y11         FDRE (Prop_fdre_C_Q)         0.141     0.551 r  col_in_reg[1]_rep__0/Q
                         net (fo=195, routed)         0.341     0.892    lb1_reg_256_383_3_3/A1
    SLICE_X16Y11         RAMD64E                                      r  lb1_reg_256_383_3_3/DP.HIGH/WADR1
  -------------------------------------------------------------------    -------------------

                         (clock aclk rise edge)       0.000     0.000 r  <hidden>
                                                      0.000     0.000 r  aclk
                         net (fo=895, unset)          0.432     0.432    lb1_reg_256_383_3_3/WCLK
    SLICE_X16Y11         RAMD64E                                      r  lb1_reg_256_383_3_3/DP.HIGH/CLK
                         clock pessimism              0.000     0.432    <hidden>
    SLICE_X16Y11         RAMD64E (Hold_ramd64e_CLK_WADR1)
                                                      0.309     0.741    lb1_reg_256_383_3_3/DP.HIGH
  -------------------------------------------------------------------
                         required time                         -0.741    <hidden>
                         arrival time                           0.892    <hidden>
  -------------------------------------------------------------------
                         slack                                  0.151    <hidden>

Slack (MET) :             0.151ns  (arrival time - required time)
  Source:                 col_in_reg[1]_rep__0/C
                            (rising edge-triggered cell FDRE clocked by aclk  {rise@0.000ns fall@3.367ns period=6.734ns})
  Destination:            lb1_reg_256_383_3_3/DP.LOW/WADR1
                            (rising edge-triggered cell RAMD64E clocked by aclk  {rise@0.000ns fall@3.367ns period=6.734ns})
  Path Group:             aclk
  Path Type:              Hold (Min at Fast Process Corner)
  Requirement:            0.000ns  (aclk rise@0.000ns - aclk rise@0.000ns)
  Data Path Delay:        0.482ns  (logic 0.141ns (29.283%)  route 0.341ns (70.717%))
  Logic Levels:           0  
  Clock Path Skew:        0.022ns (DCD - SCD - CPR)
    Destination Clock Delay (DCD):    0.432ns
    Source Clock Delay      (SCD):    0.410ns
    Clock Pessimism Removal (CPR):    -0.000ns

    Location             Delay type                Incr(ns)  Path(ns)    Netlist Resource(s)
  -------------------------------------------------------------------    -------------------
                         (clock aclk rise edge)       0.000     0.000 r  <hidden>
                                                      0.000     0.000 r  aclk
                         net (fo=895, unset)          0.410     0.410    aclk
    SLICE_X17Y11         FDRE                                         r  col_in_reg[1]_rep__0/C
  -------------------------------------------------------------------    -------------------
    SLICE_X17Y11         FDRE (Prop_fdre_C_Q)         0.141     0.551 r  col_in_reg[1]_rep__0/Q
                         net (fo=195, routed)         0.341     0.892    lb1_reg_256_383_3_3/A1
    SLICE_X16Y11         RAMD64E                                      r  lb1_reg_256_383_3_3/DP.LOW/WADR1
  -------------------------------------------------------------------    -------------------

                         (clock aclk rise edge)       0.000     0.000 r  <hidden>
                                                      0.000     0.000 r  aclk
                         net (fo=895, unset)          0.432     0.432    lb1_reg_256_383_3_3/WCLK
    SLICE_X16Y11         RAMD64E                                      r  lb1_reg_256_383_3_3/DP.LOW/CLK
                         clock pessimism              0.000     0.432    <hidden>
    SLICE_X16Y11         RAMD64E (Hold_ramd64e_CLK_WADR1)
                                                      0.309     0.741    lb1_reg_256_383_3_3/DP.LOW
  -------------------------------------------------------------------
                         required time                         -0.741    <hidden>
                         arrival time                           0.892    <hidden>
  -------------------------------------------------------------------
                         slack                                  0.151    <hidden>

Slack (MET) :             0.151ns  (arrival time - required time)
  Source:                 col_in_reg[1]_rep__0/C
                            (rising edge-triggered cell FDRE clocked by aclk  {rise@0.000ns fall@3.367ns period=6.734ns})
  Destination:            lb1_reg_256_383_3_3/SP.HIGH/WADR1
                            (rising edge-triggered cell RAMD64E clocked by aclk  {rise@0.000ns fall@3.367ns period=6.734ns})
  Path Group:             aclk
  Path Type:              Hold (Min at Fast Process Corner)
  Requirement:            0.000ns  (aclk rise@0.000ns - aclk rise@0.000ns)
  Data Path Delay:        0.482ns  (logic 0.141ns (29.283%)  route 0.341ns (70.717%))
  Logic Levels:           0  
  Clock Path Skew:        0.022ns (DCD - SCD - CPR)
    Destination Clock Delay (DCD):    0.432ns
    Source Clock Delay      (SCD):    0.410ns
    Clock Pessimism Removal (CPR):    -0.000ns

    Location             Delay type                Incr(ns)  Path(ns)    Netlist Resource(s)
  -------------------------------------------------------------------    -------------------
                         (clock aclk rise edge)       0.000     0.000 r  <hidden>
                                                      0.000     0.000 r  aclk
                         net (fo=895, unset)          0.410     0.410    aclk
    SLICE_X17Y11         FDRE                                         r  col_in_reg[1]_rep__0/C
  -------------------------------------------------------------------    -------------------
    SLICE_X17Y11         FDRE (Prop_fdre_C_Q)         0.141     0.551 r  col_in_reg[1]_rep__0/Q
                         net (fo=195, routed)         0.341     0.892    lb1_reg_256_383_3_3/A1
    SLICE_X16Y11         RAMD64E                                      r  lb1_reg_256_383_3_3/SP.HIGH/WADR1
  -------------------------------------------------------------------    -------------------

                         (clock aclk rise edge)       0.000     0.000 r  <hidden>
                                                      0.000     0.000 r  aclk
                         net (fo=895, unset)          0.432     0.432    lb1_reg_256_383_3_3/WCLK
    SLICE_X16Y11         RAMD64E                                      r  lb1_reg_256_383_3_3/SP.HIGH/CLK
                         clock pessimism              0.000     0.432    <hidden>
    SLICE_X16Y11         RAMD64E (Hold_ramd64e_CLK_WADR1)
                                                      0.309     0.741    lb1_reg_256_383_3_3/SP.HIGH
  -------------------------------------------------------------------
                         required time                         -0.741    <hidden>
                         arrival time                           0.892    <hidden>
  -------------------------------------------------------------------
                         slack                                  0.151    <hidden>

Slack (MET) :             0.151ns  (arrival time - required time)
  Source:                 col_in_reg[1]_rep__0/C
                            (rising edge-triggered cell FDRE clocked by aclk  {rise@0.000ns fall@3.367ns period=6.734ns})
  Destination:            lb1_reg_256_383_3_3/SP.LOW/WADR1
                            (rising edge-triggered cell RAMD64E clocked by aclk  {rise@0.000ns fall@3.367ns period=6.734ns})
  Path Group:             aclk
  Path Type:              Hold (Min at Fast Process Corner)
  Requirement:            0.000ns  (aclk rise@0.000ns - aclk rise@0.000ns)
  Data Path Delay:        0.482ns  (logic 0.141ns (29.283%)  route 0.341ns (70.717%))
  Logic Levels:           0  
  Clock Path Skew:        0.022ns (DCD - SCD - CPR)
    Destination Clock Delay (DCD):    0.432ns
    Source Clock Delay      (SCD):    0.410ns
    Clock Pessimism Removal (CPR):    -0.000ns

    Location             Delay type                Incr(ns)  Path(ns)    Netlist Resource(s)
  -------------------------------------------------------------------    -------------------
                         (clock aclk rise edge)       0.000     0.000 r  <hidden>
                                                      0.000     0.000 r  aclk
                         net (fo=895, unset)          0.410     0.410    aclk
    SLICE_X17Y11         FDRE                                         r  col_in_reg[1]_rep__0/C
  -------------------------------------------------------------------    -------------------
    SLICE_X17Y11         FDRE (Prop_fdre_C_Q)         0.141     0.551 r  col_in_reg[1]_rep__0/Q
                         net (fo=195, routed)         0.341     0.892    lb1_reg_256_383_3_3/A1
    SLICE_X16Y11         RAMD64E                                      r  lb1_reg_256_383_3_3/SP.LOW/WADR1
  -------------------------------------------------------------------    -------------------

                         (clock aclk rise edge)       0.000     0.000 r  <hidden>
                                                      0.000     0.000 r  aclk
                         net (fo=895, unset)          0.432     0.432    lb1_reg_256_383_3_3/WCLK
    SLICE_X16Y11         RAMD64E                                      r  lb1_reg_256_383_3_3/SP.LOW/CLK
                         clock pessimism              0.000     0.432    <hidden>
    SLICE_X16Y11         RAMD64E (Hold_ramd64e_CLK_WADR1)
                                                      0.309     0.741    lb1_reg_256_383_3_3/SP.LOW
  -------------------------------------------------------------------
                         required time                         -0.741    <hidden>
                         arrival time                           0.892    <hidden>
  -------------------------------------------------------------------
                         slack                                  0.151    <hidden>

Slack (MET) :             0.153ns  (arrival time - required time)
  Source:                 t2_b_reg[7]/C
                            (rising edge-triggered cell FDRE clocked by aclk  {rise@0.000ns fall@3.367ns period=6.734ns})
  Destination:            t1_b_reg[7]/D
                            (rising edge-triggered cell FDRE clocked by aclk  {rise@0.000ns fall@3.367ns period=6.734ns})
  Path Group:             aclk
  Path Type:              Hold (Min at Fast Process Corner)
  Requirement:            0.000ns  (aclk rise@0.000ns - aclk rise@0.000ns)
  Data Path Delay:        0.251ns  (logic 0.141ns (56.174%)  route 0.110ns (43.826%))
  Logic Levels:           0  
  Clock Path Skew:        0.022ns (DCD - SCD - CPR)
    Destination Clock Delay (DCD):    0.432ns
    Source Clock Delay      (SCD):    0.410ns
    Clock Pessimism Removal (CPR):    -0.000ns

    Location             Delay type                Incr(ns)  Path(ns)    Netlist Resource(s)
  -------------------------------------------------------------------    -------------------
                         (clock aclk rise edge)       0.000     0.000 r  <hidden>
                                                      0.000     0.000 r  aclk
                         net (fo=895, unset)          0.410     0.410    aclk
    SLICE_X17Y5          FDRE                                         r  t2_b_reg[7]/C
  -------------------------------------------------------------------    -------------------
    SLICE_X17Y5          FDRE (Prop_fdre_C_Q)         0.141     0.551 r  t2_b_reg[7]/Q
                         net (fo=1, routed)           0.110     0.661    t2_b[7]
    SLICE_X17Y4          FDRE                                         r  t1_b_reg[7]/D
  -------------------------------------------------------------------    -------------------

                         (clock aclk rise edge)       0.000     0.000 r  <hidden>
                                                      0.000     0.000 r  aclk
                         net (fo=895, unset)          0.432     0.432    aclk
    SLICE_X17Y4          FDRE                                         r  t1_b_reg[7]/C
                         clock pessimism              0.000     0.432    <hidden>
    SLICE_X17Y4          FDRE (Hold_fdre_C_D)         0.076     0.508    t1_b_reg[7]
  -------------------------------------------------------------------
                         required time                         -0.508    <hidden>
                         arrival time                           0.661    <hidden>
  -------------------------------------------------------------------
                         slack                                  0.153    <hidden>

Slack (MET) :             0.155ns  (arrival time - required time)
  Source:                 s_axil_arready_reg/C
                            (rising edge-triggered cell FDRE clocked by aclk  {rise@0.000ns fall@3.367ns period=6.734ns})
  Destination:            s_axil_rvalid_reg/D
                            (rising edge-triggered cell FDRE clocked by aclk  {rise@0.000ns fall@3.367ns period=6.734ns})
  Path Group:             aclk
  Path Type:              Hold (Min at Fast Process Corner)
  Requirement:            0.000ns  (aclk rise@0.000ns - aclk rise@0.000ns)
  Data Path Delay:        0.296ns  (logic 0.186ns (62.752%)  route 0.110ns (37.248%))
  Logic Levels:           1  (LUT5=1)
  Clock Path Skew:        0.022ns (DCD - SCD - CPR)
    Destination Clock Delay (DCD):    0.432ns
    Source Clock Delay      (SCD):    0.410ns
    Clock Pessimism Removal (CPR):    -0.000ns

    Location             Delay type                Incr(ns)  Path(ns)    Netlist Resource(s)
  -------------------------------------------------------------------    -------------------
                         (clock aclk rise edge)       0.000     0.000 r  <hidden>
                                                      0.000     0.000 r  aclk
                         net (fo=895, unset)          0.410     0.410    aclk
    SLICE_X9Y4           FDRE                                         r  s_axil_arready_reg/C
  -------------------------------------------------------------------    -------------------
    SLICE_X9Y4           FDRE (Prop_fdre_C_Q)         0.141     0.551 r  s_axil_arready_reg/Q
                         net (fo=8, routed)           0.110     0.662    s_axil_arready
    SLICE_X8Y4           LUT5 (Prop_lut5_I1_O)        0.045     0.707 r  s_axil_rvalid_i_1/O
                         net (fo=1, routed)           0.000     0.707    s_axil_rvalid_i_1_n_0
    SLICE_X8Y4           FDRE                                         r  s_axil_rvalid_reg/D
  -------------------------------------------------------------------    -------------------

                         (clock aclk rise edge)       0.000     0.000 r  <hidden>
                                                      0.000     0.000 r  aclk
                         net (fo=895, unset)          0.432     0.432    aclk
    SLICE_X8Y4           FDRE                                         r  s_axil_rvalid_reg/C
                         clock pessimism              0.000     0.432    <hidden>
    SLICE_X8Y4           FDRE (Hold_fdre_C_D)         0.120     0.552    s_axil_rvalid_reg
  -------------------------------------------------------------------
                         required time                         -0.552    <hidden>
                         arrival time                           0.707    <hidden>
  -------------------------------------------------------------------
                         slack                                  0.155    <hidden>

Slack (MET) :             0.157ns  (arrival time - required time)
  Source:                 t2_m_reg[3]/C
                            (rising edge-triggered cell FDRE clocked by aclk  {rise@0.000ns fall@3.367ns period=6.734ns})
  Destination:            t1_m_reg[3]/D
                            (rising edge-triggered cell FDRE clocked by aclk  {rise@0.000ns fall@3.367ns period=6.734ns})
  Path Group:             aclk
  Path Type:              Hold (Min at Fast Process Corner)
  Requirement:            0.000ns  (aclk rise@0.000ns - aclk rise@0.000ns)
  Data Path Delay:        0.241ns  (logic 0.141ns (58.447%)  route 0.100ns (41.553%))
  Logic Levels:           0  
  Clock Path Skew:        0.022ns (DCD - SCD - CPR)
    Destination Clock Delay (DCD):    0.432ns
    Source Clock Delay      (SCD):    0.410ns
    Clock Pessimism Removal (CPR):    -0.000ns

    Location             Delay type                Incr(ns)  Path(ns)    Netlist Resource(s)
  -------------------------------------------------------------------    -------------------
                         (clock aclk rise edge)       0.000     0.000 r  <hidden>
                                                      0.000     0.000 r  aclk
                         net (fo=895, unset)          0.410     0.410    aclk
    SLICE_X17Y5          FDRE                                         r  t2_m_reg[3]/C
  -------------------------------------------------------------------    -------------------
    SLICE_X17Y5          FDRE (Prop_fdre_C_Q)         0.141     0.551 r  t2_m_reg[3]/Q
                         net (fo=1, routed)           0.100     0.651    t2_m[3]
    SLICE_X18Y6          FDRE                                         r  t1_m_reg[3]/D
  -------------------------------------------------------------------    -------------------

                         (clock aclk rise edge)       0.000     0.000 r  <hidden>
                                                      0.000     0.000 r  aclk
                         net (fo=895, unset)          0.432     0.432    aclk
    SLICE_X18Y6          FDRE                                         r  t1_m_reg[3]/C
                         clock pessimism              0.000     0.432    <hidden>
    SLICE_X18Y6          FDRE (Hold_fdre_C_D)         0.063     0.495    t1_m_reg[3]
  -------------------------------------------------------------------
                         required time                         -0.495    <hidden>
                         arrival time                           0.651    <hidden>
  -------------------------------------------------------------------
                         slack                                  0.157    <hidden>

Slack (MET) :             0.157ns  (arrival time - required time)
  Source:                 col_in_reg[5]_rep/C
                            (rising edge-triggered cell FDRE clocked by aclk  {rise@0.000ns fall@3.367ns period=6.734ns})
  Destination:            lb1_reg_256_383_6_6/DP.HIGH/WADR5
                            (rising edge-triggered cell RAMD64E clocked by aclk  {rise@0.000ns fall@3.367ns period=6.734ns})
  Path Group:             aclk
  Path Type:              Hold (Min at Fast Process Corner)
  Requirement:            0.000ns  (aclk rise@0.000ns - aclk rise@0.000ns)
  Data Path Delay:        0.349ns  (logic 0.141ns (40.448%)  route 0.208ns (59.552%))
  Logic Levels:           0  
  Clock Path Skew:        0.022ns (DCD - SCD - CPR)
    Destination Clock Delay (DCD):    0.432ns
    Source Clock Delay      (SCD):    0.410ns
    Clock Pessimism Removal (CPR):    -0.000ns

    Location             Delay type                Incr(ns)  Path(ns)    Netlist Resource(s)
  -------------------------------------------------------------------    -------------------
                         (clock aclk rise edge)       0.000     0.000 r  <hidden>
                                                      0.000     0.000 r  aclk
                         net (fo=895, unset)          0.410     0.410    aclk
    SLICE_X19Y20         FDRE                                         r  col_in_reg[5]_rep/C
  -------------------------------------------------------------------    -------------------
    SLICE_X19Y20         FDRE (Prop_fdre_C_Q)         0.141     0.551 r  col_in_reg[5]_rep/Q
                         net (fo=192, routed)         0.208     0.759    lb1_reg_256_383_6_6/A5
    SLICE_X16Y21         RAMD64E                                      r  lb1_reg_256_383_6_6/DP.HIGH/WADR5
  -------------------------------------------------------------------    -------------------

                         (clock aclk rise edge)       0.000     0.000 r  <hidden>
                                                      0.000     0.000 r  aclk
                         net (fo=895, unset)          0.432     0.432    lb1_reg_256_383_6_6/WCLK
    SLICE_X16Y21         RAMD64E                                      r  lb1_reg_256_383_6_6/DP.HIGH/CLK
                         clock pessimism              0.000     0.432    <hidden>
    SLICE_X16Y21         RAMD64E (Hold_ramd64e_CLK_WADR5)
                                                      0.170     0.602    lb1_reg_256_383_6_6/DP.HIGH
  -------------------------------------------------------------------
                         required time                         -0.602    <hidden>
                         arrival time                           0.759    <hidden>
  -------------------------------------------------------------------
                         slack                                  0.157    <hidden>

Slack (MET) :             0.157ns  (arrival time - required time)
  Source:                 col_in_reg[5]_rep/C
                            (rising edge-triggered cell FDRE clocked by aclk  {rise@0.000ns fall@3.367ns period=6.734ns})
  Destination:            lb1_reg_256_383_6_6/DP.LOW/WADR5
                            (rising edge-triggered cell RAMD64E clocked by aclk  {rise@0.000ns fall@3.367ns period=6.734ns})
  Path Group:             aclk
  Path Type:              Hold (Min at Fast Process Corner)
  Requirement:            0.000ns  (aclk rise@0.000ns - aclk rise@0.000ns)
  Data Path Delay:        0.349ns  (logic 0.141ns (40.448%)  route 0.208ns (59.552%))
  Logic Levels:           0  
  Clock Path Skew:        0.022ns (DCD - SCD - CPR)
    Destination Clock Delay (DCD):    0.432ns
    Source Clock Delay      (SCD):    0.410ns
    Clock Pessimism Removal (CPR):    -0.000ns

    Location             Delay type                Incr(ns)  Path(ns)    Netlist Resource(s)
  -------------------------------------------------------------------    -------------------
                         (clock aclk rise edge)       0.000     0.000 r  <hidden>
                                                      0.000     0.000 r  aclk
                         net (fo=895, unset)          0.410     0.410    aclk
    SLICE_X19Y20         FDRE                                         r  col_in_reg[5]_rep/C
  -------------------------------------------------------------------    -------------------
    SLICE_X19Y20         FDRE (Prop_fdre_C_Q)         0.141     0.551 r  col_in_reg[5]_rep/Q
                         net (fo=192, routed)         0.208     0.759    lb1_reg_256_383_6_6/A5
    SLICE_X16Y21         RAMD64E                                      r  lb1_reg_256_383_6_6/DP.LOW/WADR5
  -------------------------------------------------------------------    -------------------

                         (clock aclk rise edge)       0.000     0.000 r  <hidden>
                                                      0.000     0.000 r  aclk
                         net (fo=895, unset)          0.432     0.432    lb1_reg_256_383_6_6/WCLK
    SLICE_X16Y21         RAMD64E                                      r  lb1_reg_256_383_6_6/DP.LOW/CLK
                         clock pessimism              0.000     0.432    <hidden>
    SLICE_X16Y21         RAMD64E (Hold_ramd64e_CLK_WADR5)
                                                      0.170     0.602    lb1_reg_256_383_6_6/DP.LOW
  -------------------------------------------------------------------
                         required time                         -0.602    <hidden>
                         arrival time                           0.759    <hidden>
  -------------------------------------------------------------------
                         slack                                  0.157    <hidden>

Slack (MET) :             0.157ns  (arrival time - required time)
  Source:                 col_in_reg[5]_rep/C
                            (rising edge-triggered cell FDRE clocked by aclk  {rise@0.000ns fall@3.367ns period=6.734ns})
  Destination:            lb1_reg_256_383_6_6/SP.HIGH/WADR5
                            (rising edge-triggered cell RAMD64E clocked by aclk  {rise@0.000ns fall@3.367ns period=6.734ns})
  Path Group:             aclk
  Path Type:              Hold (Min at Fast Process Corner)
  Requirement:            0.000ns  (aclk rise@0.000ns - aclk rise@0.000ns)
  Data Path Delay:        0.349ns  (logic 0.141ns (40.448%)  route 0.208ns (59.552%))
  Logic Levels:           0  
  Clock Path Skew:        0.022ns (DCD - SCD - CPR)
    Destination Clock Delay (DCD):    0.432ns
    Source Clock Delay      (SCD):    0.410ns
    Clock Pessimism Removal (CPR):    -0.000ns

    Location             Delay type                Incr(ns)  Path(ns)    Netlist Resource(s)
  -------------------------------------------------------------------    -------------------
                         (clock aclk rise edge)       0.000     0.000 r  <hidden>
                                                      0.000     0.000 r  aclk
                         net (fo=895, unset)          0.410     0.410    aclk
    SLICE_X19Y20         FDRE                                         r  col_in_reg[5]_rep/C
  -------------------------------------------------------------------    -------------------
    SLICE_X19Y20         FDRE (Prop_fdre_C_Q)         0.141     0.551 r  col_in_reg[5]_rep/Q
                         net (fo=192, routed)         0.208     0.759    lb1_reg_256_383_6_6/A5
    SLICE_X16Y21         RAMD64E                                      r  lb1_reg_256_383_6_6/SP.HIGH/WADR5
  -------------------------------------------------------------------    -------------------

                         (clock aclk rise edge)       0.000     0.000 r  <hidden>
                                                      0.000     0.000 r  aclk
                         net (fo=895, unset)          0.432     0.432    lb1_reg_256_383_6_6/WCLK
    SLICE_X16Y21         RAMD64E                                      r  lb1_reg_256_383_6_6/SP.HIGH/CLK
                         clock pessimism              0.000     0.432    <hidden>
    SLICE_X16Y21         RAMD64E (Hold_ramd64e_CLK_WADR5)
                                                      0.170     0.602    lb1_reg_256_383_6_6/SP.HIGH
  -------------------------------------------------------------------
                         required time                         -0.602    <hidden>
                         arrival time                           0.759    <hidden>
  -------------------------------------------------------------------
                         slack                                  0.157    <hidden>

Slack (MET) :             0.157ns  (arrival time - required time)
  Source:                 col_in_reg[5]_rep/C
                            (rising edge-triggered cell FDRE clocked by aclk  {rise@0.000ns fall@3.367ns period=6.734ns})
  Destination:            lb1_reg_256_383_6_6/SP.LOW/WADR5
                            (rising edge-triggered cell RAMD64E clocked by aclk  {rise@0.000ns fall@3.367ns period=6.734ns})
  Path Group:             aclk
  Path Type:              Hold (Min at Fast Process Corner)
  Requirement:            0.000ns  (aclk rise@0.000ns - aclk rise@0.000ns)
  Data Path Delay:        0.349ns  (logic 0.141ns (40.448%)  route 0.208ns (59.552%))
  Logic Levels:           0  
  Clock Path Skew:        0.022ns (DCD - SCD - CPR)
    Destination Clock Delay (DCD):    0.432ns
    Source Clock Delay      (SCD):    0.410ns
    Clock Pessimism Removal (CPR):    -0.000ns

    Location             Delay type                Incr(ns)  Path(ns)    Netlist Resource(s)
  -------------------------------------------------------------------    -------------------
                         (clock aclk rise edge)       0.000     0.000 r  <hidden>
                                                      0.000     0.000 r  aclk
                         net (fo=895, unset)          0.410     0.410    aclk
    SLICE_X19Y20         FDRE                                         r  col_in_reg[5]_rep/C
  -------------------------------------------------------------------    -------------------
    SLICE_X19Y20         FDRE (Prop_fdre_C_Q)         0.141     0.551 r  col_in_reg[5]_rep/Q
                         net (fo=192, routed)         0.208     0.759    lb1_reg_256_383_6_6/A5
    SLICE_X16Y21         RAMD64E                                      r  lb1_reg_256_383_6_6/SP.LOW/WADR5
  -------------------------------------------------------------------    -------------------

                         (clock aclk rise edge)       0.000     0.000 r  <hidden>
                                                      0.000     0.000 r  aclk
                         net (fo=895, unset)          0.432     0.432    lb1_reg_256_383_6_6/WCLK
    SLICE_X16Y21         RAMD64E                                      r  lb1_reg_256_383_6_6/SP.LOW/CLK
                         clock pessimism              0.000     0.432    <hidden>
    SLICE_X16Y21         RAMD64E (Hold_ramd64e_CLK_WADR5)
                                                      0.170     0.602    lb1_reg_256_383_6_6/SP.LOW
  -------------------------------------------------------------------
                         required time                         -0.602    <hidden>
                         arrival time                           0.759    <hidden>
  -------------------------------------------------------------------
                         slack                                  0.157    <hidden>

Slack (MET) :             0.157ns  (arrival time - required time)
  Source:                 cc1_q_reg[2]/C
                            (rising edge-triggered cell FDRE clocked by aclk  {rise@0.000ns fall@3.367ns period=6.734ns})
  Destination:            ccD_q_reg[2]/D
                            (rising edge-triggered cell FDRE clocked by aclk  {rise@0.000ns fall@3.367ns period=6.734ns})
  Path Group:             aclk
  Path Type:              Hold (Min at Fast Process Corner)
  Requirement:            0.000ns  (aclk rise@0.000ns - aclk rise@0.000ns)
  Data Path Delay:        0.251ns  (logic 0.141ns (56.174%)  route 0.110ns (43.826%))
  Logic Levels:           0  
  Clock Path Skew:        0.022ns (DCD - SCD - CPR)
    Destination Clock Delay (DCD):    0.432ns
    Source Clock Delay      (SCD):    0.410ns
    Clock Pessimism Removal (CPR):    -0.000ns

    Location             Delay type                Incr(ns)  Path(ns)    Netlist Resource(s)
  -------------------------------------------------------------------    -------------------
                         (clock aclk rise edge)       0.000     0.000 r  <hidden>
                                                      0.000     0.000 r  aclk
                         net (fo=895, unset)          0.410     0.410    aclk
    SLICE_X25Y4          FDRE                                         r  cc1_q_reg[2]/C
  -------------------------------------------------------------------    -------------------
    SLICE_X25Y4          FDRE (Prop_fdre_C_Q)         0.141     0.551 r  cc1_q_reg[2]/Q
                         net (fo=1, routed)           0.110     0.661    cc1_q[2]
    SLICE_X25Y4          FDRE                                         r  ccD_q_reg[2]/D
  -------------------------------------------------------------------    -------------------

                         (clock aclk rise edge)       0.000     0.000 r  <hidden>
                                                      0.000     0.000 r  aclk
                         net (fo=895, unset)          0.432     0.432    aclk
    SLICE_X25Y4          FDRE                                         r  ccD_q_reg[2]/C
                         clock pessimism              0.000     0.432    <hidden>
    SLICE_X25Y4          FDRE (Hold_fdre_C_D)         0.072     0.504    ccD_q_reg[2]
  -------------------------------------------------------------------
                         required time                         -0.504    <hidden>
                         arrival time                           0.661    <hidden>
  -------------------------------------------------------------------
                         slack                                  0.157    <hidden>

Slack (MET) :             0.158ns  (arrival time - required time)
  Source:                 t2_b_reg[6]/C
                            (rising edge-triggered cell FDRE clocked by aclk  {rise@0.000ns fall@3.367ns period=6.734ns})
  Destination:            t1_b_reg[6]/D
                            (rising edge-triggered cell FDRE clocked by aclk  {rise@0.000ns fall@3.367ns period=6.734ns})
  Path Group:             aclk
  Path Type:              Hold (Min at Fast Process Corner)
  Requirement:            0.000ns  (aclk rise@0.000ns - aclk rise@0.000ns)
  Data Path Delay:        0.251ns  (logic 0.141ns (56.174%)  route 0.110ns (43.826%))
  Logic Levels:           0  
  Clock Path Skew:        0.022ns (DCD - SCD - CPR)
    Destination Clock Delay (DCD):    0.432ns
    Source Clock Delay      (SCD):    0.410ns
    Clock Pessimism Removal (CPR):    -0.000ns

    Location             Delay type                Incr(ns)  Path(ns)    Netlist Resource(s)
  -------------------------------------------------------------------    -------------------
                         (clock aclk rise edge)       0.000     0.000 r  <hidden>
                                                      0.000     0.000 r  aclk
                         net (fo=895, unset)          0.410     0.410    aclk
    SLICE_X17Y5          FDRE                                         r  t2_b_reg[6]/C
  -------------------------------------------------------------------    -------------------
    SLICE_X17Y5          FDRE (Prop_fdre_C_Q)         0.141     0.551 r  t2_b_reg[6]/Q
                         net (fo=1, routed)           0.110     0.661    t2_b[6]
    SLICE_X17Y4          FDRE                                         r  t1_b_reg[6]/D
  -------------------------------------------------------------------    -------------------

                         (clock aclk rise edge)       0.000     0.000 r  <hidden>
                                                      0.000     0.000 r  aclk
                         net (fo=895, unset)          0.432     0.432    aclk
    SLICE_X17Y4          FDRE                                         r  t1_b_reg[6]/C
                         clock pessimism              0.000     0.432    <hidden>
    SLICE_X17Y4          FDRE (Hold_fdre_C_D)         0.071     0.503    t1_b_reg[6]
  -------------------------------------------------------------------
                         required time                         -0.503    <hidden>
                         arrival time                           0.661    <hidden>
  -------------------------------------------------------------------
                         slack                                  0.158    <hidden>

Slack (MET) :             0.159ns  (arrival time - required time)
  Source:                 t2_t_reg[6]/C
                            (rising edge-triggered cell FDRE clocked by aclk  {rise@0.000ns fall@3.367ns period=6.734ns})
  Destination:            t1_t_reg[6]/D
                            (rising edge-triggered cell FDRE clocked by aclk  {rise@0.000ns fall@3.367ns period=6.734ns})
  Path Group:             aclk
  Path Type:              Hold (Min at Fast Process Corner)
  Requirement:            0.000ns  (aclk rise@0.000ns - aclk rise@0.000ns)
  Data Path Delay:        0.251ns  (logic 0.141ns (56.174%)  route 0.110ns (43.826%))
  Logic Levels:           0  
  Clock Path Skew:        0.022ns (DCD - SCD - CPR)
    Destination Clock Delay (DCD):    0.432ns
    Source Clock Delay      (SCD):    0.410ns
    Clock Pessimism Removal (CPR):    -0.000ns

    Location             Delay type                Incr(ns)  Path(ns)    Netlist Resource(s)
  -------------------------------------------------------------------    -------------------
                         (clock aclk rise edge)       0.000     0.000 r  <hidden>
                                                      0.000     0.000 r  aclk
                         net (fo=895, unset)          0.410     0.410    aclk
    SLICE_X21Y18         FDRE                                         r  t2_t_reg[6]/C
  -------------------------------------------------------------------    -------------------
    SLICE_X21Y18         FDRE (Prop_fdre_C_Q)         0.141     0.551 r  t2_t_reg[6]/Q
                         net (fo=1, routed)           0.110     0.661    t2_t[6]
    SLICE_X21Y17         FDRE                                         r  t1_t_reg[6]/D
  -------------------------------------------------------------------    -------------------

                         (clock aclk rise edge)       0.000     0.000 r  <hidden>
                                                      0.000     0.000 r  aclk
                         net (fo=895, unset)          0.432     0.432    aclk
    SLICE_X21Y17         FDRE                                         r  t1_t_reg[6]/C
                         clock pessimism              0.000     0.432    <hidden>
    SLICE_X21Y17         FDRE (Hold_fdre_C_D)         0.070     0.502    t1_t_reg[6]
  -------------------------------------------------------------------
                         required time                         -0.502    <hidden>
                         arrival time                           0.661    <hidden>
  -------------------------------------------------------------------
                         slack                                  0.159    <hidden>

Slack (MET) :             0.162ns  (arrival time - required time)
  Source:                 rowB_q_reg[12]/C
                            (rising edge-triggered cell FDRE clocked by aclk  {rise@0.000ns fall@3.367ns period=6.734ns})
  Destination:            row1_q_reg[12]/D
                            (rising edge-triggered cell FDRE clocked by aclk  {rise@0.000ns fall@3.367ns period=6.734ns})
  Path Group:             aclk
  Path Type:              Hold (Min at Fast Process Corner)
  Requirement:            0.000ns  (aclk rise@0.000ns - aclk rise@0.000ns)
  Data Path Delay:        0.254ns  (logic 0.141ns (55.511%)  route 0.113ns (44.489%))
  Logic Levels:           0  
  Clock Path Skew:        0.022ns (DCD - SCD - CPR)
    Destination Clock Delay (DCD):    0.432ns
    Source Clock Delay      (SCD):    0.410ns
    Clock Pessimism Removal (CPR):    -0.000ns

    Location             Delay type                Incr(ns)  Path(ns)    Netlist Resource(s)
  -------------------------------------------------------------------    -------------------
                         (clock aclk rise edge)       0.000     0.000 r  <hidden>
                                                      0.000     0.000 r  aclk
                         net (fo=895, unset)          0.410     0.410    aclk
    SLICE_X9Y28          FDRE                                         r  rowB_q_reg[12]/C
  -------------------------------------------------------------------    -------------------
    SLICE_X9Y28          FDRE (Prop_fdre_C_Q)         0.141     0.551 r  rowB_q_reg[12]/Q
                         net (fo=1, routed)           0.113     0.664    rowB_q[12]
    SLICE_X9Y28          FDRE                                         r  row1_q_reg[12]/D
  -------------------------------------------------------------------    -------------------

                         (clock aclk rise edge)       0.000     0.000 r  <hidden>
                                                      0.000     0.000 r  aclk
                         net (fo=895, unset)          0.432     0.432    aclk
    SLICE_X9Y28          FDRE                                         r  row1_q_reg[12]/C
                         clock pessimism              0.000     0.432    <hidden>
    SLICE_X9Y28          FDRE (Hold_fdre_C_D)         0.070     0.502    row1_q_reg[12]
  -------------------------------------------------------------------
                         required time                         -0.502    <hidden>
                         arrival time                           0.664    <hidden>
  -------------------------------------------------------------------
                         slack                                  0.162    <hidden>

Slack (MET) :             0.166ns  (arrival time - required time)
  Source:                 row1_q_reg[1]/C
                            (rising edge-triggered cell FDRE clocked by aclk  {rise@0.000ns fall@3.367ns period=6.734ns})
  Destination:            rowD_q_reg[1]/D
                            (rising edge-triggered cell FDRE clocked by aclk  {rise@0.000ns fall@3.367ns period=6.734ns})
  Path Group:             aclk
  Path Type:              Hold (Min at Fast Process Corner)
  Requirement:            0.000ns  (aclk rise@0.000ns - aclk rise@0.000ns)
  Data Path Delay:        0.251ns  (logic 0.141ns (56.174%)  route 0.110ns (43.826%))
  Logic Levels:           0  
  Clock Path Skew:        0.022ns (DCD - SCD - CPR)
    Destination Clock Delay (DCD):    0.432ns
    Source Clock Delay      (SCD):    0.410ns
    Clock Pessimism Removal (CPR):    -0.000ns

    Location             Delay type                Incr(ns)  Path(ns)    Netlist Resource(s)
  -------------------------------------------------------------------    -------------------
                         (clock aclk rise edge)       0.000     0.000 r  <hidden>
                                                      0.000     0.000 r  aclk
                         net (fo=895, unset)          0.410     0.410    aclk
    SLICE_X9Y26          FDRE                                         r  row1_q_reg[1]/C
  -------------------------------------------------------------------    -------------------
    SLICE_X9Y26          FDRE (Prop_fdre_C_Q)         0.141     0.551 r  row1_q_reg[1]/Q
                         net (fo=1, routed)           0.110     0.661    row1_q[1]
    SLICE_X8Y26          FDRE                                         r  rowD_q_reg[1]/D
  -------------------------------------------------------------------    -------------------

                         (clock aclk rise edge)       0.000     0.000 r  <hidden>
                                                      0.000     0.000 r  aclk
                         net (fo=895, unset)          0.432     0.432    aclk
    SLICE_X8Y26          FDRE                                         r  rowD_q_reg[1]/C
                         clock pessimism              0.000     0.432    <hidden>
    SLICE_X8Y26          FDRE (Hold_fdre_C_D)         0.063     0.495    rowD_q_reg[1]
  -------------------------------------------------------------------
                         required time                         -0.495    <hidden>
                         arrival time                           0.661    <hidden>
  -------------------------------------------------------------------
                         slack                                  0.166    <hidden>

Slack (MET) :             0.168ns  (arrival time - required time)
  Source:                 ccB_q_reg[3]/C
                            (rising edge-triggered cell FDRE clocked by aclk  {rise@0.000ns fall@3.367ns period=6.734ns})
  Destination:            cc1_q_reg[3]/D
                            (rising edge-triggered cell FDRE clocked by aclk  {rise@0.000ns fall@3.367ns period=6.734ns})
  Path Group:             aclk
  Path Type:              Hold (Min at Fast Process Corner)
  Requirement:            0.000ns  (aclk rise@0.000ns - aclk rise@0.000ns)
  Data Path Delay:        0.261ns  (logic 0.141ns (54.076%)  route 0.120ns (45.924%))
  Logic Levels:           0  
  Clock Path Skew:        0.022ns (DCD - SCD - CPR)
    Destination Clock Delay (DCD):    0.432ns
    Source Clock Delay      (SCD):    0.410ns
    Clock Pessimism Removal (CPR):    -0.000ns

    Location             Delay type                Incr(ns)  Path(ns)    Netlist Resource(s)
  -------------------------------------------------------------------    -------------------
                         (clock aclk rise edge)       0.000     0.000 r  <hidden>
                                                      0.000     0.000 r  aclk
                         net (fo=895, unset)          0.410     0.410    aclk
    SLICE_X24Y4          FDRE                                         r  ccB_q_reg[3]/C
  -------------------------------------------------------------------    -------------------
    SLICE_X24Y4          FDRE (Prop_fdre_C_Q)         0.141     0.551 r  ccB_q_reg[3]/Q
                         net (fo=1, routed)           0.120     0.671    ccB_q[3]
    SLICE_X24Y4          FDRE                                         r  cc1_q_reg[3]/D
  -------------------------------------------------------------------    -------------------

                         (clock aclk rise edge)       0.000     0.000 r  <hidden>
                                                      0.000     0.000 r  aclk
                         net (fo=895, unset)          0.432     0.432    aclk
    SLICE_X24Y4          FDRE                                         r  cc1_q_reg[3]/C
                         clock pessimism              0.000     0.432    <hidden>
    SLICE_X24Y4          FDRE (Hold_fdre_C_D)         0.071     0.503    cc1_q_reg[3]
  -------------------------------------------------------------------
                         required time                         -0.503    <hidden>
                         arrival time                           0.671    <hidden>
  -------------------------------------------------------------------
                         slack                                  0.168    <hidden>

Slack (MET) :             0.170ns  (arrival time - required time)
  Source:                 ccB_q_reg[8]/C
                            (rising edge-triggered cell FDRE clocked by aclk  {rise@0.000ns fall@3.367ns period=6.734ns})
  Destination:            cc1_q_reg[8]/D
                            (rising edge-triggered cell FDRE clocked by aclk  {rise@0.000ns fall@3.367ns period=6.734ns})
  Path Group:             aclk
  Path Type:              Hold (Min at Fast Process Corner)
  Requirement:            0.000ns  (aclk rise@0.000ns - aclk rise@0.000ns)
  Data Path Delay:        0.257ns  (logic 0.141ns (54.828%)  route 0.116ns (45.172%))
  Logic Levels:           0  
  Clock Path Skew:        0.022ns (DCD - SCD - CPR)
    Destination Clock Delay (DCD):    0.432ns
    Source Clock Delay      (SCD):    0.410ns
    Clock Pessimism Removal (CPR):    -0.000ns

    Location             Delay type                Incr(ns)  Path(ns)    Netlist Resource(s)
  -------------------------------------------------------------------    -------------------
                         (clock aclk rise edge)       0.000     0.000 r  <hidden>
                                                      0.000     0.000 r  aclk
                         net (fo=895, unset)          0.410     0.410    aclk
    SLICE_X23Y5          FDRE                                         r  ccB_q_reg[8]/C
  -------------------------------------------------------------------    -------------------
    SLICE_X23Y5          FDRE (Prop_fdre_C_Q)         0.141     0.551 r  ccB_q_reg[8]/Q
                         net (fo=1, routed)           0.116     0.667    ccB_q[8]
    SLICE_X23Y5          FDRE                                         r  cc1_q_reg[8]/D
  -------------------------------------------------------------------    -------------------

                         (clock aclk rise edge)       0.000     0.000 r  <hidden>
                                                      0.000     0.000 r  aclk
                         net (fo=895, unset)          0.432     0.432    aclk
    SLICE_X23Y5          FDRE                                         r  cc1_q_reg[8]/C
                         clock pessimism              0.000     0.432    <hidden>
    SLICE_X23Y5          FDRE (Hold_fdre_C_D)         0.066     0.498    cc1_q_reg[8]
  -------------------------------------------------------------------
                         required time                         -0.498    <hidden>
                         arrival time                           0.667    <hidden>
  -------------------------------------------------------------------
                         slack                                  0.170    <hidden>

Slack (MET) :             0.170ns  (arrival time - required time)
  Source:                 rowp_q_reg[3]/C
                            (rising edge-triggered cell FDRE clocked by aclk  {rise@0.000ns fall@3.367ns period=6.734ns})
  Destination:            rowB_q_reg[3]/D
                            (rising edge-triggered cell FDRE clocked by aclk  {rise@0.000ns fall@3.367ns period=6.734ns})
  Path Group:             aclk
  Path Type:              Hold (Min at Fast Process Corner)
  Requirement:            0.000ns  (aclk rise@0.000ns - aclk rise@0.000ns)
  Data Path Delay:        0.258ns  (logic 0.141ns (54.686%)  route 0.117ns (45.314%))
  Logic Levels:           0  
  Clock Path Skew:        0.022ns (DCD - SCD - CPR)
    Destination Clock Delay (DCD):    0.432ns
    Source Clock Delay      (SCD):    0.410ns
    Clock Pessimism Removal (CPR):    -0.000ns

    Location             Delay type                Incr(ns)  Path(ns)    Netlist Resource(s)
  -------------------------------------------------------------------    -------------------
                         (clock aclk rise edge)       0.000     0.000 r  <hidden>
                                                      0.000     0.000 r  aclk
                         net (fo=895, unset)          0.410     0.410    aclk
    SLICE_X15Y26         FDRE                                         r  rowp_q_reg[3]/C
  -------------------------------------------------------------------    -------------------
    SLICE_X15Y26         FDRE (Prop_fdre_C_Q)         0.141     0.551 r  rowp_q_reg[3]/Q
                         net (fo=1, routed)           0.117     0.668    rowp_q[3]
    SLICE_X17Y26         FDRE                                         r  rowB_q_reg[3]/D
  -------------------------------------------------------------------    -------------------

                         (clock aclk rise edge)       0.000     0.000 r  <hidden>
                                                      0.000     0.000 r  aclk
                         net (fo=895, unset)          0.432     0.432    aclk
    SLICE_X17Y26         FDRE                                         r  rowB_q_reg[3]/C
                         clock pessimism              0.000     0.432    <hidden>
    SLICE_X17Y26         FDRE (Hold_fdre_C_D)         0.066     0.498    rowB_q_reg[3]
  -------------------------------------------------------------------
                         required time                         -0.498    <hidden>
                         arrival time                           0.668    <hidden>
  -------------------------------------------------------------------
                         slack                                  0.170    <hidden>

Slack (MET) :             0.172ns  (arrival time - required time)
  Source:                 sofp_q_reg/C
                            (rising edge-triggered cell FDRE clocked by aclk  {rise@0.000ns fall@3.367ns period=6.734ns})
  Destination:            m_axis_tuser_reg/D
                            (rising edge-triggered cell FDRE clocked by aclk  {rise@0.000ns fall@3.367ns period=6.734ns})
  Path Group:             aclk
  Path Type:              Hold (Min at Fast Process Corner)
  Requirement:            0.000ns  (aclk rise@0.000ns - aclk rise@0.000ns)
  Data Path Delay:        0.313ns  (logic 0.186ns (59.333%)  route 0.127ns (40.667%))
  Logic Levels:           1  (LUT5=1)
  Clock Path Skew:        0.022ns (DCD - SCD - CPR)
    Destination Clock Delay (DCD):    0.432ns
    Source Clock Delay      (SCD):    0.410ns
    Clock Pessimism Removal (CPR):    -0.000ns

    Location             Delay type                Incr(ns)  Path(ns)    Netlist Resource(s)
  -------------------------------------------------------------------    -------------------
                         (clock aclk rise edge)       0.000     0.000 r  <hidden>
                                                      0.000     0.000 r  aclk
                         net (fo=895, unset)          0.410     0.410    aclk
    SLICE_X17Y23         FDRE                                         r  sofp_q_reg/C
  -------------------------------------------------------------------    -------------------
    SLICE_X17Y23         FDRE (Prop_fdre_C_Q)         0.141     0.551 r  sofp_q_reg/Q
                         net (fo=2, routed)           0.127     0.679    sofp_q
    SLICE_X16Y23         LUT5 (Prop_lut5_I0_O)        0.045     0.724 r  m_axis_tuser_i_1/O
                         net (fo=1, routed)           0.000     0.724    m_axis_tuser_i_1_n_0
    SLICE_X16Y23         FDRE                                         r  m_axis_tuser_reg/D
  -------------------------------------------------------------------    -------------------

                         (clock aclk rise edge)       0.000     0.000 r  <hidden>
                                                      0.000     0.000 r  aclk
                         net (fo=895, unset)          0.432     0.432    aclk
    SLICE_X16Y23         FDRE                                         r  m_axis_tuser_reg/C
                         clock pessimism              0.000     0.432    <hidden>
    SLICE_X16Y23         FDRE (Hold_fdre_C_D)         0.120     0.552    m_axis_tuser_reg
  -------------------------------------------------------------------
                         required time                         -0.552    <hidden>
                         arrival time                           0.724    <hidden>
  -------------------------------------------------------------------
                         slack                                  0.172    <hidden>





Pulse Width Checks
--------------------------------------------------------------------------------------
Clock Name:         aclk
Waveform(ns):       { 0.000 3.367 }
Period(ns):         6.734
Sources:            { aclk }

Check Type        Corner  Lib Pin      Reference Pin  Required(ns)  Actual(ns)  Slack(ns)  Location      Pin
Min Period        n/a     DSP48E1/CLK  n/a            3.884         6.734       2.850      DSP48_X0Y7    pr1_reg[1]/CLK
Min Period        n/a     DSP48E1/CLK  n/a            3.884         6.734       2.850      DSP48_X1Y8    pr1_reg[2]/CLK
Min Period        n/a     DSP48E1/CLK  n/a            3.884         6.734       2.850      DSP48_X1Y5    pr1_reg[4]/CLK
Min Period        n/a     DSP48E1/CLK  n/a            3.884         6.734       2.850      DSP48_X1Y9    pr1_reg[5]/CLK
Min Period        n/a     DSP48E1/CLK  n/a            3.884         6.734       2.850      DSP48_X0Y6    pr1_reg[7]/CLK
Min Period        n/a     DSP48E1/CLK  n/a            3.884         6.734       2.850      DSP48_X0Y4    pr1_reg[8]/CLK
Min Period        n/a     DSP48E1/CLK  n/a            3.884         6.734       2.850      DSP48_X1Y7    pr2_reg[1]/CLK
Min Period        n/a     DSP48E1/CLK  n/a            3.884         6.734       2.850      DSP48_X0Y8    pr2_reg[2]/CLK
Min Period        n/a     DSP48E1/CLK  n/a            3.884         6.734       2.850      DSP48_X0Y5    pr2_reg[4]/CLK
Min Period        n/a     DSP48E1/CLK  n/a            3.884         6.734       2.850      DSP48_X1Y6    pr2_reg[5]/CLK
Min Period        n/a     DSP48E1/CLK  n/a            3.884         6.734       2.850      DSP48_X0Y1    pr2_reg[7]/CLK
Min Period        n/a     DSP48E1/CLK  n/a            3.884         6.734       2.850      DSP48_X0Y0    pr2_reg[8]/CLK
Min Period        n/a     DSP48E1/CLK  n/a            3.687         6.734       3.047      DSP48_X1Y0    pr2_reg[3]/CLK
Min Period        n/a     DSP48E1/CLK  n/a            2.154         6.734       4.580      DSP48_X1Y3    pr1_reg[0]/CLK
Min Period        n/a     DSP48E1/CLK  n/a            2.154         6.734       4.580      DSP48_X1Y4    pr1_reg[3]/CLK
Min Period        n/a     DSP48E1/CLK  n/a            2.154         6.734       4.580      DSP48_X0Y2    pr1_reg[6]/CLK
Min Period        n/a     DSP48E1/CLK  n/a            2.154         6.734       4.580      DSP48_X1Y2    pr2_reg[0]/CLK
Min Period        n/a     DSP48E1/CLK  n/a            2.154         6.734       4.580      DSP48_X0Y3    pr2_reg[6]/CLK
Min Period        n/a     FDRE/C       n/a            1.000         6.734       5.734      SLICE_X14Y23  FSM_onehot_state_reg[0]/C
Min Period        n/a     FDSE/C       n/a            1.000         6.734       5.734      SLICE_X18Y26  FSM_onehot_state_reg[1]/C
Min Period        n/a     FDRE/C       n/a            1.000         6.734       5.734      SLICE_X17Y21  FSM_onehot_state_reg[2]/C
Min Period        n/a     FDRE/C       n/a            1.000         6.734       5.734      SLICE_X14Y23  FSM_onehot_state_reg[3]/C
Min Period        n/a     FDRE/C       n/a            1.000         6.734       5.734      SLICE_X20Y8   acc1_q_reg[0]/C
Min Period        n/a     FDRE/C       n/a            1.000         6.734       5.734      SLICE_X20Y10  acc1_q_reg[10]/C
Min Period        n/a     FDRE/C       n/a            1.000         6.734       5.734      SLICE_X20Y10  acc1_q_reg[11]/C
Low Pulse Width   Slow    RAMD64E/CLK  n/a            1.250         3.367       2.117      SLICE_X18Y15  lb1_reg_0_127_0_0/DP.HIGH/CLK
Low Pulse Width   Fast    RAMD64E/CLK  n/a            1.250         3.367       2.117      SLICE_X18Y15  lb1_reg_0_127_0_0/DP.HIGH/CLK
Low Pulse Width   Slow    RAMD64E/CLK  n/a            1.250         3.367       2.117      SLICE_X18Y15  lb1_reg_0_127_0_0/DP.LOW/CLK
Low Pulse Width   Fast    RAMD64E/CLK  n/a            1.250         3.367       2.117      SLICE_X18Y15  lb1_reg_0_127_0_0/DP.LOW/CLK
Low Pulse Width   Slow    RAMD64E/CLK  n/a            1.250         3.367       2.117      SLICE_X18Y15  lb1_reg_0_127_0_0/SP.HIGH/CLK
Low Pulse Width   Fast    RAMD64E/CLK  n/a            1.250         3.367       2.117      SLICE_X18Y15  lb1_reg_0_127_0_0/SP.HIGH/CLK
Low Pulse Width   Slow    RAMD64E/CLK  n/a            1.250         3.367       2.117      SLICE_X18Y15  lb1_reg_0_127_0_0/SP.LOW/CLK
Low Pulse Width   Fast    RAMD64E/CLK  n/a            1.250         3.367       2.117      SLICE_X18Y15  lb1_reg_0_127_0_0/SP.LOW/CLK
Low Pulse Width   Slow    RAMD64E/CLK  n/a            1.250         3.367       2.117      SLICE_X20Y13  lb1_reg_0_127_1_1/DP.HIGH/CLK
Low Pulse Width   Fast    RAMD64E/CLK  n/a            1.250         3.367       2.117      SLICE_X20Y13  lb1_reg_0_127_1_1/DP.HIGH/CLK
Low Pulse Width   Slow    RAMD64E/CLK  n/a            1.250         3.367       2.117      SLICE_X20Y13  lb1_reg_0_127_1_1/DP.LOW/CLK
Low Pulse Width   Fast    RAMD64E/CLK  n/a            1.250         3.367       2.117      SLICE_X20Y13  lb1_reg_0_127_1_1/DP.LOW/CLK
Low Pulse Width   Slow    RAMD64E/CLK  n/a            1.250         3.367       2.117      SLICE_X20Y13  lb1_reg_0_127_1_1/SP.HIGH/CLK
Low Pulse Width   Fast    RAMD64E/CLK  n/a            1.250         3.367       2.117      SLICE_X20Y13  lb1_reg_0_127_1_1/SP.HIGH/CLK
Low Pulse Width   Slow    RAMD64E/CLK  n/a            1.250         3.367       2.117      SLICE_X20Y13  lb1_reg_0_127_1_1/SP.LOW/CLK
Low Pulse Width   Fast    RAMD64E/CLK  n/a            1.250         3.367       2.117      SLICE_X20Y13  lb1_reg_0_127_1_1/SP.LOW/CLK
Low Pulse Width   Slow    RAMD64E/CLK  n/a            1.250         3.367       2.117      SLICE_X18Y8   lb1_reg_0_127_2_2/DP.HIGH/CLK
Low Pulse Width   Fast    RAMD64E/CLK  n/a            1.250         3.367       2.117      SLICE_X18Y8   lb1_reg_0_127_2_2/DP.HIGH/CLK
Low Pulse Width   Slow    RAMD64E/CLK  n/a            1.250         3.367       2.117      SLICE_X18Y8   lb1_reg_0_127_2_2/DP.LOW/CLK
Low Pulse Width   Fast    RAMD64E/CLK  n/a            1.250         3.367       2.117      SLICE_X18Y8   lb1_reg_0_127_2_2/DP.LOW/CLK
Low Pulse Width   Slow    RAMD64E/CLK  n/a            1.250         3.367       2.117      SLICE_X18Y8   lb1_reg_0_127_2_2/SP.HIGH/CLK
Low Pulse Width   Fast    RAMD64E/CLK  n/a            1.250         3.367       2.117      SLICE_X18Y8   lb1_reg_0_127_2_2/SP.HIGH/CLK
Low Pulse Width   Slow    RAMD64E/CLK  n/a            1.250         3.367       2.117      SLICE_X18Y8   lb1_reg_0_127_2_2/SP.LOW/CLK
Low Pulse Width   Fast    RAMD64E/CLK  n/a            1.250         3.367       2.117      SLICE_X18Y8   lb1_reg_0_127_2_2/SP.LOW/CLK
Low Pulse Width   Slow    RAMD64E/CLK  n/a            1.250         3.367       2.117      SLICE_X18Y9   lb1_reg_0_127_3_3/DP.HIGH/CLK
High Pulse Width  Slow    RAMD64E/CLK  n/a            1.250         3.367       2.117      SLICE_X18Y15  lb1_reg_0_127_0_0/DP.HIGH/CLK
High Pulse Width  Fast    RAMD64E/CLK  n/a            1.250         3.367       2.117      SLICE_X18Y15  lb1_reg_0_127_0_0/DP.HIGH/CLK
High Pulse Width  Slow    RAMD64E/CLK  n/a            1.250         3.367       2.117      SLICE_X18Y15  lb1_reg_0_127_0_0/DP.LOW/CLK
High Pulse Width  Fast    RAMD64E/CLK  n/a            1.250         3.367       2.117      SLICE_X18Y15  lb1_reg_0_127_0_0/DP.LOW/CLK
High Pulse Width  Slow    RAMD64E/CLK  n/a            1.250         3.367       2.117      SLICE_X18Y15  lb1_reg_0_127_0_0/SP.HIGH/CLK
High Pulse Width  Fast    RAMD64E/CLK  n/a            1.250         3.367       2.117      SLICE_X18Y15  lb1_reg_0_127_0_0/SP.HIGH/CLK
High Pulse Width  Slow    RAMD64E/CLK  n/a            1.250         3.367       2.117      SLICE_X18Y15  lb1_reg_0_127_0_0/SP.LOW/CLK
High Pulse Width  Fast    RAMD64E/CLK  n/a            1.250         3.367       2.117      SLICE_X18Y15  lb1_reg_0_127_0_0/SP.LOW/CLK
High Pulse Width  Slow    RAMD64E/CLK  n/a            1.250         3.367       2.117      SLICE_X20Y13  lb1_reg_0_127_1_1/DP.HIGH/CLK
High Pulse Width  Fast    RAMD64E/CLK  n/a            1.250         3.367       2.117      SLICE_X20Y13  lb1_reg_0_127_1_1/DP.HIGH/CLK
High Pulse Width  Slow    RAMD64E/CLK  n/a            1.250         3.367       2.117      SLICE_X20Y13  lb1_reg_0_127_1_1/DP.LOW/CLK
High Pulse Width  Fast    RAMD64E/CLK  n/a            1.250         3.367       2.117      SLICE_X20Y13  lb1_reg_0_127_1_1/DP.LOW/CLK
High Pulse Width  Slow    RAMD64E/CLK  n/a            1.250         3.367       2.117      SLICE_X20Y13  lb1_reg_0_127_1_1/SP.HIGH/CLK
High Pulse Width  Fast    RAMD64E/CLK  n/a            1.250         3.367       2.117      SLICE_X20Y13  lb1_reg_0_127_1_1/SP.HIGH/CLK
High Pulse Width  Slow    RAMD64E/CLK  n/a            1.250         3.367       2.117      SLICE_X20Y13  lb1_reg_0_127_1_1/SP.LOW/CLK
High Pulse Width  Fast    RAMD64E/CLK  n/a            1.250         3.367       2.117      SLICE_X20Y13  lb1_reg_0_127_1_1/SP.LOW/CLK
High Pulse Width  Slow    RAMD64E/CLK  n/a            1.250         3.367       2.117      SLICE_X18Y8   lb1_reg_0_127_2_2/DP.HIGH/CLK
High Pulse Width  Fast    RAMD64E/CLK  n/a            1.250         3.367       2.117      SLICE_X18Y8   lb1_reg_0_127_2_2/DP.HIGH/CLK
High Pulse Width  Slow    RAMD64E/CLK  n/a            1.250         3.367       2.117      SLICE_X18Y8   lb1_reg_0_127_2_2/DP.LOW/CLK
High Pulse Width  Fast    RAMD64E/CLK  n/a            1.250         3.367       2.117      SLICE_X18Y8   lb1_reg_0_127_2_2/DP.LOW/CLK
High Pulse Width  Slow    RAMD64E/CLK  n/a            1.250         3.367       2.117      SLICE_X18Y8   lb1_reg_0_127_2_2/SP.HIGH/CLK
High Pulse Width  Fast    RAMD64E/CLK  n/a            1.250         3.367       2.117      SLICE_X18Y8   lb1_reg_0_127_2_2/SP.HIGH/CLK
High Pulse Width  Slow    RAMD64E/CLK  n/a            1.250         3.367       2.117      SLICE_X18Y8   lb1_reg_0_127_2_2/SP.LOW/CLK
High Pulse Width  Fast    RAMD64E/CLK  n/a            1.250         3.367       2.117      SLICE_X18Y8   lb1_reg_0_127_2_2/SP.LOW/CLK
High Pulse Width  Slow    RAMD64E/CLK  n/a            1.250         3.367       2.117      SLICE_X18Y9   lb1_reg_0_127_3_3/DP.HIGH/CLK



