Copyright 1986-2022 Xilinx, Inc. All Rights Reserved. Copyright 2022-2026 Advanced Micro Devices, Inc. All Rights Reserved.
---------------------------------------------------------------------------------------------------------------------------------------------
| Tool Version : Vivado v.2026.1 (win64) Build 6511674 Tue Jun 16 11:02:23 MDT 2026
| Date         : Thu Jul  9 10:23:54 2026
| Host         : <redacted> running 64-bit major release  (build 9200)
| Command      : report_timing_summary -delay_type min_max -max_paths 25 -file sobel_fixed_tim_impl.rpt
| Design       : sobel_fixed
| Device       : 7z020-clg400
| Speed File   : -1  PRODUCTION 1.12 2019-11-22
| Design State : Routed
---------------------------------------------------------------------------------------------------------------------------------------------

Timing Summary Report

------------------------------------------------------------------------------------------------
| Timer Settings
| --------------
------------------------------------------------------------------------------------------------

  Enable Multi Corner Analysis               :  Yes
  Enable Pessimism Removal                   :  Yes
  Pessimism Removal Resolution               :  Nearest Common Node
  Enable Input Delay Default Clock           :  No
  Enable Preset / Clear Arcs                 :  No
  Disable Flight Delays                      :  No
  Ignore I/O Paths                           :  No
  Timing Early Launch at Borrowing Latches   :  No
  Borrow Time for Max Delay Exceptions       :  Yes
  Merge Timing Exceptions                    :  Yes
  Inter-SLR Compensation                     :  Conservative

  Corner  Analyze    Analyze    
  Name    Max Paths  Min Paths  
  ------  ---------  ---------  
  Slow    Yes        Yes        
  Fast    Yes        Yes        


------------------------------------------------------------------------------------------------
| Report Methodology
| ------------------
------------------------------------------------------------------------------------------------

No report available as report_methodology has not been run prior. Run report_methodology on the current design for the summary of methodology violations.



check_timing report

Table of Contents
-----------------
1. checking no_clock (0)
2. checking constant_clock (0)
3. checking pulse_width_clock (0)
4. checking unconstrained_internal_endpoints (0)
5. checking no_input_delay (0)
6. checking no_output_delay (0)
7. checking multiple_clock (0)
8. checking generated_clocks (0)
9. checking loops (0)
10. checking partial_input_delay (0)
11. checking partial_output_delay (0)
12. checking latch_loops (0)

1. checking no_clock (0)
------------------------
 There are 0 register/latch pins with no clock.


2. checking constant_clock (0)
------------------------------
 There are 0 register/latch pins with constant_clock.


3. checking pulse_width_clock (0)
---------------------------------
 There are 0 register/latch pins which need pulse_width check


4. checking unconstrained_internal_endpoints (0)
------------------------------------------------
 There are 0 pins that are not constrained for maximum delay.

 There are 0 pins that are not constrained for maximum delay due to constant clock.


5. checking no_input_delay (0)
------------------------------
 There are 0 input ports with no input delay specified.

 There are 0 input ports with no input delay but user has a false path constraint.


6. checking no_output_delay (0)
-------------------------------
 There are 0 ports with no output delay specified.

 There are 0 ports with no output delay but user has a false path constraint

 There are 0 ports with no output delay but with a timing clock defined on it or propagating through it


7. checking multiple_clock (0)
------------------------------
 There are 0 register/latch pins with multiple clocks.


8. checking generated_clocks (0)
--------------------------------
 There are 0 generated clocks that are not connected to a clock source.


9. checking loops (0)
---------------------
 There are 0 combinational loops in the design.


10. checking partial_input_delay (0)
------------------------------------
 There are 0 input ports with partial input delay specified.


11. checking partial_output_delay (0)
-------------------------------------
 There are 0 ports with partial output delay specified.


12. checking latch_loops (0)
----------------------------
 There are 0 combinational latch loops in the design through latch input



------------------------------------------------------------------------------------------------
| Design Timing Summary
| ---------------------
------------------------------------------------------------------------------------------------

    WNS(ns)      TNS(ns)  TNS Failing Endpoints  TNS Total Endpoints      WHS(ns)      THS(ns)  THS Failing Endpoints  THS Total Endpoints     WPWS(ns)     TPWS(ns)  TPWS Failing Endpoints  TPWS Total Endpoints  
    -------      -------  ---------------------  -------------------      -------      -------  ---------------------  -------------------     --------     --------  ----------------------  --------------------  
      0.629        0.000                      0                 2943        0.103        0.000                      0                 2943        2.117        0.000                       0                   493  


All user specified timing constraints are met.


------------------------------------------------------------------------------------------------
| Clock Summary
| -------------
------------------------------------------------------------------------------------------------

Clock  Waveform(ns)         Period(ns)      Frequency(MHz)
-----  ------------         ----------      --------------
aclk   {0.000 3.367}        6.734           148.500         


------------------------------------------------------------------------------------------------
| Intra Clock Table
| -----------------
------------------------------------------------------------------------------------------------

Clock             WNS(ns)      TNS(ns)  TNS Failing Endpoints  TNS Total Endpoints      WHS(ns)      THS(ns)  THS Failing Endpoints  THS Total Endpoints     WPWS(ns)     TPWS(ns)  TPWS Failing Endpoints  TPWS Total Endpoints  
-----             -------      -------  ---------------------  -------------------      -------      -------  ---------------------  -------------------     --------     --------  ----------------------  --------------------  
aclk                0.629        0.000                      0                 2943        0.103        0.000                      0                 2943        2.117        0.000                       0                   493  


------------------------------------------------------------------------------------------------
| Inter Clock Table
| -----------------
------------------------------------------------------------------------------------------------

From Clock    To Clock          WNS(ns)      TNS(ns)  TNS Failing Endpoints  TNS Total Endpoints      WHS(ns)      THS(ns)  THS Failing Endpoints  THS Total Endpoints  
----------    --------          -------      -------  ---------------------  -------------------      -------      -------  ---------------------  -------------------  


------------------------------------------------------------------------------------------------
| Other Path Groups Table
| -----------------------
------------------------------------------------------------------------------------------------

Path Group    From Clock    To Clock          WNS(ns)      TNS(ns)  TNS Failing Endpoints  TNS Total Endpoints      WHS(ns)      THS(ns)  THS Failing Endpoints  THS Total Endpoints  
----------    ----------    --------          -------      -------  ---------------------  -------------------      -------      -------  ---------------------  -------------------  


------------------------------------------------------------------------------------------------
| Timing Details
| --------------
------------------------------------------------------------------------------------------------


---------------------------------------------------------------------------------------------------
From Clock:  aclk
  To Clock:  aclk

Setup :            0  Failing Endpoints,  Worst Slack        0.629ns,  Total Violation        0.000ns
Hold  :            0  Failing Endpoints,  Worst Slack        0.103ns,  Total Violation        0.000ns
PW    :            0  Failing Endpoints,  Worst Slack        2.117ns,  Total Violation        0.000ns
---------------------------------------------------------------------------------------------------


Max Delay Paths
--------------------------------------------------------------------------------------
Slack (MET) :             0.629ns  (required time - arrival time)
  Source:                 m_axis_tready
                            (input port clocked by aclk  {rise@0.000ns fall@3.367ns period=6.734ns})
  Destination:            s_axis_tready
                            (output port clocked by aclk  {rise@0.000ns fall@3.367ns period=6.734ns})
  Path Group:             aclk
  Path Type:              Max at Slow Process Corner
  Requirement:            6.734ns  (aclk rise@6.734ns - aclk rise@0.000ns)
  Data Path Delay:        2.070ns  (logic 0.124ns (5.990%)  route 1.946ns (94.010%))
  Logic Levels:           1  (LUT3=1)
  Input Delay:            2.000ns
  Output Delay:           2.000ns
  Clock Uncertainty:      0.035ns  ((TSJ^2 + TIJ^2)^1/2 + DJ) / 2 + PE
    Total System Jitter     (TSJ):    0.071ns
    Total Input Jitter      (TIJ):    0.000ns
    Discrete Jitter          (DJ):    0.000ns
    Phase Error              (PE):    0.000ns

    Location             Delay type                Incr(ns)  Path(ns)    Netlist Resource(s)
  -------------------------------------------------------------------    -------------------
                         (clock aclk rise edge)       0.000     0.000 r  <hidden>
                         input delay                  2.000     2.000    <hidden>
                                                      0.000     2.000 r  m_axis_tready
                         net (fo=20, unset)           0.973     2.973    m_axis_tready
    SLICE_X31Y95         LUT3 (Prop_lut3_I1_O)        0.124     3.097 r  s_axis_tready_INST_0/O
                         net (fo=0)                   0.973     4.070    s_axis_tready
                                                                      r  s_axis_tready
  -------------------------------------------------------------------    -------------------

                         (clock aclk rise edge)       6.734     6.734 r  <hidden>
                         clock pessimism              0.000     6.734    <hidden>
                         clock uncertainty           -0.035     6.699    <hidden>
                         output delay                -2.000     4.699    <hidden>
  -------------------------------------------------------------------
                         required time                          4.699    <hidden>
                         arrival time                          -4.070    <hidden>
  -------------------------------------------------------------------
                         slack                                  0.629    <hidden>

Slack (MET) :             0.659ns  (required time - arrival time)
  Source:                 pcnt_q_reg[2]/C
                            (rising edge-triggered cell FDRE clocked by aclk  {rise@0.000ns fall@3.367ns period=6.734ns})
  Destination:            gy_q_reg[9]/D
                            (rising edge-triggered cell FDRE clocked by aclk  {rise@0.000ns fall@3.367ns period=6.734ns})
  Path Group:             aclk
  Path Type:              Setup (Max at Slow Process Corner)
  Requirement:            6.734ns  (aclk rise@6.734ns - aclk rise@0.000ns)
  Data Path Delay:        6.053ns  (logic 2.936ns (48.504%)  route 3.117ns (51.496%))
  Logic Levels:           9  (CARRY4=4 LUT2=1 LUT4=1 LUT5=1 LUT6=2)
  Clock Path Skew:        -0.049ns (DCD - SCD + CPR)
    Destination Clock Delay (DCD):    0.924ns = ( 7.658 - 6.734 ) 
    Source Clock Delay      (SCD):    0.973ns
    Clock Pessimism Removal (CPR):    0.000ns
  Clock Uncertainty:      0.035ns  ((TSJ^2 + TIJ^2)^1/2 + DJ) / 2 + PE
    Total System Jitter     (TSJ):    0.071ns
    Total Input Jitter      (TIJ):    0.000ns
    Discrete Jitter          (DJ):    0.000ns
    Phase Error              (PE):    0.000ns

    Location             Delay type                Incr(ns)  Path(ns)    Netlist Resource(s)
  -------------------------------------------------------------------    -------------------
                         (clock aclk rise edge)       0.000     0.000 r  <hidden>
                                                      0.000     0.000 r  aclk
                         net (fo=492, unset)          0.973     0.973    aclk
    SLICE_X38Y100        FDRE                                         r  pcnt_q_reg[2]/C
  -------------------------------------------------------------------    -------------------
    SLICE_X38Y100        FDRE (Prop_fdre_C_Q)         0.518     1.491 r  pcnt_q_reg[2]/Q
                         net (fo=7, routed)           0.868     2.359    pcnt_q[2]
    SLICE_X39Y100        LUT6 (Prop_lut6_I2_O)        0.124     2.483 r  cc1_q[8]_i_2/O
                         net (fo=19, routed)          0.367     2.849    cc1_q[8]_i_2_n_0
    SLICE_X43Y100        LUT4 (Prop_lut4_I3_O)        0.124     2.973 r  gy_q[11]_i_8/O
                         net (fo=46, routed)          0.809     3.782    gy_q[11]_i_8_n_0
    SLICE_X43Y101        LUT5 (Prop_lut5_I3_O)        0.124     3.906 r  gy_q[3]_i_7/O
                         net (fo=2, routed)           0.455     4.361    gy_q[3]_i_7_n_0
    SLICE_X45Y102        LUT6 (Prop_lut6_I0_O)        0.124     4.485 r  gy_q[3]_i_10/O
                         net (fo=1, routed)           0.000     4.485    gy_q[3]_i_10_n_0
    SLICE_X45Y102        CARRY4 (Prop_carry4_S[3]_CO[3])
                                                      0.401     4.886 r  gy_q_reg[3]_i_2/CO[3]
                         net (fo=1, routed)           0.000     4.886    gy_q_reg[3]_i_2_n_0
    SLICE_X45Y103        CARRY4 (Prop_carry4_CI_O[1])
                                                      0.334     5.220 r  gy_q_reg[7]_i_2/O[1]
                         net (fo=2, routed)           0.619     5.839    gy_q_reg[7]_i_2_n_6
    SLICE_X43Y103        LUT2 (Prop_lut2_I0_O)        0.303     6.142 r  gy_q[7]_i_5/O
                         net (fo=1, routed)           0.000     6.142    gy_q[7]_i_5_n_0
    SLICE_X43Y103        CARRY4 (Prop_carry4_S[1]_CO[3])
                                                      0.550     6.692 r  gy_q_reg[7]_i_1/CO[3]
                         net (fo=1, routed)           0.000     6.692    gy_q_reg[7]_i_1_n_0
    SLICE_X43Y104        CARRY4 (Prop_carry4_CI_O[1])
                                                      0.334     7.026 r  gy_q_reg[11]_i_2/O[1]
                         net (fo=1, routed)           0.000     7.026    gy_q0[9]
    SLICE_X43Y104        FDRE                                         r  gy_q_reg[9]/D
  -------------------------------------------------------------------    -------------------

                         (clock aclk rise edge)       6.734     6.734 r  <hidden>
                                                      0.000     6.734 r  aclk
                         net (fo=492, unset)          0.924     7.658    aclk
    SLICE_X43Y104        FDRE                                         r  gy_q_reg[9]/C
                         clock pessimism              0.000     7.658    <hidden>
                         clock uncertainty           -0.035     7.623    <hidden>
    SLICE_X43Y104        FDRE (Setup_fdre_C_D)        0.062     7.685    gy_q_reg[9]
  -------------------------------------------------------------------
                         required time                          7.685    <hidden>
                         arrival time                          -7.026    <hidden>
  -------------------------------------------------------------------
                         slack                                  0.659    <hidden>

Slack (MET) :             0.699ns  (required time - arrival time)
  Source:                 gx_q_reg[0]/C
                            (rising edge-triggered cell FDRE clocked by aclk  {rise@0.000ns fall@3.367ns period=6.734ns})
  Destination:            m_axis_tdata_reg[7]/D
                            (rising edge-triggered cell FDRE clocked by aclk  {rise@0.000ns fall@3.367ns period=6.734ns})
  Path Group:             aclk
  Path Type:              Setup (Max at Slow Process Corner)
  Requirement:            6.734ns  (aclk rise@6.734ns - aclk rise@0.000ns)
  Data Path Delay:        6.028ns  (logic 3.170ns (52.588%)  route 2.858ns (47.412%))
  Logic Levels:           8  (CARRY4=5 LUT1=1 LUT3=1 LUT5=1)
  Clock Path Skew:        -0.049ns (DCD - SCD + CPR)
    Destination Clock Delay (DCD):    0.924ns = ( 7.658 - 6.734 ) 
    Source Clock Delay      (SCD):    0.973ns
    Clock Pessimism Removal (CPR):    0.000ns
  Clock Uncertainty:      0.035ns  ((TSJ^2 + TIJ^2)^1/2 + DJ) / 2 + PE
    Total System Jitter     (TSJ):    0.071ns
    Total Input Jitter      (TIJ):    0.000ns
    Discrete Jitter          (DJ):    0.000ns
    Phase Error              (PE):    0.000ns

    Location             Delay type                Incr(ns)  Path(ns)    Netlist Resource(s)
  -------------------------------------------------------------------    -------------------
                         (clock aclk rise edge)       0.000     0.000 r  <hidden>
                                                      0.000     0.000 r  aclk
                         net (fo=492, unset)          0.973     0.973    aclk
    SLICE_X40Y100        FDRE                                         r  gx_q_reg[0]/C
  -------------------------------------------------------------------    -------------------
    SLICE_X40Y100        FDRE (Prop_fdre_C_Q)         0.456     1.429 f  gx_q_reg[0]/Q
                         net (fo=3, routed)           0.318     1.747    gx_q[0]
    SLICE_X39Y100        LUT1 (Prop_lut1_I0_O)        0.124     1.871 r  m_axis_tdata[4]_i_13/O
                         net (fo=1, routed)           0.465     2.336    ax1[0]
    SLICE_X37Y102        CARRY4 (Prop_carry4_CYINIT_CO[3])
                                                      0.580     2.916 r  m_axis_tdata_reg[4]_i_11/CO[3]
                         net (fo=1, routed)           0.000     2.916    m_axis_tdata_reg[4]_i_11_n_0
    SLICE_X37Y103        CARRY4 (Prop_carry4_CI_CO[3])
                                                      0.114     3.030 r  m_axis_tdata_reg[7]_i_15/CO[3]
                         net (fo=1, routed)           0.000     3.030    m_axis_tdata_reg[7]_i_15_n_0
    SLICE_X37Y104        CARRY4 (Prop_carry4_CI_O[0])
                                                      0.222     3.252 r  m_axis_tdata_reg[7]_i_14/O[0]
                         net (fo=2, routed)           0.748     4.000    ax0[9]
    SLICE_X40Y103        LUT3 (Prop_lut3_I0_O)        0.325     4.325 r  m_axis_tdata[7]_i_8/O
                         net (fo=1, routed)           0.554     4.879    p_1_in[9]
    SLICE_X38Y104        CARRY4 (Prop_carry4_DI[1]_CO[3])
                                                      0.728     5.607 r  m_axis_tdata_reg[7]_i_4/CO[3]
                         net (fo=1, routed)           0.000     5.607    m_axis_tdata_reg[7]_i_4_n_0
    SLICE_X38Y105        CARRY4 (Prop_carry4_CI_CO[0])
                                                      0.254     5.861 r  m_axis_tdata_reg[7]_i_5/CO[0]
                         net (fo=8, routed)           0.773     6.634    m_axis_tdata_reg[7]_i_5_n_3
    SLICE_X38Y101        LUT5 (Prop_lut5_I3_O)        0.367     7.001 r  m_axis_tdata[7]_i_3/O
                         net (fo=1, routed)           0.000     7.001    m_axis_tdata[7]_i_3_n_0
    SLICE_X38Y101        FDRE                                         r  m_axis_tdata_reg[7]/D
  -------------------------------------------------------------------    -------------------

                         (clock aclk rise edge)       6.734     6.734 r  <hidden>
                                                      0.000     6.734 r  aclk
                         net (fo=492, unset)          0.924     7.658    aclk
    SLICE_X38Y101        FDRE                                         r  m_axis_tdata_reg[7]/C
                         clock pessimism              0.000     7.658    <hidden>
                         clock uncertainty           -0.035     7.623    <hidden>
    SLICE_X38Y101        FDRE (Setup_fdre_C_D)        0.077     7.700    m_axis_tdata_reg[7]
  -------------------------------------------------------------------
                         required time                          7.700    <hidden>
                         arrival time                          -7.001    <hidden>
  -------------------------------------------------------------------
                         slack                                  0.699    <hidden>

Slack (MET) :             0.754ns  (required time - arrival time)
  Source:                 pcnt_q_reg[2]/C
                            (rising edge-triggered cell FDRE clocked by aclk  {rise@0.000ns fall@3.367ns period=6.734ns})
  Destination:            gy_q_reg[11]/D
                            (rising edge-triggered cell FDRE clocked by aclk  {rise@0.000ns fall@3.367ns period=6.734ns})
  Path Group:             aclk
  Path Type:              Setup (Max at Slow Process Corner)
  Requirement:            6.734ns  (aclk rise@6.734ns - aclk rise@0.000ns)
  Data Path Delay:        5.958ns  (logic 2.841ns (47.683%)  route 3.117ns (52.317%))
  Logic Levels:           9  (CARRY4=4 LUT2=1 LUT4=1 LUT5=1 LUT6=2)
  Clock Path Skew:        -0.049ns (DCD - SCD + CPR)
    Destination Clock Delay (DCD):    0.924ns = ( 7.658 - 6.734 ) 
    Source Clock Delay      (SCD):    0.973ns
    Clock Pessimism Removal (CPR):    0.000ns
  Clock Uncertainty:      0.035ns  ((TSJ^2 + TIJ^2)^1/2 + DJ) / 2 + PE
    Total System Jitter     (TSJ):    0.071ns
    Total Input Jitter      (TIJ):    0.000ns
    Discrete Jitter          (DJ):    0.000ns
    Phase Error              (PE):    0.000ns

    Location             Delay type                Incr(ns)  Path(ns)    Netlist Resource(s)
  -------------------------------------------------------------------    -------------------
                         (clock aclk rise edge)       0.000     0.000 r  <hidden>
                                                      0.000     0.000 r  aclk
                         net (fo=492, unset)          0.973     0.973    aclk
    SLICE_X38Y100        FDRE                                         r  pcnt_q_reg[2]/C
  -------------------------------------------------------------------    -------------------
    SLICE_X38Y100        FDRE (Prop_fdre_C_Q)         0.518     1.491 r  pcnt_q_reg[2]/Q
                         net (fo=7, routed)           0.868     2.359    pcnt_q[2]
    SLICE_X39Y100        LUT6 (Prop_lut6_I2_O)        0.124     2.483 r  cc1_q[8]_i_2/O
                         net (fo=19, routed)          0.367     2.849    cc1_q[8]_i_2_n_0
    SLICE_X43Y100        LUT4 (Prop_lut4_I3_O)        0.124     2.973 r  gy_q[11]_i_8/O
                         net (fo=46, routed)          0.809     3.782    gy_q[11]_i_8_n_0
    SLICE_X43Y101        LUT5 (Prop_lut5_I3_O)        0.124     3.906 r  gy_q[3]_i_7/O
                         net (fo=2, routed)           0.455     4.361    gy_q[3]_i_7_n_0
    SLICE_X45Y102        LUT6 (Prop_lut6_I0_O)        0.124     4.485 r  gy_q[3]_i_10/O
                         net (fo=1, routed)           0.000     4.485    gy_q[3]_i_10_n_0
    SLICE_X45Y102        CARRY4 (Prop_carry4_S[3]_CO[3])
                                                      0.401     4.886 r  gy_q_reg[3]_i_2/CO[3]
                         net (fo=1, routed)           0.000     4.886    gy_q_reg[3]_i_2_n_0
    SLICE_X45Y103        CARRY4 (Prop_carry4_CI_O[1])
                                                      0.334     5.220 r  gy_q_reg[7]_i_2/O[1]
                         net (fo=2, routed)           0.619     5.839    gy_q_reg[7]_i_2_n_6
    SLICE_X43Y103        LUT2 (Prop_lut2_I0_O)        0.303     6.142 r  gy_q[7]_i_5/O
                         net (fo=1, routed)           0.000     6.142    gy_q[7]_i_5_n_0
    SLICE_X43Y103        CARRY4 (Prop_carry4_S[1]_CO[3])
                                                      0.550     6.692 r  gy_q_reg[7]_i_1/CO[3]
                         net (fo=1, routed)           0.000     6.692    gy_q_reg[7]_i_1_n_0
    SLICE_X43Y104        CARRY4 (Prop_carry4_CI_O[2])
                                                      0.239     6.931 r  gy_q_reg[11]_i_2/O[2]
                         net (fo=1, routed)           0.000     6.931    gy_q0[11]
    SLICE_X43Y104        FDRE                                         r  gy_q_reg[11]/D
  -------------------------------------------------------------------    -------------------

                         (clock aclk rise edge)       6.734     6.734 r  <hidden>
                                                      0.000     6.734 r  aclk
                         net (fo=492, unset)          0.924     7.658    aclk
    SLICE_X43Y104        FDRE                                         r  gy_q_reg[11]/C
                         clock pessimism              0.000     7.658    <hidden>
                         clock uncertainty           -0.035     7.623    <hidden>
    SLICE_X43Y104        FDRE (Setup_fdre_C_D)        0.062     7.685    gy_q_reg[11]
  -------------------------------------------------------------------
                         required time                          7.685    <hidden>
                         arrival time                          -6.931    <hidden>
  -------------------------------------------------------------------
                         slack                                  0.754    <hidden>

Slack (MET) :             0.770ns  (required time - arrival time)
  Source:                 pcnt_q_reg[2]/C
                            (rising edge-triggered cell FDRE clocked by aclk  {rise@0.000ns fall@3.367ns period=6.734ns})
  Destination:            gy_q_reg[8]/D
                            (rising edge-triggered cell FDRE clocked by aclk  {rise@0.000ns fall@3.367ns period=6.734ns})
  Path Group:             aclk
  Path Type:              Setup (Max at Slow Process Corner)
  Requirement:            6.734ns  (aclk rise@6.734ns - aclk rise@0.000ns)
  Data Path Delay:        5.942ns  (logic 2.825ns (47.542%)  route 3.117ns (52.458%))
  Logic Levels:           9  (CARRY4=4 LUT2=1 LUT4=1 LUT5=1 LUT6=2)
  Clock Path Skew:        -0.049ns (DCD - SCD + CPR)
    Destination Clock Delay (DCD):    0.924ns = ( 7.658 - 6.734 ) 
    Source Clock Delay      (SCD):    0.973ns
    Clock Pessimism Removal (CPR):    0.000ns
  Clock Uncertainty:      0.035ns  ((TSJ^2 + TIJ^2)^1/2 + DJ) / 2 + PE
    Total System Jitter     (TSJ):    0.071ns
    Total Input Jitter      (TIJ):    0.000ns
    Discrete Jitter          (DJ):    0.000ns
    Phase Error              (PE):    0.000ns

    Location             Delay type                Incr(ns)  Path(ns)    Netlist Resource(s)
  -------------------------------------------------------------------    -------------------
                         (clock aclk rise edge)       0.000     0.000 r  <hidden>
                                                      0.000     0.000 r  aclk
                         net (fo=492, unset)          0.973     0.973    aclk
    SLICE_X38Y100        FDRE                                         r  pcnt_q_reg[2]/C
  -------------------------------------------------------------------    -------------------
    SLICE_X38Y100        FDRE (Prop_fdre_C_Q)         0.518     1.491 r  pcnt_q_reg[2]/Q
                         net (fo=7, routed)           0.868     2.359    pcnt_q[2]
    SLICE_X39Y100        LUT6 (Prop_lut6_I2_O)        0.124     2.483 r  cc1_q[8]_i_2/O
                         net (fo=19, routed)          0.367     2.849    cc1_q[8]_i_2_n_0
    SLICE_X43Y100        LUT4 (Prop_lut4_I3_O)        0.124     2.973 r  gy_q[11]_i_8/O
                         net (fo=46, routed)          0.809     3.782    gy_q[11]_i_8_n_0
    SLICE_X43Y101        LUT5 (Prop_lut5_I3_O)        0.124     3.906 r  gy_q[3]_i_7/O
                         net (fo=2, routed)           0.455     4.361    gy_q[3]_i_7_n_0
    SLICE_X45Y102        LUT6 (Prop_lut6_I0_O)        0.124     4.485 r  gy_q[3]_i_10/O
                         net (fo=1, routed)           0.000     4.485    gy_q[3]_i_10_n_0
    SLICE_X45Y102        CARRY4 (Prop_carry4_S[3]_CO[3])
                                                      0.401     4.886 r  gy_q_reg[3]_i_2/CO[3]
                         net (fo=1, routed)           0.000     4.886    gy_q_reg[3]_i_2_n_0
    SLICE_X45Y103        CARRY4 (Prop_carry4_CI_O[1])
                                                      0.334     5.220 r  gy_q_reg[7]_i_2/O[1]
                         net (fo=2, routed)           0.619     5.839    gy_q_reg[7]_i_2_n_6
    SLICE_X43Y103        LUT2 (Prop_lut2_I0_O)        0.303     6.142 r  gy_q[7]_i_5/O
                         net (fo=1, routed)           0.000     6.142    gy_q[7]_i_5_n_0
    SLICE_X43Y103        CARRY4 (Prop_carry4_S[1]_CO[3])
                                                      0.550     6.692 r  gy_q_reg[7]_i_1/CO[3]
                         net (fo=1, routed)           0.000     6.692    gy_q_reg[7]_i_1_n_0
    SLICE_X43Y104        CARRY4 (Prop_carry4_CI_O[0])
                                                      0.223     6.915 r  gy_q_reg[11]_i_2/O[0]
                         net (fo=1, routed)           0.000     6.915    gy_q0[8]
    SLICE_X43Y104        FDRE                                         r  gy_q_reg[8]/D
  -------------------------------------------------------------------    -------------------

                         (clock aclk rise edge)       6.734     6.734 r  <hidden>
                                                      0.000     6.734 r  aclk
                         net (fo=492, unset)          0.924     7.658    aclk
    SLICE_X43Y104        FDRE                                         r  gy_q_reg[8]/C
                         clock pessimism              0.000     7.658    <hidden>
                         clock uncertainty           -0.035     7.623    <hidden>
    SLICE_X43Y104        FDRE (Setup_fdre_C_D)        0.062     7.685    gy_q_reg[8]
  -------------------------------------------------------------------
                         required time                          7.685    <hidden>
                         arrival time                          -6.915    <hidden>
  -------------------------------------------------------------------
                         slack                                  0.770    <hidden>

Slack (MET) :             0.799ns  (required time - arrival time)
  Source:                 gx_q_reg[0]/C
                            (rising edge-triggered cell FDRE clocked by aclk  {rise@0.000ns fall@3.367ns period=6.734ns})
  Destination:            m_axis_tdata_reg[0]/D
                            (rising edge-triggered cell FDRE clocked by aclk  {rise@0.000ns fall@3.367ns period=6.734ns})
  Path Group:             aclk
  Path Type:              Setup (Max at Slow Process Corner)
  Requirement:            6.734ns  (aclk rise@6.734ns - aclk rise@0.000ns)
  Data Path Delay:        5.883ns  (logic 3.170ns (53.880%)  route 2.713ns (46.120%))
  Logic Levels:           8  (CARRY4=5 LUT1=1 LUT3=1 LUT5=1)
  Clock Path Skew:        -0.049ns (DCD - SCD + CPR)
    Destination Clock Delay (DCD):    0.924ns = ( 7.658 - 6.734 ) 
    Source Clock Delay      (SCD):    0.973ns
    Clock Pessimism Removal (CPR):    0.000ns
  Clock Uncertainty:      0.035ns  ((TSJ^2 + TIJ^2)^1/2 + DJ) / 2 + PE
    Total System Jitter     (TSJ):    0.071ns
    Total Input Jitter      (TIJ):    0.000ns
    Discrete Jitter          (DJ):    0.000ns
    Phase Error              (PE):    0.000ns

    Location             Delay type                Incr(ns)  Path(ns)    Netlist Resource(s)
  -------------------------------------------------------------------    -------------------
                         (clock aclk rise edge)       0.000     0.000 r  <hidden>
                                                      0.000     0.000 r  aclk
                         net (fo=492, unset)          0.973     0.973    aclk
    SLICE_X40Y100        FDRE                                         r  gx_q_reg[0]/C
  -------------------------------------------------------------------    -------------------
    SLICE_X40Y100        FDRE (Prop_fdre_C_Q)         0.456     1.429 f  gx_q_reg[0]/Q
                         net (fo=3, routed)           0.318     1.747    gx_q[0]
    SLICE_X39Y100        LUT1 (Prop_lut1_I0_O)        0.124     1.871 r  m_axis_tdata[4]_i_13/O
                         net (fo=1, routed)           0.465     2.336    ax1[0]
    SLICE_X37Y102        CARRY4 (Prop_carry4_CYINIT_CO[3])
                                                      0.580     2.916 r  m_axis_tdata_reg[4]_i_11/CO[3]
                         net (fo=1, routed)           0.000     2.916    m_axis_tdata_reg[4]_i_11_n_0
    SLICE_X37Y103        CARRY4 (Prop_carry4_CI_CO[3])
                                                      0.114     3.030 r  m_axis_tdata_reg[7]_i_15/CO[3]
                         net (fo=1, routed)           0.000     3.030    m_axis_tdata_reg[7]_i_15_n_0
    SLICE_X37Y104        CARRY4 (Prop_carry4_CI_O[0])
                                                      0.222     3.252 r  m_axis_tdata_reg[7]_i_14/O[0]
                         net (fo=2, routed)           0.748     4.000    ax0[9]
    SLICE_X40Y103        LUT3 (Prop_lut3_I0_O)        0.325     4.325 r  m_axis_tdata[7]_i_8/O
                         net (fo=1, routed)           0.554     4.879    p_1_in[9]
    SLICE_X38Y104        CARRY4 (Prop_carry4_DI[1]_CO[3])
                                                      0.728     5.607 r  m_axis_tdata_reg[7]_i_4/CO[3]
                         net (fo=1, routed)           0.000     5.607    m_axis_tdata_reg[7]_i_4_n_0
    SLICE_X38Y105        CARRY4 (Prop_carry4_CI_CO[0])
                                                      0.254     5.861 r  m_axis_tdata_reg[7]_i_5/CO[0]
                         net (fo=8, routed)           0.629     6.489    m_axis_tdata_reg[7]_i_5_n_3
    SLICE_X40Y104        LUT5 (Prop_lut5_I3_O)        0.367     6.856 r  m_axis_tdata[0]_i_1/O
                         net (fo=1, routed)           0.000     6.856    m_axis_tdata[0]_i_1_n_0
    SLICE_X40Y104        FDRE                                         r  m_axis_tdata_reg[0]/D
  -------------------------------------------------------------------    -------------------

                         (clock aclk rise edge)       6.734     6.734 r  <hidden>
                                                      0.000     6.734 r  aclk
                         net (fo=492, unset)          0.924     7.658    aclk
    SLICE_X40Y104        FDRE                                         r  m_axis_tdata_reg[0]/C
                         clock pessimism              0.000     7.658    <hidden>
                         clock uncertainty           -0.035     7.623    <hidden>
    SLICE_X40Y104        FDRE (Setup_fdre_C_D)        0.032     7.655    m_axis_tdata_reg[0]
  -------------------------------------------------------------------
                         required time                          7.655    <hidden>
                         arrival time                          -6.856    <hidden>
  -------------------------------------------------------------------
                         slack                                  0.799    <hidden>

Slack (MET) :             0.806ns  (required time - arrival time)
  Source:                 pcnt_q_reg[2]/C
                            (rising edge-triggered cell FDRE clocked by aclk  {rise@0.000ns fall@3.367ns period=6.734ns})
  Destination:            gx_q_reg[9]/D
                            (rising edge-triggered cell FDRE clocked by aclk  {rise@0.000ns fall@3.367ns period=6.734ns})
  Path Group:             aclk
  Path Type:              Setup (Max at Slow Process Corner)
  Requirement:            6.734ns  (aclk rise@6.734ns - aclk rise@0.000ns)
  Data Path Delay:        5.906ns  (logic 3.155ns (53.421%)  route 2.751ns (46.579%))
  Logic Levels:           8  (CARRY4=4 LUT2=1 LUT4=1 LUT5=1 LUT6=1)
  Clock Path Skew:        -0.049ns (DCD - SCD + CPR)
    Destination Clock Delay (DCD):    0.924ns = ( 7.658 - 6.734 ) 
    Source Clock Delay      (SCD):    0.973ns
    Clock Pessimism Removal (CPR):    0.000ns
  Clock Uncertainty:      0.035ns  ((TSJ^2 + TIJ^2)^1/2 + DJ) / 2 + PE
    Total System Jitter     (TSJ):    0.071ns
    Total Input Jitter      (TIJ):    0.000ns
    Discrete Jitter          (DJ):    0.000ns
    Phase Error              (PE):    0.000ns

    Location             Delay type                Incr(ns)  Path(ns)    Netlist Resource(s)
  -------------------------------------------------------------------    -------------------
                         (clock aclk rise edge)       0.000     0.000 r  <hidden>
                                                      0.000     0.000 r  aclk
                         net (fo=492, unset)          0.973     0.973    aclk
    SLICE_X38Y100        FDRE                                         r  pcnt_q_reg[2]/C
  -------------------------------------------------------------------    -------------------
    SLICE_X38Y100        FDRE (Prop_fdre_C_Q)         0.518     1.491 r  pcnt_q_reg[2]/Q
                         net (fo=7, routed)           0.868     2.359    pcnt_q[2]
    SLICE_X39Y100        LUT6 (Prop_lut6_I2_O)        0.124     2.483 r  cc1_q[8]_i_2/O
                         net (fo=19, routed)          0.367     2.849    cc1_q[8]_i_2_n_0
    SLICE_X43Y100        LUT4 (Prop_lut4_I3_O)        0.124     2.973 r  gy_q[11]_i_8/O
                         net (fo=46, routed)          0.688     3.661    gy_q[11]_i_8_n_0
    SLICE_X45Y100        LUT5 (Prop_lut5_I3_O)        0.153     3.814 r  gx_q[3]_i_16/O
                         net (fo=1, routed)           0.343     4.157    gx_q[3]_i_16_n_0
    SLICE_X42Y100        CARRY4 (Prop_carry4_DI[1]_CO[3])
                                                      0.723     4.880 r  gx_q_reg[3]_i_13/CO[3]
                         net (fo=1, routed)           0.000     4.880    gx_q_reg[3]_i_13_n_0
    SLICE_X42Y101        CARRY4 (Prop_carry4_CI_O[1])
                                                      0.323     5.203 r  gx_q_reg[7]_i_15/O[1]
                         net (fo=1, routed)           0.486     5.689    gx_q_reg[7]_i_15_n_6
    SLICE_X40Y101        LUT2 (Prop_lut2_I1_O)        0.306     5.995 r  gx_q[7]_i_5/O
                         net (fo=1, routed)           0.000     5.995    gx_q[7]_i_5_n_0
    SLICE_X40Y101        CARRY4 (Prop_carry4_S[1]_CO[3])
                                                      0.550     6.545 r  gx_q_reg[7]_i_1/CO[3]
                         net (fo=1, routed)           0.000     6.545    gx_q_reg[7]_i_1_n_0
    SLICE_X40Y102        CARRY4 (Prop_carry4_CI_O[1])
                                                      0.334     6.879 r  gx_q_reg[11]_i_1/O[1]
                         net (fo=1, routed)           0.000     6.879    gx_q0[9]
    SLICE_X40Y102        FDRE                                         r  gx_q_reg[9]/D
  -------------------------------------------------------------------    -------------------

                         (clock aclk rise edge)       6.734     6.734 r  <hidden>
                                                      0.000     6.734 r  aclk
                         net (fo=492, unset)          0.924     7.658    aclk
    SLICE_X40Y102        FDRE                                         r  gx_q_reg[9]/C
                         clock pessimism              0.000     7.658    <hidden>
                         clock uncertainty           -0.035     7.623    <hidden>
    SLICE_X40Y102        FDRE (Setup_fdre_C_D)        0.062     7.685    gx_q_reg[9]
  -------------------------------------------------------------------
                         required time                          7.685    <hidden>
                         arrival time                          -6.879    <hidden>
  -------------------------------------------------------------------
                         slack                                  0.806    <hidden>

Slack (MET) :             0.863ns  (required time - arrival time)
  Source:                 gx_q_reg[0]/C
                            (rising edge-triggered cell FDRE clocked by aclk  {rise@0.000ns fall@3.367ns period=6.734ns})
  Destination:            m_axis_tdata_reg[5]/D
                            (rising edge-triggered cell FDRE clocked by aclk  {rise@0.000ns fall@3.367ns period=6.734ns})
  Path Group:             aclk
  Path Type:              Setup (Max at Slow Process Corner)
  Requirement:            6.734ns  (aclk rise@6.734ns - aclk rise@0.000ns)
  Data Path Delay:        5.816ns  (logic 3.170ns (54.508%)  route 2.646ns (45.492%))
  Logic Levels:           8  (CARRY4=5 LUT1=1 LUT3=1 LUT5=1)
  Clock Path Skew:        -0.049ns (DCD - SCD + CPR)
    Destination Clock Delay (DCD):    0.924ns = ( 7.658 - 6.734 ) 
    Source Clock Delay      (SCD):    0.973ns
    Clock Pessimism Removal (CPR):    0.000ns
  Clock Uncertainty:      0.035ns  ((TSJ^2 + TIJ^2)^1/2 + DJ) / 2 + PE
    Total System Jitter     (TSJ):    0.071ns
    Total Input Jitter      (TIJ):    0.000ns
    Discrete Jitter          (DJ):    0.000ns
    Phase Error              (PE):    0.000ns

    Location             Delay type                Incr(ns)  Path(ns)    Netlist Resource(s)
  -------------------------------------------------------------------    -------------------
                         (clock aclk rise edge)       0.000     0.000 r  <hidden>
                                                      0.000     0.000 r  aclk
                         net (fo=492, unset)          0.973     0.973    aclk
    SLICE_X40Y100        FDRE                                         r  gx_q_reg[0]/C
  -------------------------------------------------------------------    -------------------
    SLICE_X40Y100        FDRE (Prop_fdre_C_Q)         0.456     1.429 f  gx_q_reg[0]/Q
                         net (fo=3, routed)           0.318     1.747    gx_q[0]
    SLICE_X39Y100        LUT1 (Prop_lut1_I0_O)        0.124     1.871 r  m_axis_tdata[4]_i_13/O
                         net (fo=1, routed)           0.465     2.336    ax1[0]
    SLICE_X37Y102        CARRY4 (Prop_carry4_CYINIT_CO[3])
                                                      0.580     2.916 r  m_axis_tdata_reg[4]_i_11/CO[3]
                         net (fo=1, routed)           0.000     2.916    m_axis_tdata_reg[4]_i_11_n_0
    SLICE_X37Y103        CARRY4 (Prop_carry4_CI_CO[3])
                                                      0.114     3.030 r  m_axis_tdata_reg[7]_i_15/CO[3]
                         net (fo=1, routed)           0.000     3.030    m_axis_tdata_reg[7]_i_15_n_0
    SLICE_X37Y104        CARRY4 (Prop_carry4_CI_O[0])
                                                      0.222     3.252 r  m_axis_tdata_reg[7]_i_14/O[0]
                         net (fo=2, routed)           0.748     4.000    ax0[9]
    SLICE_X40Y103        LUT3 (Prop_lut3_I0_O)        0.325     4.325 r  m_axis_tdata[7]_i_8/O
                         net (fo=1, routed)           0.554     4.879    p_1_in[9]
    SLICE_X38Y104        CARRY4 (Prop_carry4_DI[1]_CO[3])
                                                      0.728     5.607 r  m_axis_tdata_reg[7]_i_4/CO[3]
                         net (fo=1, routed)           0.000     5.607    m_axis_tdata_reg[7]_i_4_n_0
    SLICE_X38Y105        CARRY4 (Prop_carry4_CI_CO[0])
                                                      0.254     5.861 r  m_axis_tdata_reg[7]_i_5/CO[0]
                         net (fo=8, routed)           0.561     6.422    m_axis_tdata_reg[7]_i_5_n_3
    SLICE_X39Y105        LUT5 (Prop_lut5_I3_O)        0.367     6.789 r  m_axis_tdata[5]_i_1/O
                         net (fo=1, routed)           0.000     6.789    m_axis_tdata[5]_i_1_n_0
    SLICE_X39Y105        FDRE                                         r  m_axis_tdata_reg[5]/D
  -------------------------------------------------------------------    -------------------

                         (clock aclk rise edge)       6.734     6.734 r  <hidden>
                                                      0.000     6.734 r  aclk
                         net (fo=492, unset)          0.924     7.658    aclk
    SLICE_X39Y105        FDRE                                         r  m_axis_tdata_reg[5]/C
                         clock pessimism              0.000     7.658    <hidden>
                         clock uncertainty           -0.035     7.623    <hidden>
    SLICE_X39Y105        FDRE (Setup_fdre_C_D)        0.029     7.652    m_axis_tdata_reg[5]
  -------------------------------------------------------------------
                         required time                          7.652    <hidden>
                         arrival time                          -6.789    <hidden>
  -------------------------------------------------------------------
                         slack                                  0.863    <hidden>

Slack (MET) :             0.868ns  (required time - arrival time)
  Source:                 gx_q_reg[0]/C
                            (rising edge-triggered cell FDRE clocked by aclk  {rise@0.000ns fall@3.367ns period=6.734ns})
  Destination:            m_axis_tdata_reg[6]/D
                            (rising edge-triggered cell FDRE clocked by aclk  {rise@0.000ns fall@3.367ns period=6.734ns})
  Path Group:             aclk
  Path Type:              Setup (Max at Slow Process Corner)
  Requirement:            6.734ns  (aclk rise@6.734ns - aclk rise@0.000ns)
  Data Path Delay:        5.813ns  (logic 3.170ns (54.536%)  route 2.643ns (45.464%))
  Logic Levels:           8  (CARRY4=5 LUT1=1 LUT3=1 LUT5=1)
  Clock Path Skew:        -0.049ns (DCD - SCD + CPR)
    Destination Clock Delay (DCD):    0.924ns = ( 7.658 - 6.734 ) 
    Source Clock Delay      (SCD):    0.973ns
    Clock Pessimism Removal (CPR):    0.000ns
  Clock Uncertainty:      0.035ns  ((TSJ^2 + TIJ^2)^1/2 + DJ) / 2 + PE
    Total System Jitter     (TSJ):    0.071ns
    Total Input Jitter      (TIJ):    0.000ns
    Discrete Jitter          (DJ):    0.000ns
    Phase Error              (PE):    0.000ns

    Location             Delay type                Incr(ns)  Path(ns)    Netlist Resource(s)
  -------------------------------------------------------------------    -------------------
                         (clock aclk rise edge)       0.000     0.000 r  <hidden>
                                                      0.000     0.000 r  aclk
                         net (fo=492, unset)          0.973     0.973    aclk
    SLICE_X40Y100        FDRE                                         r  gx_q_reg[0]/C
  -------------------------------------------------------------------    -------------------
    SLICE_X40Y100        FDRE (Prop_fdre_C_Q)         0.456     1.429 f  gx_q_reg[0]/Q
                         net (fo=3, routed)           0.318     1.747    gx_q[0]
    SLICE_X39Y100        LUT1 (Prop_lut1_I0_O)        0.124     1.871 r  m_axis_tdata[4]_i_13/O
                         net (fo=1, routed)           0.465     2.336    ax1[0]
    SLICE_X37Y102        CARRY4 (Prop_carry4_CYINIT_CO[3])
                                                      0.580     2.916 r  m_axis_tdata_reg[4]_i_11/CO[3]
                         net (fo=1, routed)           0.000     2.916    m_axis_tdata_reg[4]_i_11_n_0
    SLICE_X37Y103        CARRY4 (Prop_carry4_CI_CO[3])
                                                      0.114     3.030 r  m_axis_tdata_reg[7]_i_15/CO[3]
                         net (fo=1, routed)           0.000     3.030    m_axis_tdata_reg[7]_i_15_n_0
    SLICE_X37Y104        CARRY4 (Prop_carry4_CI_O[0])
                                                      0.222     3.252 r  m_axis_tdata_reg[7]_i_14/O[0]
                         net (fo=2, routed)           0.748     4.000    ax0[9]
    SLICE_X40Y103        LUT3 (Prop_lut3_I0_O)        0.325     4.325 r  m_axis_tdata[7]_i_8/O
                         net (fo=1, routed)           0.554     4.879    p_1_in[9]
    SLICE_X38Y104        CARRY4 (Prop_carry4_DI[1]_CO[3])
                                                      0.728     5.607 r  m_axis_tdata_reg[7]_i_4/CO[3]
                         net (fo=1, routed)           0.000     5.607    m_axis_tdata_reg[7]_i_4_n_0
    SLICE_X38Y105        CARRY4 (Prop_carry4_CI_CO[0])
                                                      0.254     5.861 r  m_axis_tdata_reg[7]_i_5/CO[0]
                         net (fo=8, routed)           0.558     6.419    m_axis_tdata_reg[7]_i_5_n_3
    SLICE_X39Y105        LUT5 (Prop_lut5_I3_O)        0.367     6.786 r  m_axis_tdata[6]_i_1/O
                         net (fo=1, routed)           0.000     6.786    m_axis_tdata[6]_i_1_n_0
    SLICE_X39Y105        FDRE                                         r  m_axis_tdata_reg[6]/D
  -------------------------------------------------------------------    -------------------

                         (clock aclk rise edge)       6.734     6.734 r  <hidden>
                                                      0.000     6.734 r  aclk
                         net (fo=492, unset)          0.924     7.658    aclk
    SLICE_X39Y105        FDRE                                         r  m_axis_tdata_reg[6]/C
                         clock pessimism              0.000     7.658    <hidden>
                         clock uncertainty           -0.035     7.623    <hidden>
    SLICE_X39Y105        FDRE (Setup_fdre_C_D)        0.031     7.654    m_axis_tdata_reg[6]
  -------------------------------------------------------------------
                         required time                          7.654    <hidden>
                         arrival time                          -6.786    <hidden>
  -------------------------------------------------------------------
                         slack                                  0.868    <hidden>

Slack (MET) :             0.896ns  (required time - arrival time)
  Source:                 gx_q_reg[0]/C
                            (rising edge-triggered cell FDRE clocked by aclk  {rise@0.000ns fall@3.367ns period=6.734ns})
  Destination:            m_axis_tdata_reg[1]/D
                            (rising edge-triggered cell FDRE clocked by aclk  {rise@0.000ns fall@3.367ns period=6.734ns})
  Path Group:             aclk
  Path Type:              Setup (Max at Slow Process Corner)
  Requirement:            6.734ns  (aclk rise@6.734ns - aclk rise@0.000ns)
  Data Path Delay:        5.783ns  (logic 3.170ns (54.818%)  route 2.613ns (45.182%))
  Logic Levels:           8  (CARRY4=5 LUT1=1 LUT3=1 LUT5=1)
  Clock Path Skew:        -0.049ns (DCD - SCD + CPR)
    Destination Clock Delay (DCD):    0.924ns = ( 7.658 - 6.734 ) 
    Source Clock Delay      (SCD):    0.973ns
    Clock Pessimism Removal (CPR):    0.000ns
  Clock Uncertainty:      0.035ns  ((TSJ^2 + TIJ^2)^1/2 + DJ) / 2 + PE
    Total System Jitter     (TSJ):    0.071ns
    Total Input Jitter      (TIJ):    0.000ns
    Discrete Jitter          (DJ):    0.000ns
    Phase Error              (PE):    0.000ns

    Location             Delay type                Incr(ns)  Path(ns)    Netlist Resource(s)
  -------------------------------------------------------------------    -------------------
                         (clock aclk rise edge)       0.000     0.000 r  <hidden>
                                                      0.000     0.000 r  aclk
                         net (fo=492, unset)          0.973     0.973    aclk
    SLICE_X40Y100        FDRE                                         r  gx_q_reg[0]/C
  -------------------------------------------------------------------    -------------------
    SLICE_X40Y100        FDRE (Prop_fdre_C_Q)         0.456     1.429 f  gx_q_reg[0]/Q
                         net (fo=3, routed)           0.318     1.747    gx_q[0]
    SLICE_X39Y100        LUT1 (Prop_lut1_I0_O)        0.124     1.871 r  m_axis_tdata[4]_i_13/O
                         net (fo=1, routed)           0.465     2.336    ax1[0]
    SLICE_X37Y102        CARRY4 (Prop_carry4_CYINIT_CO[3])
                                                      0.580     2.916 r  m_axis_tdata_reg[4]_i_11/CO[3]
                         net (fo=1, routed)           0.000     2.916    m_axis_tdata_reg[4]_i_11_n_0
    SLICE_X37Y103        CARRY4 (Prop_carry4_CI_CO[3])
                                                      0.114     3.030 r  m_axis_tdata_reg[7]_i_15/CO[3]
                         net (fo=1, routed)           0.000     3.030    m_axis_tdata_reg[7]_i_15_n_0
    SLICE_X37Y104        CARRY4 (Prop_carry4_CI_O[0])
                                                      0.222     3.252 r  m_axis_tdata_reg[7]_i_14/O[0]
                         net (fo=2, routed)           0.748     4.000    ax0[9]
    SLICE_X40Y103        LUT3 (Prop_lut3_I0_O)        0.325     4.325 r  m_axis_tdata[7]_i_8/O
                         net (fo=1, routed)           0.554     4.879    p_1_in[9]
    SLICE_X38Y104        CARRY4 (Prop_carry4_DI[1]_CO[3])
                                                      0.728     5.607 r  m_axis_tdata_reg[7]_i_4/CO[3]
                         net (fo=1, routed)           0.000     5.607    m_axis_tdata_reg[7]_i_4_n_0
    SLICE_X38Y105        CARRY4 (Prop_carry4_CI_CO[0])
                                                      0.254     5.861 r  m_axis_tdata_reg[7]_i_5/CO[0]
                         net (fo=8, routed)           0.528     6.389    m_axis_tdata_reg[7]_i_5_n_3
    SLICE_X40Y103        LUT5 (Prop_lut5_I3_O)        0.367     6.756 r  m_axis_tdata[1]_i_1/O
                         net (fo=1, routed)           0.000     6.756    m_axis_tdata[1]_i_1_n_0
    SLICE_X40Y103        FDRE                                         r  m_axis_tdata_reg[1]/D
  -------------------------------------------------------------------    -------------------

                         (clock aclk rise edge)       6.734     6.734 r  <hidden>
                                                      0.000     6.734 r  aclk
                         net (fo=492, unset)          0.924     7.658    aclk
    SLICE_X40Y103        FDRE                                         r  m_axis_tdata_reg[1]/C
                         clock pessimism              0.000     7.658    <hidden>
                         clock uncertainty           -0.035     7.623    <hidden>
    SLICE_X40Y103        FDRE (Setup_fdre_C_D)        0.029     7.652    m_axis_tdata_reg[1]
  -------------------------------------------------------------------
                         required time                          7.652    <hidden>
                         arrival time                          -6.756    <hidden>
  -------------------------------------------------------------------
                         slack                                  0.896    <hidden>

Slack (MET) :             0.901ns  (required time - arrival time)
  Source:                 pcnt_q_reg[2]/C
                            (rising edge-triggered cell FDRE clocked by aclk  {rise@0.000ns fall@3.367ns period=6.734ns})
  Destination:            gx_q_reg[11]/D
                            (rising edge-triggered cell FDRE clocked by aclk  {rise@0.000ns fall@3.367ns period=6.734ns})
  Path Group:             aclk
  Path Type:              Setup (Max at Slow Process Corner)
  Requirement:            6.734ns  (aclk rise@6.734ns - aclk rise@0.000ns)
  Data Path Delay:        5.811ns  (logic 3.060ns (52.659%)  route 2.751ns (47.341%))
  Logic Levels:           8  (CARRY4=4 LUT2=1 LUT4=1 LUT5=1 LUT6=1)
  Clock Path Skew:        -0.049ns (DCD - SCD + CPR)
    Destination Clock Delay (DCD):    0.924ns = ( 7.658 - 6.734 ) 
    Source Clock Delay      (SCD):    0.973ns
    Clock Pessimism Removal (CPR):    0.000ns
  Clock Uncertainty:      0.035ns  ((TSJ^2 + TIJ^2)^1/2 + DJ) / 2 + PE
    Total System Jitter     (TSJ):    0.071ns
    Total Input Jitter      (TIJ):    0.000ns
    Discrete Jitter          (DJ):    0.000ns
    Phase Error              (PE):    0.000ns

    Location             Delay type                Incr(ns)  Path(ns)    Netlist Resource(s)
  -------------------------------------------------------------------    -------------------
                         (clock aclk rise edge)       0.000     0.000 r  <hidden>
                                                      0.000     0.000 r  aclk
                         net (fo=492, unset)          0.973     0.973    aclk
    SLICE_X38Y100        FDRE                                         r  pcnt_q_reg[2]/C
  -------------------------------------------------------------------    -------------------
    SLICE_X38Y100        FDRE (Prop_fdre_C_Q)         0.518     1.491 r  pcnt_q_reg[2]/Q
                         net (fo=7, routed)           0.868     2.359    pcnt_q[2]
    SLICE_X39Y100        LUT6 (Prop_lut6_I2_O)        0.124     2.483 r  cc1_q[8]_i_2/O
                         net (fo=19, routed)          0.367     2.849    cc1_q[8]_i_2_n_0
    SLICE_X43Y100        LUT4 (Prop_lut4_I3_O)        0.124     2.973 r  gy_q[11]_i_8/O
                         net (fo=46, routed)          0.688     3.661    gy_q[11]_i_8_n_0
    SLICE_X45Y100        LUT5 (Prop_lut5_I3_O)        0.153     3.814 r  gx_q[3]_i_16/O
                         net (fo=1, routed)           0.343     4.157    gx_q[3]_i_16_n_0
    SLICE_X42Y100        CARRY4 (Prop_carry4_DI[1]_CO[3])
                                                      0.723     4.880 r  gx_q_reg[3]_i_13/CO[3]
                         net (fo=1, routed)           0.000     4.880    gx_q_reg[3]_i_13_n_0
    SLICE_X42Y101        CARRY4 (Prop_carry4_CI_O[1])
                                                      0.323     5.203 r  gx_q_reg[7]_i_15/O[1]
                         net (fo=1, routed)           0.486     5.689    gx_q_reg[7]_i_15_n_6
    SLICE_X40Y101        LUT2 (Prop_lut2_I1_O)        0.306     5.995 r  gx_q[7]_i_5/O
                         net (fo=1, routed)           0.000     5.995    gx_q[7]_i_5_n_0
    SLICE_X40Y101        CARRY4 (Prop_carry4_S[1]_CO[3])
                                                      0.550     6.545 r  gx_q_reg[7]_i_1/CO[3]
                         net (fo=1, routed)           0.000     6.545    gx_q_reg[7]_i_1_n_0
    SLICE_X40Y102        CARRY4 (Prop_carry4_CI_O[2])
                                                      0.239     6.784 r  gx_q_reg[11]_i_1/O[2]
                         net (fo=1, routed)           0.000     6.784    gx_q0[11]
    SLICE_X40Y102        FDRE                                         r  gx_q_reg[11]/D
  -------------------------------------------------------------------    -------------------

                         (clock aclk rise edge)       6.734     6.734 r  <hidden>
                                                      0.000     6.734 r  aclk
                         net (fo=492, unset)          0.924     7.658    aclk
    SLICE_X40Y102        FDRE                                         r  gx_q_reg[11]/C
                         clock pessimism              0.000     7.658    <hidden>
                         clock uncertainty           -0.035     7.623    <hidden>
    SLICE_X40Y102        FDRE (Setup_fdre_C_D)        0.062     7.685    gx_q_reg[11]
  -------------------------------------------------------------------
                         required time                          7.685    <hidden>
                         arrival time                          -6.784    <hidden>
  -------------------------------------------------------------------
                         slack                                  0.901    <hidden>

Slack (MET) :             0.903ns  (required time - arrival time)
  Source:                 pcnt_q_reg[2]/C
                            (rising edge-triggered cell FDRE clocked by aclk  {rise@0.000ns fall@3.367ns period=6.734ns})
  Destination:            gy_q_reg[7]/D
                            (rising edge-triggered cell FDRE clocked by aclk  {rise@0.000ns fall@3.367ns period=6.734ns})
  Path Group:             aclk
  Path Type:              Setup (Max at Slow Process Corner)
  Requirement:            6.734ns  (aclk rise@6.734ns - aclk rise@0.000ns)
  Data Path Delay:        5.809ns  (logic 2.692ns (46.341%)  route 3.117ns (53.659%))
  Logic Levels:           8  (CARRY4=3 LUT2=1 LUT4=1 LUT5=1 LUT6=2)
  Clock Path Skew:        -0.049ns (DCD - SCD + CPR)
    Destination Clock Delay (DCD):    0.924ns = ( 7.658 - 6.734 ) 
    Source Clock Delay      (SCD):    0.973ns
    Clock Pessimism Removal (CPR):    0.000ns
  Clock Uncertainty:      0.035ns  ((TSJ^2 + TIJ^2)^1/2 + DJ) / 2 + PE
    Total System Jitter     (TSJ):    0.071ns
    Total Input Jitter      (TIJ):    0.000ns
    Discrete Jitter          (DJ):    0.000ns
    Phase Error              (PE):    0.000ns

    Location             Delay type                Incr(ns)  Path(ns)    Netlist Resource(s)
  -------------------------------------------------------------------    -------------------
                         (clock aclk rise edge)       0.000     0.000 r  <hidden>
                                                      0.000     0.000 r  aclk
                         net (fo=492, unset)          0.973     0.973    aclk
    SLICE_X38Y100        FDRE                                         r  pcnt_q_reg[2]/C
  -------------------------------------------------------------------    -------------------
    SLICE_X38Y100        FDRE (Prop_fdre_C_Q)         0.518     1.491 r  pcnt_q_reg[2]/Q
                         net (fo=7, routed)           0.868     2.359    pcnt_q[2]
    SLICE_X39Y100        LUT6 (Prop_lut6_I2_O)        0.124     2.483 r  cc1_q[8]_i_2/O
                         net (fo=19, routed)          0.367     2.849    cc1_q[8]_i_2_n_0
    SLICE_X43Y100        LUT4 (Prop_lut4_I3_O)        0.124     2.973 r  gy_q[11]_i_8/O
                         net (fo=46, routed)          0.809     3.782    gy_q[11]_i_8_n_0
    SLICE_X43Y101        LUT5 (Prop_lut5_I3_O)        0.124     3.906 r  gy_q[3]_i_7/O
                         net (fo=2, routed)           0.455     4.361    gy_q[3]_i_7_n_0
    SLICE_X45Y102        LUT6 (Prop_lut6_I0_O)        0.124     4.485 r  gy_q[3]_i_10/O
                         net (fo=1, routed)           0.000     4.485    gy_q[3]_i_10_n_0
    SLICE_X45Y102        CARRY4 (Prop_carry4_S[3]_CO[3])
                                                      0.401     4.886 r  gy_q_reg[3]_i_2/CO[3]
                         net (fo=1, routed)           0.000     4.886    gy_q_reg[3]_i_2_n_0
    SLICE_X45Y103        CARRY4 (Prop_carry4_CI_O[1])
                                                      0.334     5.220 r  gy_q_reg[7]_i_2/O[1]
                         net (fo=2, routed)           0.619     5.839    gy_q_reg[7]_i_2_n_6
    SLICE_X43Y103        LUT2 (Prop_lut2_I0_O)        0.303     6.142 r  gy_q[7]_i_5/O
                         net (fo=1, routed)           0.000     6.142    gy_q[7]_i_5_n_0
    SLICE_X43Y103        CARRY4 (Prop_carry4_S[1]_O[3])
                                                      0.640     6.782 r  gy_q_reg[7]_i_1/O[3]
                         net (fo=1, routed)           0.000     6.782    gy_q0[7]
    SLICE_X43Y103        FDRE                                         r  gy_q_reg[7]/D
  -------------------------------------------------------------------    -------------------

                         (clock aclk rise edge)       6.734     6.734 r  <hidden>
                                                      0.000     6.734 r  aclk
                         net (fo=492, unset)          0.924     7.658    aclk
    SLICE_X43Y103        FDRE                                         r  gy_q_reg[7]/C
                         clock pessimism              0.000     7.658    <hidden>
                         clock uncertainty           -0.035     7.623    <hidden>
    SLICE_X43Y103        FDRE (Setup_fdre_C_D)        0.062     7.685    gy_q_reg[7]
  -------------------------------------------------------------------
                         required time                          7.685    <hidden>
                         arrival time                          -6.782    <hidden>
  -------------------------------------------------------------------
                         slack                                  0.903    <hidden>

Slack (MET) :             0.905ns  (required time - arrival time)
  Source:                 gx_q_reg[0]/C
                            (rising edge-triggered cell FDRE clocked by aclk  {rise@0.000ns fall@3.367ns period=6.734ns})
  Destination:            m_axis_tdata_reg[4]/D
                            (rising edge-triggered cell FDRE clocked by aclk  {rise@0.000ns fall@3.367ns period=6.734ns})
  Path Group:             aclk
  Path Type:              Setup (Max at Slow Process Corner)
  Requirement:            6.734ns  (aclk rise@6.734ns - aclk rise@0.000ns)
  Data Path Delay:        5.776ns  (logic 3.170ns (54.878%)  route 2.606ns (45.122%))
  Logic Levels:           8  (CARRY4=5 LUT1=1 LUT3=1 LUT5=1)
  Clock Path Skew:        -0.049ns (DCD - SCD + CPR)
    Destination Clock Delay (DCD):    0.924ns = ( 7.658 - 6.734 ) 
    Source Clock Delay      (SCD):    0.973ns
    Clock Pessimism Removal (CPR):    0.000ns
  Clock Uncertainty:      0.035ns  ((TSJ^2 + TIJ^2)^1/2 + DJ) / 2 + PE
    Total System Jitter     (TSJ):    0.071ns
    Total Input Jitter      (TIJ):    0.000ns
    Discrete Jitter          (DJ):    0.000ns
    Phase Error              (PE):    0.000ns

    Location             Delay type                Incr(ns)  Path(ns)    Netlist Resource(s)
  -------------------------------------------------------------------    -------------------
                         (clock aclk rise edge)       0.000     0.000 r  <hidden>
                                                      0.000     0.000 r  aclk
                         net (fo=492, unset)          0.973     0.973    aclk
    SLICE_X40Y100        FDRE                                         r  gx_q_reg[0]/C
  -------------------------------------------------------------------    -------------------
    SLICE_X40Y100        FDRE (Prop_fdre_C_Q)         0.456     1.429 f  gx_q_reg[0]/Q
                         net (fo=3, routed)           0.318     1.747    gx_q[0]
    SLICE_X39Y100        LUT1 (Prop_lut1_I0_O)        0.124     1.871 r  m_axis_tdata[4]_i_13/O
                         net (fo=1, routed)           0.465     2.336    ax1[0]
    SLICE_X37Y102        CARRY4 (Prop_carry4_CYINIT_CO[3])
                                                      0.580     2.916 r  m_axis_tdata_reg[4]_i_11/CO[3]
                         net (fo=1, routed)           0.000     2.916    m_axis_tdata_reg[4]_i_11_n_0
    SLICE_X37Y103        CARRY4 (Prop_carry4_CI_CO[3])
                                                      0.114     3.030 r  m_axis_tdata_reg[7]_i_15/CO[3]
                         net (fo=1, routed)           0.000     3.030    m_axis_tdata_reg[7]_i_15_n_0
    SLICE_X37Y104        CARRY4 (Prop_carry4_CI_O[0])
                                                      0.222     3.252 r  m_axis_tdata_reg[7]_i_14/O[0]
                         net (fo=2, routed)           0.748     4.000    ax0[9]
    SLICE_X40Y103        LUT3 (Prop_lut3_I0_O)        0.325     4.325 r  m_axis_tdata[7]_i_8/O
                         net (fo=1, routed)           0.554     4.879    p_1_in[9]
    SLICE_X38Y104        CARRY4 (Prop_carry4_DI[1]_CO[3])
                                                      0.728     5.607 r  m_axis_tdata_reg[7]_i_4/CO[3]
                         net (fo=1, routed)           0.000     5.607    m_axis_tdata_reg[7]_i_4_n_0
    SLICE_X38Y105        CARRY4 (Prop_carry4_CI_CO[0])
                                                      0.254     5.861 r  m_axis_tdata_reg[7]_i_5/CO[0]
                         net (fo=8, routed)           0.522     6.382    m_axis_tdata_reg[7]_i_5_n_3
    SLICE_X40Y104        LUT5 (Prop_lut5_I3_O)        0.367     6.749 r  m_axis_tdata[4]_i_1/O
                         net (fo=1, routed)           0.000     6.749    m_axis_tdata[4]_i_1_n_0
    SLICE_X40Y104        FDRE                                         r  m_axis_tdata_reg[4]/D
  -------------------------------------------------------------------    -------------------

                         (clock aclk rise edge)       6.734     6.734 r  <hidden>
                                                      0.000     6.734 r  aclk
                         net (fo=492, unset)          0.924     7.658    aclk
    SLICE_X40Y104        FDRE                                         r  m_axis_tdata_reg[4]/C
                         clock pessimism              0.000     7.658    <hidden>
                         clock uncertainty           -0.035     7.623    <hidden>
    SLICE_X40Y104        FDRE (Setup_fdre_C_D)        0.031     7.654    m_axis_tdata_reg[4]
  -------------------------------------------------------------------
                         required time                          7.654    <hidden>
                         arrival time                          -6.749    <hidden>
  -------------------------------------------------------------------
                         slack                                  0.905    <hidden>

Slack (MET) :             0.917ns  (required time - arrival time)
  Source:                 pcnt_q_reg[2]/C
                            (rising edge-triggered cell FDRE clocked by aclk  {rise@0.000ns fall@3.367ns period=6.734ns})
  Destination:            gx_q_reg[8]/D
                            (rising edge-triggered cell FDRE clocked by aclk  {rise@0.000ns fall@3.367ns period=6.734ns})
  Path Group:             aclk
  Path Type:              Setup (Max at Slow Process Corner)
  Requirement:            6.734ns  (aclk rise@6.734ns - aclk rise@0.000ns)
  Data Path Delay:        5.795ns  (logic 3.044ns (52.529%)  route 2.751ns (47.471%))
  Logic Levels:           8  (CARRY4=4 LUT2=1 LUT4=1 LUT5=1 LUT6=1)
  Clock Path Skew:        -0.049ns (DCD - SCD + CPR)
    Destination Clock Delay (DCD):    0.924ns = ( 7.658 - 6.734 ) 
    Source Clock Delay      (SCD):    0.973ns
    Clock Pessimism Removal (CPR):    0.000ns
  Clock Uncertainty:      0.035ns  ((TSJ^2 + TIJ^2)^1/2 + DJ) / 2 + PE
    Total System Jitter     (TSJ):    0.071ns
    Total Input Jitter      (TIJ):    0.000ns
    Discrete Jitter          (DJ):    0.000ns
    Phase Error              (PE):    0.000ns

    Location             Delay type                Incr(ns)  Path(ns)    Netlist Resource(s)
  -------------------------------------------------------------------    -------------------
                         (clock aclk rise edge)       0.000     0.000 r  <hidden>
                                                      0.000     0.000 r  aclk
                         net (fo=492, unset)          0.973     0.973    aclk
    SLICE_X38Y100        FDRE                                         r  pcnt_q_reg[2]/C
  -------------------------------------------------------------------    -------------------
    SLICE_X38Y100        FDRE (Prop_fdre_C_Q)         0.518     1.491 r  pcnt_q_reg[2]/Q
                         net (fo=7, routed)           0.868     2.359    pcnt_q[2]
    SLICE_X39Y100        LUT6 (Prop_lut6_I2_O)        0.124     2.483 r  cc1_q[8]_i_2/O
                         net (fo=19, routed)          0.367     2.849    cc1_q[8]_i_2_n_0
    SLICE_X43Y100        LUT4 (Prop_lut4_I3_O)        0.124     2.973 r  gy_q[11]_i_8/O
                         net (fo=46, routed)          0.688     3.661    gy_q[11]_i_8_n_0
    SLICE_X45Y100        LUT5 (Prop_lut5_I3_O)        0.153     3.814 r  gx_q[3]_i_16/O
                         net (fo=1, routed)           0.343     4.157    gx_q[3]_i_16_n_0
    SLICE_X42Y100        CARRY4 (Prop_carry4_DI[1]_CO[3])
                                                      0.723     4.880 r  gx_q_reg[3]_i_13/CO[3]
                         net (fo=1, routed)           0.000     4.880    gx_q_reg[3]_i_13_n_0
    SLICE_X42Y101        CARRY4 (Prop_carry4_CI_O[1])
                                                      0.323     5.203 r  gx_q_reg[7]_i_15/O[1]
                         net (fo=1, routed)           0.486     5.689    gx_q_reg[7]_i_15_n_6
    SLICE_X40Y101        LUT2 (Prop_lut2_I1_O)        0.306     5.995 r  gx_q[7]_i_5/O
                         net (fo=1, routed)           0.000     5.995    gx_q[7]_i_5_n_0
    SLICE_X40Y101        CARRY4 (Prop_carry4_S[1]_CO[3])
                                                      0.550     6.545 r  gx_q_reg[7]_i_1/CO[3]
                         net (fo=1, routed)           0.000     6.545    gx_q_reg[7]_i_1_n_0
    SLICE_X40Y102        CARRY4 (Prop_carry4_CI_O[0])
                                                      0.223     6.768 r  gx_q_reg[11]_i_1/O[0]
                         net (fo=1, routed)           0.000     6.768    gx_q0[8]
    SLICE_X40Y102        FDRE                                         r  gx_q_reg[8]/D
  -------------------------------------------------------------------    -------------------

                         (clock aclk rise edge)       6.734     6.734 r  <hidden>
                                                      0.000     6.734 r  aclk
                         net (fo=492, unset)          0.924     7.658    aclk
    SLICE_X40Y102        FDRE                                         r  gx_q_reg[8]/C
                         clock pessimism              0.000     7.658    <hidden>
                         clock uncertainty           -0.035     7.623    <hidden>
    SLICE_X40Y102        FDRE (Setup_fdre_C_D)        0.062     7.685    gx_q_reg[8]
  -------------------------------------------------------------------
                         required time                          7.685    <hidden>
                         arrival time                          -6.768    <hidden>
  -------------------------------------------------------------------
                         slack                                  0.917    <hidden>

Slack (MET) :             0.963ns  (required time - arrival time)
  Source:                 pcnt_q_reg[2]/C
                            (rising edge-triggered cell FDRE clocked by aclk  {rise@0.000ns fall@3.367ns period=6.734ns})
  Destination:            gy_q_reg[6]/D
                            (rising edge-triggered cell FDRE clocked by aclk  {rise@0.000ns fall@3.367ns period=6.734ns})
  Path Group:             aclk
  Path Type:              Setup (Max at Slow Process Corner)
  Requirement:            6.734ns  (aclk rise@6.734ns - aclk rise@0.000ns)
  Data Path Delay:        5.749ns  (logic 2.632ns (45.781%)  route 3.117ns (54.219%))
  Logic Levels:           8  (CARRY4=3 LUT2=1 LUT4=1 LUT5=1 LUT6=2)
  Clock Path Skew:        -0.049ns (DCD - SCD + CPR)
    Destination Clock Delay (DCD):    0.924ns = ( 7.658 - 6.734 ) 
    Source Clock Delay      (SCD):    0.973ns
    Clock Pessimism Removal (CPR):    0.000ns
  Clock Uncertainty:      0.035ns  ((TSJ^2 + TIJ^2)^1/2 + DJ) / 2 + PE
    Total System Jitter     (TSJ):    0.071ns
    Total Input Jitter      (TIJ):    0.000ns
    Discrete Jitter          (DJ):    0.000ns
    Phase Error              (PE):    0.000ns

    Location             Delay type                Incr(ns)  Path(ns)    Netlist Resource(s)
  -------------------------------------------------------------------    -------------------
                         (clock aclk rise edge)       0.000     0.000 r  <hidden>
                                                      0.000     0.000 r  aclk
                         net (fo=492, unset)          0.973     0.973    aclk
    SLICE_X38Y100        FDRE                                         r  pcnt_q_reg[2]/C
  -------------------------------------------------------------------    -------------------
    SLICE_X38Y100        FDRE (Prop_fdre_C_Q)         0.518     1.491 r  pcnt_q_reg[2]/Q
                         net (fo=7, routed)           0.868     2.359    pcnt_q[2]
    SLICE_X39Y100        LUT6 (Prop_lut6_I2_O)        0.124     2.483 r  cc1_q[8]_i_2/O
                         net (fo=19, routed)          0.367     2.849    cc1_q[8]_i_2_n_0
    SLICE_X43Y100        LUT4 (Prop_lut4_I3_O)        0.124     2.973 r  gy_q[11]_i_8/O
                         net (fo=46, routed)          0.809     3.782    gy_q[11]_i_8_n_0
    SLICE_X43Y101        LUT5 (Prop_lut5_I3_O)        0.124     3.906 r  gy_q[3]_i_7/O
                         net (fo=2, routed)           0.455     4.361    gy_q[3]_i_7_n_0
    SLICE_X45Y102        LUT6 (Prop_lut6_I0_O)        0.124     4.485 r  gy_q[3]_i_10/O
                         net (fo=1, routed)           0.000     4.485    gy_q[3]_i_10_n_0
    SLICE_X45Y102        CARRY4 (Prop_carry4_S[3]_CO[3])
                                                      0.401     4.886 r  gy_q_reg[3]_i_2/CO[3]
                         net (fo=1, routed)           0.000     4.886    gy_q_reg[3]_i_2_n_0
    SLICE_X45Y103        CARRY4 (Prop_carry4_CI_O[1])
                                                      0.334     5.220 r  gy_q_reg[7]_i_2/O[1]
                         net (fo=2, routed)           0.619     5.839    gy_q_reg[7]_i_2_n_6
    SLICE_X43Y103        LUT2 (Prop_lut2_I0_O)        0.303     6.142 r  gy_q[7]_i_5/O
                         net (fo=1, routed)           0.000     6.142    gy_q[7]_i_5_n_0
    SLICE_X43Y103        CARRY4 (Prop_carry4_S[1]_O[2])
                                                      0.580     6.722 r  gy_q_reg[7]_i_1/O[2]
                         net (fo=1, routed)           0.000     6.722    gy_q0[6]
    SLICE_X43Y103        FDRE                                         r  gy_q_reg[6]/D
  -------------------------------------------------------------------    -------------------

                         (clock aclk rise edge)       6.734     6.734 r  <hidden>
                                                      0.000     6.734 r  aclk
                         net (fo=492, unset)          0.924     7.658    aclk
    SLICE_X43Y103        FDRE                                         r  gy_q_reg[6]/C
                         clock pessimism              0.000     7.658    <hidden>
                         clock uncertainty           -0.035     7.623    <hidden>
    SLICE_X43Y103        FDRE (Setup_fdre_C_D)        0.062     7.685    gy_q_reg[6]
  -------------------------------------------------------------------
                         required time                          7.685    <hidden>
                         arrival time                          -6.722    <hidden>
  -------------------------------------------------------------------
                         slack                                  0.963    <hidden>

Slack (MET) :             1.025ns  (required time - arrival time)
  Source:                 gx_q_reg[0]/C
                            (rising edge-triggered cell FDRE clocked by aclk  {rise@0.000ns fall@3.367ns period=6.734ns})
  Destination:            m_axis_tdata_reg[2]/D
                            (rising edge-triggered cell FDRE clocked by aclk  {rise@0.000ns fall@3.367ns period=6.734ns})
  Path Group:             aclk
  Path Type:              Setup (Max at Slow Process Corner)
  Requirement:            6.734ns  (aclk rise@6.734ns - aclk rise@0.000ns)
  Data Path Delay:        5.654ns  (logic 3.170ns (56.064%)  route 2.484ns (43.936%))
  Logic Levels:           8  (CARRY4=5 LUT1=1 LUT3=1 LUT5=1)
  Clock Path Skew:        -0.049ns (DCD - SCD + CPR)
    Destination Clock Delay (DCD):    0.924ns = ( 7.658 - 6.734 ) 
    Source Clock Delay      (SCD):    0.973ns
    Clock Pessimism Removal (CPR):    0.000ns
  Clock Uncertainty:      0.035ns  ((TSJ^2 + TIJ^2)^1/2 + DJ) / 2 + PE
    Total System Jitter     (TSJ):    0.071ns
    Total Input Jitter      (TIJ):    0.000ns
    Discrete Jitter          (DJ):    0.000ns
    Phase Error              (PE):    0.000ns

    Location             Delay type                Incr(ns)  Path(ns)    Netlist Resource(s)
  -------------------------------------------------------------------    -------------------
                         (clock aclk rise edge)       0.000     0.000 r  <hidden>
                                                      0.000     0.000 r  aclk
                         net (fo=492, unset)          0.973     0.973    aclk
    SLICE_X40Y100        FDRE                                         r  gx_q_reg[0]/C
  -------------------------------------------------------------------    -------------------
    SLICE_X40Y100        FDRE (Prop_fdre_C_Q)         0.456     1.429 f  gx_q_reg[0]/Q
                         net (fo=3, routed)           0.318     1.747    gx_q[0]
    SLICE_X39Y100        LUT1 (Prop_lut1_I0_O)        0.124     1.871 r  m_axis_tdata[4]_i_13/O
                         net (fo=1, routed)           0.465     2.336    ax1[0]
    SLICE_X37Y102        CARRY4 (Prop_carry4_CYINIT_CO[3])
                                                      0.580     2.916 r  m_axis_tdata_reg[4]_i_11/CO[3]
                         net (fo=1, routed)           0.000     2.916    m_axis_tdata_reg[4]_i_11_n_0
    SLICE_X37Y103        CARRY4 (Prop_carry4_CI_CO[3])
                                                      0.114     3.030 r  m_axis_tdata_reg[7]_i_15/CO[3]
                         net (fo=1, routed)           0.000     3.030    m_axis_tdata_reg[7]_i_15_n_0
    SLICE_X37Y104        CARRY4 (Prop_carry4_CI_O[0])
                                                      0.222     3.252 r  m_axis_tdata_reg[7]_i_14/O[0]
                         net (fo=2, routed)           0.748     4.000    ax0[9]
    SLICE_X40Y103        LUT3 (Prop_lut3_I0_O)        0.325     4.325 r  m_axis_tdata[7]_i_8/O
                         net (fo=1, routed)           0.554     4.879    p_1_in[9]
    SLICE_X38Y104        CARRY4 (Prop_carry4_DI[1]_CO[3])
                                                      0.728     5.607 r  m_axis_tdata_reg[7]_i_4/CO[3]
                         net (fo=1, routed)           0.000     5.607    m_axis_tdata_reg[7]_i_4_n_0
    SLICE_X38Y105        CARRY4 (Prop_carry4_CI_CO[0])
                                                      0.254     5.861 r  m_axis_tdata_reg[7]_i_5/CO[0]
                         net (fo=8, routed)           0.400     6.260    m_axis_tdata_reg[7]_i_5_n_3
    SLICE_X40Y104        LUT5 (Prop_lut5_I3_O)        0.367     6.627 r  m_axis_tdata[2]_i_1/O
                         net (fo=1, routed)           0.000     6.627    m_axis_tdata[2]_i_1_n_0
    SLICE_X40Y104        FDRE                                         r  m_axis_tdata_reg[2]/D
  -------------------------------------------------------------------    -------------------

                         (clock aclk rise edge)       6.734     6.734 r  <hidden>
                                                      0.000     6.734 r  aclk
                         net (fo=492, unset)          0.924     7.658    aclk
    SLICE_X40Y104        FDRE                                         r  m_axis_tdata_reg[2]/C
                         clock pessimism              0.000     7.658    <hidden>
                         clock uncertainty           -0.035     7.623    <hidden>
    SLICE_X40Y104        FDRE (Setup_fdre_C_D)        0.029     7.652    m_axis_tdata_reg[2]
  -------------------------------------------------------------------
                         required time                          7.652    <hidden>
                         arrival time                          -6.627    <hidden>
  -------------------------------------------------------------------
                         slack                                  1.025    <hidden>

Slack (MET) :             1.030ns  (required time - arrival time)
  Source:                 gx_q_reg[0]/C
                            (rising edge-triggered cell FDRE clocked by aclk  {rise@0.000ns fall@3.367ns period=6.734ns})
  Destination:            m_axis_tdata_reg[3]/D
                            (rising edge-triggered cell FDRE clocked by aclk  {rise@0.000ns fall@3.367ns period=6.734ns})
  Path Group:             aclk
  Path Type:              Setup (Max at Slow Process Corner)
  Requirement:            6.734ns  (aclk rise@6.734ns - aclk rise@0.000ns)
  Data Path Delay:        5.651ns  (logic 3.170ns (56.094%)  route 2.481ns (43.906%))
  Logic Levels:           8  (CARRY4=5 LUT1=1 LUT3=1 LUT5=1)
  Clock Path Skew:        -0.049ns (DCD - SCD + CPR)
    Destination Clock Delay (DCD):    0.924ns = ( 7.658 - 6.734 ) 
    Source Clock Delay      (SCD):    0.973ns
    Clock Pessimism Removal (CPR):    0.000ns
  Clock Uncertainty:      0.035ns  ((TSJ^2 + TIJ^2)^1/2 + DJ) / 2 + PE
    Total System Jitter     (TSJ):    0.071ns
    Total Input Jitter      (TIJ):    0.000ns
    Discrete Jitter          (DJ):    0.000ns
    Phase Error              (PE):    0.000ns

    Location             Delay type                Incr(ns)  Path(ns)    Netlist Resource(s)
  -------------------------------------------------------------------    -------------------
                         (clock aclk rise edge)       0.000     0.000 r  <hidden>
                                                      0.000     0.000 r  aclk
                         net (fo=492, unset)          0.973     0.973    aclk
    SLICE_X40Y100        FDRE                                         r  gx_q_reg[0]/C
  -------------------------------------------------------------------    -------------------
    SLICE_X40Y100        FDRE (Prop_fdre_C_Q)         0.456     1.429 f  gx_q_reg[0]/Q
                         net (fo=3, routed)           0.318     1.747    gx_q[0]
    SLICE_X39Y100        LUT1 (Prop_lut1_I0_O)        0.124     1.871 r  m_axis_tdata[4]_i_13/O
                         net (fo=1, routed)           0.465     2.336    ax1[0]
    SLICE_X37Y102        CARRY4 (Prop_carry4_CYINIT_CO[3])
                                                      0.580     2.916 r  m_axis_tdata_reg[4]_i_11/CO[3]
                         net (fo=1, routed)           0.000     2.916    m_axis_tdata_reg[4]_i_11_n_0
    SLICE_X37Y103        CARRY4 (Prop_carry4_CI_CO[3])
                                                      0.114     3.030 r  m_axis_tdata_reg[7]_i_15/CO[3]
                         net (fo=1, routed)           0.000     3.030    m_axis_tdata_reg[7]_i_15_n_0
    SLICE_X37Y104        CARRY4 (Prop_carry4_CI_O[0])
                                                      0.222     3.252 r  m_axis_tdata_reg[7]_i_14/O[0]
                         net (fo=2, routed)           0.748     4.000    ax0[9]
    SLICE_X40Y103        LUT3 (Prop_lut3_I0_O)        0.325     4.325 r  m_axis_tdata[7]_i_8/O
                         net (fo=1, routed)           0.554     4.879    p_1_in[9]
    SLICE_X38Y104        CARRY4 (Prop_carry4_DI[1]_CO[3])
                                                      0.728     5.607 r  m_axis_tdata_reg[7]_i_4/CO[3]
                         net (fo=1, routed)           0.000     5.607    m_axis_tdata_reg[7]_i_4_n_0
    SLICE_X38Y105        CARRY4 (Prop_carry4_CI_CO[0])
                                                      0.254     5.861 r  m_axis_tdata_reg[7]_i_5/CO[0]
                         net (fo=8, routed)           0.397     6.257    m_axis_tdata_reg[7]_i_5_n_3
    SLICE_X40Y104        LUT5 (Prop_lut5_I3_O)        0.367     6.624 r  m_axis_tdata[3]_i_1/O
                         net (fo=1, routed)           0.000     6.624    m_axis_tdata[3]_i_1_n_0
    SLICE_X40Y104        FDRE                                         r  m_axis_tdata_reg[3]/D
  -------------------------------------------------------------------    -------------------

                         (clock aclk rise edge)       6.734     6.734 r  <hidden>
                                                      0.000     6.734 r  aclk
                         net (fo=492, unset)          0.924     7.658    aclk
    SLICE_X40Y104        FDRE                                         r  m_axis_tdata_reg[3]/C
                         clock pessimism              0.000     7.658    <hidden>
                         clock uncertainty           -0.035     7.623    <hidden>
    SLICE_X40Y104        FDRE (Setup_fdre_C_D)        0.031     7.654    m_axis_tdata_reg[3]
  -------------------------------------------------------------------
                         required time                          7.654    <hidden>
                         arrival time                          -6.624    <hidden>
  -------------------------------------------------------------------
                         slack                                  1.030    <hidden>

Slack (MET) :             1.050ns  (required time - arrival time)
  Source:                 pcnt_q_reg[2]/C
                            (rising edge-triggered cell FDRE clocked by aclk  {rise@0.000ns fall@3.367ns period=6.734ns})
  Destination:            gx_q_reg[7]/D
                            (rising edge-triggered cell FDRE clocked by aclk  {rise@0.000ns fall@3.367ns period=6.734ns})
  Path Group:             aclk
  Path Type:              Setup (Max at Slow Process Corner)
  Requirement:            6.734ns  (aclk rise@6.734ns - aclk rise@0.000ns)
  Data Path Delay:        5.662ns  (logic 2.911ns (51.414%)  route 2.751ns (48.586%))
  Logic Levels:           7  (CARRY4=3 LUT2=1 LUT4=1 LUT5=1 LUT6=1)
  Clock Path Skew:        -0.049ns (DCD - SCD + CPR)
    Destination Clock Delay (DCD):    0.924ns = ( 7.658 - 6.734 ) 
    Source Clock Delay      (SCD):    0.973ns
    Clock Pessimism Removal (CPR):    0.000ns
  Clock Uncertainty:      0.035ns  ((TSJ^2 + TIJ^2)^1/2 + DJ) / 2 + PE
    Total System Jitter     (TSJ):    0.071ns
    Total Input Jitter      (TIJ):    0.000ns
    Discrete Jitter          (DJ):    0.000ns
    Phase Error              (PE):    0.000ns

    Location             Delay type                Incr(ns)  Path(ns)    Netlist Resource(s)
  -------------------------------------------------------------------    -------------------
                         (clock aclk rise edge)       0.000     0.000 r  <hidden>
                                                      0.000     0.000 r  aclk
                         net (fo=492, unset)          0.973     0.973    aclk
    SLICE_X38Y100        FDRE                                         r  pcnt_q_reg[2]/C
  -------------------------------------------------------------------    -------------------
    SLICE_X38Y100        FDRE (Prop_fdre_C_Q)         0.518     1.491 r  pcnt_q_reg[2]/Q
                         net (fo=7, routed)           0.868     2.359    pcnt_q[2]
    SLICE_X39Y100        LUT6 (Prop_lut6_I2_O)        0.124     2.483 r  cc1_q[8]_i_2/O
                         net (fo=19, routed)          0.367     2.849    cc1_q[8]_i_2_n_0
    SLICE_X43Y100        LUT4 (Prop_lut4_I3_O)        0.124     2.973 r  gy_q[11]_i_8/O
                         net (fo=46, routed)          0.688     3.661    gy_q[11]_i_8_n_0
    SLICE_X45Y100        LUT5 (Prop_lut5_I3_O)        0.153     3.814 r  gx_q[3]_i_16/O
                         net (fo=1, routed)           0.343     4.157    gx_q[3]_i_16_n_0
    SLICE_X42Y100        CARRY4 (Prop_carry4_DI[1]_CO[3])
                                                      0.723     4.880 r  gx_q_reg[3]_i_13/CO[3]
                         net (fo=1, routed)           0.000     4.880    gx_q_reg[3]_i_13_n_0
    SLICE_X42Y101        CARRY4 (Prop_carry4_CI_O[1])
                                                      0.323     5.203 r  gx_q_reg[7]_i_15/O[1]
                         net (fo=1, routed)           0.486     5.689    gx_q_reg[7]_i_15_n_6
    SLICE_X40Y101        LUT2 (Prop_lut2_I1_O)        0.306     5.995 r  gx_q[7]_i_5/O
                         net (fo=1, routed)           0.000     5.995    gx_q[7]_i_5_n_0
    SLICE_X40Y101        CARRY4 (Prop_carry4_S[1]_O[3])
                                                      0.640     6.635 r  gx_q_reg[7]_i_1/O[3]
                         net (fo=1, routed)           0.000     6.635    gx_q0[7]
    SLICE_X40Y101        FDRE                                         r  gx_q_reg[7]/D
  -------------------------------------------------------------------    -------------------

                         (clock aclk rise edge)       6.734     6.734 r  <hidden>
                                                      0.000     6.734 r  aclk
                         net (fo=492, unset)          0.924     7.658    aclk
    SLICE_X40Y101        FDRE                                         r  gx_q_reg[7]/C
                         clock pessimism              0.000     7.658    <hidden>
                         clock uncertainty           -0.035     7.623    <hidden>
    SLICE_X40Y101        FDRE (Setup_fdre_C_D)        0.062     7.685    gx_q_reg[7]
  -------------------------------------------------------------------
                         required time                          7.685    <hidden>
                         arrival time                          -6.635    <hidden>
  -------------------------------------------------------------------
                         slack                                  1.050    <hidden>

Slack (MET) :             1.072ns  (required time - arrival time)
  Source:                 aresetn
                            (input port clocked by aclk  {rise@0.000ns fall@3.367ns period=6.734ns})
  Destination:            m_axis_tdata_reg[0]/R
                            (rising edge-triggered cell FDRE clocked by aclk  {rise@0.000ns fall@3.367ns period=6.734ns})
  Path Group:             aclk
  Path Type:              Setup (Max at Slow Process Corner)
  Requirement:            6.734ns  (aclk rise@6.734ns - aclk rise@0.000ns)
  Data Path Delay:        3.914ns  (logic 0.117ns (2.989%)  route 3.797ns (97.011%))
  Logic Levels:           1  (LUT1=1)
  Input Delay:            2.000ns
  Clock Path Skew:        0.924ns (DCD - SCD + CPR)
    Destination Clock Delay (DCD):    0.924ns = ( 7.658 - 6.734 ) 
    Source Clock Delay      (SCD):    0.000ns
    Clock Pessimism Removal (CPR):    0.000ns
  Clock Uncertainty:      0.035ns  ((TSJ^2 + TIJ^2)^1/2 + DJ) / 2 + PE
    Total System Jitter     (TSJ):    0.071ns
    Total Input Jitter      (TIJ):    0.000ns
    Discrete Jitter          (DJ):    0.000ns
    Phase Error              (PE):    0.000ns

    Location             Delay type                Incr(ns)  Path(ns)    Netlist Resource(s)
  -------------------------------------------------------------------    -------------------
                         (clock aclk rise edge)       0.000     0.000 r  <hidden>
                         input delay                  2.000     2.000    <hidden>
                                                      0.000     2.000 f  aresetn
                         net (fo=13, unset)           0.973     2.973    aresetn
    SLICE_X41Y95         LUT1 (Prop_lut1_I0_O)        0.117     3.090 r  m_axis_tdata[7]_i_1/O
                         net (fo=159, routed)         2.824     5.914    m_axis_tdata[7]_i_1_n_0
    SLICE_X40Y104        FDRE                                         r  m_axis_tdata_reg[0]/R
  -------------------------------------------------------------------    -------------------

                         (clock aclk rise edge)       6.734     6.734 r  <hidden>
                                                      0.000     6.734 r  aclk
                         net (fo=492, unset)          0.924     7.658    aclk
    SLICE_X40Y104        FDRE                                         r  m_axis_tdata_reg[0]/C
                         clock pessimism              0.000     7.658    <hidden>
                         clock uncertainty           -0.035     7.623    <hidden>
    SLICE_X40Y104        FDRE (Setup_fdre_C_R)       -0.637     6.986    m_axis_tdata_reg[0]
  -------------------------------------------------------------------
                         required time                          6.986    <hidden>
                         arrival time                          -5.914    <hidden>
  -------------------------------------------------------------------
                         slack                                  1.072    <hidden>

Slack (MET) :             1.072ns  (required time - arrival time)
  Source:                 aresetn
                            (input port clocked by aclk  {rise@0.000ns fall@3.367ns period=6.734ns})
  Destination:            m_axis_tdata_reg[2]/R
                            (rising edge-triggered cell FDRE clocked by aclk  {rise@0.000ns fall@3.367ns period=6.734ns})
  Path Group:             aclk
  Path Type:              Setup (Max at Slow Process Corner)
  Requirement:            6.734ns  (aclk rise@6.734ns - aclk rise@0.000ns)
  Data Path Delay:        3.914ns  (logic 0.117ns (2.989%)  route 3.797ns (97.011%))
  Logic Levels:           1  (LUT1=1)
  Input Delay:            2.000ns
  Clock Path Skew:        0.924ns (DCD - SCD + CPR)
    Destination Clock Delay (DCD):    0.924ns = ( 7.658 - 6.734 ) 
    Source Clock Delay      (SCD):    0.000ns
    Clock Pessimism Removal (CPR):    0.000ns
  Clock Uncertainty:      0.035ns  ((TSJ^2 + TIJ^2)^1/2 + DJ) / 2 + PE
    Total System Jitter     (TSJ):    0.071ns
    Total Input Jitter      (TIJ):    0.000ns
    Discrete Jitter          (DJ):    0.000ns
    Phase Error              (PE):    0.000ns

    Location             Delay type                Incr(ns)  Path(ns)    Netlist Resource(s)
  -------------------------------------------------------------------    -------------------
                         (clock aclk rise edge)       0.000     0.000 r  <hidden>
                         input delay                  2.000     2.000    <hidden>
                                                      0.000     2.000 f  aresetn
                         net (fo=13, unset)           0.973     2.973    aresetn
    SLICE_X41Y95         LUT1 (Prop_lut1_I0_O)        0.117     3.090 r  m_axis_tdata[7]_i_1/O
                         net (fo=159, routed)         2.824     5.914    m_axis_tdata[7]_i_1_n_0
    SLICE_X40Y104        FDRE                                         r  m_axis_tdata_reg[2]/R
  -------------------------------------------------------------------    -------------------

                         (clock aclk rise edge)       6.734     6.734 r  <hidden>
                                                      0.000     6.734 r  aclk
                         net (fo=492, unset)          0.924     7.658    aclk
    SLICE_X40Y104        FDRE                                         r  m_axis_tdata_reg[2]/C
                         clock pessimism              0.000     7.658    <hidden>
                         clock uncertainty           -0.035     7.623    <hidden>
    SLICE_X40Y104        FDRE (Setup_fdre_C_R)       -0.637     6.986    m_axis_tdata_reg[2]
  -------------------------------------------------------------------
                         required time                          6.986    <hidden>
                         arrival time                          -5.914    <hidden>
  -------------------------------------------------------------------
                         slack                                  1.072    <hidden>

Slack (MET) :             1.072ns  (required time - arrival time)
  Source:                 aresetn
                            (input port clocked by aclk  {rise@0.000ns fall@3.367ns period=6.734ns})
  Destination:            m_axis_tdata_reg[3]/R
                            (rising edge-triggered cell FDRE clocked by aclk  {rise@0.000ns fall@3.367ns period=6.734ns})
  Path Group:             aclk
  Path Type:              Setup (Max at Slow Process Corner)
  Requirement:            6.734ns  (aclk rise@6.734ns - aclk rise@0.000ns)
  Data Path Delay:        3.914ns  (logic 0.117ns (2.989%)  route 3.797ns (97.011%))
  Logic Levels:           1  (LUT1=1)
  Input Delay:            2.000ns
  Clock Path Skew:        0.924ns (DCD - SCD + CPR)
    Destination Clock Delay (DCD):    0.924ns = ( 7.658 - 6.734 ) 
    Source Clock Delay      (SCD):    0.000ns
    Clock Pessimism Removal (CPR):    0.000ns
  Clock Uncertainty:      0.035ns  ((TSJ^2 + TIJ^2)^1/2 + DJ) / 2 + PE
    Total System Jitter     (TSJ):    0.071ns
    Total Input Jitter      (TIJ):    0.000ns
    Discrete Jitter          (DJ):    0.000ns
    Phase Error              (PE):    0.000ns

    Location             Delay type                Incr(ns)  Path(ns)    Netlist Resource(s)
  -------------------------------------------------------------------    -------------------
                         (clock aclk rise edge)       0.000     0.000 r  <hidden>
                         input delay                  2.000     2.000    <hidden>
                                                      0.000     2.000 f  aresetn
                         net (fo=13, unset)           0.973     2.973    aresetn
    SLICE_X41Y95         LUT1 (Prop_lut1_I0_O)        0.117     3.090 r  m_axis_tdata[7]_i_1/O
                         net (fo=159, routed)         2.824     5.914    m_axis_tdata[7]_i_1_n_0
    SLICE_X40Y104        FDRE                                         r  m_axis_tdata_reg[3]/R
  -------------------------------------------------------------------    -------------------

                         (clock aclk rise edge)       6.734     6.734 r  <hidden>
                                                      0.000     6.734 r  aclk
                         net (fo=492, unset)          0.924     7.658    aclk
    SLICE_X40Y104        FDRE                                         r  m_axis_tdata_reg[3]/C
                         clock pessimism              0.000     7.658    <hidden>
                         clock uncertainty           -0.035     7.623    <hidden>
    SLICE_X40Y104        FDRE (Setup_fdre_C_R)       -0.637     6.986    m_axis_tdata_reg[3]
  -------------------------------------------------------------------
                         required time                          6.986    <hidden>
                         arrival time                          -5.914    <hidden>
  -------------------------------------------------------------------
                         slack                                  1.072    <hidden>

Slack (MET) :             1.072ns  (required time - arrival time)
  Source:                 aresetn
                            (input port clocked by aclk  {rise@0.000ns fall@3.367ns period=6.734ns})
  Destination:            m_axis_tdata_reg[4]/R
                            (rising edge-triggered cell FDRE clocked by aclk  {rise@0.000ns fall@3.367ns period=6.734ns})
  Path Group:             aclk
  Path Type:              Setup (Max at Slow Process Corner)
  Requirement:            6.734ns  (aclk rise@6.734ns - aclk rise@0.000ns)
  Data Path Delay:        3.914ns  (logic 0.117ns (2.989%)  route 3.797ns (97.011%))
  Logic Levels:           1  (LUT1=1)
  Input Delay:            2.000ns
  Clock Path Skew:        0.924ns (DCD - SCD + CPR)
    Destination Clock Delay (DCD):    0.924ns = ( 7.658 - 6.734 ) 
    Source Clock Delay      (SCD):    0.000ns
    Clock Pessimism Removal (CPR):    0.000ns
  Clock Uncertainty:      0.035ns  ((TSJ^2 + TIJ^2)^1/2 + DJ) / 2 + PE
    Total System Jitter     (TSJ):    0.071ns
    Total Input Jitter      (TIJ):    0.000ns
    Discrete Jitter          (DJ):    0.000ns
    Phase Error              (PE):    0.000ns

    Location             Delay type                Incr(ns)  Path(ns)    Netlist Resource(s)
  -------------------------------------------------------------------    -------------------
                         (clock aclk rise edge)       0.000     0.000 r  <hidden>
                         input delay                  2.000     2.000    <hidden>
                                                      0.000     2.000 f  aresetn
                         net (fo=13, unset)           0.973     2.973    aresetn
    SLICE_X41Y95         LUT1 (Prop_lut1_I0_O)        0.117     3.090 r  m_axis_tdata[7]_i_1/O
                         net (fo=159, routed)         2.824     5.914    m_axis_tdata[7]_i_1_n_0
    SLICE_X40Y104        FDRE                                         r  m_axis_tdata_reg[4]/R
  -------------------------------------------------------------------    -------------------

                         (clock aclk rise edge)       6.734     6.734 r  <hidden>
                                                      0.000     6.734 r  aclk
                         net (fo=492, unset)          0.924     7.658    aclk
    SLICE_X40Y104        FDRE                                         r  m_axis_tdata_reg[4]/C
                         clock pessimism              0.000     7.658    <hidden>
                         clock uncertainty           -0.035     7.623    <hidden>
    SLICE_X40Y104        FDRE (Setup_fdre_C_R)       -0.637     6.986    m_axis_tdata_reg[4]
  -------------------------------------------------------------------
                         required time                          6.986    <hidden>
                         arrival time                          -5.914    <hidden>
  -------------------------------------------------------------------
                         slack                                  1.072    <hidden>

Slack (MET) :             1.110ns  (required time - arrival time)
  Source:                 pcnt_q_reg[2]/C
                            (rising edge-triggered cell FDRE clocked by aclk  {rise@0.000ns fall@3.367ns period=6.734ns})
  Destination:            gx_q_reg[6]/D
                            (rising edge-triggered cell FDRE clocked by aclk  {rise@0.000ns fall@3.367ns period=6.734ns})
  Path Group:             aclk
  Path Type:              Setup (Max at Slow Process Corner)
  Requirement:            6.734ns  (aclk rise@6.734ns - aclk rise@0.000ns)
  Data Path Delay:        5.602ns  (logic 2.851ns (50.893%)  route 2.751ns (49.107%))
  Logic Levels:           7  (CARRY4=3 LUT2=1 LUT4=1 LUT5=1 LUT6=1)
  Clock Path Skew:        -0.049ns (DCD - SCD + CPR)
    Destination Clock Delay (DCD):    0.924ns = ( 7.658 - 6.734 ) 
    Source Clock Delay      (SCD):    0.973ns
    Clock Pessimism Removal (CPR):    0.000ns
  Clock Uncertainty:      0.035ns  ((TSJ^2 + TIJ^2)^1/2 + DJ) / 2 + PE
    Total System Jitter     (TSJ):    0.071ns
    Total Input Jitter      (TIJ):    0.000ns
    Discrete Jitter          (DJ):    0.000ns
    Phase Error              (PE):    0.000ns

    Location             Delay type                Incr(ns)  Path(ns)    Netlist Resource(s)
  -------------------------------------------------------------------    -------------------
                         (clock aclk rise edge)       0.000     0.000 r  <hidden>
                                                      0.000     0.000 r  aclk
                         net (fo=492, unset)          0.973     0.973    aclk
    SLICE_X38Y100        FDRE                                         r  pcnt_q_reg[2]/C
  -------------------------------------------------------------------    -------------------
    SLICE_X38Y100        FDRE (Prop_fdre_C_Q)         0.518     1.491 r  pcnt_q_reg[2]/Q
                         net (fo=7, routed)           0.868     2.359    pcnt_q[2]
    SLICE_X39Y100        LUT6 (Prop_lut6_I2_O)        0.124     2.483 r  cc1_q[8]_i_2/O
                         net (fo=19, routed)          0.367     2.849    cc1_q[8]_i_2_n_0
    SLICE_X43Y100        LUT4 (Prop_lut4_I3_O)        0.124     2.973 r  gy_q[11]_i_8/O
                         net (fo=46, routed)          0.688     3.661    gy_q[11]_i_8_n_0
    SLICE_X45Y100        LUT5 (Prop_lut5_I3_O)        0.153     3.814 r  gx_q[3]_i_16/O
                         net (fo=1, routed)           0.343     4.157    gx_q[3]_i_16_n_0
    SLICE_X42Y100        CARRY4 (Prop_carry4_DI[1]_CO[3])
                                                      0.723     4.880 r  gx_q_reg[3]_i_13/CO[3]
                         net (fo=1, routed)           0.000     4.880    gx_q_reg[3]_i_13_n_0
    SLICE_X42Y101        CARRY4 (Prop_carry4_CI_O[1])
                                                      0.323     5.203 r  gx_q_reg[7]_i_15/O[1]
                         net (fo=1, routed)           0.486     5.689    gx_q_reg[7]_i_15_n_6
    SLICE_X40Y101        LUT2 (Prop_lut2_I1_O)        0.306     5.995 r  gx_q[7]_i_5/O
                         net (fo=1, routed)           0.000     5.995    gx_q[7]_i_5_n_0
    SLICE_X40Y101        CARRY4 (Prop_carry4_S[1]_O[2])
                                                      0.580     6.575 r  gx_q_reg[7]_i_1/O[2]
                         net (fo=1, routed)           0.000     6.575    gx_q0[6]
    SLICE_X40Y101        FDRE                                         r  gx_q_reg[6]/D
  -------------------------------------------------------------------    -------------------

                         (clock aclk rise edge)       6.734     6.734 r  <hidden>
                                                      0.000     6.734 r  aclk
                         net (fo=492, unset)          0.924     7.658    aclk
    SLICE_X40Y101        FDRE                                         r  gx_q_reg[6]/C
                         clock pessimism              0.000     7.658    <hidden>
                         clock uncertainty           -0.035     7.623    <hidden>
    SLICE_X40Y101        FDRE (Setup_fdre_C_D)        0.062     7.685    gx_q_reg[6]
  -------------------------------------------------------------------
                         required time                          7.685    <hidden>
                         arrival time                          -6.575    <hidden>
  -------------------------------------------------------------------
                         slack                                  1.110    <hidden>

Slack (MET) :             1.113ns  (required time - arrival time)
  Source:                 pcnt_q_reg[2]/C
                            (rising edge-triggered cell FDRE clocked by aclk  {rise@0.000ns fall@3.367ns period=6.734ns})
  Destination:            gy_q_reg[5]/D
                            (rising edge-triggered cell FDRE clocked by aclk  {rise@0.000ns fall@3.367ns period=6.734ns})
  Path Group:             aclk
  Path Type:              Setup (Max at Slow Process Corner)
  Requirement:            6.734ns  (aclk rise@6.734ns - aclk rise@0.000ns)
  Data Path Delay:        5.599ns  (logic 2.565ns (45.811%)  route 3.034ns (54.189%))
  Logic Levels:           7  (CARRY4=3 LUT2=1 LUT4=1 LUT5=1 LUT6=1)
  Clock Path Skew:        -0.049ns (DCD - SCD + CPR)
    Destination Clock Delay (DCD):    0.924ns = ( 7.658 - 6.734 ) 
    Source Clock Delay      (SCD):    0.973ns
    Clock Pessimism Removal (CPR):    0.000ns
  Clock Uncertainty:      0.035ns  ((TSJ^2 + TIJ^2)^1/2 + DJ) / 2 + PE
    Total System Jitter     (TSJ):    0.071ns
    Total Input Jitter      (TIJ):    0.000ns
    Discrete Jitter          (DJ):    0.000ns
    Phase Error              (PE):    0.000ns

    Location             Delay type                Incr(ns)  Path(ns)    Netlist Resource(s)
  -------------------------------------------------------------------    -------------------
                         (clock aclk rise edge)       0.000     0.000 r  <hidden>
                                                      0.000     0.000 r  aclk
                         net (fo=492, unset)          0.973     0.973    aclk
    SLICE_X38Y100        FDRE                                         r  pcnt_q_reg[2]/C
  -------------------------------------------------------------------    -------------------
    SLICE_X38Y100        FDRE (Prop_fdre_C_Q)         0.518     1.491 r  pcnt_q_reg[2]/Q
                         net (fo=7, routed)           0.868     2.359    pcnt_q[2]
    SLICE_X39Y100        LUT6 (Prop_lut6_I2_O)        0.124     2.483 r  cc1_q[8]_i_2/O
                         net (fo=19, routed)          0.367     2.849    cc1_q[8]_i_2_n_0
    SLICE_X43Y100        LUT4 (Prop_lut4_I3_O)        0.124     2.973 r  gy_q[11]_i_8/O
                         net (fo=46, routed)          0.809     3.782    gy_q[11]_i_8_n_0
    SLICE_X43Y101        LUT5 (Prop_lut5_I1_O)        0.118     3.900 r  gy_q[3]_i_8/O
                         net (fo=1, routed)           0.358     4.258    gy_q[3]_i_8_n_0
    SLICE_X45Y102        CARRY4 (Prop_carry4_DI[2]_O[3])
                                                      0.640     4.898 r  gy_q_reg[3]_i_2/O[3]
                         net (fo=2, routed)           0.633     5.531    gy_q_reg[3]_i_2_n_4
    SLICE_X43Y102        LUT2 (Prop_lut2_I0_O)        0.306     5.837 r  gy_q[3]_i_3/O
                         net (fo=1, routed)           0.000     5.837    gy_q[3]_i_3_n_0
    SLICE_X43Y102        CARRY4 (Prop_carry4_S[3]_CO[3])
                                                      0.401     6.238 r  gy_q_reg[3]_i_1/CO[3]
                         net (fo=1, routed)           0.000     6.238    gy_q_reg[3]_i_1_n_0
    SLICE_X43Y103        CARRY4 (Prop_carry4_CI_O[1])
                                                      0.334     6.572 r  gy_q_reg[7]_i_1/O[1]
                         net (fo=1, routed)           0.000     6.572    gy_q0[5]
    SLICE_X43Y103        FDRE                                         r  gy_q_reg[5]/D
  -------------------------------------------------------------------    -------------------

                         (clock aclk rise edge)       6.734     6.734 r  <hidden>
                                                      0.000     6.734 r  aclk
                         net (fo=492, unset)          0.924     7.658    aclk
    SLICE_X43Y103        FDRE                                         r  gy_q_reg[5]/C
                         clock pessimism              0.000     7.658    <hidden>
                         clock uncertainty           -0.035     7.623    <hidden>
    SLICE_X43Y103        FDRE (Setup_fdre_C_D)        0.062     7.685    gy_q_reg[5]
  -------------------------------------------------------------------
                         required time                          7.685    <hidden>
                         arrival time                          -6.572    <hidden>
  -------------------------------------------------------------------
                         slack                                  1.113    <hidden>

Slack (MET) :             1.224ns  (required time - arrival time)
  Source:                 pcnt_q_reg[2]/C
                            (rising edge-triggered cell FDRE clocked by aclk  {rise@0.000ns fall@3.367ns period=6.734ns})
  Destination:            gy_q_reg[4]/D
                            (rising edge-triggered cell FDRE clocked by aclk  {rise@0.000ns fall@3.367ns period=6.734ns})
  Path Group:             aclk
  Path Type:              Setup (Max at Slow Process Corner)
  Requirement:            6.734ns  (aclk rise@6.734ns - aclk rise@0.000ns)
  Data Path Delay:        5.488ns  (logic 2.454ns (44.715%)  route 3.034ns (55.285%))
  Logic Levels:           7  (CARRY4=3 LUT2=1 LUT4=1 LUT5=1 LUT6=1)
  Clock Path Skew:        -0.049ns (DCD - SCD + CPR)
    Destination Clock Delay (DCD):    0.924ns = ( 7.658 - 6.734 ) 
    Source Clock Delay      (SCD):    0.973ns
    Clock Pessimism Removal (CPR):    0.000ns
  Clock Uncertainty:      0.035ns  ((TSJ^2 + TIJ^2)^1/2 + DJ) / 2 + PE
    Total System Jitter     (TSJ):    0.071ns
    Total Input Jitter      (TIJ):    0.000ns
    Discrete Jitter          (DJ):    0.000ns
    Phase Error              (PE):    0.000ns

    Location             Delay type                Incr(ns)  Path(ns)    Netlist Resource(s)
  -------------------------------------------------------------------    -------------------
                         (clock aclk rise edge)       0.000     0.000 r  <hidden>
                                                      0.000     0.000 r  aclk
                         net (fo=492, unset)          0.973     0.973    aclk
    SLICE_X38Y100        FDRE                                         r  pcnt_q_reg[2]/C
  -------------------------------------------------------------------    -------------------
    SLICE_X38Y100        FDRE (Prop_fdre_C_Q)         0.518     1.491 r  pcnt_q_reg[2]/Q
                         net (fo=7, routed)           0.868     2.359    pcnt_q[2]
    SLICE_X39Y100        LUT6 (Prop_lut6_I2_O)        0.124     2.483 r  cc1_q[8]_i_2/O
                         net (fo=19, routed)          0.367     2.849    cc1_q[8]_i_2_n_0
    SLICE_X43Y100        LUT4 (Prop_lut4_I3_O)        0.124     2.973 r  gy_q[11]_i_8/O
                         net (fo=46, routed)          0.809     3.782    gy_q[11]_i_8_n_0
    SLICE_X43Y101        LUT5 (Prop_lut5_I1_O)        0.118     3.900 r  gy_q[3]_i_8/O
                         net (fo=1, routed)           0.358     4.258    gy_q[3]_i_8_n_0
    SLICE_X45Y102        CARRY4 (Prop_carry4_DI[2]_O[3])
                                                      0.640     4.898 r  gy_q_reg[3]_i_2/O[3]
                         net (fo=2, routed)           0.633     5.531    gy_q_reg[3]_i_2_n_4
    SLICE_X43Y102        LUT2 (Prop_lut2_I0_O)        0.306     5.837 r  gy_q[3]_i_3/O
                         net (fo=1, routed)           0.000     5.837    gy_q[3]_i_3_n_0
    SLICE_X43Y102        CARRY4 (Prop_carry4_S[3]_CO[3])
                                                      0.401     6.238 r  gy_q_reg[3]_i_1/CO[3]
                         net (fo=1, routed)           0.000     6.238    gy_q_reg[3]_i_1_n_0
    SLICE_X43Y103        CARRY4 (Prop_carry4_CI_O[0])
                                                      0.223     6.461 r  gy_q_reg[7]_i_1/O[0]
                         net (fo=1, routed)           0.000     6.461    gy_q0[4]
    SLICE_X43Y103        FDRE                                         r  gy_q_reg[4]/D
  -------------------------------------------------------------------    -------------------

                         (clock aclk rise edge)       6.734     6.734 r  <hidden>
                                                      0.000     6.734 r  aclk
                         net (fo=492, unset)          0.924     7.658    aclk
    SLICE_X43Y103        FDRE                                         r  gy_q_reg[4]/C
                         clock pessimism              0.000     7.658    <hidden>
                         clock uncertainty           -0.035     7.623    <hidden>
    SLICE_X43Y103        FDRE (Setup_fdre_C_D)        0.062     7.685    gy_q_reg[4]
  -------------------------------------------------------------------
                         required time                          7.685    <hidden>
                         arrival time                          -6.461    <hidden>
  -------------------------------------------------------------------
                         slack                                  1.224    <hidden>





Min Delay Paths
--------------------------------------------------------------------------------------
Slack (MET) :             0.103ns  (arrival time - required time)
  Source:                 col_in_reg[4]/C
                            (rising edge-triggered cell FDRE clocked by aclk  {rise@0.000ns fall@3.367ns period=6.734ns})
  Destination:            lb1_reg_128_255_4_4/DP.HIGH/WADR4
                            (rising edge-triggered cell RAMD64E clocked by aclk  {rise@0.000ns fall@3.367ns period=6.734ns})
  Path Group:             aclk
  Path Type:              Hold (Min at Fast Process Corner)
  Requirement:            0.000ns  (aclk rise@0.000ns - aclk rise@0.000ns)
  Data Path Delay:        0.325ns  (logic 0.141ns (43.413%)  route 0.184ns (56.587%))
  Logic Levels:           0  
  Clock Path Skew:        0.022ns (DCD - SCD - CPR)
    Destination Clock Delay (DCD):    0.432ns
    Source Clock Delay      (SCD):    0.410ns
    Clock Pessimism Removal (CPR):    -0.000ns

    Location             Delay type                Incr(ns)  Path(ns)    Netlist Resource(s)
  -------------------------------------------------------------------    -------------------
                         (clock aclk rise edge)       0.000     0.000 r  <hidden>
                                                      0.000     0.000 r  aclk
                         net (fo=492, unset)          0.410     0.410    aclk
    SLICE_X41Y93         FDRE                                         r  col_in_reg[4]/C
  -------------------------------------------------------------------    -------------------
    SLICE_X41Y93         FDRE (Prop_fdre_C_Q)         0.141     0.551 r  col_in_reg[4]/Q
                         net (fo=195, routed)         0.184     0.735    lb1_reg_128_255_4_4/A4
    SLICE_X42Y93         RAMD64E                                      r  lb1_reg_128_255_4_4/DP.HIGH/WADR4
  -------------------------------------------------------------------    -------------------

                         (clock aclk rise edge)       0.000     0.000 r  <hidden>
                                                      0.000     0.000 r  aclk
                         net (fo=492, unset)          0.432     0.432    lb1_reg_128_255_4_4/WCLK
    SLICE_X42Y93         RAMD64E                                      r  lb1_reg_128_255_4_4/DP.HIGH/CLK
                         clock pessimism              0.000     0.432    <hidden>
    SLICE_X42Y93         RAMD64E (Hold_ramd64e_CLK_WADR4)
                                                      0.200     0.632    lb1_reg_128_255_4_4/DP.HIGH
  -------------------------------------------------------------------
                         required time                         -0.632    <hidden>
                         arrival time                           0.735    <hidden>
  -------------------------------------------------------------------
                         slack                                  0.103    <hidden>

Slack (MET) :             0.103ns  (arrival time - required time)
  Source:                 col_in_reg[4]/C
                            (rising edge-triggered cell FDRE clocked by aclk  {rise@0.000ns fall@3.367ns period=6.734ns})
  Destination:            lb1_reg_128_255_4_4/DP.LOW/WADR4
                            (rising edge-triggered cell RAMD64E clocked by aclk  {rise@0.000ns fall@3.367ns period=6.734ns})
  Path Group:             aclk
  Path Type:              Hold (Min at Fast Process Corner)
  Requirement:            0.000ns  (aclk rise@0.000ns - aclk rise@0.000ns)
  Data Path Delay:        0.325ns  (logic 0.141ns (43.413%)  route 0.184ns (56.587%))
  Logic Levels:           0  
  Clock Path Skew:        0.022ns (DCD - SCD - CPR)
    Destination Clock Delay (DCD):    0.432ns
    Source Clock Delay      (SCD):    0.410ns
    Clock Pessimism Removal (CPR):    -0.000ns

    Location             Delay type                Incr(ns)  Path(ns)    Netlist Resource(s)
  -------------------------------------------------------------------    -------------------
                         (clock aclk rise edge)       0.000     0.000 r  <hidden>
                                                      0.000     0.000 r  aclk
                         net (fo=492, unset)          0.410     0.410    aclk
    SLICE_X41Y93         FDRE                                         r  col_in_reg[4]/C
  -------------------------------------------------------------------    -------------------
    SLICE_X41Y93         FDRE (Prop_fdre_C_Q)         0.141     0.551 r  col_in_reg[4]/Q
                         net (fo=195, routed)         0.184     0.735    lb1_reg_128_255_4_4/A4
    SLICE_X42Y93         RAMD64E                                      r  lb1_reg_128_255_4_4/DP.LOW/WADR4
  -------------------------------------------------------------------    -------------------

                         (clock aclk rise edge)       0.000     0.000 r  <hidden>
                                                      0.000     0.000 r  aclk
                         net (fo=492, unset)          0.432     0.432    lb1_reg_128_255_4_4/WCLK
    SLICE_X42Y93         RAMD64E                                      r  lb1_reg_128_255_4_4/DP.LOW/CLK
                         clock pessimism              0.000     0.432    <hidden>
    SLICE_X42Y93         RAMD64E (Hold_ramd64e_CLK_WADR4)
                                                      0.200     0.632    lb1_reg_128_255_4_4/DP.LOW
  -------------------------------------------------------------------
                         required time                         -0.632    <hidden>
                         arrival time                           0.735    <hidden>
  -------------------------------------------------------------------
                         slack                                  0.103    <hidden>

Slack (MET) :             0.103ns  (arrival time - required time)
  Source:                 col_in_reg[4]/C
                            (rising edge-triggered cell FDRE clocked by aclk  {rise@0.000ns fall@3.367ns period=6.734ns})
  Destination:            lb1_reg_128_255_4_4/SP.HIGH/WADR4
                            (rising edge-triggered cell RAMD64E clocked by aclk  {rise@0.000ns fall@3.367ns period=6.734ns})
  Path Group:             aclk
  Path Type:              Hold (Min at Fast Process Corner)
  Requirement:            0.000ns  (aclk rise@0.000ns - aclk rise@0.000ns)
  Data Path Delay:        0.325ns  (logic 0.141ns (43.413%)  route 0.184ns (56.587%))
  Logic Levels:           0  
  Clock Path Skew:        0.022ns (DCD - SCD - CPR)
    Destination Clock Delay (DCD):    0.432ns
    Source Clock Delay      (SCD):    0.410ns
    Clock Pessimism Removal (CPR):    -0.000ns

    Location             Delay type                Incr(ns)  Path(ns)    Netlist Resource(s)
  -------------------------------------------------------------------    -------------------
                         (clock aclk rise edge)       0.000     0.000 r  <hidden>
                                                      0.000     0.000 r  aclk
                         net (fo=492, unset)          0.410     0.410    aclk
    SLICE_X41Y93         FDRE                                         r  col_in_reg[4]/C
  -------------------------------------------------------------------    -------------------
    SLICE_X41Y93         FDRE (Prop_fdre_C_Q)         0.141     0.551 r  col_in_reg[4]/Q
                         net (fo=195, routed)         0.184     0.735    lb1_reg_128_255_4_4/A4
    SLICE_X42Y93         RAMD64E                                      r  lb1_reg_128_255_4_4/SP.HIGH/WADR4
  -------------------------------------------------------------------    -------------------

                         (clock aclk rise edge)       0.000     0.000 r  <hidden>
                                                      0.000     0.000 r  aclk
                         net (fo=492, unset)          0.432     0.432    lb1_reg_128_255_4_4/WCLK
    SLICE_X42Y93         RAMD64E                                      r  lb1_reg_128_255_4_4/SP.HIGH/CLK
                         clock pessimism              0.000     0.432    <hidden>
    SLICE_X42Y93         RAMD64E (Hold_ramd64e_CLK_WADR4)
                                                      0.200     0.632    lb1_reg_128_255_4_4/SP.HIGH
  -------------------------------------------------------------------
                         required time                         -0.632    <hidden>
                         arrival time                           0.735    <hidden>
  -------------------------------------------------------------------
                         slack                                  0.103    <hidden>

Slack (MET) :             0.103ns  (arrival time - required time)
  Source:                 col_in_reg[4]/C
                            (rising edge-triggered cell FDRE clocked by aclk  {rise@0.000ns fall@3.367ns period=6.734ns})
  Destination:            lb1_reg_128_255_4_4/SP.LOW/WADR4
                            (rising edge-triggered cell RAMD64E clocked by aclk  {rise@0.000ns fall@3.367ns period=6.734ns})
  Path Group:             aclk
  Path Type:              Hold (Min at Fast Process Corner)
  Requirement:            0.000ns  (aclk rise@0.000ns - aclk rise@0.000ns)
  Data Path Delay:        0.325ns  (logic 0.141ns (43.413%)  route 0.184ns (56.587%))
  Logic Levels:           0  
  Clock Path Skew:        0.022ns (DCD - SCD - CPR)
    Destination Clock Delay (DCD):    0.432ns
    Source Clock Delay      (SCD):    0.410ns
    Clock Pessimism Removal (CPR):    -0.000ns

    Location             Delay type                Incr(ns)  Path(ns)    Netlist Resource(s)
  -------------------------------------------------------------------    -------------------
                         (clock aclk rise edge)       0.000     0.000 r  <hidden>
                                                      0.000     0.000 r  aclk
                         net (fo=492, unset)          0.410     0.410    aclk
    SLICE_X41Y93         FDRE                                         r  col_in_reg[4]/C
  -------------------------------------------------------------------    -------------------
    SLICE_X41Y93         FDRE (Prop_fdre_C_Q)         0.141     0.551 r  col_in_reg[4]/Q
                         net (fo=195, routed)         0.184     0.735    lb1_reg_128_255_4_4/A4
    SLICE_X42Y93         RAMD64E                                      r  lb1_reg_128_255_4_4/SP.LOW/WADR4
  -------------------------------------------------------------------    -------------------

                         (clock aclk rise edge)       0.000     0.000 r  <hidden>
                                                      0.000     0.000 r  aclk
                         net (fo=492, unset)          0.432     0.432    lb1_reg_128_255_4_4/WCLK
    SLICE_X42Y93         RAMD64E                                      r  lb1_reg_128_255_4_4/SP.LOW/CLK
                         clock pessimism              0.000     0.432    <hidden>
    SLICE_X42Y93         RAMD64E (Hold_ramd64e_CLK_WADR4)
                                                      0.200     0.632    lb1_reg_128_255_4_4/SP.LOW
  -------------------------------------------------------------------
                         required time                         -0.632    <hidden>
                         arrival time                           0.735    <hidden>
  -------------------------------------------------------------------
                         slack                                  0.103    <hidden>

Slack (MET) :             0.116ns  (arrival time - required time)
  Source:                 col_in_reg[0]/C
                            (rising edge-triggered cell FDRE clocked by aclk  {rise@0.000ns fall@3.367ns period=6.734ns})
  Destination:            lb1_reg_256_383_5_5/DP.HIGH/WADR0
                            (rising edge-triggered cell RAMD64E clocked by aclk  {rise@0.000ns fall@3.367ns period=6.734ns})
  Path Group:             aclk
  Path Type:              Hold (Min at Fast Process Corner)
  Requirement:            0.000ns  (aclk rise@0.000ns - aclk rise@0.000ns)
  Data Path Delay:        0.448ns  (logic 0.141ns (31.477%)  route 0.307ns (68.523%))
  Logic Levels:           0  
  Clock Path Skew:        0.022ns (DCD - SCD - CPR)
    Destination Clock Delay (DCD):    0.432ns
    Source Clock Delay      (SCD):    0.410ns
    Clock Pessimism Removal (CPR):    -0.000ns

    Location             Delay type                Incr(ns)  Path(ns)    Netlist Resource(s)
  -------------------------------------------------------------------    -------------------
                         (clock aclk rise edge)       0.000     0.000 r  <hidden>
                                                      0.000     0.000 r  aclk
                         net (fo=492, unset)          0.410     0.410    aclk
    SLICE_X40Y95         FDRE                                         r  col_in_reg[0]/C
  -------------------------------------------------------------------    -------------------
    SLICE_X40Y95         FDRE (Prop_fdre_C_Q)         0.141     0.551 r  col_in_reg[0]/Q
                         net (fo=199, routed)         0.307     0.858    lb1_reg_256_383_5_5/A0
    SLICE_X42Y96         RAMD64E                                      r  lb1_reg_256_383_5_5/DP.HIGH/WADR0
  -------------------------------------------------------------------    -------------------

                         (clock aclk rise edge)       0.000     0.000 r  <hidden>
                                                      0.000     0.000 r  aclk
                         net (fo=492, unset)          0.432     0.432    lb1_reg_256_383_5_5/WCLK
    SLICE_X42Y96         RAMD64E                                      r  lb1_reg_256_383_5_5/DP.HIGH/CLK
                         clock pessimism              0.000     0.432    <hidden>
    SLICE_X42Y96         RAMD64E (Hold_ramd64e_CLK_WADR0)
                                                      0.310     0.742    lb1_reg_256_383_5_5/DP.HIGH
  -------------------------------------------------------------------
                         required time                         -0.742    <hidden>
                         arrival time                           0.858    <hidden>
  -------------------------------------------------------------------
                         slack                                  0.116    <hidden>

Slack (MET) :             0.116ns  (arrival time - required time)
  Source:                 col_in_reg[0]/C
                            (rising edge-triggered cell FDRE clocked by aclk  {rise@0.000ns fall@3.367ns period=6.734ns})
  Destination:            lb1_reg_256_383_5_5/DP.LOW/WADR0
                            (rising edge-triggered cell RAMD64E clocked by aclk  {rise@0.000ns fall@3.367ns period=6.734ns})
  Path Group:             aclk
  Path Type:              Hold (Min at Fast Process Corner)
  Requirement:            0.000ns  (aclk rise@0.000ns - aclk rise@0.000ns)
  Data Path Delay:        0.448ns  (logic 0.141ns (31.477%)  route 0.307ns (68.523%))
  Logic Levels:           0  
  Clock Path Skew:        0.022ns (DCD - SCD - CPR)
    Destination Clock Delay (DCD):    0.432ns
    Source Clock Delay      (SCD):    0.410ns
    Clock Pessimism Removal (CPR):    -0.000ns

    Location             Delay type                Incr(ns)  Path(ns)    Netlist Resource(s)
  -------------------------------------------------------------------    -------------------
                         (clock aclk rise edge)       0.000     0.000 r  <hidden>
                                                      0.000     0.000 r  aclk
                         net (fo=492, unset)          0.410     0.410    aclk
    SLICE_X40Y95         FDRE                                         r  col_in_reg[0]/C
  -------------------------------------------------------------------    -------------------
    SLICE_X40Y95         FDRE (Prop_fdre_C_Q)         0.141     0.551 r  col_in_reg[0]/Q
                         net (fo=199, routed)         0.307     0.858    lb1_reg_256_383_5_5/A0
    SLICE_X42Y96         RAMD64E                                      r  lb1_reg_256_383_5_5/DP.LOW/WADR0
  -------------------------------------------------------------------    -------------------

                         (clock aclk rise edge)       0.000     0.000 r  <hidden>
                                                      0.000     0.000 r  aclk
                         net (fo=492, unset)          0.432     0.432    lb1_reg_256_383_5_5/WCLK
    SLICE_X42Y96         RAMD64E                                      r  lb1_reg_256_383_5_5/DP.LOW/CLK
                         clock pessimism              0.000     0.432    <hidden>
    SLICE_X42Y96         RAMD64E (Hold_ramd64e_CLK_WADR0)
                                                      0.310     0.742    lb1_reg_256_383_5_5/DP.LOW
  -------------------------------------------------------------------
                         required time                         -0.742    <hidden>
                         arrival time                           0.858    <hidden>
  -------------------------------------------------------------------
                         slack                                  0.116    <hidden>

Slack (MET) :             0.116ns  (arrival time - required time)
  Source:                 col_in_reg[0]/C
                            (rising edge-triggered cell FDRE clocked by aclk  {rise@0.000ns fall@3.367ns period=6.734ns})
  Destination:            lb1_reg_256_383_5_5/SP.HIGH/WADR0
                            (rising edge-triggered cell RAMD64E clocked by aclk  {rise@0.000ns fall@3.367ns period=6.734ns})
  Path Group:             aclk
  Path Type:              Hold (Min at Fast Process Corner)
  Requirement:            0.000ns  (aclk rise@0.000ns - aclk rise@0.000ns)
  Data Path Delay:        0.448ns  (logic 0.141ns (31.477%)  route 0.307ns (68.523%))
  Logic Levels:           0  
  Clock Path Skew:        0.022ns (DCD - SCD - CPR)
    Destination Clock Delay (DCD):    0.432ns
    Source Clock Delay      (SCD):    0.410ns
    Clock Pessimism Removal (CPR):    -0.000ns

    Location             Delay type                Incr(ns)  Path(ns)    Netlist Resource(s)
  -------------------------------------------------------------------    -------------------
                         (clock aclk rise edge)       0.000     0.000 r  <hidden>
                                                      0.000     0.000 r  aclk
                         net (fo=492, unset)          0.410     0.410    aclk
    SLICE_X40Y95         FDRE                                         r  col_in_reg[0]/C
  -------------------------------------------------------------------    -------------------
    SLICE_X40Y95         FDRE (Prop_fdre_C_Q)         0.141     0.551 r  col_in_reg[0]/Q
                         net (fo=199, routed)         0.307     0.858    lb1_reg_256_383_5_5/A0
    SLICE_X42Y96         RAMD64E                                      r  lb1_reg_256_383_5_5/SP.HIGH/WADR0
  -------------------------------------------------------------------    -------------------

                         (clock aclk rise edge)       0.000     0.000 r  <hidden>
                                                      0.000     0.000 r  aclk
                         net (fo=492, unset)          0.432     0.432    lb1_reg_256_383_5_5/WCLK
    SLICE_X42Y96         RAMD64E                                      r  lb1_reg_256_383_5_5/SP.HIGH/CLK
                         clock pessimism              0.000     0.432    <hidden>
    SLICE_X42Y96         RAMD64E (Hold_ramd64e_CLK_WADR0)
                                                      0.310     0.742    lb1_reg_256_383_5_5/SP.HIGH
  -------------------------------------------------------------------
                         required time                         -0.742    <hidden>
                         arrival time                           0.858    <hidden>
  -------------------------------------------------------------------
                         slack                                  0.116    <hidden>

Slack (MET) :             0.116ns  (arrival time - required time)
  Source:                 col_in_reg[0]/C
                            (rising edge-triggered cell FDRE clocked by aclk  {rise@0.000ns fall@3.367ns period=6.734ns})
  Destination:            lb1_reg_256_383_5_5/SP.LOW/WADR0
                            (rising edge-triggered cell RAMD64E clocked by aclk  {rise@0.000ns fall@3.367ns period=6.734ns})
  Path Group:             aclk
  Path Type:              Hold (Min at Fast Process Corner)
  Requirement:            0.000ns  (aclk rise@0.000ns - aclk rise@0.000ns)
  Data Path Delay:        0.448ns  (logic 0.141ns (31.477%)  route 0.307ns (68.523%))
  Logic Levels:           0  
  Clock Path Skew:        0.022ns (DCD - SCD - CPR)
    Destination Clock Delay (DCD):    0.432ns
    Source Clock Delay      (SCD):    0.410ns
    Clock Pessimism Removal (CPR):    -0.000ns

    Location             Delay type                Incr(ns)  Path(ns)    Netlist Resource(s)
  -------------------------------------------------------------------    -------------------
                         (clock aclk rise edge)       0.000     0.000 r  <hidden>
                                                      0.000     0.000 r  aclk
                         net (fo=492, unset)          0.410     0.410    aclk
    SLICE_X40Y95         FDRE                                         r  col_in_reg[0]/C
  -------------------------------------------------------------------    -------------------
    SLICE_X40Y95         FDRE (Prop_fdre_C_Q)         0.141     0.551 r  col_in_reg[0]/Q
                         net (fo=199, routed)         0.307     0.858    lb1_reg_256_383_5_5/A0
    SLICE_X42Y96         RAMD64E                                      r  lb1_reg_256_383_5_5/SP.LOW/WADR0
  -------------------------------------------------------------------    -------------------

                         (clock aclk rise edge)       0.000     0.000 r  <hidden>
                                                      0.000     0.000 r  aclk
                         net (fo=492, unset)          0.432     0.432    lb1_reg_256_383_5_5/WCLK
    SLICE_X42Y96         RAMD64E                                      r  lb1_reg_256_383_5_5/SP.LOW/CLK
                         clock pessimism              0.000     0.432    <hidden>
    SLICE_X42Y96         RAMD64E (Hold_ramd64e_CLK_WADR0)
                                                      0.310     0.742    lb1_reg_256_383_5_5/SP.LOW
  -------------------------------------------------------------------
                         required time                         -0.742    <hidden>
                         arrival time                           0.858    <hidden>
  -------------------------------------------------------------------
                         slack                                  0.116    <hidden>

Slack (MET) :             0.128ns  (arrival time - required time)
  Source:                 col_in_reg[0]_rep/C
                            (rising edge-triggered cell FDRE clocked by aclk  {rise@0.000ns fall@3.367ns period=6.734ns})
  Destination:            lb2_reg_128_255_3_3/DP.HIGH/WADR0
                            (rising edge-triggered cell RAMD64E clocked by aclk  {rise@0.000ns fall@3.367ns period=6.734ns})
  Path Group:             aclk
  Path Type:              Hold (Min at Fast Process Corner)
  Requirement:            0.000ns  (aclk rise@0.000ns - aclk rise@0.000ns)
  Data Path Delay:        0.460ns  (logic 0.141ns (30.669%)  route 0.319ns (69.331%))
  Logic Levels:           0  
  Clock Path Skew:        0.022ns (DCD - SCD - CPR)
    Destination Clock Delay (DCD):    0.432ns
    Source Clock Delay      (SCD):    0.410ns
    Clock Pessimism Removal (CPR):    -0.000ns

    Location             Delay type                Incr(ns)  Path(ns)    Netlist Resource(s)
  -------------------------------------------------------------------    -------------------
                         (clock aclk rise edge)       0.000     0.000 r  <hidden>
                                                      0.000     0.000 r  aclk
                         net (fo=492, unset)          0.410     0.410    aclk
    SLICE_X41Y92         FDRE                                         r  col_in_reg[0]_rep/C
  -------------------------------------------------------------------    -------------------
    SLICE_X41Y92         FDRE (Prop_fdre_C_Q)         0.141     0.551 r  col_in_reg[0]_rep/Q
                         net (fo=197, routed)         0.319     0.870    lb2_reg_128_255_3_3/A0
    SLICE_X42Y91         RAMD64E                                      r  lb2_reg_128_255_3_3/DP.HIGH/WADR0
  -------------------------------------------------------------------    -------------------

                         (clock aclk rise edge)       0.000     0.000 r  <hidden>
                                                      0.000     0.000 r  aclk
                         net (fo=492, unset)          0.432     0.432    lb2_reg_128_255_3_3/WCLK
    SLICE_X42Y91         RAMD64E                                      r  lb2_reg_128_255_3_3/DP.HIGH/CLK
                         clock pessimism              0.000     0.432    <hidden>
    SLICE_X42Y91         RAMD64E (Hold_ramd64e_CLK_WADR0)
                                                      0.310     0.742    lb2_reg_128_255_3_3/DP.HIGH
  -------------------------------------------------------------------
                         required time                         -0.742    <hidden>
                         arrival time                           0.870    <hidden>
  -------------------------------------------------------------------
                         slack                                  0.128    <hidden>

Slack (MET) :             0.128ns  (arrival time - required time)
  Source:                 col_in_reg[0]_rep/C
                            (rising edge-triggered cell FDRE clocked by aclk  {rise@0.000ns fall@3.367ns period=6.734ns})
  Destination:            lb2_reg_128_255_3_3/DP.LOW/WADR0
                            (rising edge-triggered cell RAMD64E clocked by aclk  {rise@0.000ns fall@3.367ns period=6.734ns})
  Path Group:             aclk
  Path Type:              Hold (Min at Fast Process Corner)
  Requirement:            0.000ns  (aclk rise@0.000ns - aclk rise@0.000ns)
  Data Path Delay:        0.460ns  (logic 0.141ns (30.669%)  route 0.319ns (69.331%))
  Logic Levels:           0  
  Clock Path Skew:        0.022ns (DCD - SCD - CPR)
    Destination Clock Delay (DCD):    0.432ns
    Source Clock Delay      (SCD):    0.410ns
    Clock Pessimism Removal (CPR):    -0.000ns

    Location             Delay type                Incr(ns)  Path(ns)    Netlist Resource(s)
  -------------------------------------------------------------------    -------------------
                         (clock aclk rise edge)       0.000     0.000 r  <hidden>
                                                      0.000     0.000 r  aclk
                         net (fo=492, unset)          0.410     0.410    aclk
    SLICE_X41Y92         FDRE                                         r  col_in_reg[0]_rep/C
  -------------------------------------------------------------------    -------------------
    SLICE_X41Y92         FDRE (Prop_fdre_C_Q)         0.141     0.551 r  col_in_reg[0]_rep/Q
                         net (fo=197, routed)         0.319     0.870    lb2_reg_128_255_3_3/A0
    SLICE_X42Y91         RAMD64E                                      r  lb2_reg_128_255_3_3/DP.LOW/WADR0
  -------------------------------------------------------------------    -------------------

                         (clock aclk rise edge)       0.000     0.000 r  <hidden>
                                                      0.000     0.000 r  aclk
                         net (fo=492, unset)          0.432     0.432    lb2_reg_128_255_3_3/WCLK
    SLICE_X42Y91         RAMD64E                                      r  lb2_reg_128_255_3_3/DP.LOW/CLK
                         clock pessimism              0.000     0.432    <hidden>
    SLICE_X42Y91         RAMD64E (Hold_ramd64e_CLK_WADR0)
                                                      0.310     0.742    lb2_reg_128_255_3_3/DP.LOW
  -------------------------------------------------------------------
                         required time                         -0.742    <hidden>
                         arrival time                           0.870    <hidden>
  -------------------------------------------------------------------
                         slack                                  0.128    <hidden>

Slack (MET) :             0.128ns  (arrival time - required time)
  Source:                 col_in_reg[0]_rep/C
                            (rising edge-triggered cell FDRE clocked by aclk  {rise@0.000ns fall@3.367ns period=6.734ns})
  Destination:            lb2_reg_128_255_3_3/SP.HIGH/WADR0
                            (rising edge-triggered cell RAMD64E clocked by aclk  {rise@0.000ns fall@3.367ns period=6.734ns})
  Path Group:             aclk
  Path Type:              Hold (Min at Fast Process Corner)
  Requirement:            0.000ns  (aclk rise@0.000ns - aclk rise@0.000ns)
  Data Path Delay:        0.460ns  (logic 0.141ns (30.669%)  route 0.319ns (69.331%))
  Logic Levels:           0  
  Clock Path Skew:        0.022ns (DCD - SCD - CPR)
    Destination Clock Delay (DCD):    0.432ns
    Source Clock Delay      (SCD):    0.410ns
    Clock Pessimism Removal (CPR):    -0.000ns

    Location             Delay type                Incr(ns)  Path(ns)    Netlist Resource(s)
  -------------------------------------------------------------------    -------------------
                         (clock aclk rise edge)       0.000     0.000 r  <hidden>
                                                      0.000     0.000 r  aclk
                         net (fo=492, unset)          0.410     0.410    aclk
    SLICE_X41Y92         FDRE                                         r  col_in_reg[0]_rep/C
  -------------------------------------------------------------------    -------------------
    SLICE_X41Y92         FDRE (Prop_fdre_C_Q)         0.141     0.551 r  col_in_reg[0]_rep/Q
                         net (fo=197, routed)         0.319     0.870    lb2_reg_128_255_3_3/A0
    SLICE_X42Y91         RAMD64E                                      r  lb2_reg_128_255_3_3/SP.HIGH/WADR0
  -------------------------------------------------------------------    -------------------

                         (clock aclk rise edge)       0.000     0.000 r  <hidden>
                                                      0.000     0.000 r  aclk
                         net (fo=492, unset)          0.432     0.432    lb2_reg_128_255_3_3/WCLK
    SLICE_X42Y91         RAMD64E                                      r  lb2_reg_128_255_3_3/SP.HIGH/CLK
                         clock pessimism              0.000     0.432    <hidden>
    SLICE_X42Y91         RAMD64E (Hold_ramd64e_CLK_WADR0)
                                                      0.310     0.742    lb2_reg_128_255_3_3/SP.HIGH
  -------------------------------------------------------------------
                         required time                         -0.742    <hidden>
                         arrival time                           0.870    <hidden>
  -------------------------------------------------------------------
                         slack                                  0.128    <hidden>

Slack (MET) :             0.128ns  (arrival time - required time)
  Source:                 col_in_reg[0]_rep/C
                            (rising edge-triggered cell FDRE clocked by aclk  {rise@0.000ns fall@3.367ns period=6.734ns})
  Destination:            lb2_reg_128_255_3_3/SP.LOW/WADR0
                            (rising edge-triggered cell RAMD64E clocked by aclk  {rise@0.000ns fall@3.367ns period=6.734ns})
  Path Group:             aclk
  Path Type:              Hold (Min at Fast Process Corner)
  Requirement:            0.000ns  (aclk rise@0.000ns - aclk rise@0.000ns)
  Data Path Delay:        0.460ns  (logic 0.141ns (30.669%)  route 0.319ns (69.331%))
  Logic Levels:           0  
  Clock Path Skew:        0.022ns (DCD - SCD - CPR)
    Destination Clock Delay (DCD):    0.432ns
    Source Clock Delay      (SCD):    0.410ns
    Clock Pessimism Removal (CPR):    -0.000ns

    Location             Delay type                Incr(ns)  Path(ns)    Netlist Resource(s)
  -------------------------------------------------------------------    -------------------
                         (clock aclk rise edge)       0.000     0.000 r  <hidden>
                                                      0.000     0.000 r  aclk
                         net (fo=492, unset)          0.410     0.410    aclk
    SLICE_X41Y92         FDRE                                         r  col_in_reg[0]_rep/C
  -------------------------------------------------------------------    -------------------
    SLICE_X41Y92         FDRE (Prop_fdre_C_Q)         0.141     0.551 r  col_in_reg[0]_rep/Q
                         net (fo=197, routed)         0.319     0.870    lb2_reg_128_255_3_3/A0
    SLICE_X42Y91         RAMD64E                                      r  lb2_reg_128_255_3_3/SP.LOW/WADR0
  -------------------------------------------------------------------    -------------------

                         (clock aclk rise edge)       0.000     0.000 r  <hidden>
                                                      0.000     0.000 r  aclk
                         net (fo=492, unset)          0.432     0.432    lb2_reg_128_255_3_3/WCLK
    SLICE_X42Y91         RAMD64E                                      r  lb2_reg_128_255_3_3/SP.LOW/CLK
                         clock pessimism              0.000     0.432    <hidden>
    SLICE_X42Y91         RAMD64E (Hold_ramd64e_CLK_WADR0)
                                                      0.310     0.742    lb2_reg_128_255_3_3/SP.LOW
  -------------------------------------------------------------------
                         required time                         -0.742    <hidden>
                         arrival time                           0.870    <hidden>
  -------------------------------------------------------------------
                         slack                                  0.128    <hidden>

Slack (MET) :             0.135ns  (arrival time - required time)
  Source:                 col_in_reg[0]/C
                            (rising edge-triggered cell FDRE clocked by aclk  {rise@0.000ns fall@3.367ns period=6.734ns})
  Destination:            lb1_reg_0_127_4_4/DP.HIGH/WADR0
                            (rising edge-triggered cell RAMD64E clocked by aclk  {rise@0.000ns fall@3.367ns period=6.734ns})
  Path Group:             aclk
  Path Type:              Hold (Min at Fast Process Corner)
  Requirement:            0.000ns  (aclk rise@0.000ns - aclk rise@0.000ns)
  Data Path Delay:        0.467ns  (logic 0.141ns (30.216%)  route 0.326ns (69.784%))
  Logic Levels:           0  
  Clock Path Skew:        0.022ns (DCD - SCD - CPR)
    Destination Clock Delay (DCD):    0.432ns
    Source Clock Delay      (SCD):    0.410ns
    Clock Pessimism Removal (CPR):    -0.000ns

    Location             Delay type                Incr(ns)  Path(ns)    Netlist Resource(s)
  -------------------------------------------------------------------    -------------------
                         (clock aclk rise edge)       0.000     0.000 r  <hidden>
                                                      0.000     0.000 r  aclk
                         net (fo=492, unset)          0.410     0.410    aclk
    SLICE_X40Y95         FDRE                                         r  col_in_reg[0]/C
  -------------------------------------------------------------------    -------------------
    SLICE_X40Y95         FDRE (Prop_fdre_C_Q)         0.141     0.551 r  col_in_reg[0]/Q
                         net (fo=199, routed)         0.326     0.877    lb1_reg_0_127_4_4/A0
    SLICE_X38Y94         RAMD64E                                      r  lb1_reg_0_127_4_4/DP.HIGH/WADR0
  -------------------------------------------------------------------    -------------------

                         (clock aclk rise edge)       0.000     0.000 r  <hidden>
                                                      0.000     0.000 r  aclk
                         net (fo=492, unset)          0.432     0.432    lb1_reg_0_127_4_4/WCLK
    SLICE_X38Y94         RAMD64E                                      r  lb1_reg_0_127_4_4/DP.HIGH/CLK
                         clock pessimism              0.000     0.432    <hidden>
    SLICE_X38Y94         RAMD64E (Hold_ramd64e_CLK_WADR0)
                                                      0.310     0.742    lb1_reg_0_127_4_4/DP.HIGH
  -------------------------------------------------------------------
                         required time                         -0.742    <hidden>
                         arrival time                           0.877    <hidden>
  -------------------------------------------------------------------
                         slack                                  0.135    <hidden>

Slack (MET) :             0.135ns  (arrival time - required time)
  Source:                 col_in_reg[0]/C
                            (rising edge-triggered cell FDRE clocked by aclk  {rise@0.000ns fall@3.367ns period=6.734ns})
  Destination:            lb1_reg_0_127_4_4/DP.LOW/WADR0
                            (rising edge-triggered cell RAMD64E clocked by aclk  {rise@0.000ns fall@3.367ns period=6.734ns})
  Path Group:             aclk
  Path Type:              Hold (Min at Fast Process Corner)
  Requirement:            0.000ns  (aclk rise@0.000ns - aclk rise@0.000ns)
  Data Path Delay:        0.467ns  (logic 0.141ns (30.216%)  route 0.326ns (69.784%))
  Logic Levels:           0  
  Clock Path Skew:        0.022ns (DCD - SCD - CPR)
    Destination Clock Delay (DCD):    0.432ns
    Source Clock Delay      (SCD):    0.410ns
    Clock Pessimism Removal (CPR):    -0.000ns

    Location             Delay type                Incr(ns)  Path(ns)    Netlist Resource(s)
  -------------------------------------------------------------------    -------------------
                         (clock aclk rise edge)       0.000     0.000 r  <hidden>
                                                      0.000     0.000 r  aclk
                         net (fo=492, unset)          0.410     0.410    aclk
    SLICE_X40Y95         FDRE                                         r  col_in_reg[0]/C
  -------------------------------------------------------------------    -------------------
    SLICE_X40Y95         FDRE (Prop_fdre_C_Q)         0.141     0.551 r  col_in_reg[0]/Q
                         net (fo=199, routed)         0.326     0.877    lb1_reg_0_127_4_4/A0
    SLICE_X38Y94         RAMD64E                                      r  lb1_reg_0_127_4_4/DP.LOW/WADR0
  -------------------------------------------------------------------    -------------------

                         (clock aclk rise edge)       0.000     0.000 r  <hidden>
                                                      0.000     0.000 r  aclk
                         net (fo=492, unset)          0.432     0.432    lb1_reg_0_127_4_4/WCLK
    SLICE_X38Y94         RAMD64E                                      r  lb1_reg_0_127_4_4/DP.LOW/CLK
                         clock pessimism              0.000     0.432    <hidden>
    SLICE_X38Y94         RAMD64E (Hold_ramd64e_CLK_WADR0)
                                                      0.310     0.742    lb1_reg_0_127_4_4/DP.LOW
  -------------------------------------------------------------------
                         required time                         -0.742    <hidden>
                         arrival time                           0.877    <hidden>
  -------------------------------------------------------------------
                         slack                                  0.135    <hidden>

Slack (MET) :             0.135ns  (arrival time - required time)
  Source:                 col_in_reg[0]/C
                            (rising edge-triggered cell FDRE clocked by aclk  {rise@0.000ns fall@3.367ns period=6.734ns})
  Destination:            lb1_reg_0_127_4_4/SP.HIGH/WADR0
                            (rising edge-triggered cell RAMD64E clocked by aclk  {rise@0.000ns fall@3.367ns period=6.734ns})
  Path Group:             aclk
  Path Type:              Hold (Min at Fast Process Corner)
  Requirement:            0.000ns  (aclk rise@0.000ns - aclk rise@0.000ns)
  Data Path Delay:        0.467ns  (logic 0.141ns (30.216%)  route 0.326ns (69.784%))
  Logic Levels:           0  
  Clock Path Skew:        0.022ns (DCD - SCD - CPR)
    Destination Clock Delay (DCD):    0.432ns
    Source Clock Delay      (SCD):    0.410ns
    Clock Pessimism Removal (CPR):    -0.000ns

    Location             Delay type                Incr(ns)  Path(ns)    Netlist Resource(s)
  -------------------------------------------------------------------    -------------------
                         (clock aclk rise edge)       0.000     0.000 r  <hidden>
                                                      0.000     0.000 r  aclk
                         net (fo=492, unset)          0.410     0.410    aclk
    SLICE_X40Y95         FDRE                                         r  col_in_reg[0]/C
  -------------------------------------------------------------------    -------------------
    SLICE_X40Y95         FDRE (Prop_fdre_C_Q)         0.141     0.551 r  col_in_reg[0]/Q
                         net (fo=199, routed)         0.326     0.877    lb1_reg_0_127_4_4/A0
    SLICE_X38Y94         RAMD64E                                      r  lb1_reg_0_127_4_4/SP.HIGH/WADR0
  -------------------------------------------------------------------    -------------------

                         (clock aclk rise edge)       0.000     0.000 r  <hidden>
                                                      0.000     0.000 r  aclk
                         net (fo=492, unset)          0.432     0.432    lb1_reg_0_127_4_4/WCLK
    SLICE_X38Y94         RAMD64E                                      r  lb1_reg_0_127_4_4/SP.HIGH/CLK
                         clock pessimism              0.000     0.432    <hidden>
    SLICE_X38Y94         RAMD64E (Hold_ramd64e_CLK_WADR0)
                                                      0.310     0.742    lb1_reg_0_127_4_4/SP.HIGH
  -------------------------------------------------------------------
                         required time                         -0.742    <hidden>
                         arrival time                           0.877    <hidden>
  -------------------------------------------------------------------
                         slack                                  0.135    <hidden>

Slack (MET) :             0.135ns  (arrival time - required time)
  Source:                 col_in_reg[0]/C
                            (rising edge-triggered cell FDRE clocked by aclk  {rise@0.000ns fall@3.367ns period=6.734ns})
  Destination:            lb1_reg_0_127_4_4/SP.LOW/WADR0
                            (rising edge-triggered cell RAMD64E clocked by aclk  {rise@0.000ns fall@3.367ns period=6.734ns})
  Path Group:             aclk
  Path Type:              Hold (Min at Fast Process Corner)
  Requirement:            0.000ns  (aclk rise@0.000ns - aclk rise@0.000ns)
  Data Path Delay:        0.467ns  (logic 0.141ns (30.216%)  route 0.326ns (69.784%))
  Logic Levels:           0  
  Clock Path Skew:        0.022ns (DCD - SCD - CPR)
    Destination Clock Delay (DCD):    0.432ns
    Source Clock Delay      (SCD):    0.410ns
    Clock Pessimism Removal (CPR):    -0.000ns

    Location             Delay type                Incr(ns)  Path(ns)    Netlist Resource(s)
  -------------------------------------------------------------------    -------------------
                         (clock aclk rise edge)       0.000     0.000 r  <hidden>
                                                      0.000     0.000 r  aclk
                         net (fo=492, unset)          0.410     0.410    aclk
    SLICE_X40Y95         FDRE                                         r  col_in_reg[0]/C
  -------------------------------------------------------------------    -------------------
    SLICE_X40Y95         FDRE (Prop_fdre_C_Q)         0.141     0.551 r  col_in_reg[0]/Q
                         net (fo=199, routed)         0.326     0.877    lb1_reg_0_127_4_4/A0
    SLICE_X38Y94         RAMD64E                                      r  lb1_reg_0_127_4_4/SP.LOW/WADR0
  -------------------------------------------------------------------    -------------------

                         (clock aclk rise edge)       0.000     0.000 r  <hidden>
                                                      0.000     0.000 r  aclk
                         net (fo=492, unset)          0.432     0.432    lb1_reg_0_127_4_4/WCLK
    SLICE_X38Y94         RAMD64E                                      r  lb1_reg_0_127_4_4/SP.LOW/CLK
                         clock pessimism              0.000     0.432    <hidden>
    SLICE_X38Y94         RAMD64E (Hold_ramd64e_CLK_WADR0)
                                                      0.310     0.742    lb1_reg_0_127_4_4/SP.LOW
  -------------------------------------------------------------------
                         required time                         -0.742    <hidden>
                         arrival time                           0.877    <hidden>
  -------------------------------------------------------------------
                         slack                                  0.135    <hidden>

Slack (MET) :             0.138ns  (arrival time - required time)
  Source:                 col_in_reg[5]_rep/C
                            (rising edge-triggered cell FDRE clocked by aclk  {rise@0.000ns fall@3.367ns period=6.734ns})
  Destination:            lb1_reg_256_383_5_5/DP.HIGH/WADR5
                            (rising edge-triggered cell RAMD64E clocked by aclk  {rise@0.000ns fall@3.367ns period=6.734ns})
  Path Group:             aclk
  Path Type:              Hold (Min at Fast Process Corner)
  Requirement:            0.000ns  (aclk rise@0.000ns - aclk rise@0.000ns)
  Data Path Delay:        0.330ns  (logic 0.141ns (42.768%)  route 0.189ns (57.232%))
  Logic Levels:           0  
  Clock Path Skew:        0.022ns (DCD - SCD - CPR)
    Destination Clock Delay (DCD):    0.432ns
    Source Clock Delay      (SCD):    0.410ns
    Clock Pessimism Removal (CPR):    -0.000ns

    Location             Delay type                Incr(ns)  Path(ns)    Netlist Resource(s)
  -------------------------------------------------------------------    -------------------
                         (clock aclk rise edge)       0.000     0.000 r  <hidden>
                                                      0.000     0.000 r  aclk
                         net (fo=492, unset)          0.410     0.410    aclk
    SLICE_X41Y95         FDRE                                         r  col_in_reg[5]_rep/C
  -------------------------------------------------------------------    -------------------
    SLICE_X41Y95         FDRE (Prop_fdre_C_Q)         0.141     0.551 r  col_in_reg[5]_rep/Q
                         net (fo=96, routed)          0.189     0.740    lb1_reg_256_383_5_5/A5
    SLICE_X42Y96         RAMD64E                                      r  lb1_reg_256_383_5_5/DP.HIGH/WADR5
  -------------------------------------------------------------------    -------------------

                         (clock aclk rise edge)       0.000     0.000 r  <hidden>
                                                      0.000     0.000 r  aclk
                         net (fo=492, unset)          0.432     0.432    lb1_reg_256_383_5_5/WCLK
    SLICE_X42Y96         RAMD64E                                      r  lb1_reg_256_383_5_5/DP.HIGH/CLK
                         clock pessimism              0.000     0.432    <hidden>
    SLICE_X42Y96         RAMD64E (Hold_ramd64e_CLK_WADR5)
                                                      0.170     0.602    lb1_reg_256_383_5_5/DP.HIGH
  -------------------------------------------------------------------
                         required time                         -0.602    <hidden>
                         arrival time                           0.740    <hidden>
  -------------------------------------------------------------------
                         slack                                  0.138    <hidden>

Slack (MET) :             0.138ns  (arrival time - required time)
  Source:                 col_in_reg[5]_rep/C
                            (rising edge-triggered cell FDRE clocked by aclk  {rise@0.000ns fall@3.367ns period=6.734ns})
  Destination:            lb1_reg_256_383_5_5/DP.LOW/WADR5
                            (rising edge-triggered cell RAMD64E clocked by aclk  {rise@0.000ns fall@3.367ns period=6.734ns})
  Path Group:             aclk
  Path Type:              Hold (Min at Fast Process Corner)
  Requirement:            0.000ns  (aclk rise@0.000ns - aclk rise@0.000ns)
  Data Path Delay:        0.330ns  (logic 0.141ns (42.768%)  route 0.189ns (57.232%))
  Logic Levels:           0  
  Clock Path Skew:        0.022ns (DCD - SCD - CPR)
    Destination Clock Delay (DCD):    0.432ns
    Source Clock Delay      (SCD):    0.410ns
    Clock Pessimism Removal (CPR):    -0.000ns

    Location             Delay type                Incr(ns)  Path(ns)    Netlist Resource(s)
  -------------------------------------------------------------------    -------------------
                         (clock aclk rise edge)       0.000     0.000 r  <hidden>
                                                      0.000     0.000 r  aclk
                         net (fo=492, unset)          0.410     0.410    aclk
    SLICE_X41Y95         FDRE                                         r  col_in_reg[5]_rep/C
  -------------------------------------------------------------------    -------------------
    SLICE_X41Y95         FDRE (Prop_fdre_C_Q)         0.141     0.551 r  col_in_reg[5]_rep/Q
                         net (fo=96, routed)          0.189     0.740    lb1_reg_256_383_5_5/A5
    SLICE_X42Y96         RAMD64E                                      r  lb1_reg_256_383_5_5/DP.LOW/WADR5
  -------------------------------------------------------------------    -------------------

                         (clock aclk rise edge)       0.000     0.000 r  <hidden>
                                                      0.000     0.000 r  aclk
                         net (fo=492, unset)          0.432     0.432    lb1_reg_256_383_5_5/WCLK
    SLICE_X42Y96         RAMD64E                                      r  lb1_reg_256_383_5_5/DP.LOW/CLK
                         clock pessimism              0.000     0.432    <hidden>
    SLICE_X42Y96         RAMD64E (Hold_ramd64e_CLK_WADR5)
                                                      0.170     0.602    lb1_reg_256_383_5_5/DP.LOW
  -------------------------------------------------------------------
                         required time                         -0.602    <hidden>
                         arrival time                           0.740    <hidden>
  -------------------------------------------------------------------
                         slack                                  0.138    <hidden>

Slack (MET) :             0.138ns  (arrival time - required time)
  Source:                 col_in_reg[5]_rep/C
                            (rising edge-triggered cell FDRE clocked by aclk  {rise@0.000ns fall@3.367ns period=6.734ns})
  Destination:            lb1_reg_256_383_5_5/SP.HIGH/WADR5
                            (rising edge-triggered cell RAMD64E clocked by aclk  {rise@0.000ns fall@3.367ns period=6.734ns})
  Path Group:             aclk
  Path Type:              Hold (Min at Fast Process Corner)
  Requirement:            0.000ns  (aclk rise@0.000ns - aclk rise@0.000ns)
  Data Path Delay:        0.330ns  (logic 0.141ns (42.768%)  route 0.189ns (57.232%))
  Logic Levels:           0  
  Clock Path Skew:        0.022ns (DCD - SCD - CPR)
    Destination Clock Delay (DCD):    0.432ns
    Source Clock Delay      (SCD):    0.410ns
    Clock Pessimism Removal (CPR):    -0.000ns

    Location             Delay type                Incr(ns)  Path(ns)    Netlist Resource(s)
  -------------------------------------------------------------------    -------------------
                         (clock aclk rise edge)       0.000     0.000 r  <hidden>
                                                      0.000     0.000 r  aclk
                         net (fo=492, unset)          0.410     0.410    aclk
    SLICE_X41Y95         FDRE                                         r  col_in_reg[5]_rep/C
  -------------------------------------------------------------------    -------------------
    SLICE_X41Y95         FDRE (Prop_fdre_C_Q)         0.141     0.551 r  col_in_reg[5]_rep/Q
                         net (fo=96, routed)          0.189     0.740    lb1_reg_256_383_5_5/A5
    SLICE_X42Y96         RAMD64E                                      r  lb1_reg_256_383_5_5/SP.HIGH/WADR5
  -------------------------------------------------------------------    -------------------

                         (clock aclk rise edge)       0.000     0.000 r  <hidden>
                                                      0.000     0.000 r  aclk
                         net (fo=492, unset)          0.432     0.432    lb1_reg_256_383_5_5/WCLK
    SLICE_X42Y96         RAMD64E                                      r  lb1_reg_256_383_5_5/SP.HIGH/CLK
                         clock pessimism              0.000     0.432    <hidden>
    SLICE_X42Y96         RAMD64E (Hold_ramd64e_CLK_WADR5)
                                                      0.170     0.602    lb1_reg_256_383_5_5/SP.HIGH
  -------------------------------------------------------------------
                         required time                         -0.602    <hidden>
                         arrival time                           0.740    <hidden>
  -------------------------------------------------------------------
                         slack                                  0.138    <hidden>

Slack (MET) :             0.138ns  (arrival time - required time)
  Source:                 col_in_reg[5]_rep/C
                            (rising edge-triggered cell FDRE clocked by aclk  {rise@0.000ns fall@3.367ns period=6.734ns})
  Destination:            lb1_reg_256_383_5_5/SP.LOW/WADR5
                            (rising edge-triggered cell RAMD64E clocked by aclk  {rise@0.000ns fall@3.367ns period=6.734ns})
  Path Group:             aclk
  Path Type:              Hold (Min at Fast Process Corner)
  Requirement:            0.000ns  (aclk rise@0.000ns - aclk rise@0.000ns)
  Data Path Delay:        0.330ns  (logic 0.141ns (42.768%)  route 0.189ns (57.232%))
  Logic Levels:           0  
  Clock Path Skew:        0.022ns (DCD - SCD - CPR)
    Destination Clock Delay (DCD):    0.432ns
    Source Clock Delay      (SCD):    0.410ns
    Clock Pessimism Removal (CPR):    -0.000ns

    Location             Delay type                Incr(ns)  Path(ns)    Netlist Resource(s)
  -------------------------------------------------------------------    -------------------
                         (clock aclk rise edge)       0.000     0.000 r  <hidden>
                                                      0.000     0.000 r  aclk
                         net (fo=492, unset)          0.410     0.410    aclk
    SLICE_X41Y95         FDRE                                         r  col_in_reg[5]_rep/C
  -------------------------------------------------------------------    -------------------
    SLICE_X41Y95         FDRE (Prop_fdre_C_Q)         0.141     0.551 r  col_in_reg[5]_rep/Q
                         net (fo=96, routed)          0.189     0.740    lb1_reg_256_383_5_5/A5
    SLICE_X42Y96         RAMD64E                                      r  lb1_reg_256_383_5_5/SP.LOW/WADR5
  -------------------------------------------------------------------    -------------------

                         (clock aclk rise edge)       0.000     0.000 r  <hidden>
                                                      0.000     0.000 r  aclk
                         net (fo=492, unset)          0.432     0.432    lb1_reg_256_383_5_5/WCLK
    SLICE_X42Y96         RAMD64E                                      r  lb1_reg_256_383_5_5/SP.LOW/CLK
                         clock pessimism              0.000     0.432    <hidden>
    SLICE_X42Y96         RAMD64E (Hold_ramd64e_CLK_WADR5)
                                                      0.170     0.602    lb1_reg_256_383_5_5/SP.LOW
  -------------------------------------------------------------------
                         required time                         -0.602    <hidden>
                         arrival time                           0.740    <hidden>
  -------------------------------------------------------------------
                         slack                                  0.138    <hidden>

Slack (MET) :             0.143ns  (arrival time - required time)
  Source:                 col_in_reg[3]/C
                            (rising edge-triggered cell FDRE clocked by aclk  {rise@0.000ns fall@3.367ns period=6.734ns})
  Destination:            lb1_reg_128_255_4_4/DP.HIGH/WADR3
                            (rising edge-triggered cell RAMD64E clocked by aclk  {rise@0.000ns fall@3.367ns period=6.734ns})
  Path Group:             aclk
  Path Type:              Hold (Min at Fast Process Corner)
  Requirement:            0.000ns  (aclk rise@0.000ns - aclk rise@0.000ns)
  Data Path Delay:        0.404ns  (logic 0.141ns (34.860%)  route 0.263ns (65.140%))
  Logic Levels:           0  
  Clock Path Skew:        0.022ns (DCD - SCD - CPR)
    Destination Clock Delay (DCD):    0.432ns
    Source Clock Delay      (SCD):    0.410ns
    Clock Pessimism Removal (CPR):    -0.000ns

    Location             Delay type                Incr(ns)  Path(ns)    Netlist Resource(s)
  -------------------------------------------------------------------    -------------------
                         (clock aclk rise edge)       0.000     0.000 r  <hidden>
                                                      0.000     0.000 r  aclk
                         net (fo=492, unset)          0.410     0.410    aclk
    SLICE_X41Y93         FDRE                                         r  col_in_reg[3]/C
  -------------------------------------------------------------------    -------------------
    SLICE_X41Y93         FDRE (Prop_fdre_C_Q)         0.141     0.551 r  col_in_reg[3]/Q
                         net (fo=196, routed)         0.263     0.815    lb1_reg_128_255_4_4/A3
    SLICE_X42Y93         RAMD64E                                      r  lb1_reg_128_255_4_4/DP.HIGH/WADR3
  -------------------------------------------------------------------    -------------------

                         (clock aclk rise edge)       0.000     0.000 r  <hidden>
                                                      0.000     0.000 r  aclk
                         net (fo=492, unset)          0.432     0.432    lb1_reg_128_255_4_4/WCLK
    SLICE_X42Y93         RAMD64E                                      r  lb1_reg_128_255_4_4/DP.HIGH/CLK
                         clock pessimism              0.000     0.432    <hidden>
    SLICE_X42Y93         RAMD64E (Hold_ramd64e_CLK_WADR3)
                                                      0.240     0.672    lb1_reg_128_255_4_4/DP.HIGH
  -------------------------------------------------------------------
                         required time                         -0.672    <hidden>
                         arrival time                           0.815    <hidden>
  -------------------------------------------------------------------
                         slack                                  0.143    <hidden>

Slack (MET) :             0.143ns  (arrival time - required time)
  Source:                 col_in_reg[3]/C
                            (rising edge-triggered cell FDRE clocked by aclk  {rise@0.000ns fall@3.367ns period=6.734ns})
  Destination:            lb1_reg_128_255_4_4/DP.LOW/WADR3
                            (rising edge-triggered cell RAMD64E clocked by aclk  {rise@0.000ns fall@3.367ns period=6.734ns})
  Path Group:             aclk
  Path Type:              Hold (Min at Fast Process Corner)
  Requirement:            0.000ns  (aclk rise@0.000ns - aclk rise@0.000ns)
  Data Path Delay:        0.404ns  (logic 0.141ns (34.860%)  route 0.263ns (65.140%))
  Logic Levels:           0  
  Clock Path Skew:        0.022ns (DCD - SCD - CPR)
    Destination Clock Delay (DCD):    0.432ns
    Source Clock Delay      (SCD):    0.410ns
    Clock Pessimism Removal (CPR):    -0.000ns

    Location             Delay type                Incr(ns)  Path(ns)    Netlist Resource(s)
  -------------------------------------------------------------------    -------------------
                         (clock aclk rise edge)       0.000     0.000 r  <hidden>
                                                      0.000     0.000 r  aclk
                         net (fo=492, unset)          0.410     0.410    aclk
    SLICE_X41Y93         FDRE                                         r  col_in_reg[3]/C
  -------------------------------------------------------------------    -------------------
    SLICE_X41Y93         FDRE (Prop_fdre_C_Q)         0.141     0.551 r  col_in_reg[3]/Q
                         net (fo=196, routed)         0.263     0.815    lb1_reg_128_255_4_4/A3
    SLICE_X42Y93         RAMD64E                                      r  lb1_reg_128_255_4_4/DP.LOW/WADR3
  -------------------------------------------------------------------    -------------------

                         (clock aclk rise edge)       0.000     0.000 r  <hidden>
                                                      0.000     0.000 r  aclk
                         net (fo=492, unset)          0.432     0.432    lb1_reg_128_255_4_4/WCLK
    SLICE_X42Y93         RAMD64E                                      r  lb1_reg_128_255_4_4/DP.LOW/CLK
                         clock pessimism              0.000     0.432    <hidden>
    SLICE_X42Y93         RAMD64E (Hold_ramd64e_CLK_WADR3)
                                                      0.240     0.672    lb1_reg_128_255_4_4/DP.LOW
  -------------------------------------------------------------------
                         required time                         -0.672    <hidden>
                         arrival time                           0.815    <hidden>
  -------------------------------------------------------------------
                         slack                                  0.143    <hidden>

Slack (MET) :             0.143ns  (arrival time - required time)
  Source:                 col_in_reg[3]/C
                            (rising edge-triggered cell FDRE clocked by aclk  {rise@0.000ns fall@3.367ns period=6.734ns})
  Destination:            lb1_reg_128_255_4_4/SP.HIGH/WADR3
                            (rising edge-triggered cell RAMD64E clocked by aclk  {rise@0.000ns fall@3.367ns period=6.734ns})
  Path Group:             aclk
  Path Type:              Hold (Min at Fast Process Corner)
  Requirement:            0.000ns  (aclk rise@0.000ns - aclk rise@0.000ns)
  Data Path Delay:        0.404ns  (logic 0.141ns (34.860%)  route 0.263ns (65.140%))
  Logic Levels:           0  
  Clock Path Skew:        0.022ns (DCD - SCD - CPR)
    Destination Clock Delay (DCD):    0.432ns
    Source Clock Delay      (SCD):    0.410ns
    Clock Pessimism Removal (CPR):    -0.000ns

    Location             Delay type                Incr(ns)  Path(ns)    Netlist Resource(s)
  -------------------------------------------------------------------    -------------------
                         (clock aclk rise edge)       0.000     0.000 r  <hidden>
                                                      0.000     0.000 r  aclk
                         net (fo=492, unset)          0.410     0.410    aclk
    SLICE_X41Y93         FDRE                                         r  col_in_reg[3]/C
  -------------------------------------------------------------------    -------------------
    SLICE_X41Y93         FDRE (Prop_fdre_C_Q)         0.141     0.551 r  col_in_reg[3]/Q
                         net (fo=196, routed)         0.263     0.815    lb1_reg_128_255_4_4/A3
    SLICE_X42Y93         RAMD64E                                      r  lb1_reg_128_255_4_4/SP.HIGH/WADR3
  -------------------------------------------------------------------    -------------------

                         (clock aclk rise edge)       0.000     0.000 r  <hidden>
                                                      0.000     0.000 r  aclk
                         net (fo=492, unset)          0.432     0.432    lb1_reg_128_255_4_4/WCLK
    SLICE_X42Y93         RAMD64E                                      r  lb1_reg_128_255_4_4/SP.HIGH/CLK
                         clock pessimism              0.000     0.432    <hidden>
    SLICE_X42Y93         RAMD64E (Hold_ramd64e_CLK_WADR3)
                                                      0.240     0.672    lb1_reg_128_255_4_4/SP.HIGH
  -------------------------------------------------------------------
                         required time                         -0.672    <hidden>
                         arrival time                           0.815    <hidden>
  -------------------------------------------------------------------
                         slack                                  0.143    <hidden>

Slack (MET) :             0.143ns  (arrival time - required time)
  Source:                 col_in_reg[3]/C
                            (rising edge-triggered cell FDRE clocked by aclk  {rise@0.000ns fall@3.367ns period=6.734ns})
  Destination:            lb1_reg_128_255_4_4/SP.LOW/WADR3
                            (rising edge-triggered cell RAMD64E clocked by aclk  {rise@0.000ns fall@3.367ns period=6.734ns})
  Path Group:             aclk
  Path Type:              Hold (Min at Fast Process Corner)
  Requirement:            0.000ns  (aclk rise@0.000ns - aclk rise@0.000ns)
  Data Path Delay:        0.404ns  (logic 0.141ns (34.860%)  route 0.263ns (65.140%))
  Logic Levels:           0  
  Clock Path Skew:        0.022ns (DCD - SCD - CPR)
    Destination Clock Delay (DCD):    0.432ns
    Source Clock Delay      (SCD):    0.410ns
    Clock Pessimism Removal (CPR):    -0.000ns

    Location             Delay type                Incr(ns)  Path(ns)    Netlist Resource(s)
  -------------------------------------------------------------------    -------------------
                         (clock aclk rise edge)       0.000     0.000 r  <hidden>
                                                      0.000     0.000 r  aclk
                         net (fo=492, unset)          0.410     0.410    aclk
    SLICE_X41Y93         FDRE                                         r  col_in_reg[3]/C
  -------------------------------------------------------------------    -------------------
    SLICE_X41Y93         FDRE (Prop_fdre_C_Q)         0.141     0.551 r  col_in_reg[3]/Q
                         net (fo=196, routed)         0.263     0.815    lb1_reg_128_255_4_4/A3
    SLICE_X42Y93         RAMD64E                                      r  lb1_reg_128_255_4_4/SP.LOW/WADR3
  -------------------------------------------------------------------    -------------------

                         (clock aclk rise edge)       0.000     0.000 r  <hidden>
                                                      0.000     0.000 r  aclk
                         net (fo=492, unset)          0.432     0.432    lb1_reg_128_255_4_4/WCLK
    SLICE_X42Y93         RAMD64E                                      r  lb1_reg_128_255_4_4/SP.LOW/CLK
                         clock pessimism              0.000     0.432    <hidden>
    SLICE_X42Y93         RAMD64E (Hold_ramd64e_CLK_WADR3)
                                                      0.240     0.672    lb1_reg_128_255_4_4/SP.LOW
  -------------------------------------------------------------------
                         required time                         -0.672    <hidden>
                         arrival time                           0.815    <hidden>
  -------------------------------------------------------------------
                         slack                                  0.143    <hidden>

Slack (MET) :             0.144ns  (arrival time - required time)
  Source:                 col_in_reg[5]_rep/C
                            (rising edge-triggered cell FDRE clocked by aclk  {rise@0.000ns fall@3.367ns period=6.734ns})
  Destination:            lb2_reg_0_127_5_5/DP.HIGH/WADR5
                            (rising edge-triggered cell RAMD64E clocked by aclk  {rise@0.000ns fall@3.367ns period=6.734ns})
  Path Group:             aclk
  Path Type:              Hold (Min at Fast Process Corner)
  Requirement:            0.000ns  (aclk rise@0.000ns - aclk rise@0.000ns)
  Data Path Delay:        0.335ns  (logic 0.141ns (42.059%)  route 0.194ns (57.941%))
  Logic Levels:           0  
  Clock Path Skew:        0.022ns (DCD - SCD - CPR)
    Destination Clock Delay (DCD):    0.432ns
    Source Clock Delay      (SCD):    0.410ns
    Clock Pessimism Removal (CPR):    -0.000ns

    Location             Delay type                Incr(ns)  Path(ns)    Netlist Resource(s)
  -------------------------------------------------------------------    -------------------
                         (clock aclk rise edge)       0.000     0.000 r  <hidden>
                                                      0.000     0.000 r  aclk
                         net (fo=492, unset)          0.410     0.410    aclk
    SLICE_X41Y95         FDRE                                         r  col_in_reg[5]_rep/C
  -------------------------------------------------------------------    -------------------
    SLICE_X41Y95         FDRE (Prop_fdre_C_Q)         0.141     0.551 r  col_in_reg[5]_rep/Q
                         net (fo=96, routed)          0.194     0.745    lb2_reg_0_127_5_5/A5
    SLICE_X38Y95         RAMD64E                                      r  lb2_reg_0_127_5_5/DP.HIGH/WADR5
  -------------------------------------------------------------------    -------------------

                         (clock aclk rise edge)       0.000     0.000 r  <hidden>
                                                      0.000     0.000 r  aclk
                         net (fo=492, unset)          0.432     0.432    lb2_reg_0_127_5_5/WCLK
    SLICE_X38Y95         RAMD64E                                      r  lb2_reg_0_127_5_5/DP.HIGH/CLK
                         clock pessimism              0.000     0.432    <hidden>
    SLICE_X38Y95         RAMD64E (Hold_ramd64e_CLK_WADR5)
                                                      0.170     0.602    lb2_reg_0_127_5_5/DP.HIGH
  -------------------------------------------------------------------
                         required time                         -0.602    <hidden>
                         arrival time                           0.745    <hidden>
  -------------------------------------------------------------------
                         slack                                  0.144    <hidden>





Pulse Width Checks
--------------------------------------------------------------------------------------
Clock Name:         aclk
Waveform(ns):       { 0.000 3.367 }
Period(ns):         6.734
Sources:            { aclk }

Check Type        Corner  Lib Pin      Reference Pin  Required(ns)  Actual(ns)  Slack(ns)  Location       Pin
Min Period        n/a     FDRE/C       n/a            1.000         6.734       5.734      SLICE_X30Y95   FSM_onehot_state_reg[0]/C
Min Period        n/a     FDSE/C       n/a            1.000         6.734       5.734      SLICE_X30Y95   FSM_onehot_state_reg[1]/C
Min Period        n/a     FDRE/C       n/a            1.000         6.734       5.734      SLICE_X30Y95   FSM_onehot_state_reg[2]/C
Min Period        n/a     FDRE/C       n/a            1.000         6.734       5.734      SLICE_X30Y95   FSM_onehot_state_reg[3]/C
Min Period        n/a     FDRE/C       n/a            1.000         6.734       5.734      SLICE_X32Y99   cc1_q_reg[0]/C
Min Period        n/a     FDRE/C       n/a            1.000         6.734       5.734      SLICE_X30Y100  cc1_q_reg[1]/C
Min Period        n/a     FDRE/C       n/a            1.000         6.734       5.734      SLICE_X32Y100  cc1_q_reg[2]/C
Min Period        n/a     FDRE/C       n/a            1.000         6.734       5.734      SLICE_X32Y100  cc1_q_reg[3]/C
Min Period        n/a     FDRE/C       n/a            1.000         6.734       5.734      SLICE_X32Y100  cc1_q_reg[4]/C
Min Period        n/a     FDRE/C       n/a            1.000         6.734       5.734      SLICE_X32Y100  cc1_q_reg[5]/C
Min Period        n/a     FDRE/C       n/a            1.000         6.734       5.734      SLICE_X32Y100  cc1_q_reg[6]/C
Min Period        n/a     FDRE/C       n/a            1.000         6.734       5.734      SLICE_X30Y100  cc1_q_reg[7]/C
Min Period        n/a     FDRE/C       n/a            1.000         6.734       5.734      SLICE_X30Y100  cc1_q_reg[8]/C
Min Period        n/a     FDRE/C       n/a            1.000         6.734       5.734      SLICE_X40Y92   col_ff_reg[0]/C
Min Period        n/a     FDRE/C       n/a            1.000         6.734       5.734      SLICE_X37Y94   col_ff_reg[0]_rep/C
Min Period        n/a     FDRE/C       n/a            1.000         6.734       5.734      SLICE_X37Y92   col_ff_reg[0]_rep__0/C
Min Period        n/a     FDRE/C       n/a            1.000         6.734       5.734      SLICE_X40Y92   col_ff_reg[1]/C
Min Period        n/a     FDRE/C       n/a            1.000         6.734       5.734      SLICE_X37Y92   col_ff_reg[1]_rep/C
Min Period        n/a     FDRE/C       n/a            1.000         6.734       5.734      SLICE_X40Y92   col_ff_reg[2]/C
Min Period        n/a     FDRE/C       n/a            1.000         6.734       5.734      SLICE_X37Y92   col_ff_reg[2]_rep/C
Min Period        n/a     FDRE/C       n/a            1.000         6.734       5.734      SLICE_X37Y92   col_ff_reg[3]/C
Min Period        n/a     FDRE/C       n/a            1.000         6.734       5.734      SLICE_X39Y92   col_ff_reg[3]_rep/C
Min Period        n/a     FDRE/C       n/a            1.000         6.734       5.734      SLICE_X40Y92   col_ff_reg[4]/C
Min Period        n/a     FDRE/C       n/a            1.000         6.734       5.734      SLICE_X37Y94   col_ff_reg[4]_rep/C
Min Period        n/a     FDRE/C       n/a            1.000         6.734       5.734      SLICE_X32Y94   col_ff_reg[5]/C
Low Pulse Width   Slow    RAMD64E/CLK  n/a            1.250         3.367       2.117      SLICE_X36Y86   lb1_reg_0_127_0_0/DP.HIGH/CLK
Low Pulse Width   Fast    RAMD64E/CLK  n/a            1.250         3.367       2.117      SLICE_X36Y86   lb1_reg_0_127_0_0/DP.HIGH/CLK
Low Pulse Width   Slow    RAMD64E/CLK  n/a            1.250         3.367       2.117      SLICE_X36Y86   lb1_reg_0_127_0_0/DP.LOW/CLK
Low Pulse Width   Fast    RAMD64E/CLK  n/a            1.250         3.367       2.117      SLICE_X36Y86   lb1_reg_0_127_0_0/DP.LOW/CLK
Low Pulse Width   Slow    RAMD64E/CLK  n/a            1.250         3.367       2.117      SLICE_X36Y86   lb1_reg_0_127_0_0/SP.HIGH/CLK
Low Pulse Width   Fast    RAMD64E/CLK  n/a            1.250         3.367       2.117      SLICE_X36Y86   lb1_reg_0_127_0_0/SP.HIGH/CLK
Low Pulse Width   Slow    RAMD64E/CLK  n/a            1.250         3.367       2.117      SLICE_X36Y86   lb1_reg_0_127_0_0/SP.LOW/CLK
Low Pulse Width   Fast    RAMD64E/CLK  n/a            1.250         3.367       2.117      SLICE_X36Y86   lb1_reg_0_127_0_0/SP.LOW/CLK
Low Pulse Width   Slow    RAMD64E/CLK  n/a            1.250         3.367       2.117      SLICE_X36Y88   lb1_reg_0_127_1_1/DP.HIGH/CLK
Low Pulse Width   Fast    RAMD64E/CLK  n/a            1.250         3.367       2.117      SLICE_X36Y88   lb1_reg_0_127_1_1/DP.HIGH/CLK
Low Pulse Width   Slow    RAMD64E/CLK  n/a            1.250         3.367       2.117      SLICE_X36Y88   lb1_reg_0_127_1_1/DP.LOW/CLK
Low Pulse Width   Fast    RAMD64E/CLK  n/a            1.250         3.367       2.117      SLICE_X36Y88   lb1_reg_0_127_1_1/DP.LOW/CLK
Low Pulse Width   Slow    RAMD64E/CLK  n/a            1.250         3.367       2.117      SLICE_X36Y88   lb1_reg_0_127_1_1/SP.HIGH/CLK
Low Pulse Width   Fast    RAMD64E/CLK  n/a            1.250         3.367       2.117      SLICE_X36Y88   lb1_reg_0_127_1_1/SP.HIGH/CLK
Low Pulse Width   Slow    RAMD64E/CLK  n/a            1.250         3.367       2.117      SLICE_X36Y88   lb1_reg_0_127_1_1/SP.LOW/CLK
Low Pulse Width   Fast    RAMD64E/CLK  n/a            1.250         3.367       2.117      SLICE_X36Y88   lb1_reg_0_127_1_1/SP.LOW/CLK
Low Pulse Width   Slow    RAMD64E/CLK  n/a            1.250         3.367       2.117      SLICE_X42Y86   lb1_reg_0_127_2_2/DP.HIGH/CLK
Low Pulse Width   Fast    RAMD64E/CLK  n/a            1.250         3.367       2.117      SLICE_X42Y86   lb1_reg_0_127_2_2/DP.HIGH/CLK
Low Pulse Width   Slow    RAMD64E/CLK  n/a            1.250         3.367       2.117      SLICE_X42Y86   lb1_reg_0_127_2_2/DP.LOW/CLK
Low Pulse Width   Fast    RAMD64E/CLK  n/a            1.250         3.367       2.117      SLICE_X42Y86   lb1_reg_0_127_2_2/DP.LOW/CLK
Low Pulse Width   Slow    RAMD64E/CLK  n/a            1.250         3.367       2.117      SLICE_X42Y86   lb1_reg_0_127_2_2/SP.HIGH/CLK
Low Pulse Width   Fast    RAMD64E/CLK  n/a            1.250         3.367       2.117      SLICE_X42Y86   lb1_reg_0_127_2_2/SP.HIGH/CLK
Low Pulse Width   Slow    RAMD64E/CLK  n/a            1.250         3.367       2.117      SLICE_X42Y86   lb1_reg_0_127_2_2/SP.LOW/CLK
Low Pulse Width   Fast    RAMD64E/CLK  n/a            1.250         3.367       2.117      SLICE_X42Y86   lb1_reg_0_127_2_2/SP.LOW/CLK
Low Pulse Width   Slow    RAMD64E/CLK  n/a            1.250         3.367       2.117      SLICE_X42Y88   lb1_reg_0_127_3_3/DP.HIGH/CLK
High Pulse Width  Slow    RAMD64E/CLK  n/a            1.250         3.367       2.117      SLICE_X36Y86   lb1_reg_0_127_0_0/DP.HIGH/CLK
High Pulse Width  Fast    RAMD64E/CLK  n/a            1.250         3.367       2.117      SLICE_X36Y86   lb1_reg_0_127_0_0/DP.HIGH/CLK
High Pulse Width  Slow    RAMD64E/CLK  n/a            1.250         3.367       2.117      SLICE_X36Y86   lb1_reg_0_127_0_0/DP.LOW/CLK
High Pulse Width  Fast    RAMD64E/CLK  n/a            1.250         3.367       2.117      SLICE_X36Y86   lb1_reg_0_127_0_0/DP.LOW/CLK
High Pulse Width  Slow    RAMD64E/CLK  n/a            1.250         3.367       2.117      SLICE_X36Y86   lb1_reg_0_127_0_0/SP.HIGH/CLK
High Pulse Width  Fast    RAMD64E/CLK  n/a            1.250         3.367       2.117      SLICE_X36Y86   lb1_reg_0_127_0_0/SP.HIGH/CLK
High Pulse Width  Slow    RAMD64E/CLK  n/a            1.250         3.367       2.117      SLICE_X36Y86   lb1_reg_0_127_0_0/SP.LOW/CLK
High Pulse Width  Fast    RAMD64E/CLK  n/a            1.250         3.367       2.117      SLICE_X36Y86   lb1_reg_0_127_0_0/SP.LOW/CLK
High Pulse Width  Slow    RAMD64E/CLK  n/a            1.250         3.367       2.117      SLICE_X36Y88   lb1_reg_0_127_1_1/DP.HIGH/CLK
High Pulse Width  Fast    RAMD64E/CLK  n/a            1.250         3.367       2.117      SLICE_X36Y88   lb1_reg_0_127_1_1/DP.HIGH/CLK
High Pulse Width  Slow    RAMD64E/CLK  n/a            1.250         3.367       2.117      SLICE_X36Y88   lb1_reg_0_127_1_1/DP.LOW/CLK
High Pulse Width  Fast    RAMD64E/CLK  n/a            1.250         3.367       2.117      SLICE_X36Y88   lb1_reg_0_127_1_1/DP.LOW/CLK
High Pulse Width  Slow    RAMD64E/CLK  n/a            1.250         3.367       2.117      SLICE_X36Y88   lb1_reg_0_127_1_1/SP.HIGH/CLK
High Pulse Width  Fast    RAMD64E/CLK  n/a            1.250         3.367       2.117      SLICE_X36Y88   lb1_reg_0_127_1_1/SP.HIGH/CLK
High Pulse Width  Slow    RAMD64E/CLK  n/a            1.250         3.367       2.117      SLICE_X36Y88   lb1_reg_0_127_1_1/SP.LOW/CLK
High Pulse Width  Fast    RAMD64E/CLK  n/a            1.250         3.367       2.117      SLICE_X36Y88   lb1_reg_0_127_1_1/SP.LOW/CLK
High Pulse Width  Slow    RAMD64E/CLK  n/a            1.250         3.367       2.117      SLICE_X42Y86   lb1_reg_0_127_2_2/DP.HIGH/CLK
High Pulse Width  Fast    RAMD64E/CLK  n/a            1.250         3.367       2.117      SLICE_X42Y86   lb1_reg_0_127_2_2/DP.HIGH/CLK
High Pulse Width  Slow    RAMD64E/CLK  n/a            1.250         3.367       2.117      SLICE_X42Y86   lb1_reg_0_127_2_2/DP.LOW/CLK
High Pulse Width  Fast    RAMD64E/CLK  n/a            1.250         3.367       2.117      SLICE_X42Y86   lb1_reg_0_127_2_2/DP.LOW/CLK
High Pulse Width  Slow    RAMD64E/CLK  n/a            1.250         3.367       2.117      SLICE_X42Y86   lb1_reg_0_127_2_2/SP.HIGH/CLK
High Pulse Width  Fast    RAMD64E/CLK  n/a            1.250         3.367       2.117      SLICE_X42Y86   lb1_reg_0_127_2_2/SP.HIGH/CLK
High Pulse Width  Slow    RAMD64E/CLK  n/a            1.250         3.367       2.117      SLICE_X42Y86   lb1_reg_0_127_2_2/SP.LOW/CLK
High Pulse Width  Fast    RAMD64E/CLK  n/a            1.250         3.367       2.117      SLICE_X42Y86   lb1_reg_0_127_2_2/SP.LOW/CLK
High Pulse Width  Slow    RAMD64E/CLK  n/a            1.250         3.367       2.117      SLICE_X42Y88   lb1_reg_0_127_3_3/DP.HIGH/CLK



