Copyright 1986-2022 Xilinx, Inc. All Rights Reserved. Copyright 2022-2026 Advanced Micro Devices, Inc. All Rights Reserved.
---------------------------------------------------------------------------------------------------------------------------------------------
| Tool Version : Vivado v.2026.1 (win64) Build 6511674 Tue Jun 16 11:02:23 MDT 2026
| Date         : Mon Oct  5 11:02:52 2026
| Host         : <redacted> running 64-bit major release  (build 9200)
| Command      : report_timing_summary -delay_type min_max -max_paths 25 -file conv3x3_engine_W3840_bram_tim_impl.rpt
| Design       : conv3x3_engine
| Device       : 7z020-clg400
| Speed File   : -1  PRODUCTION 1.12 2019-11-22
| Design State : Routed
---------------------------------------------------------------------------------------------------------------------------------------------

Timing Summary Report

------------------------------------------------------------------------------------------------
| Timer Settings
| --------------
------------------------------------------------------------------------------------------------

  Enable Multi Corner Analysis               :  Yes
  Enable Pessimism Removal                   :  Yes
  Pessimism Removal Resolution               :  Nearest Common Node
  Enable Input Delay Default Clock           :  No
  Enable Preset / Clear Arcs                 :  No
  Disable Flight Delays                      :  No
  Ignore I/O Paths                           :  No
  Timing Early Launch at Borrowing Latches   :  No
  Borrow Time for Max Delay Exceptions       :  Yes
  Merge Timing Exceptions                    :  Yes
  Inter-SLR Compensation                     :  Conservative

  Corner  Analyze    Analyze    
  Name    Max Paths  Min Paths  
  ------  ---------  ---------  
  Slow    Yes        Yes        
  Fast    Yes        Yes        


------------------------------------------------------------------------------------------------
| Report Methodology
| ------------------
------------------------------------------------------------------------------------------------

No report available as report_methodology has not been run prior. Run report_methodology on the current design for the summary of methodology violations.



check_timing report

Table of Contents
-----------------
1. checking no_clock (0)
2. checking constant_clock (0)
3. checking pulse_width_clock (0)
4. checking unconstrained_internal_endpoints (0)
5. checking no_input_delay (0)
6. checking no_output_delay (0)
7. checking multiple_clock (0)
8. checking generated_clocks (0)
9. checking loops (0)
10. checking partial_input_delay (0)
11. checking partial_output_delay (0)
12. checking latch_loops (0)

1. checking no_clock (0)
------------------------
 There are 0 register/latch pins with no clock.


2. checking constant_clock (0)
------------------------------
 There are 0 register/latch pins with constant_clock.


3. checking pulse_width_clock (0)
---------------------------------
 There are 0 register/latch pins which need pulse_width check


4. checking unconstrained_internal_endpoints (0)
------------------------------------------------
 There are 0 pins that are not constrained for maximum delay.

 There are 0 pins that are not constrained for maximum delay due to constant clock.


5. checking no_input_delay (0)
------------------------------
 There are 0 input ports with no input delay specified.

 There are 0 input ports with no input delay but user has a false path constraint.


6. checking no_output_delay (0)
-------------------------------
 There are 0 ports with no output delay specified.

 There are 0 ports with no output delay but user has a false path constraint

 There are 0 ports with no output delay but with a timing clock defined on it or propagating through it


7. checking multiple_clock (0)
------------------------------
 There are 0 register/latch pins with multiple clocks.


8. checking generated_clocks (0)
--------------------------------
 There are 0 generated clocks that are not connected to a clock source.


9. checking loops (0)
---------------------
 There are 0 combinational loops in the design.


10. checking partial_input_delay (0)
------------------------------------
 There are 0 input ports with partial input delay specified.


11. checking partial_output_delay (0)
-------------------------------------
 There are 0 ports with partial output delay specified.


12. checking latch_loops (0)
----------------------------
 There are 0 combinational latch loops in the design through latch input



------------------------------------------------------------------------------------------------
| Design Timing Summary
| ---------------------
------------------------------------------------------------------------------------------------

    WNS(ns)      TNS(ns)  TNS Failing Endpoints  TNS Total Endpoints      WHS(ns)      THS(ns)  THS Failing Endpoints  THS Total Endpoints     WPWS(ns)     TPWS(ns)  TPWS Failing Endpoints  TPWS Total Endpoints  
    -------      -------  ---------------------  -------------------      -------      -------  ---------------------  -------------------     --------     --------  ----------------------  --------------------  
      0.018        0.000                      0                 2412        0.097        0.000                      0                 2412        2.867        0.000                       0                   653  


All user specified timing constraints are met.


------------------------------------------------------------------------------------------------
| Clock Summary
| -------------
------------------------------------------------------------------------------------------------

Clock  Waveform(ns)         Period(ns)      Frequency(MHz)
-----  ------------         ----------      --------------
aclk   {0.000 3.367}        6.734           148.500         


------------------------------------------------------------------------------------------------
| Intra Clock Table
| -----------------
------------------------------------------------------------------------------------------------

Clock             WNS(ns)      TNS(ns)  TNS Failing Endpoints  TNS Total Endpoints      WHS(ns)      THS(ns)  THS Failing Endpoints  THS Total Endpoints     WPWS(ns)     TPWS(ns)  TPWS Failing Endpoints  TPWS Total Endpoints  
-----             -------      -------  ---------------------  -------------------      -------      -------  ---------------------  -------------------     --------     --------  ----------------------  --------------------  
aclk                0.018        0.000                      0                 2412        0.097        0.000                      0                 2412        2.867        0.000                       0                   653  


------------------------------------------------------------------------------------------------
| Inter Clock Table
| -----------------
------------------------------------------------------------------------------------------------

From Clock    To Clock          WNS(ns)      TNS(ns)  TNS Failing Endpoints  TNS Total Endpoints      WHS(ns)      THS(ns)  THS Failing Endpoints  THS Total Endpoints  
----------    --------          -------      -------  ---------------------  -------------------      -------      -------  ---------------------  -------------------  


------------------------------------------------------------------------------------------------
| Other Path Groups Table
| -----------------------
------------------------------------------------------------------------------------------------

Path Group    From Clock    To Clock          WNS(ns)      TNS(ns)  TNS Failing Endpoints  TNS Total Endpoints      WHS(ns)      THS(ns)  THS Failing Endpoints  THS Total Endpoints  
----------    ----------    --------          -------      -------  ---------------------  -------------------      -------      -------  ---------------------  -------------------  


------------------------------------------------------------------------------------------------
| Timing Details
| --------------
------------------------------------------------------------------------------------------------


---------------------------------------------------------------------------------------------------
From Clock:  aclk
  To Clock:  aclk

Setup :            0  Failing Endpoints,  Worst Slack        0.018ns,  Total Violation        0.000ns
Hold  :            0  Failing Endpoints,  Worst Slack        0.097ns,  Total Violation        0.000ns
PW    :            0  Failing Endpoints,  Worst Slack        2.867ns,  Total Violation        0.000ns
---------------------------------------------------------------------------------------------------


Max Delay Paths
--------------------------------------------------------------------------------------
Slack (MET) :             0.018ns  (required time - arrival time)
  Source:                 g_lb_bram.brow_q_reg/C
                            (rising edge-triggered cell FDRE clocked by aclk  {rise@0.000ns fall@3.367ns period=6.734ns})
  Destination:            pr2_reg[5]/A[1]
                            (rising edge-triggered cell DSP48E1 clocked by aclk  {rise@0.000ns fall@3.367ns period=6.734ns})
  Path Group:             aclk
  Path Type:              Setup (Max at Slow Process Corner)
  Requirement:            6.734ns  (aclk rise@6.734ns - aclk rise@0.000ns)
  Data Path Delay:        2.708ns  (logic 0.606ns (22.378%)  route 2.102ns (77.622%))
  Logic Levels:           1  (LUT3=1)
  Clock Path Skew:        -0.049ns (DCD - SCD + CPR)
    Destination Clock Delay (DCD):    0.924ns = ( 7.658 - 6.734 ) 
    Source Clock Delay      (SCD):    0.973ns
    Clock Pessimism Removal (CPR):    0.000ns
  Clock Uncertainty:      0.035ns  ((TSJ^2 + TIJ^2)^1/2 + DJ) / 2 + PE
    Total System Jitter     (TSJ):    0.071ns
    Total Input Jitter      (TIJ):    0.000ns
    Discrete Jitter          (DJ):    0.000ns
    Phase Error              (PE):    0.000ns

    Location             Delay type                Incr(ns)  Path(ns)    Netlist Resource(s)
  -------------------------------------------------------------------    -------------------
                         (clock aclk rise edge)       0.000     0.000 r  <hidden>
                                                      0.000     0.000 r  aclk
                         net (fo=652, unset)          0.973     0.973    aclk
    SLICE_X29Y12         FDRE                                         r  g_lb_bram.brow_q_reg/C
  -------------------------------------------------------------------    -------------------
    SLICE_X29Y12         FDRE (Prop_fdre_C_Q)         0.456     1.429 r  g_lb_bram.brow_q_reg/Q
                         net (fo=73, routed)          1.116     2.545    brow
    SLICE_X24Y15         LUT3 (Prop_lut3_I2_O)        0.150     2.695 r  pr1_reg[5]_i_7/O
                         net (fo=2, routed)           0.986     3.681    pr1_reg[5]_i_7_n_0
    DSP48_X2Y8           DSP48E1                                      r  pr2_reg[5]/A[1]
  -------------------------------------------------------------------    -------------------

                         (clock aclk rise edge)       6.734     6.734 r  <hidden>
                                                      0.000     6.734 r  aclk
                         net (fo=652, unset)          0.924     7.658    aclk
    DSP48_X2Y8           DSP48E1                                      r  pr2_reg[5]/CLK
                         clock pessimism              0.000     7.658    <hidden>
                         clock uncertainty           -0.035     7.623    <hidden>
    DSP48_X2Y8           DSP48E1 (Setup_dsp48e1_CLK_A[1])
                                                     -3.924     3.699    pr2_reg[5]
  -------------------------------------------------------------------
                         required time                          3.699    <hidden>
                         arrival time                          -3.681    <hidden>
  -------------------------------------------------------------------
                         slack                                  0.018    <hidden>

Slack (MET) :             0.074ns  (required time - arrival time)
  Source:                 g_lb_bram.brow_q_reg/C
                            (rising edge-triggered cell FDRE clocked by aclk  {rise@0.000ns fall@3.367ns period=6.734ns})
  Destination:            pr2_reg[4]/A[7]
                            (rising edge-triggered cell DSP48E1 clocked by aclk  {rise@0.000ns fall@3.367ns period=6.734ns})
  Path Group:             aclk
  Path Type:              Setup (Max at Slow Process Corner)
  Requirement:            6.734ns  (aclk rise@6.734ns - aclk rise@0.000ns)
  Data Path Delay:        2.652ns  (logic 0.606ns (22.847%)  route 2.046ns (77.153%))
  Logic Levels:           1  (LUT3=1)
  Clock Path Skew:        -0.049ns (DCD - SCD + CPR)
    Destination Clock Delay (DCD):    0.924ns = ( 7.658 - 6.734 ) 
    Source Clock Delay      (SCD):    0.973ns
    Clock Pessimism Removal (CPR):    0.000ns
  Clock Uncertainty:      0.035ns  ((TSJ^2 + TIJ^2)^1/2 + DJ) / 2 + PE
    Total System Jitter     (TSJ):    0.071ns
    Total Input Jitter      (TIJ):    0.000ns
    Discrete Jitter          (DJ):    0.000ns
    Phase Error              (PE):    0.000ns

    Location             Delay type                Incr(ns)  Path(ns)    Netlist Resource(s)
  -------------------------------------------------------------------    -------------------
                         (clock aclk rise edge)       0.000     0.000 r  <hidden>
                                                      0.000     0.000 r  aclk
                         net (fo=652, unset)          0.973     0.973    aclk
    SLICE_X29Y12         FDRE                                         r  g_lb_bram.brow_q_reg/C
  -------------------------------------------------------------------    -------------------
    SLICE_X29Y12         FDRE (Prop_fdre_C_Q)         0.456     1.429 r  g_lb_bram.brow_q_reg/Q
                         net (fo=73, routed)          0.955     2.384    brow
    SLICE_X25Y14         LUT3 (Prop_lut3_I2_O)        0.150     2.534 r  pr1_reg[4]_i_2/O
                         net (fo=2, routed)           1.092     3.625    pr1_reg[4]_i_2_n_0
    DSP48_X2Y4           DSP48E1                                      r  pr2_reg[4]/A[7]
  -------------------------------------------------------------------    -------------------

                         (clock aclk rise edge)       6.734     6.734 r  <hidden>
                                                      0.000     6.734 r  aclk
                         net (fo=652, unset)          0.924     7.658    aclk
    DSP48_X2Y4           DSP48E1                                      r  pr2_reg[4]/CLK
                         clock pessimism              0.000     7.658    <hidden>
                         clock uncertainty           -0.035     7.623    <hidden>
    DSP48_X2Y4           DSP48E1 (Setup_dsp48e1_CLK_A[7])
                                                     -3.924     3.699    pr2_reg[4]
  -------------------------------------------------------------------
                         required time                          3.699    <hidden>
                         arrival time                          -3.625    <hidden>
  -------------------------------------------------------------------
                         slack                                  0.074    <hidden>

Slack (MET) :             0.156ns  (required time - arrival time)
  Source:                 g_lb_bram.brow_q_reg/C
                            (rising edge-triggered cell FDRE clocked by aclk  {rise@0.000ns fall@3.367ns period=6.734ns})
  Destination:            pr2_reg[4]/A[1]
                            (rising edge-triggered cell DSP48E1 clocked by aclk  {rise@0.000ns fall@3.367ns period=6.734ns})
  Path Group:             aclk
  Path Type:              Setup (Max at Slow Process Corner)
  Requirement:            6.734ns  (aclk rise@6.734ns - aclk rise@0.000ns)
  Data Path Delay:        2.570ns  (logic 0.606ns (23.582%)  route 1.964ns (76.418%))
  Logic Levels:           1  (LUT3=1)
  Clock Path Skew:        -0.049ns (DCD - SCD + CPR)
    Destination Clock Delay (DCD):    0.924ns = ( 7.658 - 6.734 ) 
    Source Clock Delay      (SCD):    0.973ns
    Clock Pessimism Removal (CPR):    0.000ns
  Clock Uncertainty:      0.035ns  ((TSJ^2 + TIJ^2)^1/2 + DJ) / 2 + PE
    Total System Jitter     (TSJ):    0.071ns
    Total Input Jitter      (TIJ):    0.000ns
    Discrete Jitter          (DJ):    0.000ns
    Phase Error              (PE):    0.000ns

    Location             Delay type                Incr(ns)  Path(ns)    Netlist Resource(s)
  -------------------------------------------------------------------    -------------------
                         (clock aclk rise edge)       0.000     0.000 r  <hidden>
                                                      0.000     0.000 r  aclk
                         net (fo=652, unset)          0.973     0.973    aclk
    SLICE_X29Y12         FDRE                                         r  g_lb_bram.brow_q_reg/C
  -------------------------------------------------------------------    -------------------
    SLICE_X29Y12         FDRE (Prop_fdre_C_Q)         0.456     1.429 r  g_lb_bram.brow_q_reg/Q
                         net (fo=73, routed)          0.975     2.404    brow
    SLICE_X24Y13         LUT3 (Prop_lut3_I2_O)        0.150     2.554 r  pr1_reg[4]_i_8/O
                         net (fo=2, routed)           0.988     3.543    pr1_reg[4]_i_8_n_0
    DSP48_X2Y4           DSP48E1                                      r  pr2_reg[4]/A[1]
  -------------------------------------------------------------------    -------------------

                         (clock aclk rise edge)       6.734     6.734 r  <hidden>
                                                      0.000     6.734 r  aclk
                         net (fo=652, unset)          0.924     7.658    aclk
    DSP48_X2Y4           DSP48E1                                      r  pr2_reg[4]/CLK
                         clock pessimism              0.000     7.658    <hidden>
                         clock uncertainty           -0.035     7.623    <hidden>
    DSP48_X2Y4           DSP48E1 (Setup_dsp48e1_CLK_A[1])
                                                     -3.924     3.699    pr2_reg[4]
  -------------------------------------------------------------------
                         required time                          3.699    <hidden>
                         arrival time                          -3.543    <hidden>
  -------------------------------------------------------------------
                         slack                                  0.156    <hidden>

Slack (MET) :             0.161ns  (required time - arrival time)
  Source:                 aresetn
                            (input port clocked by aclk  {rise@0.000ns fall@3.367ns period=6.734ns})
  Destination:            acc2_q_reg[10]/R
                            (rising edge-triggered cell FDRE clocked by aclk  {rise@0.000ns fall@3.367ns period=6.734ns})
  Path Group:             aclk
  Path Type:              Setup (Max at Slow Process Corner)
  Requirement:            6.734ns  (aclk rise@6.734ns - aclk rise@0.000ns)
  Data Path Delay:        4.938ns  (logic 0.124ns (2.511%)  route 4.814ns (97.489%))
  Logic Levels:           1  (LUT1=1)
  Input Delay:            2.000ns
  Clock Path Skew:        0.924ns (DCD - SCD + CPR)
    Destination Clock Delay (DCD):    0.924ns = ( 7.658 - 6.734 ) 
    Source Clock Delay      (SCD):    0.000ns
    Clock Pessimism Removal (CPR):    0.000ns
  Clock Uncertainty:      0.035ns  ((TSJ^2 + TIJ^2)^1/2 + DJ) / 2 + PE
    Total System Jitter     (TSJ):    0.071ns
    Total Input Jitter      (TIJ):    0.000ns
    Discrete Jitter          (DJ):    0.000ns
    Phase Error              (PE):    0.000ns

    Location             Delay type                Incr(ns)  Path(ns)    Netlist Resource(s)
  -------------------------------------------------------------------    -------------------
                         (clock aclk rise edge)       0.000     0.000 r  <hidden>
                         input delay                  2.000     2.000    <hidden>
                                                      0.000     2.000 f  aresetn
                         net (fo=18, unset)           0.973     2.973    aresetn
    SLICE_X33Y30         LUT1 (Prop_lut1_I0_O)        0.124     3.097 r  m_axis_tdata[7]_i_1/O
                         net (fo=554, routed)         3.841     6.938    m_axis_tdata[7]_i_1_n_0
    SLICE_X18Y11         FDRE                                         r  acc2_q_reg[10]/R
  -------------------------------------------------------------------    -------------------

                         (clock aclk rise edge)       6.734     6.734 r  <hidden>
                                                      0.000     6.734 r  aclk
                         net (fo=652, unset)          0.924     7.658    aclk
    SLICE_X18Y11         FDRE                                         r  acc2_q_reg[10]/C
                         clock pessimism              0.000     7.658    <hidden>
                         clock uncertainty           -0.035     7.623    <hidden>
    SLICE_X18Y11         FDRE (Setup_fdre_C_R)       -0.524     7.099    acc2_q_reg[10]
  -------------------------------------------------------------------
                         required time                          7.099    <hidden>
                         arrival time                          -6.938    <hidden>
  -------------------------------------------------------------------
                         slack                                  0.161    <hidden>

Slack (MET) :             0.161ns  (required time - arrival time)
  Source:                 aresetn
                            (input port clocked by aclk  {rise@0.000ns fall@3.367ns period=6.734ns})
  Destination:            acc2_q_reg[11]/R
                            (rising edge-triggered cell FDRE clocked by aclk  {rise@0.000ns fall@3.367ns period=6.734ns})
  Path Group:             aclk
  Path Type:              Setup (Max at Slow Process Corner)
  Requirement:            6.734ns  (aclk rise@6.734ns - aclk rise@0.000ns)
  Data Path Delay:        4.938ns  (logic 0.124ns (2.511%)  route 4.814ns (97.489%))
  Logic Levels:           1  (LUT1=1)
  Input Delay:            2.000ns
  Clock Path Skew:        0.924ns (DCD - SCD + CPR)
    Destination Clock Delay (DCD):    0.924ns = ( 7.658 - 6.734 ) 
    Source Clock Delay      (SCD):    0.000ns
    Clock Pessimism Removal (CPR):    0.000ns
  Clock Uncertainty:      0.035ns  ((TSJ^2 + TIJ^2)^1/2 + DJ) / 2 + PE
    Total System Jitter     (TSJ):    0.071ns
    Total Input Jitter      (TIJ):    0.000ns
    Discrete Jitter          (DJ):    0.000ns
    Phase Error              (PE):    0.000ns

    Location             Delay type                Incr(ns)  Path(ns)    Netlist Resource(s)
  -------------------------------------------------------------------    -------------------
                         (clock aclk rise edge)       0.000     0.000 r  <hidden>
                         input delay                  2.000     2.000    <hidden>
                                                      0.000     2.000 f  aresetn
                         net (fo=18, unset)           0.973     2.973    aresetn
    SLICE_X33Y30         LUT1 (Prop_lut1_I0_O)        0.124     3.097 r  m_axis_tdata[7]_i_1/O
                         net (fo=554, routed)         3.841     6.938    m_axis_tdata[7]_i_1_n_0
    SLICE_X18Y11         FDRE                                         r  acc2_q_reg[11]/R
  -------------------------------------------------------------------    -------------------

                         (clock aclk rise edge)       6.734     6.734 r  <hidden>
                                                      0.000     6.734 r  aclk
                         net (fo=652, unset)          0.924     7.658    aclk
    SLICE_X18Y11         FDRE                                         r  acc2_q_reg[11]/C
                         clock pessimism              0.000     7.658    <hidden>
                         clock uncertainty           -0.035     7.623    <hidden>
    SLICE_X18Y11         FDRE (Setup_fdre_C_R)       -0.524     7.099    acc2_q_reg[11]
  -------------------------------------------------------------------
                         required time                          7.099    <hidden>
                         arrival time                          -6.938    <hidden>
  -------------------------------------------------------------------
                         slack                                  0.161    <hidden>

Slack (MET) :             0.161ns  (required time - arrival time)
  Source:                 aresetn
                            (input port clocked by aclk  {rise@0.000ns fall@3.367ns period=6.734ns})
  Destination:            acc2_q_reg[8]/R
                            (rising edge-triggered cell FDRE clocked by aclk  {rise@0.000ns fall@3.367ns period=6.734ns})
  Path Group:             aclk
  Path Type:              Setup (Max at Slow Process Corner)
  Requirement:            6.734ns  (aclk rise@6.734ns - aclk rise@0.000ns)
  Data Path Delay:        4.938ns  (logic 0.124ns (2.511%)  route 4.814ns (97.489%))
  Logic Levels:           1  (LUT1=1)
  Input Delay:            2.000ns
  Clock Path Skew:        0.924ns (DCD - SCD + CPR)
    Destination Clock Delay (DCD):    0.924ns = ( 7.658 - 6.734 ) 
    Source Clock Delay      (SCD):    0.000ns
    Clock Pessimism Removal (CPR):    0.000ns
  Clock Uncertainty:      0.035ns  ((TSJ^2 + TIJ^2)^1/2 + DJ) / 2 + PE
    Total System Jitter     (TSJ):    0.071ns
    Total Input Jitter      (TIJ):    0.000ns
    Discrete Jitter          (DJ):    0.000ns
    Phase Error              (PE):    0.000ns

    Location             Delay type                Incr(ns)  Path(ns)    Netlist Resource(s)
  -------------------------------------------------------------------    -------------------
                         (clock aclk rise edge)       0.000     0.000 r  <hidden>
                         input delay                  2.000     2.000    <hidden>
                                                      0.000     2.000 f  aresetn
                         net (fo=18, unset)           0.973     2.973    aresetn
    SLICE_X33Y30         LUT1 (Prop_lut1_I0_O)        0.124     3.097 r  m_axis_tdata[7]_i_1/O
                         net (fo=554, routed)         3.841     6.938    m_axis_tdata[7]_i_1_n_0
    SLICE_X18Y11         FDRE                                         r  acc2_q_reg[8]/R
  -------------------------------------------------------------------    -------------------

                         (clock aclk rise edge)       6.734     6.734 r  <hidden>
                                                      0.000     6.734 r  aclk
                         net (fo=652, unset)          0.924     7.658    aclk
    SLICE_X18Y11         FDRE                                         r  acc2_q_reg[8]/C
                         clock pessimism              0.000     7.658    <hidden>
                         clock uncertainty           -0.035     7.623    <hidden>
    SLICE_X18Y11         FDRE (Setup_fdre_C_R)       -0.524     7.099    acc2_q_reg[8]
  -------------------------------------------------------------------
                         required time                          7.099    <hidden>
                         arrival time                          -6.938    <hidden>
  -------------------------------------------------------------------
                         slack                                  0.161    <hidden>

Slack (MET) :             0.161ns  (required time - arrival time)
  Source:                 aresetn
                            (input port clocked by aclk  {rise@0.000ns fall@3.367ns period=6.734ns})
  Destination:            acc2_q_reg[9]/R
                            (rising edge-triggered cell FDRE clocked by aclk  {rise@0.000ns fall@3.367ns period=6.734ns})
  Path Group:             aclk
  Path Type:              Setup (Max at Slow Process Corner)
  Requirement:            6.734ns  (aclk rise@6.734ns - aclk rise@0.000ns)
  Data Path Delay:        4.938ns  (logic 0.124ns (2.511%)  route 4.814ns (97.489%))
  Logic Levels:           1  (LUT1=1)
  Input Delay:            2.000ns
  Clock Path Skew:        0.924ns (DCD - SCD + CPR)
    Destination Clock Delay (DCD):    0.924ns = ( 7.658 - 6.734 ) 
    Source Clock Delay      (SCD):    0.000ns
    Clock Pessimism Removal (CPR):    0.000ns
  Clock Uncertainty:      0.035ns  ((TSJ^2 + TIJ^2)^1/2 + DJ) / 2 + PE
    Total System Jitter     (TSJ):    0.071ns
    Total Input Jitter      (TIJ):    0.000ns
    Discrete Jitter          (DJ):    0.000ns
    Phase Error              (PE):    0.000ns

    Location             Delay type                Incr(ns)  Path(ns)    Netlist Resource(s)
  -------------------------------------------------------------------    -------------------
                         (clock aclk rise edge)       0.000     0.000 r  <hidden>
                         input delay                  2.000     2.000    <hidden>
                                                      0.000     2.000 f  aresetn
                         net (fo=18, unset)           0.973     2.973    aresetn
    SLICE_X33Y30         LUT1 (Prop_lut1_I0_O)        0.124     3.097 r  m_axis_tdata[7]_i_1/O
                         net (fo=554, routed)         3.841     6.938    m_axis_tdata[7]_i_1_n_0
    SLICE_X18Y11         FDRE                                         r  acc2_q_reg[9]/R
  -------------------------------------------------------------------    -------------------

                         (clock aclk rise edge)       6.734     6.734 r  <hidden>
                                                      0.000     6.734 r  aclk
                         net (fo=652, unset)          0.924     7.658    aclk
    SLICE_X18Y11         FDRE                                         r  acc2_q_reg[9]/C
                         clock pessimism              0.000     7.658    <hidden>
                         clock uncertainty           -0.035     7.623    <hidden>
    SLICE_X18Y11         FDRE (Setup_fdre_C_R)       -0.524     7.099    acc2_q_reg[9]
  -------------------------------------------------------------------
                         required time                          7.099    <hidden>
                         arrival time                          -6.938    <hidden>
  -------------------------------------------------------------------
                         slack                                  0.161    <hidden>

Slack (MET) :             0.162ns  (required time - arrival time)
  Source:                 g_lb_bram.brow_q_reg/C
                            (rising edge-triggered cell FDRE clocked by aclk  {rise@0.000ns fall@3.367ns period=6.734ns})
  Destination:            pr1_reg[1]/A[4]
                            (rising edge-triggered cell DSP48E1 clocked by aclk  {rise@0.000ns fall@3.367ns period=6.734ns})
  Path Group:             aclk
  Path Type:              Setup (Max at Slow Process Corner)
  Requirement:            6.734ns  (aclk rise@6.734ns - aclk rise@0.000ns)
  Data Path Delay:        2.766ns  (logic 0.580ns (20.971%)  route 2.186ns (79.029%))
  Logic Levels:           1  (LUT3=1)
  Clock Path Skew:        -0.049ns (DCD - SCD + CPR)
    Destination Clock Delay (DCD):    0.924ns = ( 7.658 - 6.734 ) 
    Source Clock Delay      (SCD):    0.973ns
    Clock Pessimism Removal (CPR):    0.000ns
  Clock Uncertainty:      0.035ns  ((TSJ^2 + TIJ^2)^1/2 + DJ) / 2 + PE
    Total System Jitter     (TSJ):    0.071ns
    Total Input Jitter      (TIJ):    0.000ns
    Discrete Jitter          (DJ):    0.000ns
    Phase Error              (PE):    0.000ns

    Location             Delay type                Incr(ns)  Path(ns)    Netlist Resource(s)
  -------------------------------------------------------------------    -------------------
                         (clock aclk rise edge)       0.000     0.000 r  <hidden>
                                                      0.000     0.000 r  aclk
                         net (fo=652, unset)          0.973     0.973    aclk
    SLICE_X29Y12         FDRE                                         r  g_lb_bram.brow_q_reg/C
  -------------------------------------------------------------------    -------------------
    SLICE_X29Y12         FDRE (Prop_fdre_C_Q)         0.456     1.429 r  g_lb_bram.brow_q_reg/Q
                         net (fo=73, routed)          0.983     2.412    brow
    SLICE_X25Y13         LUT3 (Prop_lut3_I2_O)        0.124     2.536 r  pr1_reg[1]_i_5/O
                         net (fo=2, routed)           1.203     3.739    pr1_reg[1]_i_5_n_0
    DSP48_X1Y10          DSP48E1                                      r  pr1_reg[1]/A[4]
  -------------------------------------------------------------------    -------------------

                         (clock aclk rise edge)       6.734     6.734 r  <hidden>
                                                      0.000     6.734 r  aclk
                         net (fo=652, unset)          0.924     7.658    aclk
    DSP48_X1Y10          DSP48E1                                      r  pr1_reg[1]/CLK
                         clock pessimism              0.000     7.658    <hidden>
                         clock uncertainty           -0.035     7.623    <hidden>
    DSP48_X1Y10          DSP48E1 (Setup_dsp48e1_CLK_A[4])
                                                     -3.722     3.901    pr1_reg[1]
  -------------------------------------------------------------------
                         required time                          3.901    <hidden>
                         arrival time                          -3.739    <hidden>
  -------------------------------------------------------------------
                         slack                                  0.162    <hidden>

Slack (MET) :             0.166ns  (required time - arrival time)
  Source:                 aresetn
                            (input port clocked by aclk  {rise@0.000ns fall@3.367ns period=6.734ns})
  Destination:            acc2_q_reg[4]/R
                            (rising edge-triggered cell FDRE clocked by aclk  {rise@0.000ns fall@3.367ns period=6.734ns})
  Path Group:             aclk
  Path Type:              Setup (Max at Slow Process Corner)
  Requirement:            6.734ns  (aclk rise@6.734ns - aclk rise@0.000ns)
  Data Path Delay:        4.933ns  (logic 0.124ns (2.514%)  route 4.809ns (97.486%))
  Logic Levels:           1  (LUT1=1)
  Input Delay:            2.000ns
  Clock Path Skew:        0.924ns (DCD - SCD + CPR)
    Destination Clock Delay (DCD):    0.924ns = ( 7.658 - 6.734 ) 
    Source Clock Delay      (SCD):    0.000ns
    Clock Pessimism Removal (CPR):    0.000ns
  Clock Uncertainty:      0.035ns  ((TSJ^2 + TIJ^2)^1/2 + DJ) / 2 + PE
    Total System Jitter     (TSJ):    0.071ns
    Total Input Jitter      (TIJ):    0.000ns
    Discrete Jitter          (DJ):    0.000ns
    Phase Error              (PE):    0.000ns

    Location             Delay type                Incr(ns)  Path(ns)    Netlist Resource(s)
  -------------------------------------------------------------------    -------------------
                         (clock aclk rise edge)       0.000     0.000 r  <hidden>
                         input delay                  2.000     2.000    <hidden>
                                                      0.000     2.000 f  aresetn
                         net (fo=18, unset)           0.973     2.973    aresetn
    SLICE_X33Y30         LUT1 (Prop_lut1_I0_O)        0.124     3.097 r  m_axis_tdata[7]_i_1/O
                         net (fo=554, routed)         3.836     6.933    m_axis_tdata[7]_i_1_n_0
    SLICE_X18Y10         FDRE                                         r  acc2_q_reg[4]/R
  -------------------------------------------------------------------    -------------------

                         (clock aclk rise edge)       6.734     6.734 r  <hidden>
                                                      0.000     6.734 r  aclk
                         net (fo=652, unset)          0.924     7.658    aclk
    SLICE_X18Y10         FDRE                                         r  acc2_q_reg[4]/C
                         clock pessimism              0.000     7.658    <hidden>
                         clock uncertainty           -0.035     7.623    <hidden>
    SLICE_X18Y10         FDRE (Setup_fdre_C_R)       -0.524     7.099    acc2_q_reg[4]
  -------------------------------------------------------------------
                         required time                          7.099    <hidden>
                         arrival time                          -6.933    <hidden>
  -------------------------------------------------------------------
                         slack                                  0.166    <hidden>

Slack (MET) :             0.166ns  (required time - arrival time)
  Source:                 aresetn
                            (input port clocked by aclk  {rise@0.000ns fall@3.367ns period=6.734ns})
  Destination:            acc2_q_reg[5]/R
                            (rising edge-triggered cell FDRE clocked by aclk  {rise@0.000ns fall@3.367ns period=6.734ns})
  Path Group:             aclk
  Path Type:              Setup (Max at Slow Process Corner)
  Requirement:            6.734ns  (aclk rise@6.734ns - aclk rise@0.000ns)
  Data Path Delay:        4.933ns  (logic 0.124ns (2.514%)  route 4.809ns (97.486%))
  Logic Levels:           1  (LUT1=1)
  Input Delay:            2.000ns
  Clock Path Skew:        0.924ns (DCD - SCD + CPR)
    Destination Clock Delay (DCD):    0.924ns = ( 7.658 - 6.734 ) 
    Source Clock Delay      (SCD):    0.000ns
    Clock Pessimism Removal (CPR):    0.000ns
  Clock Uncertainty:      0.035ns  ((TSJ^2 + TIJ^2)^1/2 + DJ) / 2 + PE
    Total System Jitter     (TSJ):    0.071ns
    Total Input Jitter      (TIJ):    0.000ns
    Discrete Jitter          (DJ):    0.000ns
    Phase Error              (PE):    0.000ns

    Location             Delay type                Incr(ns)  Path(ns)    Netlist Resource(s)
  -------------------------------------------------------------------    -------------------
                         (clock aclk rise edge)       0.000     0.000 r  <hidden>
                         input delay                  2.000     2.000    <hidden>
                                                      0.000     2.000 f  aresetn
                         net (fo=18, unset)           0.973     2.973    aresetn
    SLICE_X33Y30         LUT1 (Prop_lut1_I0_O)        0.124     3.097 r  m_axis_tdata[7]_i_1/O
                         net (fo=554, routed)         3.836     6.933    m_axis_tdata[7]_i_1_n_0
    SLICE_X18Y10         FDRE                                         r  acc2_q_reg[5]/R
  -------------------------------------------------------------------    -------------------

                         (clock aclk rise edge)       6.734     6.734 r  <hidden>
                                                      0.000     6.734 r  aclk
                         net (fo=652, unset)          0.924     7.658    aclk
    SLICE_X18Y10         FDRE                                         r  acc2_q_reg[5]/C
                         clock pessimism              0.000     7.658    <hidden>
                         clock uncertainty           -0.035     7.623    <hidden>
    SLICE_X18Y10         FDRE (Setup_fdre_C_R)       -0.524     7.099    acc2_q_reg[5]
  -------------------------------------------------------------------
                         required time                          7.099    <hidden>
                         arrival time                          -6.933    <hidden>
  -------------------------------------------------------------------
                         slack                                  0.166    <hidden>

Slack (MET) :             0.166ns  (required time - arrival time)
  Source:                 aresetn
                            (input port clocked by aclk  {rise@0.000ns fall@3.367ns period=6.734ns})
  Destination:            acc2_q_reg[6]/R
                            (rising edge-triggered cell FDRE clocked by aclk  {rise@0.000ns fall@3.367ns period=6.734ns})
  Path Group:             aclk
  Path Type:              Setup (Max at Slow Process Corner)
  Requirement:            6.734ns  (aclk rise@6.734ns - aclk rise@0.000ns)
  Data Path Delay:        4.933ns  (logic 0.124ns (2.514%)  route 4.809ns (97.486%))
  Logic Levels:           1  (LUT1=1)
  Input Delay:            2.000ns
  Clock Path Skew:        0.924ns (DCD - SCD + CPR)
    Destination Clock Delay (DCD):    0.924ns = ( 7.658 - 6.734 ) 
    Source Clock Delay      (SCD):    0.000ns
    Clock Pessimism Removal (CPR):    0.000ns
  Clock Uncertainty:      0.035ns  ((TSJ^2 + TIJ^2)^1/2 + DJ) / 2 + PE
    Total System Jitter     (TSJ):    0.071ns
    Total Input Jitter      (TIJ):    0.000ns
    Discrete Jitter          (DJ):    0.000ns
    Phase Error              (PE):    0.000ns

    Location             Delay type                Incr(ns)  Path(ns)    Netlist Resource(s)
  -------------------------------------------------------------------    -------------------
                         (clock aclk rise edge)       0.000     0.000 r  <hidden>
                         input delay                  2.000     2.000    <hidden>
                                                      0.000     2.000 f  aresetn
                         net (fo=18, unset)           0.973     2.973    aresetn
    SLICE_X33Y30         LUT1 (Prop_lut1_I0_O)        0.124     3.097 r  m_axis_tdata[7]_i_1/O
                         net (fo=554, routed)         3.836     6.933    m_axis_tdata[7]_i_1_n_0
    SLICE_X18Y10         FDRE                                         r  acc2_q_reg[6]/R
  -------------------------------------------------------------------    -------------------

                         (clock aclk rise edge)       6.734     6.734 r  <hidden>
                                                      0.000     6.734 r  aclk
                         net (fo=652, unset)          0.924     7.658    aclk
    SLICE_X18Y10         FDRE                                         r  acc2_q_reg[6]/C
                         clock pessimism              0.000     7.658    <hidden>
                         clock uncertainty           -0.035     7.623    <hidden>
    SLICE_X18Y10         FDRE (Setup_fdre_C_R)       -0.524     7.099    acc2_q_reg[6]
  -------------------------------------------------------------------
                         required time                          7.099    <hidden>
                         arrival time                          -6.933    <hidden>
  -------------------------------------------------------------------
                         slack                                  0.166    <hidden>

Slack (MET) :             0.166ns  (required time - arrival time)
  Source:                 aresetn
                            (input port clocked by aclk  {rise@0.000ns fall@3.367ns period=6.734ns})
  Destination:            acc2_q_reg[7]/R
                            (rising edge-triggered cell FDRE clocked by aclk  {rise@0.000ns fall@3.367ns period=6.734ns})
  Path Group:             aclk
  Path Type:              Setup (Max at Slow Process Corner)
  Requirement:            6.734ns  (aclk rise@6.734ns - aclk rise@0.000ns)
  Data Path Delay:        4.933ns  (logic 0.124ns (2.514%)  route 4.809ns (97.486%))
  Logic Levels:           1  (LUT1=1)
  Input Delay:            2.000ns
  Clock Path Skew:        0.924ns (DCD - SCD + CPR)
    Destination Clock Delay (DCD):    0.924ns = ( 7.658 - 6.734 ) 
    Source Clock Delay      (SCD):    0.000ns
    Clock Pessimism Removal (CPR):    0.000ns
  Clock Uncertainty:      0.035ns  ((TSJ^2 + TIJ^2)^1/2 + DJ) / 2 + PE
    Total System Jitter     (TSJ):    0.071ns
    Total Input Jitter      (TIJ):    0.000ns
    Discrete Jitter          (DJ):    0.000ns
    Phase Error              (PE):    0.000ns

    Location             Delay type                Incr(ns)  Path(ns)    Netlist Resource(s)
  -------------------------------------------------------------------    -------------------
                         (clock aclk rise edge)       0.000     0.000 r  <hidden>
                         input delay                  2.000     2.000    <hidden>
                                                      0.000     2.000 f  aresetn
                         net (fo=18, unset)           0.973     2.973    aresetn
    SLICE_X33Y30         LUT1 (Prop_lut1_I0_O)        0.124     3.097 r  m_axis_tdata[7]_i_1/O
                         net (fo=554, routed)         3.836     6.933    m_axis_tdata[7]_i_1_n_0
    SLICE_X18Y10         FDRE                                         r  acc2_q_reg[7]/R
  -------------------------------------------------------------------    -------------------

                         (clock aclk rise edge)       6.734     6.734 r  <hidden>
                                                      0.000     6.734 r  aclk
                         net (fo=652, unset)          0.924     7.658    aclk
    SLICE_X18Y10         FDRE                                         r  acc2_q_reg[7]/C
                         clock pessimism              0.000     7.658    <hidden>
                         clock uncertainty           -0.035     7.623    <hidden>
    SLICE_X18Y10         FDRE (Setup_fdre_C_R)       -0.524     7.099    acc2_q_reg[7]
  -------------------------------------------------------------------
                         required time                          7.099    <hidden>
                         arrival time                          -6.933    <hidden>
  -------------------------------------------------------------------
                         slack                                  0.166    <hidden>

Slack (MET) :             0.166ns  (required time - arrival time)
  Source:                 g_lb_bram.brow_q_reg/C
                            (rising edge-triggered cell FDRE clocked by aclk  {rise@0.000ns fall@3.367ns period=6.734ns})
  Destination:            pr1_reg[4]/A[2]
                            (rising edge-triggered cell DSP48E1 clocked by aclk  {rise@0.000ns fall@3.367ns period=6.734ns})
  Path Group:             aclk
  Path Type:              Setup (Max at Slow Process Corner)
  Requirement:            6.734ns  (aclk rise@6.734ns - aclk rise@0.000ns)
  Data Path Delay:        2.762ns  (logic 0.580ns (21.000%)  route 2.182ns (79.000%))
  Logic Levels:           1  (LUT3=1)
  Clock Path Skew:        -0.049ns (DCD - SCD + CPR)
    Destination Clock Delay (DCD):    0.924ns = ( 7.658 - 6.734 ) 
    Source Clock Delay      (SCD):    0.973ns
    Clock Pessimism Removal (CPR):    0.000ns
  Clock Uncertainty:      0.035ns  ((TSJ^2 + TIJ^2)^1/2 + DJ) / 2 + PE
    Total System Jitter     (TSJ):    0.071ns
    Total Input Jitter      (TIJ):    0.000ns
    Discrete Jitter          (DJ):    0.000ns
    Phase Error              (PE):    0.000ns

    Location             Delay type                Incr(ns)  Path(ns)    Netlist Resource(s)
  -------------------------------------------------------------------    -------------------
                         (clock aclk rise edge)       0.000     0.000 r  <hidden>
                                                      0.000     0.000 r  aclk
                         net (fo=652, unset)          0.973     0.973    aclk
    SLICE_X29Y12         FDRE                                         r  g_lb_bram.brow_q_reg/C
  -------------------------------------------------------------------    -------------------
    SLICE_X29Y12         FDRE (Prop_fdre_C_Q)         0.456     1.429 r  g_lb_bram.brow_q_reg/Q
                         net (fo=73, routed)          0.834     2.263    brow
    SLICE_X23Y11         LUT3 (Prop_lut3_I2_O)        0.124     2.387 r  pr1_reg[4]_i_7/O
                         net (fo=2, routed)           1.348     3.735    pr1_reg[4]_i_7_n_0
    DSP48_X2Y7           DSP48E1                                      r  pr1_reg[4]/A[2]
  -------------------------------------------------------------------    -------------------

                         (clock aclk rise edge)       6.734     6.734 r  <hidden>
                                                      0.000     6.734 r  aclk
                         net (fo=652, unset)          0.924     7.658    aclk
    DSP48_X2Y7           DSP48E1                                      r  pr1_reg[4]/CLK
                         clock pessimism              0.000     7.658    <hidden>
                         clock uncertainty           -0.035     7.623    <hidden>
    DSP48_X2Y7           DSP48E1 (Setup_dsp48e1_CLK_A[2])
                                                     -3.722     3.901    pr1_reg[4]
  -------------------------------------------------------------------
                         required time                          3.901    <hidden>
                         arrival time                          -3.735    <hidden>
  -------------------------------------------------------------------
                         slack                                  0.166    <hidden>

Slack (MET) :             0.171ns  (required time - arrival time)
  Source:                 g_lb_bram.brow_q_reg/C
                            (rising edge-triggered cell FDRE clocked by aclk  {rise@0.000ns fall@3.367ns period=6.734ns})
  Destination:            pr2_reg[5]/A[4]
                            (rising edge-triggered cell DSP48E1 clocked by aclk  {rise@0.000ns fall@3.367ns period=6.734ns})
  Path Group:             aclk
  Path Type:              Setup (Max at Slow Process Corner)
  Requirement:            6.734ns  (aclk rise@6.734ns - aclk rise@0.000ns)
  Data Path Delay:        2.554ns  (logic 0.609ns (23.848%)  route 1.945ns (76.152%))
  Logic Levels:           1  (LUT3=1)
  Clock Path Skew:        -0.049ns (DCD - SCD + CPR)
    Destination Clock Delay (DCD):    0.924ns = ( 7.658 - 6.734 ) 
    Source Clock Delay      (SCD):    0.973ns
    Clock Pessimism Removal (CPR):    0.000ns
  Clock Uncertainty:      0.035ns  ((TSJ^2 + TIJ^2)^1/2 + DJ) / 2 + PE
    Total System Jitter     (TSJ):    0.071ns
    Total Input Jitter      (TIJ):    0.000ns
    Discrete Jitter          (DJ):    0.000ns
    Phase Error              (PE):    0.000ns

    Location             Delay type                Incr(ns)  Path(ns)    Netlist Resource(s)
  -------------------------------------------------------------------    -------------------
                         (clock aclk rise edge)       0.000     0.000 r  <hidden>
                                                      0.000     0.000 r  aclk
                         net (fo=652, unset)          0.973     0.973    aclk
    SLICE_X29Y12         FDRE                                         r  g_lb_bram.brow_q_reg/C
  -------------------------------------------------------------------    -------------------
    SLICE_X29Y12         FDRE (Prop_fdre_C_Q)         0.456     1.429 r  g_lb_bram.brow_q_reg/Q
                         net (fo=73, routed)          0.946     2.375    brow
    SLICE_X25Y16         LUT3 (Prop_lut3_I2_O)        0.153     2.528 r  pr1_reg[5]_i_4/O
                         net (fo=2, routed)           0.998     3.527    pr1_reg[5]_i_4_n_0
    DSP48_X2Y8           DSP48E1                                      r  pr2_reg[5]/A[4]
  -------------------------------------------------------------------    -------------------

                         (clock aclk rise edge)       6.734     6.734 r  <hidden>
                                                      0.000     6.734 r  aclk
                         net (fo=652, unset)          0.924     7.658    aclk
    DSP48_X2Y8           DSP48E1                                      r  pr2_reg[5]/CLK
                         clock pessimism              0.000     7.658    <hidden>
                         clock uncertainty           -0.035     7.623    <hidden>
    DSP48_X2Y8           DSP48E1 (Setup_dsp48e1_CLK_A[4])
                                                     -3.925     3.698    pr2_reg[5]
  -------------------------------------------------------------------
                         required time                          3.698    <hidden>
                         arrival time                          -3.527    <hidden>
  -------------------------------------------------------------------
                         slack                                  0.171    <hidden>

Slack (MET) :             0.181ns  (required time - arrival time)
  Source:                 g_lb_bram.brow_q_reg/C
                            (rising edge-triggered cell FDRE clocked by aclk  {rise@0.000ns fall@3.367ns period=6.734ns})
  Destination:            pr1_reg[4]/A[4]
                            (rising edge-triggered cell DSP48E1 clocked by aclk  {rise@0.000ns fall@3.367ns period=6.734ns})
  Path Group:             aclk
  Path Type:              Setup (Max at Slow Process Corner)
  Requirement:            6.734ns  (aclk rise@6.734ns - aclk rise@0.000ns)
  Data Path Delay:        2.545ns  (logic 0.574ns (22.556%)  route 1.971ns (77.444%))
  Logic Levels:           1  (LUT3=1)
  Clock Path Skew:        -0.049ns (DCD - SCD + CPR)
    Destination Clock Delay (DCD):    0.924ns = ( 7.658 - 6.734 ) 
    Source Clock Delay      (SCD):    0.973ns
    Clock Pessimism Removal (CPR):    0.000ns
  Clock Uncertainty:      0.035ns  ((TSJ^2 + TIJ^2)^1/2 + DJ) / 2 + PE
    Total System Jitter     (TSJ):    0.071ns
    Total Input Jitter      (TIJ):    0.000ns
    Discrete Jitter          (DJ):    0.000ns
    Phase Error              (PE):    0.000ns

    Location             Delay type                Incr(ns)  Path(ns)    Netlist Resource(s)
  -------------------------------------------------------------------    -------------------
                         (clock aclk rise edge)       0.000     0.000 r  <hidden>
                                                      0.000     0.000 r  aclk
                         net (fo=652, unset)          0.973     0.973    aclk
    SLICE_X29Y12         FDRE                                         r  g_lb_bram.brow_q_reg/C
  -------------------------------------------------------------------    -------------------
    SLICE_X29Y12         FDRE (Prop_fdre_C_Q)         0.456     1.429 r  g_lb_bram.brow_q_reg/Q
                         net (fo=73, routed)          0.983     2.412    brow
    SLICE_X25Y13         LUT3 (Prop_lut3_I2_O)        0.118     2.530 r  pr1_reg[4]_i_5/O
                         net (fo=2, routed)           0.988     3.518    pr1_reg[4]_i_5_n_0
    DSP48_X2Y7           DSP48E1                                      r  pr1_reg[4]/A[4]
  -------------------------------------------------------------------    -------------------

                         (clock aclk rise edge)       6.734     6.734 r  <hidden>
                                                      0.000     6.734 r  aclk
                         net (fo=652, unset)          0.924     7.658    aclk
    DSP48_X2Y7           DSP48E1                                      r  pr1_reg[4]/CLK
                         clock pessimism              0.000     7.658    <hidden>
                         clock uncertainty           -0.035     7.623    <hidden>
    DSP48_X2Y7           DSP48E1 (Setup_dsp48e1_CLK_A[4])
                                                     -3.924     3.699    pr1_reg[4]
  -------------------------------------------------------------------
                         required time                          3.699    <hidden>
                         arrival time                          -3.518    <hidden>
  -------------------------------------------------------------------
                         slack                                  0.181    <hidden>

Slack (MET) :             0.185ns  (required time - arrival time)
  Source:                 aresetn
                            (input port clocked by aclk  {rise@0.000ns fall@3.367ns period=6.734ns})
  Destination:            mag_q_reg[4]/R
                            (rising edge-triggered cell FDRE clocked by aclk  {rise@0.000ns fall@3.367ns period=6.734ns})
  Path Group:             aclk
  Path Type:              Setup (Max at Slow Process Corner)
  Requirement:            6.734ns  (aclk rise@6.734ns - aclk rise@0.000ns)
  Data Path Delay:        5.009ns  (logic 0.124ns (2.476%)  route 4.885ns (97.524%))
  Logic Levels:           1  (LUT1=1)
  Input Delay:            2.000ns
  Clock Path Skew:        0.924ns (DCD - SCD + CPR)
    Destination Clock Delay (DCD):    0.924ns = ( 7.658 - 6.734 ) 
    Source Clock Delay      (SCD):    0.000ns
    Clock Pessimism Removal (CPR):    0.000ns
  Clock Uncertainty:      0.035ns  ((TSJ^2 + TIJ^2)^1/2 + DJ) / 2 + PE
    Total System Jitter     (TSJ):    0.071ns
    Total Input Jitter      (TIJ):    0.000ns
    Discrete Jitter          (DJ):    0.000ns
    Phase Error              (PE):    0.000ns

    Location             Delay type                Incr(ns)  Path(ns)    Netlist Resource(s)
  -------------------------------------------------------------------    -------------------
                         (clock aclk rise edge)       0.000     0.000 r  <hidden>
                         input delay                  2.000     2.000    <hidden>
                                                      0.000     2.000 f  aresetn
                         net (fo=18, unset)           0.973     2.973    aresetn
    SLICE_X33Y30         LUT1 (Prop_lut1_I0_O)        0.124     3.097 r  m_axis_tdata[7]_i_1/O
                         net (fo=554, routed)         3.912     7.009    m_axis_tdata[7]_i_1_n_0
    SLICE_X23Y14         FDRE                                         r  mag_q_reg[4]/R
  -------------------------------------------------------------------    -------------------

                         (clock aclk rise edge)       6.734     6.734 r  <hidden>
                                                      0.000     6.734 r  aclk
                         net (fo=652, unset)          0.924     7.658    aclk
    SLICE_X23Y14         FDRE                                         r  mag_q_reg[4]/C
                         clock pessimism              0.000     7.658    <hidden>
                         clock uncertainty           -0.035     7.623    <hidden>
    SLICE_X23Y14         FDRE (Setup_fdre_C_R)       -0.429     7.194    mag_q_reg[4]
  -------------------------------------------------------------------
                         required time                          7.194    <hidden>
                         arrival time                          -7.009    <hidden>
  -------------------------------------------------------------------
                         slack                                  0.185    <hidden>

Slack (MET) :             0.185ns  (required time - arrival time)
  Source:                 aresetn
                            (input port clocked by aclk  {rise@0.000ns fall@3.367ns period=6.734ns})
  Destination:            mag_q_reg[5]/R
                            (rising edge-triggered cell FDRE clocked by aclk  {rise@0.000ns fall@3.367ns period=6.734ns})
  Path Group:             aclk
  Path Type:              Setup (Max at Slow Process Corner)
  Requirement:            6.734ns  (aclk rise@6.734ns - aclk rise@0.000ns)
  Data Path Delay:        5.009ns  (logic 0.124ns (2.476%)  route 4.885ns (97.524%))
  Logic Levels:           1  (LUT1=1)
  Input Delay:            2.000ns
  Clock Path Skew:        0.924ns (DCD - SCD + CPR)
    Destination Clock Delay (DCD):    0.924ns = ( 7.658 - 6.734 ) 
    Source Clock Delay      (SCD):    0.000ns
    Clock Pessimism Removal (CPR):    0.000ns
  Clock Uncertainty:      0.035ns  ((TSJ^2 + TIJ^2)^1/2 + DJ) / 2 + PE
    Total System Jitter     (TSJ):    0.071ns
    Total Input Jitter      (TIJ):    0.000ns
    Discrete Jitter          (DJ):    0.000ns
    Phase Error              (PE):    0.000ns

    Location             Delay type                Incr(ns)  Path(ns)    Netlist Resource(s)
  -------------------------------------------------------------------    -------------------
                         (clock aclk rise edge)       0.000     0.000 r  <hidden>
                         input delay                  2.000     2.000    <hidden>
                                                      0.000     2.000 f  aresetn
                         net (fo=18, unset)           0.973     2.973    aresetn
    SLICE_X33Y30         LUT1 (Prop_lut1_I0_O)        0.124     3.097 r  m_axis_tdata[7]_i_1/O
                         net (fo=554, routed)         3.912     7.009    m_axis_tdata[7]_i_1_n_0
    SLICE_X23Y14         FDRE                                         r  mag_q_reg[5]/R
  -------------------------------------------------------------------    -------------------

                         (clock aclk rise edge)       6.734     6.734 r  <hidden>
                                                      0.000     6.734 r  aclk
                         net (fo=652, unset)          0.924     7.658    aclk
    SLICE_X23Y14         FDRE                                         r  mag_q_reg[5]/C
                         clock pessimism              0.000     7.658    <hidden>
                         clock uncertainty           -0.035     7.623    <hidden>
    SLICE_X23Y14         FDRE (Setup_fdre_C_R)       -0.429     7.194    mag_q_reg[5]
  -------------------------------------------------------------------
                         required time                          7.194    <hidden>
                         arrival time                          -7.009    <hidden>
  -------------------------------------------------------------------
                         slack                                  0.185    <hidden>

Slack (MET) :             0.185ns  (required time - arrival time)
  Source:                 aresetn
                            (input port clocked by aclk  {rise@0.000ns fall@3.367ns period=6.734ns})
  Destination:            mag_q_reg[7]/R
                            (rising edge-triggered cell FDRE clocked by aclk  {rise@0.000ns fall@3.367ns period=6.734ns})
  Path Group:             aclk
  Path Type:              Setup (Max at Slow Process Corner)
  Requirement:            6.734ns  (aclk rise@6.734ns - aclk rise@0.000ns)
  Data Path Delay:        5.009ns  (logic 0.124ns (2.476%)  route 4.885ns (97.524%))
  Logic Levels:           1  (LUT1=1)
  Input Delay:            2.000ns
  Clock Path Skew:        0.924ns (DCD - SCD + CPR)
    Destination Clock Delay (DCD):    0.924ns = ( 7.658 - 6.734 ) 
    Source Clock Delay      (SCD):    0.000ns
    Clock Pessimism Removal (CPR):    0.000ns
  Clock Uncertainty:      0.035ns  ((TSJ^2 + TIJ^2)^1/2 + DJ) / 2 + PE
    Total System Jitter     (TSJ):    0.071ns
    Total Input Jitter      (TIJ):    0.000ns
    Discrete Jitter          (DJ):    0.000ns
    Phase Error              (PE):    0.000ns

    Location             Delay type                Incr(ns)  Path(ns)    Netlist Resource(s)
  -------------------------------------------------------------------    -------------------
                         (clock aclk rise edge)       0.000     0.000 r  <hidden>
                         input delay                  2.000     2.000    <hidden>
                                                      0.000     2.000 f  aresetn
                         net (fo=18, unset)           0.973     2.973    aresetn
    SLICE_X33Y30         LUT1 (Prop_lut1_I0_O)        0.124     3.097 r  m_axis_tdata[7]_i_1/O
                         net (fo=554, routed)         3.912     7.009    m_axis_tdata[7]_i_1_n_0
    SLICE_X23Y14         FDRE                                         r  mag_q_reg[7]/R
  -------------------------------------------------------------------    -------------------

                         (clock aclk rise edge)       6.734     6.734 r  <hidden>
                                                      0.000     6.734 r  aclk
                         net (fo=652, unset)          0.924     7.658    aclk
    SLICE_X23Y14         FDRE                                         r  mag_q_reg[7]/C
                         clock pessimism              0.000     7.658    <hidden>
                         clock uncertainty           -0.035     7.623    <hidden>
    SLICE_X23Y14         FDRE (Setup_fdre_C_R)       -0.429     7.194    mag_q_reg[7]
  -------------------------------------------------------------------
                         required time                          7.194    <hidden>
                         arrival time                          -7.009    <hidden>
  -------------------------------------------------------------------
                         slack                                  0.185    <hidden>

Slack (MET) :             0.188ns  (required time - arrival time)
  Source:                 g_lb_bram.brow_q_reg/C
                            (rising edge-triggered cell FDRE clocked by aclk  {rise@0.000ns fall@3.367ns period=6.734ns})
  Destination:            pr2_reg[5]/A[5]
                            (rising edge-triggered cell DSP48E1 clocked by aclk  {rise@0.000ns fall@3.367ns period=6.734ns})
  Path Group:             aclk
  Path Type:              Setup (Max at Slow Process Corner)
  Requirement:            6.734ns  (aclk rise@6.734ns - aclk rise@0.000ns)
  Data Path Delay:        2.532ns  (logic 0.575ns (22.707%)  route 1.957ns (77.293%))
  Logic Levels:           1  (LUT3=1)
  Clock Path Skew:        -0.049ns (DCD - SCD + CPR)
    Destination Clock Delay (DCD):    0.924ns = ( 7.658 - 6.734 ) 
    Source Clock Delay      (SCD):    0.973ns
    Clock Pessimism Removal (CPR):    0.000ns
  Clock Uncertainty:      0.035ns  ((TSJ^2 + TIJ^2)^1/2 + DJ) / 2 + PE
    Total System Jitter     (TSJ):    0.071ns
    Total Input Jitter      (TIJ):    0.000ns
    Discrete Jitter          (DJ):    0.000ns
    Phase Error              (PE):    0.000ns

    Location             Delay type                Incr(ns)  Path(ns)    Netlist Resource(s)
  -------------------------------------------------------------------    -------------------
                         (clock aclk rise edge)       0.000     0.000 r  <hidden>
                                                      0.000     0.000 r  aclk
                         net (fo=652, unset)          0.973     0.973    aclk
    SLICE_X29Y12         FDRE                                         r  g_lb_bram.brow_q_reg/C
  -------------------------------------------------------------------    -------------------
    SLICE_X29Y12         FDRE (Prop_fdre_C_Q)         0.456     1.429 r  g_lb_bram.brow_q_reg/Q
                         net (fo=73, routed)          0.971     2.400    brow
    SLICE_X25Y16         LUT3 (Prop_lut3_I2_O)        0.119     2.519 r  pr1_reg[5]_i_3/O
                         net (fo=2, routed)           0.986     3.505    pr1_reg[5]_i_3_n_0
    DSP48_X2Y8           DSP48E1                                      r  pr2_reg[5]/A[5]
  -------------------------------------------------------------------    -------------------

                         (clock aclk rise edge)       6.734     6.734 r  <hidden>
                                                      0.000     6.734 r  aclk
                         net (fo=652, unset)          0.924     7.658    aclk
    DSP48_X2Y8           DSP48E1                                      r  pr2_reg[5]/CLK
                         clock pessimism              0.000     7.658    <hidden>
                         clock uncertainty           -0.035     7.623    <hidden>
    DSP48_X2Y8           DSP48E1 (Setup_dsp48e1_CLK_A[5])
                                                     -3.930     3.693    pr2_reg[5]
  -------------------------------------------------------------------
                         required time                          3.693    <hidden>
                         arrival time                          -3.505    <hidden>
  -------------------------------------------------------------------
                         slack                                  0.188    <hidden>

Slack (MET) :             0.189ns  (required time - arrival time)
  Source:                 aresetn
                            (input port clocked by aclk  {rise@0.000ns fall@3.367ns period=6.734ns})
  Destination:            pr2_reg[6]/RSTP
                            (rising edge-triggered cell DSP48E1 clocked by aclk  {rise@0.000ns fall@3.367ns period=6.734ns})
  Path Group:             aclk
  Path Type:              Setup (Max at Slow Process Corner)
  Requirement:            6.734ns  (aclk rise@6.734ns - aclk rise@0.000ns)
  Data Path Delay:        5.087ns  (logic 0.124ns (2.437%)  route 4.963ns (97.563%))
  Logic Levels:           1  (LUT1=1)
  Input Delay:            2.000ns
  Clock Path Skew:        0.924ns (DCD - SCD + CPR)
    Destination Clock Delay (DCD):    0.924ns = ( 7.658 - 6.734 ) 
    Source Clock Delay      (SCD):    0.000ns
    Clock Pessimism Removal (CPR):    0.000ns
  Clock Uncertainty:      0.035ns  ((TSJ^2 + TIJ^2)^1/2 + DJ) / 2 + PE
    Total System Jitter     (TSJ):    0.071ns
    Total Input Jitter      (TIJ):    0.000ns
    Discrete Jitter          (DJ):    0.000ns
    Phase Error              (PE):    0.000ns

    Location             Delay type                Incr(ns)  Path(ns)    Netlist Resource(s)
  -------------------------------------------------------------------    -------------------
                         (clock aclk rise edge)       0.000     0.000 r  <hidden>
                         input delay                  2.000     2.000    <hidden>
                                                      0.000     2.000 f  aresetn
                         net (fo=18, unset)           0.973     2.973    aresetn
    SLICE_X33Y30         LUT1 (Prop_lut1_I0_O)        0.124     3.097 r  m_axis_tdata[7]_i_1/O
                         net (fo=554, routed)         3.990     7.087    m_axis_tdata[7]_i_1_n_0
    DSP48_X2Y5           DSP48E1                                      r  pr2_reg[6]/RSTP
  -------------------------------------------------------------------    -------------------

                         (clock aclk rise edge)       6.734     6.734 r  <hidden>
                                                      0.000     6.734 r  aclk
                         net (fo=652, unset)          0.924     7.658    aclk
    DSP48_X2Y5           DSP48E1                                      r  pr2_reg[6]/CLK
                         clock pessimism              0.000     7.658    <hidden>
                         clock uncertainty           -0.035     7.623    <hidden>
    DSP48_X2Y5           DSP48E1 (Setup_dsp48e1_CLK_RSTP)
                                                     -0.347     7.276    pr2_reg[6]
  -------------------------------------------------------------------
                         required time                          7.276    <hidden>
                         arrival time                          -7.087    <hidden>
  -------------------------------------------------------------------
                         slack                                  0.189    <hidden>

Slack (MET) :             0.191ns  (required time - arrival time)
  Source:                 g_lb_bram.brow_q_reg/C
                            (rising edge-triggered cell FDRE clocked by aclk  {rise@0.000ns fall@3.367ns period=6.734ns})
  Destination:            pr1_reg[4]/A[5]
                            (rising edge-triggered cell DSP48E1 clocked by aclk  {rise@0.000ns fall@3.367ns period=6.734ns})
  Path Group:             aclk
  Path Type:              Setup (Max at Slow Process Corner)
  Requirement:            6.734ns  (aclk rise@6.734ns - aclk rise@0.000ns)
  Data Path Delay:        2.535ns  (logic 0.606ns (23.908%)  route 1.929ns (76.092%))
  Logic Levels:           1  (LUT3=1)
  Clock Path Skew:        -0.049ns (DCD - SCD + CPR)
    Destination Clock Delay (DCD):    0.924ns = ( 7.658 - 6.734 ) 
    Source Clock Delay      (SCD):    0.973ns
    Clock Pessimism Removal (CPR):    0.000ns
  Clock Uncertainty:      0.035ns  ((TSJ^2 + TIJ^2)^1/2 + DJ) / 2 + PE
    Total System Jitter     (TSJ):    0.071ns
    Total Input Jitter      (TIJ):    0.000ns
    Discrete Jitter          (DJ):    0.000ns
    Phase Error              (PE):    0.000ns

    Location             Delay type                Incr(ns)  Path(ns)    Netlist Resource(s)
  -------------------------------------------------------------------    -------------------
                         (clock aclk rise edge)       0.000     0.000 r  <hidden>
                                                      0.000     0.000 r  aclk
                         net (fo=652, unset)          0.973     0.973    aclk
    SLICE_X29Y12         FDRE                                         r  g_lb_bram.brow_q_reg/C
  -------------------------------------------------------------------    -------------------
    SLICE_X29Y12         FDRE (Prop_fdre_C_Q)         0.456     1.429 r  g_lb_bram.brow_q_reg/Q
                         net (fo=73, routed)          0.878     2.307    brow
    SLICE_X25Y11         LUT3 (Prop_lut3_I2_O)        0.150     2.457 r  pr1_reg[4]_i_4/O
                         net (fo=2, routed)           1.051     3.508    pr1_reg[4]_i_4_n_0
    DSP48_X2Y7           DSP48E1                                      r  pr1_reg[4]/A[5]
  -------------------------------------------------------------------    -------------------

                         (clock aclk rise edge)       6.734     6.734 r  <hidden>
                                                      0.000     6.734 r  aclk
                         net (fo=652, unset)          0.924     7.658    aclk
    DSP48_X2Y7           DSP48E1                                      r  pr1_reg[4]/CLK
                         clock pessimism              0.000     7.658    <hidden>
                         clock uncertainty           -0.035     7.623    <hidden>
    DSP48_X2Y7           DSP48E1 (Setup_dsp48e1_CLK_A[5])
                                                     -3.924     3.699    pr1_reg[4]
  -------------------------------------------------------------------
                         required time                          3.699    <hidden>
                         arrival time                          -3.508    <hidden>
  -------------------------------------------------------------------
                         slack                                  0.191    <hidden>

Slack (MET) :             0.195ns  (required time - arrival time)
  Source:                 g_lb_bram.brow_q_reg/C
                            (rising edge-triggered cell FDRE clocked by aclk  {rise@0.000ns fall@3.367ns period=6.734ns})
  Destination:            pr2_reg[1]/A[4]
                            (rising edge-triggered cell DSP48E1 clocked by aclk  {rise@0.000ns fall@3.367ns period=6.734ns})
  Path Group:             aclk
  Path Type:              Setup (Max at Slow Process Corner)
  Requirement:            6.734ns  (aclk rise@6.734ns - aclk rise@0.000ns)
  Data Path Delay:        2.733ns  (logic 0.580ns (21.224%)  route 2.153ns (78.776%))
  Logic Levels:           1  (LUT3=1)
  Clock Path Skew:        -0.049ns (DCD - SCD + CPR)
    Destination Clock Delay (DCD):    0.924ns = ( 7.658 - 6.734 ) 
    Source Clock Delay      (SCD):    0.973ns
    Clock Pessimism Removal (CPR):    0.000ns
  Clock Uncertainty:      0.035ns  ((TSJ^2 + TIJ^2)^1/2 + DJ) / 2 + PE
    Total System Jitter     (TSJ):    0.071ns
    Total Input Jitter      (TIJ):    0.000ns
    Discrete Jitter          (DJ):    0.000ns
    Phase Error              (PE):    0.000ns

    Location             Delay type                Incr(ns)  Path(ns)    Netlist Resource(s)
  -------------------------------------------------------------------    -------------------
                         (clock aclk rise edge)       0.000     0.000 r  <hidden>
                                                      0.000     0.000 r  aclk
                         net (fo=652, unset)          0.973     0.973    aclk
    SLICE_X29Y12         FDRE                                         r  g_lb_bram.brow_q_reg/C
  -------------------------------------------------------------------    -------------------
    SLICE_X29Y12         FDRE (Prop_fdre_C_Q)         0.456     1.429 r  g_lb_bram.brow_q_reg/Q
                         net (fo=73, routed)          0.983     2.412    brow
    SLICE_X25Y13         LUT3 (Prop_lut3_I2_O)        0.124     2.536 r  pr1_reg[1]_i_5/O
                         net (fo=2, routed)           1.170     3.706    pr1_reg[1]_i_5_n_0
    DSP48_X0Y7           DSP48E1                                      r  pr2_reg[1]/A[4]
  -------------------------------------------------------------------    -------------------

                         (clock aclk rise edge)       6.734     6.734 r  <hidden>
                                                      0.000     6.734 r  aclk
                         net (fo=652, unset)          0.924     7.658    aclk
    DSP48_X0Y7           DSP48E1                                      r  pr2_reg[1]/CLK
                         clock pessimism              0.000     7.658    <hidden>
                         clock uncertainty           -0.035     7.623    <hidden>
    DSP48_X0Y7           DSP48E1 (Setup_dsp48e1_CLK_A[4])
                                                     -3.722     3.901    pr2_reg[1]
  -------------------------------------------------------------------
                         required time                          3.901    <hidden>
                         arrival time                          -3.706    <hidden>
  -------------------------------------------------------------------
                         slack                                  0.195    <hidden>

Slack (MET) :             0.198ns  (required time - arrival time)
  Source:                 g_lb_bram.brow_q_reg/C
                            (rising edge-triggered cell FDRE clocked by aclk  {rise@0.000ns fall@3.367ns period=6.734ns})
  Destination:            pr1_reg[4]/A[1]
                            (rising edge-triggered cell DSP48E1 clocked by aclk  {rise@0.000ns fall@3.367ns period=6.734ns})
  Path Group:             aclk
  Path Type:              Setup (Max at Slow Process Corner)
  Requirement:            6.734ns  (aclk rise@6.734ns - aclk rise@0.000ns)
  Data Path Delay:        2.528ns  (logic 0.606ns (23.975%)  route 1.922ns (76.025%))
  Logic Levels:           1  (LUT3=1)
  Clock Path Skew:        -0.049ns (DCD - SCD + CPR)
    Destination Clock Delay (DCD):    0.924ns = ( 7.658 - 6.734 ) 
    Source Clock Delay      (SCD):    0.973ns
    Clock Pessimism Removal (CPR):    0.000ns
  Clock Uncertainty:      0.035ns  ((TSJ^2 + TIJ^2)^1/2 + DJ) / 2 + PE
    Total System Jitter     (TSJ):    0.071ns
    Total Input Jitter      (TIJ):    0.000ns
    Discrete Jitter          (DJ):    0.000ns
    Phase Error              (PE):    0.000ns

    Location             Delay type                Incr(ns)  Path(ns)    Netlist Resource(s)
  -------------------------------------------------------------------    -------------------
                         (clock aclk rise edge)       0.000     0.000 r  <hidden>
                                                      0.000     0.000 r  aclk
                         net (fo=652, unset)          0.973     0.973    aclk
    SLICE_X29Y12         FDRE                                         r  g_lb_bram.brow_q_reg/C
  -------------------------------------------------------------------    -------------------
    SLICE_X29Y12         FDRE (Prop_fdre_C_Q)         0.456     1.429 r  g_lb_bram.brow_q_reg/Q
                         net (fo=73, routed)          0.975     2.404    brow
    SLICE_X24Y13         LUT3 (Prop_lut3_I2_O)        0.150     2.554 r  pr1_reg[4]_i_8/O
                         net (fo=2, routed)           0.946     3.501    pr1_reg[4]_i_8_n_0
    DSP48_X2Y7           DSP48E1                                      r  pr1_reg[4]/A[1]
  -------------------------------------------------------------------    -------------------

                         (clock aclk rise edge)       6.734     6.734 r  <hidden>
                                                      0.000     6.734 r  aclk
                         net (fo=652, unset)          0.924     7.658    aclk
    DSP48_X2Y7           DSP48E1                                      r  pr1_reg[4]/CLK
                         clock pessimism              0.000     7.658    <hidden>
                         clock uncertainty           -0.035     7.623    <hidden>
    DSP48_X2Y7           DSP48E1 (Setup_dsp48e1_CLK_A[1])
                                                     -3.924     3.699    pr1_reg[4]
  -------------------------------------------------------------------
                         required time                          3.699    <hidden>
                         arrival time                          -3.501    <hidden>
  -------------------------------------------------------------------
                         slack                                  0.198    <hidden>

Slack (MET) :             0.199ns  (required time - arrival time)
  Source:                 aresetn
                            (input port clocked by aclk  {rise@0.000ns fall@3.367ns period=6.734ns})
  Destination:            sh_k1_reg[4][0]/R
                            (rising edge-triggered cell FDRE clocked by aclk  {rise@0.000ns fall@3.367ns period=6.734ns})
  Path Group:             aclk
  Path Type:              Setup (Max at Slow Process Corner)
  Requirement:            6.734ns  (aclk rise@6.734ns - aclk rise@0.000ns)
  Data Path Delay:        4.995ns  (logic 0.124ns (2.483%)  route 4.871ns (97.517%))
  Logic Levels:           1  (LUT1=1)
  Input Delay:            2.000ns
  Clock Path Skew:        0.924ns (DCD - SCD + CPR)
    Destination Clock Delay (DCD):    0.924ns = ( 7.658 - 6.734 ) 
    Source Clock Delay      (SCD):    0.000ns
    Clock Pessimism Removal (CPR):    0.000ns
  Clock Uncertainty:      0.035ns  ((TSJ^2 + TIJ^2)^1/2 + DJ) / 2 + PE
    Total System Jitter     (TSJ):    0.071ns
    Total Input Jitter      (TIJ):    0.000ns
    Discrete Jitter          (DJ):    0.000ns
    Phase Error              (PE):    0.000ns

    Location             Delay type                Incr(ns)  Path(ns)    Netlist Resource(s)
  -------------------------------------------------------------------    -------------------
                         (clock aclk rise edge)       0.000     0.000 r  <hidden>
                         input delay                  2.000     2.000    <hidden>
                                                      0.000     2.000 f  aresetn
                         net (fo=18, unset)           0.973     2.973    aresetn
    SLICE_X33Y30         LUT1 (Prop_lut1_I0_O)        0.124     3.097 r  m_axis_tdata[7]_i_1/O
                         net (fo=554, routed)         3.898     6.995    m_axis_tdata[7]_i_1_n_0
    SLICE_X35Y14         FDRE                                         r  sh_k1_reg[4][0]/R
  -------------------------------------------------------------------    -------------------

                         (clock aclk rise edge)       6.734     6.734 r  <hidden>
                                                      0.000     6.734 r  aclk
                         net (fo=652, unset)          0.924     7.658    aclk
    SLICE_X35Y14         FDRE                                         r  sh_k1_reg[4][0]/C
                         clock pessimism              0.000     7.658    <hidden>
                         clock uncertainty           -0.035     7.623    <hidden>
    SLICE_X35Y14         FDRE (Setup_fdre_C_R)       -0.429     7.194    sh_k1_reg[4][0]
  -------------------------------------------------------------------
                         required time                          7.194    <hidden>
                         arrival time                          -6.995    <hidden>
  -------------------------------------------------------------------
                         slack                                  0.199    <hidden>

Slack (MET) :             0.200ns  (required time - arrival time)
  Source:                 g_lb_bram.brow_q_reg/C
                            (rising edge-triggered cell FDRE clocked by aclk  {rise@0.000ns fall@3.367ns period=6.734ns})
  Destination:            pr1_reg[5]/A[1]
                            (rising edge-triggered cell DSP48E1 clocked by aclk  {rise@0.000ns fall@3.367ns period=6.734ns})
  Path Group:             aclk
  Path Type:              Setup (Max at Slow Process Corner)
  Requirement:            6.734ns  (aclk rise@6.734ns - aclk rise@0.000ns)
  Data Path Delay:        2.526ns  (logic 0.606ns (23.992%)  route 1.920ns (76.008%))
  Logic Levels:           1  (LUT3=1)
  Clock Path Skew:        -0.049ns (DCD - SCD + CPR)
    Destination Clock Delay (DCD):    0.924ns = ( 7.658 - 6.734 ) 
    Source Clock Delay      (SCD):    0.973ns
    Clock Pessimism Removal (CPR):    0.000ns
  Clock Uncertainty:      0.035ns  ((TSJ^2 + TIJ^2)^1/2 + DJ) / 2 + PE
    Total System Jitter     (TSJ):    0.071ns
    Total Input Jitter      (TIJ):    0.000ns
    Discrete Jitter          (DJ):    0.000ns
    Phase Error              (PE):    0.000ns

    Location             Delay type                Incr(ns)  Path(ns)    Netlist Resource(s)
  -------------------------------------------------------------------    -------------------
                         (clock aclk rise edge)       0.000     0.000 r  <hidden>
                                                      0.000     0.000 r  aclk
                         net (fo=652, unset)          0.973     0.973    aclk
    SLICE_X29Y12         FDRE                                         r  g_lb_bram.brow_q_reg/C
  -------------------------------------------------------------------    -------------------
    SLICE_X29Y12         FDRE (Prop_fdre_C_Q)         0.456     1.429 r  g_lb_bram.brow_q_reg/Q
                         net (fo=73, routed)          1.116     2.545    brow
    SLICE_X24Y15         LUT3 (Prop_lut3_I2_O)        0.150     2.695 r  pr1_reg[5]_i_7/O
                         net (fo=2, routed)           0.804     3.499    pr1_reg[5]_i_7_n_0
    DSP48_X2Y6           DSP48E1                                      r  pr1_reg[5]/A[1]
  -------------------------------------------------------------------    -------------------

                         (clock aclk rise edge)       6.734     6.734 r  <hidden>
                                                      0.000     6.734 r  aclk
                         net (fo=652, unset)          0.924     7.658    aclk
    DSP48_X2Y6           DSP48E1                                      r  pr1_reg[5]/CLK
                         clock pessimism              0.000     7.658    <hidden>
                         clock uncertainty           -0.035     7.623    <hidden>
    DSP48_X2Y6           DSP48E1 (Setup_dsp48e1_CLK_A[1])
                                                     -3.924     3.699    pr1_reg[5]
  -------------------------------------------------------------------
                         required time                          3.699    <hidden>
                         arrival time                          -3.499    <hidden>
  -------------------------------------------------------------------
                         slack                                  0.200    <hidden>





Min Delay Paths
--------------------------------------------------------------------------------------
Slack (MET) :             0.097ns  (arrival time - required time)
  Source:                 ccB_q_reg[3]/C
                            (rising edge-triggered cell FDRE clocked by aclk  {rise@0.000ns fall@3.367ns period=6.734ns})
  Destination:            cc1_q_reg[3]/D
                            (rising edge-triggered cell FDRE clocked by aclk  {rise@0.000ns fall@3.367ns period=6.734ns})
  Path Group:             aclk
  Path Type:              Hold (Min at Fast Process Corner)
  Requirement:            0.000ns  (aclk rise@0.000ns - aclk rise@0.000ns)
  Data Path Delay:        0.197ns  (logic 0.141ns (71.611%)  route 0.056ns (28.389%))
  Logic Levels:           0  
  Clock Path Skew:        0.022ns (DCD - SCD - CPR)
    Destination Clock Delay (DCD):    0.432ns
    Source Clock Delay      (SCD):    0.410ns
    Clock Pessimism Removal (CPR):    -0.000ns

    Location             Delay type                Incr(ns)  Path(ns)    Netlist Resource(s)
  -------------------------------------------------------------------    -------------------
                         (clock aclk rise edge)       0.000     0.000 r  <hidden>
                                                      0.000     0.000 r  aclk
                         net (fo=652, unset)          0.410     0.410    aclk
    SLICE_X35Y28         FDRE                                         r  ccB_q_reg[3]/C
  -------------------------------------------------------------------    -------------------
    SLICE_X35Y28         FDRE (Prop_fdre_C_Q)         0.141     0.551 r  ccB_q_reg[3]/Q
                         net (fo=1, routed)           0.056     0.607    ccB_q[3]
    SLICE_X35Y28         FDRE                                         r  cc1_q_reg[3]/D
  -------------------------------------------------------------------    -------------------

                         (clock aclk rise edge)       0.000     0.000 r  <hidden>
                                                      0.000     0.000 r  aclk
                         net (fo=652, unset)          0.432     0.432    aclk
    SLICE_X35Y28         FDRE                                         r  cc1_q_reg[3]/C
                         clock pessimism              0.000     0.432    <hidden>
    SLICE_X35Y28         FDRE (Hold_fdre_C_D)         0.078     0.510    cc1_q_reg[3]
  -------------------------------------------------------------------
                         required time                         -0.510    <hidden>
                         arrival time                           0.607    <hidden>
  -------------------------------------------------------------------
                         slack                                  0.097    <hidden>

Slack (MET) :             0.098ns  (arrival time - required time)
  Source:                 rowp_q_reg[12]/C
                            (rising edge-triggered cell FDRE clocked by aclk  {rise@0.000ns fall@3.367ns period=6.734ns})
  Destination:            rowB_q_reg[12]/D
                            (rising edge-triggered cell FDRE clocked by aclk  {rise@0.000ns fall@3.367ns period=6.734ns})
  Path Group:             aclk
  Path Type:              Hold (Min at Fast Process Corner)
  Requirement:            0.000ns  (aclk rise@0.000ns - aclk rise@0.000ns)
  Data Path Delay:        0.195ns  (logic 0.141ns (72.269%)  route 0.054ns (27.731%))
  Logic Levels:           0  
  Clock Path Skew:        0.022ns (DCD - SCD - CPR)
    Destination Clock Delay (DCD):    0.432ns
    Source Clock Delay      (SCD):    0.410ns
    Clock Pessimism Removal (CPR):    -0.000ns

    Location             Delay type                Incr(ns)  Path(ns)    Netlist Resource(s)
  -------------------------------------------------------------------    -------------------
                         (clock aclk rise edge)       0.000     0.000 r  <hidden>
                                                      0.000     0.000 r  aclk
                         net (fo=652, unset)          0.410     0.410    aclk
    SLICE_X31Y29         FDRE                                         r  rowp_q_reg[12]/C
  -------------------------------------------------------------------    -------------------
    SLICE_X31Y29         FDRE (Prop_fdre_C_Q)         0.141     0.551 r  rowp_q_reg[12]/Q
                         net (fo=1, routed)           0.054     0.605    rowp_q[12]
    SLICE_X30Y29         FDRE                                         r  rowB_q_reg[12]/D
  -------------------------------------------------------------------    -------------------

                         (clock aclk rise edge)       0.000     0.000 r  <hidden>
                                                      0.000     0.000 r  aclk
                         net (fo=652, unset)          0.432     0.432    aclk
    SLICE_X30Y29         FDRE                                         r  rowB_q_reg[12]/C
                         clock pessimism              0.000     0.432    <hidden>
    SLICE_X30Y29         FDRE (Hold_fdre_C_D)         0.076     0.508    rowB_q_reg[12]
  -------------------------------------------------------------------
                         required time                         -0.508    <hidden>
                         arrival time                           0.605    <hidden>
  -------------------------------------------------------------------
                         slack                                  0.098    <hidden>

Slack (MET) :             0.099ns  (arrival time - required time)
  Source:                 ccB_q_reg[2]/C
                            (rising edge-triggered cell FDRE clocked by aclk  {rise@0.000ns fall@3.367ns period=6.734ns})
  Destination:            cc1_q_reg[2]/D
                            (rising edge-triggered cell FDRE clocked by aclk  {rise@0.000ns fall@3.367ns period=6.734ns})
  Path Group:             aclk
  Path Type:              Hold (Min at Fast Process Corner)
  Requirement:            0.000ns  (aclk rise@0.000ns - aclk rise@0.000ns)
  Data Path Delay:        0.197ns  (logic 0.141ns (71.611%)  route 0.056ns (28.389%))
  Logic Levels:           0  
  Clock Path Skew:        0.022ns (DCD - SCD - CPR)
    Destination Clock Delay (DCD):    0.432ns
    Source Clock Delay      (SCD):    0.410ns
    Clock Pessimism Removal (CPR):    -0.000ns

    Location             Delay type                Incr(ns)  Path(ns)    Netlist Resource(s)
  -------------------------------------------------------------------    -------------------
                         (clock aclk rise edge)       0.000     0.000 r  <hidden>
                                                      0.000     0.000 r  aclk
                         net (fo=652, unset)          0.410     0.410    aclk
    SLICE_X35Y28         FDRE                                         r  ccB_q_reg[2]/C
  -------------------------------------------------------------------    -------------------
    SLICE_X35Y28         FDRE (Prop_fdre_C_Q)         0.141     0.551 r  ccB_q_reg[2]/Q
                         net (fo=1, routed)           0.056     0.607    ccB_q[2]
    SLICE_X35Y28         FDRE                                         r  cc1_q_reg[2]/D
  -------------------------------------------------------------------    -------------------

                         (clock aclk rise edge)       0.000     0.000 r  <hidden>
                                                      0.000     0.000 r  aclk
                         net (fo=652, unset)          0.432     0.432    aclk
    SLICE_X35Y28         FDRE                                         r  cc1_q_reg[2]/C
                         clock pessimism              0.000     0.432    <hidden>
    SLICE_X35Y28         FDRE (Hold_fdre_C_D)         0.076     0.508    cc1_q_reg[2]
  -------------------------------------------------------------------
                         required time                         -0.508    <hidden>
                         arrival time                           0.607    <hidden>
  -------------------------------------------------------------------
                         slack                                  0.099    <hidden>

Slack (MET) :             0.100ns  (arrival time - required time)
  Source:                 ccB_q_reg[0]/C
                            (rising edge-triggered cell FDRE clocked by aclk  {rise@0.000ns fall@3.367ns period=6.734ns})
  Destination:            cc1_q_reg[0]/D
                            (rising edge-triggered cell FDRE clocked by aclk  {rise@0.000ns fall@3.367ns period=6.734ns})
  Path Group:             aclk
  Path Type:              Hold (Min at Fast Process Corner)
  Requirement:            0.000ns  (aclk rise@0.000ns - aclk rise@0.000ns)
  Data Path Delay:        0.197ns  (logic 0.141ns (71.611%)  route 0.056ns (28.389%))
  Logic Levels:           0  
  Clock Path Skew:        0.022ns (DCD - SCD - CPR)
    Destination Clock Delay (DCD):    0.432ns
    Source Clock Delay      (SCD):    0.410ns
    Clock Pessimism Removal (CPR):    -0.000ns

    Location             Delay type                Incr(ns)  Path(ns)    Netlist Resource(s)
  -------------------------------------------------------------------    -------------------
                         (clock aclk rise edge)       0.000     0.000 r  <hidden>
                                                      0.000     0.000 r  aclk
                         net (fo=652, unset)          0.410     0.410    aclk
    SLICE_X35Y28         FDRE                                         r  ccB_q_reg[0]/C
  -------------------------------------------------------------------    -------------------
    SLICE_X35Y28         FDRE (Prop_fdre_C_Q)         0.141     0.551 r  ccB_q_reg[0]/Q
                         net (fo=1, routed)           0.056     0.607    ccB_q[0]
    SLICE_X35Y28         FDRE                                         r  cc1_q_reg[0]/D
  -------------------------------------------------------------------    -------------------

                         (clock aclk rise edge)       0.000     0.000 r  <hidden>
                                                      0.000     0.000 r  aclk
                         net (fo=652, unset)          0.432     0.432    aclk
    SLICE_X35Y28         FDRE                                         r  cc1_q_reg[0]/C
                         clock pessimism              0.000     0.432    <hidden>
    SLICE_X35Y28         FDRE (Hold_fdre_C_D)         0.075     0.507    cc1_q_reg[0]
  -------------------------------------------------------------------
                         required time                         -0.507    <hidden>
                         arrival time                           0.607    <hidden>
  -------------------------------------------------------------------
                         slack                                  0.100    <hidden>

Slack (MET) :             0.100ns  (arrival time - required time)
  Source:                 ccB_q_reg[4]/C
                            (rising edge-triggered cell FDRE clocked by aclk  {rise@0.000ns fall@3.367ns period=6.734ns})
  Destination:            cc1_q_reg[4]/D
                            (rising edge-triggered cell FDRE clocked by aclk  {rise@0.000ns fall@3.367ns period=6.734ns})
  Path Group:             aclk
  Path Type:              Hold (Min at Fast Process Corner)
  Requirement:            0.000ns  (aclk rise@0.000ns - aclk rise@0.000ns)
  Data Path Delay:        0.197ns  (logic 0.141ns (71.611%)  route 0.056ns (28.389%))
  Logic Levels:           0  
  Clock Path Skew:        0.022ns (DCD - SCD - CPR)
    Destination Clock Delay (DCD):    0.432ns
    Source Clock Delay      (SCD):    0.410ns
    Clock Pessimism Removal (CPR):    -0.000ns

    Location             Delay type                Incr(ns)  Path(ns)    Netlist Resource(s)
  -------------------------------------------------------------------    -------------------
                         (clock aclk rise edge)       0.000     0.000 r  <hidden>
                                                      0.000     0.000 r  aclk
                         net (fo=652, unset)          0.410     0.410    aclk
    SLICE_X35Y29         FDRE                                         r  ccB_q_reg[4]/C
  -------------------------------------------------------------------    -------------------
    SLICE_X35Y29         FDRE (Prop_fdre_C_Q)         0.141     0.551 r  ccB_q_reg[4]/Q
                         net (fo=1, routed)           0.056     0.607    ccB_q[4]
    SLICE_X35Y29         FDRE                                         r  cc1_q_reg[4]/D
  -------------------------------------------------------------------    -------------------

                         (clock aclk rise edge)       0.000     0.000 r  <hidden>
                                                      0.000     0.000 r  aclk
                         net (fo=652, unset)          0.432     0.432    aclk
    SLICE_X35Y29         FDRE                                         r  cc1_q_reg[4]/C
                         clock pessimism              0.000     0.432    <hidden>
    SLICE_X35Y29         FDRE (Hold_fdre_C_D)         0.075     0.507    cc1_q_reg[4]
  -------------------------------------------------------------------
                         required time                         -0.507    <hidden>
                         arrival time                           0.607    <hidden>
  -------------------------------------------------------------------
                         slack                                  0.100    <hidden>

Slack (MET) :             0.104ns  (arrival time - required time)
  Source:                 ccB_q_reg[1]/C
                            (rising edge-triggered cell FDRE clocked by aclk  {rise@0.000ns fall@3.367ns period=6.734ns})
  Destination:            cc1_q_reg[1]/D
                            (rising edge-triggered cell FDRE clocked by aclk  {rise@0.000ns fall@3.367ns period=6.734ns})
  Path Group:             aclk
  Path Type:              Hold (Min at Fast Process Corner)
  Requirement:            0.000ns  (aclk rise@0.000ns - aclk rise@0.000ns)
  Data Path Delay:        0.197ns  (logic 0.141ns (71.611%)  route 0.056ns (28.389%))
  Logic Levels:           0  
  Clock Path Skew:        0.022ns (DCD - SCD - CPR)
    Destination Clock Delay (DCD):    0.432ns
    Source Clock Delay      (SCD):    0.410ns
    Clock Pessimism Removal (CPR):    -0.000ns

    Location             Delay type                Incr(ns)  Path(ns)    Netlist Resource(s)
  -------------------------------------------------------------------    -------------------
                         (clock aclk rise edge)       0.000     0.000 r  <hidden>
                                                      0.000     0.000 r  aclk
                         net (fo=652, unset)          0.410     0.410    aclk
    SLICE_X35Y28         FDRE                                         r  ccB_q_reg[1]/C
  -------------------------------------------------------------------    -------------------
    SLICE_X35Y28         FDRE (Prop_fdre_C_Q)         0.141     0.551 r  ccB_q_reg[1]/Q
                         net (fo=1, routed)           0.056     0.607    ccB_q[1]
    SLICE_X35Y28         FDRE                                         r  cc1_q_reg[1]/D
  -------------------------------------------------------------------    -------------------

                         (clock aclk rise edge)       0.000     0.000 r  <hidden>
                                                      0.000     0.000 r  aclk
                         net (fo=652, unset)          0.432     0.432    aclk
    SLICE_X35Y28         FDRE                                         r  cc1_q_reg[1]/C
                         clock pessimism              0.000     0.432    <hidden>
    SLICE_X35Y28         FDRE (Hold_fdre_C_D)         0.071     0.503    cc1_q_reg[1]
  -------------------------------------------------------------------
                         required time                         -0.503    <hidden>
                         arrival time                           0.607    <hidden>
  -------------------------------------------------------------------
                         slack                                  0.104    <hidden>

Slack (MET) :             0.104ns  (arrival time - required time)
  Source:                 ccB_q_reg[5]/C
                            (rising edge-triggered cell FDRE clocked by aclk  {rise@0.000ns fall@3.367ns period=6.734ns})
  Destination:            cc1_q_reg[5]/D
                            (rising edge-triggered cell FDRE clocked by aclk  {rise@0.000ns fall@3.367ns period=6.734ns})
  Path Group:             aclk
  Path Type:              Hold (Min at Fast Process Corner)
  Requirement:            0.000ns  (aclk rise@0.000ns - aclk rise@0.000ns)
  Data Path Delay:        0.197ns  (logic 0.141ns (71.611%)  route 0.056ns (28.389%))
  Logic Levels:           0  
  Clock Path Skew:        0.022ns (DCD - SCD - CPR)
    Destination Clock Delay (DCD):    0.432ns
    Source Clock Delay      (SCD):    0.410ns
    Clock Pessimism Removal (CPR):    -0.000ns

    Location             Delay type                Incr(ns)  Path(ns)    Netlist Resource(s)
  -------------------------------------------------------------------    -------------------
                         (clock aclk rise edge)       0.000     0.000 r  <hidden>
                                                      0.000     0.000 r  aclk
                         net (fo=652, unset)          0.410     0.410    aclk
    SLICE_X35Y29         FDRE                                         r  ccB_q_reg[5]/C
  -------------------------------------------------------------------    -------------------
    SLICE_X35Y29         FDRE (Prop_fdre_C_Q)         0.141     0.551 r  ccB_q_reg[5]/Q
                         net (fo=1, routed)           0.056     0.607    ccB_q[5]
    SLICE_X35Y29         FDRE                                         r  cc1_q_reg[5]/D
  -------------------------------------------------------------------    -------------------

                         (clock aclk rise edge)       0.000     0.000 r  <hidden>
                                                      0.000     0.000 r  aclk
                         net (fo=652, unset)          0.432     0.432    aclk
    SLICE_X35Y29         FDRE                                         r  cc1_q_reg[5]/C
                         clock pessimism              0.000     0.432    <hidden>
    SLICE_X35Y29         FDRE (Hold_fdre_C_D)         0.071     0.503    cc1_q_reg[5]
  -------------------------------------------------------------------
                         required time                         -0.503    <hidden>
                         arrival time                           0.607    <hidden>
  -------------------------------------------------------------------
                         slack                                  0.104    <hidden>

Slack (MET) :             0.134ns  (arrival time - required time)
  Source:                 row1_q_reg[2]/C
                            (rising edge-triggered cell FDRE clocked by aclk  {rise@0.000ns fall@3.367ns period=6.734ns})
  Destination:            rowD_q_reg[2]/D
                            (rising edge-triggered cell FDRE clocked by aclk  {rise@0.000ns fall@3.367ns period=6.734ns})
  Path Group:             aclk
  Path Type:              Hold (Min at Fast Process Corner)
  Requirement:            0.000ns  (aclk rise@0.000ns - aclk rise@0.000ns)
  Data Path Delay:        0.220ns  (logic 0.164ns (74.580%)  route 0.056ns (25.420%))
  Logic Levels:           0  
  Clock Path Skew:        0.022ns (DCD - SCD - CPR)
    Destination Clock Delay (DCD):    0.432ns
    Source Clock Delay      (SCD):    0.410ns
    Clock Pessimism Removal (CPR):    -0.000ns

    Location             Delay type                Incr(ns)  Path(ns)    Netlist Resource(s)
  -------------------------------------------------------------------    -------------------
                         (clock aclk rise edge)       0.000     0.000 r  <hidden>
                                                      0.000     0.000 r  aclk
                         net (fo=652, unset)          0.410     0.410    aclk
    SLICE_X26Y28         FDRE                                         r  row1_q_reg[2]/C
  -------------------------------------------------------------------    -------------------
    SLICE_X26Y28         FDRE (Prop_fdre_C_Q)         0.164     0.574 r  row1_q_reg[2]/Q
                         net (fo=1, routed)           0.056     0.630    row1_q[2]
    SLICE_X26Y28         FDRE                                         r  rowD_q_reg[2]/D
  -------------------------------------------------------------------    -------------------

                         (clock aclk rise edge)       0.000     0.000 r  <hidden>
                                                      0.000     0.000 r  aclk
                         net (fo=652, unset)          0.432     0.432    aclk
    SLICE_X26Y28         FDRE                                         r  rowD_q_reg[2]/C
                         clock pessimism              0.000     0.432    <hidden>
    SLICE_X26Y28         FDRE (Hold_fdre_C_D)         0.064     0.496    rowD_q_reg[2]
  -------------------------------------------------------------------
                         required time                         -0.496    <hidden>
                         arrival time                           0.630    <hidden>
  -------------------------------------------------------------------
                         slack                                  0.134    <hidden>

Slack (MET) :             0.138ns  (arrival time - required time)
  Source:                 sh_k1_reg[3][2]/C
                            (rising edge-triggered cell FDSE clocked by aclk  {rise@0.000ns fall@3.367ns period=6.734ns})
  Destination:            k1_q_reg[3][2]/D
                            (rising edge-triggered cell FDSE clocked by aclk  {rise@0.000ns fall@3.367ns period=6.734ns})
  Path Group:             aclk
  Path Type:              Hold (Min at Fast Process Corner)
  Requirement:            0.000ns  (aclk rise@0.000ns - aclk rise@0.000ns)
  Data Path Delay:        0.244ns  (logic 0.141ns (57.730%)  route 0.103ns (42.270%))
  Logic Levels:           0  
  Clock Path Skew:        0.022ns (DCD - SCD - CPR)
    Destination Clock Delay (DCD):    0.432ns
    Source Clock Delay      (SCD):    0.410ns
    Clock Pessimism Removal (CPR):    -0.000ns

    Location             Delay type                Incr(ns)  Path(ns)    Netlist Resource(s)
  -------------------------------------------------------------------    -------------------
                         (clock aclk rise edge)       0.000     0.000 r  <hidden>
                                                      0.000     0.000 r  aclk
                         net (fo=652, unset)          0.410     0.410    aclk
    SLICE_X23Y15         FDSE                                         r  sh_k1_reg[3][2]/C
  -------------------------------------------------------------------    -------------------
    SLICE_X23Y15         FDSE (Prop_fdse_C_Q)         0.141     0.551 r  sh_k1_reg[3][2]/Q
                         net (fo=2, routed)           0.103     0.654    sh_k1_reg_n_0_[3][2]
    SLICE_X22Y15         FDSE                                         r  k1_q_reg[3][2]/D
  -------------------------------------------------------------------    -------------------

                         (clock aclk rise edge)       0.000     0.000 r  <hidden>
                                                      0.000     0.000 r  aclk
                         net (fo=652, unset)          0.432     0.432    aclk
    SLICE_X22Y15         FDSE                                         r  k1_q_reg[3][2]/C
                         clock pessimism              0.000     0.432    <hidden>
    SLICE_X22Y15         FDSE (Hold_fdse_C_D)         0.085     0.517    k1_q_reg[3][2]
  -------------------------------------------------------------------
                         required time                         -0.517    <hidden>
                         arrival time                           0.654    <hidden>
  -------------------------------------------------------------------
                         slack                                  0.138    <hidden>

Slack (MET) :             0.138ns  (arrival time - required time)
  Source:                 row1_q_reg[0]/C
                            (rising edge-triggered cell FDRE clocked by aclk  {rise@0.000ns fall@3.367ns period=6.734ns})
  Destination:            rowD_q_reg[0]/D
                            (rising edge-triggered cell FDRE clocked by aclk  {rise@0.000ns fall@3.367ns period=6.734ns})
  Path Group:             aclk
  Path Type:              Hold (Min at Fast Process Corner)
  Requirement:            0.000ns  (aclk rise@0.000ns - aclk rise@0.000ns)
  Data Path Delay:        0.220ns  (logic 0.164ns (74.580%)  route 0.056ns (25.420%))
  Logic Levels:           0  
  Clock Path Skew:        0.022ns (DCD - SCD - CPR)
    Destination Clock Delay (DCD):    0.432ns
    Source Clock Delay      (SCD):    0.410ns
    Clock Pessimism Removal (CPR):    -0.000ns

    Location             Delay type                Incr(ns)  Path(ns)    Netlist Resource(s)
  -------------------------------------------------------------------    -------------------
                         (clock aclk rise edge)       0.000     0.000 r  <hidden>
                                                      0.000     0.000 r  aclk
                         net (fo=652, unset)          0.410     0.410    aclk
    SLICE_X26Y28         FDRE                                         r  row1_q_reg[0]/C
  -------------------------------------------------------------------    -------------------
    SLICE_X26Y28         FDRE (Prop_fdre_C_Q)         0.164     0.574 r  row1_q_reg[0]/Q
                         net (fo=1, routed)           0.056     0.630    row1_q[0]
    SLICE_X26Y28         FDRE                                         r  rowD_q_reg[0]/D
  -------------------------------------------------------------------    -------------------

                         (clock aclk rise edge)       0.000     0.000 r  <hidden>
                                                      0.000     0.000 r  aclk
                         net (fo=652, unset)          0.432     0.432    aclk
    SLICE_X26Y28         FDRE                                         r  rowD_q_reg[0]/C
                         clock pessimism              0.000     0.432    <hidden>
    SLICE_X26Y28         FDRE (Hold_fdre_C_D)         0.060     0.492    rowD_q_reg[0]
  -------------------------------------------------------------------
                         required time                         -0.492    <hidden>
                         arrival time                           0.630    <hidden>
  -------------------------------------------------------------------
                         slack                                  0.138    <hidden>

Slack (MET) :             0.138ns  (arrival time - required time)
  Source:                 row1_q_reg[9]/C
                            (rising edge-triggered cell FDRE clocked by aclk  {rise@0.000ns fall@3.367ns period=6.734ns})
  Destination:            rowD_q_reg[9]/D
                            (rising edge-triggered cell FDRE clocked by aclk  {rise@0.000ns fall@3.367ns period=6.734ns})
  Path Group:             aclk
  Path Type:              Hold (Min at Fast Process Corner)
  Requirement:            0.000ns  (aclk rise@0.000ns - aclk rise@0.000ns)
  Data Path Delay:        0.220ns  (logic 0.164ns (74.580%)  route 0.056ns (25.420%))
  Logic Levels:           0  
  Clock Path Skew:        0.022ns (DCD - SCD - CPR)
    Destination Clock Delay (DCD):    0.432ns
    Source Clock Delay      (SCD):    0.410ns
    Clock Pessimism Removal (CPR):    -0.000ns

    Location             Delay type                Incr(ns)  Path(ns)    Netlist Resource(s)
  -------------------------------------------------------------------    -------------------
                         (clock aclk rise edge)       0.000     0.000 r  <hidden>
                                                      0.000     0.000 r  aclk
                         net (fo=652, unset)          0.410     0.410    aclk
    SLICE_X32Y30         FDRE                                         r  row1_q_reg[9]/C
  -------------------------------------------------------------------    -------------------
    SLICE_X32Y30         FDRE (Prop_fdre_C_Q)         0.164     0.574 r  row1_q_reg[9]/Q
                         net (fo=1, routed)           0.056     0.630    row1_q[9]
    SLICE_X32Y30         FDRE                                         r  rowD_q_reg[9]/D
  -------------------------------------------------------------------    -------------------

                         (clock aclk rise edge)       0.000     0.000 r  <hidden>
                                                      0.000     0.000 r  aclk
                         net (fo=652, unset)          0.432     0.432    aclk
    SLICE_X32Y30         FDRE                                         r  rowD_q_reg[9]/C
                         clock pessimism              0.000     0.432    <hidden>
    SLICE_X32Y30         FDRE (Hold_fdre_C_D)         0.060     0.492    rowD_q_reg[9]
  -------------------------------------------------------------------
                         required time                         -0.492    <hidden>
                         arrival time                           0.630    <hidden>
  -------------------------------------------------------------------
                         slack                                  0.138    <hidden>

Slack (MET) :             0.145ns  (arrival time - required time)
  Source:                 row1_q_reg[1]/C
                            (rising edge-triggered cell FDRE clocked by aclk  {rise@0.000ns fall@3.367ns period=6.734ns})
  Destination:            rowD_q_reg[1]/D
                            (rising edge-triggered cell FDRE clocked by aclk  {rise@0.000ns fall@3.367ns period=6.734ns})
  Path Group:             aclk
  Path Type:              Hold (Min at Fast Process Corner)
  Requirement:            0.000ns  (aclk rise@0.000ns - aclk rise@0.000ns)
  Data Path Delay:        0.220ns  (logic 0.164ns (74.580%)  route 0.056ns (25.420%))
  Logic Levels:           0  
  Clock Path Skew:        0.022ns (DCD - SCD - CPR)
    Destination Clock Delay (DCD):    0.432ns
    Source Clock Delay      (SCD):    0.410ns
    Clock Pessimism Removal (CPR):    -0.000ns

    Location             Delay type                Incr(ns)  Path(ns)    Netlist Resource(s)
  -------------------------------------------------------------------    -------------------
                         (clock aclk rise edge)       0.000     0.000 r  <hidden>
                                                      0.000     0.000 r  aclk
                         net (fo=652, unset)          0.410     0.410    aclk
    SLICE_X26Y28         FDRE                                         r  row1_q_reg[1]/C
  -------------------------------------------------------------------    -------------------
    SLICE_X26Y28         FDRE (Prop_fdre_C_Q)         0.164     0.574 r  row1_q_reg[1]/Q
                         net (fo=1, routed)           0.056     0.630    row1_q[1]
    SLICE_X26Y28         FDRE                                         r  rowD_q_reg[1]/D
  -------------------------------------------------------------------    -------------------

                         (clock aclk rise edge)       0.000     0.000 r  <hidden>
                                                      0.000     0.000 r  aclk
                         net (fo=652, unset)          0.432     0.432    aclk
    SLICE_X26Y28         FDRE                                         r  rowD_q_reg[1]/C
                         clock pessimism              0.000     0.432    <hidden>
    SLICE_X26Y28         FDRE (Hold_fdre_C_D)         0.053     0.485    rowD_q_reg[1]
  -------------------------------------------------------------------
                         required time                         -0.485    <hidden>
                         arrival time                           0.630    <hidden>
  -------------------------------------------------------------------
                         slack                                  0.145    <hidden>

Slack (MET) :             0.148ns  (arrival time - required time)
  Source:                 kC_q_reg[3]/C
                            (rising edge-triggered cell FDRE clocked by aclk  {rise@0.000ns fall@3.367ns period=6.734ns})
  Destination:            kD_q_reg[3]/D
                            (rising edge-triggered cell FDRE clocked by aclk  {rise@0.000ns fall@3.367ns period=6.734ns})
  Path Group:             aclk
  Path Type:              Hold (Min at Fast Process Corner)
  Requirement:            0.000ns  (aclk rise@0.000ns - aclk rise@0.000ns)
  Data Path Delay:        0.242ns  (logic 0.141ns (58.263%)  route 0.101ns (41.737%))
  Logic Levels:           0  
  Clock Path Skew:        0.022ns (DCD - SCD - CPR)
    Destination Clock Delay (DCD):    0.432ns
    Source Clock Delay      (SCD):    0.410ns
    Clock Pessimism Removal (CPR):    -0.000ns

    Location             Delay type                Incr(ns)  Path(ns)    Netlist Resource(s)
  -------------------------------------------------------------------    -------------------
                         (clock aclk rise edge)       0.000     0.000 r  <hidden>
                                                      0.000     0.000 r  aclk
                         net (fo=652, unset)          0.410     0.410    aclk
    SLICE_X27Y18         FDRE                                         r  kC_q_reg[3]/C
  -------------------------------------------------------------------    -------------------
    SLICE_X27Y18         FDRE (Prop_fdre_C_Q)         0.141     0.551 r  kC_q_reg[3]/Q
                         net (fo=1, routed)           0.101     0.652    kC_q[3]
    SLICE_X25Y18         FDRE                                         r  kD_q_reg[3]/D
  -------------------------------------------------------------------    -------------------

                         (clock aclk rise edge)       0.000     0.000 r  <hidden>
                                                      0.000     0.000 r  aclk
                         net (fo=652, unset)          0.432     0.432    aclk
    SLICE_X25Y18         FDRE                                         r  kD_q_reg[3]/C
                         clock pessimism              0.000     0.432    <hidden>
    SLICE_X25Y18         FDRE (Hold_fdre_C_D)         0.072     0.504    kD_q_reg[3]
  -------------------------------------------------------------------
                         required time                         -0.504    <hidden>
                         arrival time                           0.652    <hidden>
  -------------------------------------------------------------------
                         slack                                  0.148    <hidden>

Slack (MET) :             0.154ns  (arrival time - required time)
  Source:                 rowB_q_reg[1]/C
                            (rising edge-triggered cell FDRE clocked by aclk  {rise@0.000ns fall@3.367ns period=6.734ns})
  Destination:            row1_q_reg[1]/D
                            (rising edge-triggered cell FDRE clocked by aclk  {rise@0.000ns fall@3.367ns period=6.734ns})
  Path Group:             aclk
  Path Type:              Hold (Min at Fast Process Corner)
  Requirement:            0.000ns  (aclk rise@0.000ns - aclk rise@0.000ns)
  Data Path Delay:        0.251ns  (logic 0.141ns (56.137%)  route 0.110ns (43.863%))
  Logic Levels:           0  
  Clock Path Skew:        0.022ns (DCD - SCD - CPR)
    Destination Clock Delay (DCD):    0.432ns
    Source Clock Delay      (SCD):    0.410ns
    Clock Pessimism Removal (CPR):    -0.000ns

    Location             Delay type                Incr(ns)  Path(ns)    Netlist Resource(s)
  -------------------------------------------------------------------    -------------------
                         (clock aclk rise edge)       0.000     0.000 r  <hidden>
                                                      0.000     0.000 r  aclk
                         net (fo=652, unset)          0.410     0.410    aclk
    SLICE_X27Y29         FDRE                                         r  rowB_q_reg[1]/C
  -------------------------------------------------------------------    -------------------
    SLICE_X27Y29         FDRE (Prop_fdre_C_Q)         0.141     0.551 r  rowB_q_reg[1]/Q
                         net (fo=1, routed)           0.110     0.661    rowB_q[1]
    SLICE_X26Y28         FDRE                                         r  row1_q_reg[1]/D
  -------------------------------------------------------------------    -------------------

                         (clock aclk rise edge)       0.000     0.000 r  <hidden>
                                                      0.000     0.000 r  aclk
                         net (fo=652, unset)          0.432     0.432    aclk
    SLICE_X26Y28         FDRE                                         r  row1_q_reg[1]/C
                         clock pessimism              0.000     0.432    <hidden>
    SLICE_X26Y28         FDRE (Hold_fdre_C_D)         0.076     0.508    row1_q_reg[1]
  -------------------------------------------------------------------
                         required time                         -0.508    <hidden>
                         arrival time                           0.661    <hidden>
  -------------------------------------------------------------------
                         slack                                  0.154    <hidden>

Slack (MET) :             0.157ns  (arrival time - required time)
  Source:                 ccB_q_reg[10]/C
                            (rising edge-triggered cell FDRE clocked by aclk  {rise@0.000ns fall@3.367ns period=6.734ns})
  Destination:            cc1_q_reg[10]/D
                            (rising edge-triggered cell FDRE clocked by aclk  {rise@0.000ns fall@3.367ns period=6.734ns})
  Path Group:             aclk
  Path Type:              Hold (Min at Fast Process Corner)
  Requirement:            0.000ns  (aclk rise@0.000ns - aclk rise@0.000ns)
  Data Path Delay:        0.254ns  (logic 0.141ns (55.511%)  route 0.113ns (44.489%))
  Logic Levels:           0  
  Clock Path Skew:        0.022ns (DCD - SCD - CPR)
    Destination Clock Delay (DCD):    0.432ns
    Source Clock Delay      (SCD):    0.410ns
    Clock Pessimism Removal (CPR):    -0.000ns

    Location             Delay type                Incr(ns)  Path(ns)    Netlist Resource(s)
  -------------------------------------------------------------------    -------------------
                         (clock aclk rise edge)       0.000     0.000 r  <hidden>
                                                      0.000     0.000 r  aclk
                         net (fo=652, unset)          0.410     0.410    aclk
    SLICE_X35Y30         FDRE                                         r  ccB_q_reg[10]/C
  -------------------------------------------------------------------    -------------------
    SLICE_X35Y30         FDRE (Prop_fdre_C_Q)         0.141     0.551 r  ccB_q_reg[10]/Q
                         net (fo=1, routed)           0.113     0.664    ccB_q[10]
    SLICE_X35Y30         FDRE                                         r  cc1_q_reg[10]/D
  -------------------------------------------------------------------    -------------------

                         (clock aclk rise edge)       0.000     0.000 r  <hidden>
                                                      0.000     0.000 r  aclk
                         net (fo=652, unset)          0.432     0.432    aclk
    SLICE_X35Y30         FDRE                                         r  cc1_q_reg[10]/C
                         clock pessimism              0.000     0.432    <hidden>
    SLICE_X35Y30         FDRE (Hold_fdre_C_D)         0.075     0.507    cc1_q_reg[10]
  -------------------------------------------------------------------
                         required time                         -0.507    <hidden>
                         arrival time                           0.664    <hidden>
  -------------------------------------------------------------------
                         slack                                  0.157    <hidden>

Slack (MET) :             0.157ns  (arrival time - required time)
  Source:                 kB_q_reg[3]/C
                            (rising edge-triggered cell FDRE clocked by aclk  {rise@0.000ns fall@3.367ns period=6.734ns})
  Destination:            kC_q_reg[3]/D
                            (rising edge-triggered cell FDRE clocked by aclk  {rise@0.000ns fall@3.367ns period=6.734ns})
  Path Group:             aclk
  Path Type:              Hold (Min at Fast Process Corner)
  Requirement:            0.000ns  (aclk rise@0.000ns - aclk rise@0.000ns)
  Data Path Delay:        0.251ns  (logic 0.141ns (56.174%)  route 0.110ns (43.826%))
  Logic Levels:           0  
  Clock Path Skew:        0.022ns (DCD - SCD - CPR)
    Destination Clock Delay (DCD):    0.432ns
    Source Clock Delay      (SCD):    0.410ns
    Clock Pessimism Removal (CPR):    -0.000ns

    Location             Delay type                Incr(ns)  Path(ns)    Netlist Resource(s)
  -------------------------------------------------------------------    -------------------
                         (clock aclk rise edge)       0.000     0.000 r  <hidden>
                                                      0.000     0.000 r  aclk
                         net (fo=652, unset)          0.410     0.410    aclk
    SLICE_X27Y18         FDRE                                         r  kB_q_reg[3]/C
  -------------------------------------------------------------------    -------------------
    SLICE_X27Y18         FDRE (Prop_fdre_C_Q)         0.141     0.551 r  kB_q_reg[3]/Q
                         net (fo=1, routed)           0.110     0.661    kB_q_reg_n_0_[3]
    SLICE_X27Y18         FDRE                                         r  kC_q_reg[3]/D
  -------------------------------------------------------------------    -------------------

                         (clock aclk rise edge)       0.000     0.000 r  <hidden>
                                                      0.000     0.000 r  aclk
                         net (fo=652, unset)          0.432     0.432    aclk
    SLICE_X27Y18         FDRE                                         r  kC_q_reg[3]/C
                         clock pessimism              0.000     0.432    <hidden>
    SLICE_X27Y18         FDRE (Hold_fdre_C_D)         0.072     0.504    kC_q_reg[3]
  -------------------------------------------------------------------
                         required time                         -0.504    <hidden>
                         arrival time                           0.661    <hidden>
  -------------------------------------------------------------------
                         slack                                  0.157    <hidden>

Slack (MET) :             0.159ns  (arrival time - required time)
  Source:                 s_axil_rvalid_reg/C
                            (rising edge-triggered cell FDRE clocked by aclk  {rise@0.000ns fall@3.367ns period=6.734ns})
  Destination:            s_axil_arready_reg/D
                            (rising edge-triggered cell FDRE clocked by aclk  {rise@0.000ns fall@3.367ns period=6.734ns})
  Path Group:             aclk
  Path Type:              Hold (Min at Fast Process Corner)
  Requirement:            0.000ns  (aclk rise@0.000ns - aclk rise@0.000ns)
  Data Path Delay:        0.300ns  (logic 0.186ns (61.937%)  route 0.114ns (38.063%))
  Logic Levels:           1  (LUT3=1)
  Clock Path Skew:        0.022ns (DCD - SCD - CPR)
    Destination Clock Delay (DCD):    0.432ns
    Source Clock Delay      (SCD):    0.410ns
    Clock Pessimism Removal (CPR):    -0.000ns

    Location             Delay type                Incr(ns)  Path(ns)    Netlist Resource(s)
  -------------------------------------------------------------------    -------------------
                         (clock aclk rise edge)       0.000     0.000 r  <hidden>
                                                      0.000     0.000 r  aclk
                         net (fo=652, unset)          0.410     0.410    aclk
    SLICE_X29Y18         FDRE                                         r  s_axil_rvalid_reg/C
  -------------------------------------------------------------------    -------------------
    SLICE_X29Y18         FDRE (Prop_fdre_C_Q)         0.141     0.551 f  s_axil_rvalid_reg/Q
                         net (fo=2, routed)           0.114     0.665    s_axil_rvalid
    SLICE_X30Y18         LUT3 (Prop_lut3_I2_O)        0.045     0.710 r  s_axil_arready_i_1/O
                         net (fo=1, routed)           0.000     0.710    s_axil_arready0
    SLICE_X30Y18         FDRE                                         r  s_axil_arready_reg/D
  -------------------------------------------------------------------    -------------------

                         (clock aclk rise edge)       0.000     0.000 r  <hidden>
                                                      0.000     0.000 r  aclk
                         net (fo=652, unset)          0.432     0.432    aclk
    SLICE_X30Y18         FDRE                                         r  s_axil_arready_reg/C
                         clock pessimism              0.000     0.432    <hidden>
    SLICE_X30Y18         FDRE (Hold_fdre_C_D)         0.120     0.552    s_axil_arready_reg
  -------------------------------------------------------------------
                         required time                         -0.552    <hidden>
                         arrival time                           0.710    <hidden>
  -------------------------------------------------------------------
                         slack                                  0.159    <hidden>

Slack (MET) :             0.159ns  (arrival time - required time)
  Source:                 w_hs_reg/C
                            (rising edge-triggered cell FDRE clocked by aclk  {rise@0.000ns fall@3.367ns period=6.734ns})
  Destination:            sh_mode_reg/D
                            (rising edge-triggered cell FDRE clocked by aclk  {rise@0.000ns fall@3.367ns period=6.734ns})
  Path Group:             aclk
  Path Type:              Hold (Min at Fast Process Corner)
  Requirement:            0.000ns  (aclk rise@0.000ns - aclk rise@0.000ns)
  Data Path Delay:        0.302ns  (logic 0.186ns (61.683%)  route 0.116ns (38.317%))
  Logic Levels:           1  (LUT6=1)
  Clock Path Skew:        0.022ns (DCD - SCD - CPR)
    Destination Clock Delay (DCD):    0.432ns
    Source Clock Delay      (SCD):    0.410ns
    Clock Pessimism Removal (CPR):    -0.000ns

    Location             Delay type                Incr(ns)  Path(ns)    Netlist Resource(s)
  -------------------------------------------------------------------    -------------------
                         (clock aclk rise edge)       0.000     0.000 r  <hidden>
                                                      0.000     0.000 r  aclk
                         net (fo=652, unset)          0.410     0.410    aclk
    SLICE_X31Y18         FDRE                                         r  w_hs_reg/C
  -------------------------------------------------------------------    -------------------
    SLICE_X31Y18         FDRE (Prop_fdre_C_Q)         0.141     0.551 r  w_hs_reg/Q
                         net (fo=11, routed)          0.116     0.667    w_hs_reg_n_0
    SLICE_X30Y18         LUT6 (Prop_lut6_I2_O)        0.045     0.712 r  sh_mode_i_1/O
                         net (fo=1, routed)           0.000     0.712    sh_mode_i_1_n_0
    SLICE_X30Y18         FDRE                                         r  sh_mode_reg/D
  -------------------------------------------------------------------    -------------------

                         (clock aclk rise edge)       0.000     0.000 r  <hidden>
                                                      0.000     0.000 r  aclk
                         net (fo=652, unset)          0.432     0.432    aclk
    SLICE_X30Y18         FDRE                                         r  sh_mode_reg/C
                         clock pessimism              0.000     0.432    <hidden>
    SLICE_X30Y18         FDRE (Hold_fdre_C_D)         0.121     0.553    sh_mode_reg
  -------------------------------------------------------------------
                         required time                         -0.553    <hidden>
                         arrival time                           0.712    <hidden>
  -------------------------------------------------------------------
                         slack                                  0.159    <hidden>

Slack (MET) :             0.160ns  (arrival time - required time)
  Source:                 row_out_reg[8]/C
                            (rising edge-triggered cell FDRE clocked by aclk  {rise@0.000ns fall@3.367ns period=6.734ns})
  Destination:            rowp_q_reg[8]/D
                            (rising edge-triggered cell FDRE clocked by aclk  {rise@0.000ns fall@3.367ns period=6.734ns})
  Path Group:             aclk
  Path Type:              Hold (Min at Fast Process Corner)
  Requirement:            0.000ns  (aclk rise@0.000ns - aclk rise@0.000ns)
  Data Path Delay:        0.253ns  (logic 0.141ns (55.753%)  route 0.112ns (44.247%))
  Logic Levels:           0  
  Clock Path Skew:        0.022ns (DCD - SCD - CPR)
    Destination Clock Delay (DCD):    0.432ns
    Source Clock Delay      (SCD):    0.410ns
    Clock Pessimism Removal (CPR):    -0.000ns

    Location             Delay type                Incr(ns)  Path(ns)    Netlist Resource(s)
  -------------------------------------------------------------------    -------------------
                         (clock aclk rise edge)       0.000     0.000 r  <hidden>
                                                      0.000     0.000 r  aclk
                         net (fo=652, unset)          0.410     0.410    aclk
    SLICE_X31Y31         FDRE                                         r  row_out_reg[8]/C
  -------------------------------------------------------------------    -------------------
    SLICE_X31Y31         FDRE (Prop_fdre_C_Q)         0.141     0.551 r  row_out_reg[8]/Q
                         net (fo=3, routed)           0.112     0.663    row_out_reg_n_0_[8]
    SLICE_X29Y31         FDRE                                         r  rowp_q_reg[8]/D
  -------------------------------------------------------------------    -------------------

                         (clock aclk rise edge)       0.000     0.000 r  <hidden>
                                                      0.000     0.000 r  aclk
                         net (fo=652, unset)          0.432     0.432    aclk
    SLICE_X29Y31         FDRE                                         r  rowp_q_reg[8]/C
                         clock pessimism              0.000     0.432    <hidden>
    SLICE_X29Y31         FDRE (Hold_fdre_C_D)         0.071     0.503    rowp_q_reg[8]
  -------------------------------------------------------------------
                         required time                         -0.503    <hidden>
                         arrival time                           0.663    <hidden>
  -------------------------------------------------------------------
                         slack                                  0.160    <hidden>

Slack (MET) :             0.164ns  (arrival time - required time)
  Source:                 sh_k1_reg[8][4]/C
                            (rising edge-triggered cell FDRE clocked by aclk  {rise@0.000ns fall@3.367ns period=6.734ns})
  Destination:            k1_q_reg[8][4]/D
                            (rising edge-triggered cell FDRE clocked by aclk  {rise@0.000ns fall@3.367ns period=6.734ns})
  Path Group:             aclk
  Path Type:              Hold (Min at Fast Process Corner)
  Requirement:            0.000ns  (aclk rise@0.000ns - aclk rise@0.000ns)
  Data Path Delay:        0.261ns  (logic 0.141ns (53.960%)  route 0.120ns (46.040%))
  Logic Levels:           0  
  Clock Path Skew:        0.022ns (DCD - SCD - CPR)
    Destination Clock Delay (DCD):    0.432ns
    Source Clock Delay      (SCD):    0.410ns
    Clock Pessimism Removal (CPR):    -0.000ns

    Location             Delay type                Incr(ns)  Path(ns)    Netlist Resource(s)
  -------------------------------------------------------------------    -------------------
                         (clock aclk rise edge)       0.000     0.000 r  <hidden>
                                                      0.000     0.000 r  aclk
                         net (fo=652, unset)          0.410     0.410    aclk
    SLICE_X27Y14         FDRE                                         r  sh_k1_reg[8][4]/C
  -------------------------------------------------------------------    -------------------
    SLICE_X27Y14         FDRE (Prop_fdre_C_Q)         0.141     0.551 r  sh_k1_reg[8][4]/Q
                         net (fo=2, routed)           0.120     0.671    sh_k1_reg_n_0_[8][4]
    SLICE_X26Y13         FDRE                                         r  k1_q_reg[8][4]/D
  -------------------------------------------------------------------    -------------------

                         (clock aclk rise edge)       0.000     0.000 r  <hidden>
                                                      0.000     0.000 r  aclk
                         net (fo=652, unset)          0.432     0.432    aclk
    SLICE_X26Y13         FDRE                                         r  k1_q_reg[8][4]/C
                         clock pessimism              0.000     0.432    <hidden>
    SLICE_X26Y13         FDRE (Hold_fdre_C_D)         0.076     0.508    k1_q_reg[8][4]
  -------------------------------------------------------------------
                         required time                         -0.508    <hidden>
                         arrival time                           0.671    <hidden>
  -------------------------------------------------------------------
                         slack                                  0.164    <hidden>

Slack (MET) :             0.165ns  (arrival time - required time)
  Source:                 ccB_q_reg[11]/C
                            (rising edge-triggered cell FDRE clocked by aclk  {rise@0.000ns fall@3.367ns period=6.734ns})
  Destination:            cc1_q_reg[11]/D
                            (rising edge-triggered cell FDRE clocked by aclk  {rise@0.000ns fall@3.367ns period=6.734ns})
  Path Group:             aclk
  Path Type:              Hold (Min at Fast Process Corner)
  Requirement:            0.000ns  (aclk rise@0.000ns - aclk rise@0.000ns)
  Data Path Delay:        0.257ns  (logic 0.141ns (54.828%)  route 0.116ns (45.172%))
  Logic Levels:           0  
  Clock Path Skew:        0.022ns (DCD - SCD - CPR)
    Destination Clock Delay (DCD):    0.432ns
    Source Clock Delay      (SCD):    0.410ns
    Clock Pessimism Removal (CPR):    -0.000ns

    Location             Delay type                Incr(ns)  Path(ns)    Netlist Resource(s)
  -------------------------------------------------------------------    -------------------
                         (clock aclk rise edge)       0.000     0.000 r  <hidden>
                                                      0.000     0.000 r  aclk
                         net (fo=652, unset)          0.410     0.410    aclk
    SLICE_X35Y30         FDRE                                         r  ccB_q_reg[11]/C
  -------------------------------------------------------------------    -------------------
    SLICE_X35Y30         FDRE (Prop_fdre_C_Q)         0.141     0.551 r  ccB_q_reg[11]/Q
                         net (fo=1, routed)           0.116     0.667    ccB_q[11]
    SLICE_X35Y30         FDRE                                         r  cc1_q_reg[11]/D
  -------------------------------------------------------------------    -------------------

                         (clock aclk rise edge)       0.000     0.000 r  <hidden>
                                                      0.000     0.000 r  aclk
                         net (fo=652, unset)          0.432     0.432    aclk
    SLICE_X35Y30         FDRE                                         r  cc1_q_reg[11]/C
                         clock pessimism              0.000     0.432    <hidden>
    SLICE_X35Y30         FDRE (Hold_fdre_C_D)         0.071     0.503    cc1_q_reg[11]
  -------------------------------------------------------------------
                         required time                         -0.503    <hidden>
                         arrival time                           0.667    <hidden>
  -------------------------------------------------------------------
                         slack                                  0.165    <hidden>

Slack (MET) :             0.166ns  (arrival time - required time)
  Source:                 cc1_q_reg[6]/C
                            (rising edge-triggered cell FDRE clocked by aclk  {rise@0.000ns fall@3.367ns period=6.734ns})
  Destination:            ccD_q_reg[6]/D
                            (rising edge-triggered cell FDRE clocked by aclk  {rise@0.000ns fall@3.367ns period=6.734ns})
  Path Group:             aclk
  Path Type:              Hold (Min at Fast Process Corner)
  Requirement:            0.000ns  (aclk rise@0.000ns - aclk rise@0.000ns)
  Data Path Delay:        0.251ns  (logic 0.141ns (56.174%)  route 0.110ns (43.826%))
  Logic Levels:           0  
  Clock Path Skew:        0.022ns (DCD - SCD - CPR)
    Destination Clock Delay (DCD):    0.432ns
    Source Clock Delay      (SCD):    0.410ns
    Clock Pessimism Removal (CPR):    -0.000ns

    Location             Delay type                Incr(ns)  Path(ns)    Netlist Resource(s)
  -------------------------------------------------------------------    -------------------
                         (clock aclk rise edge)       0.000     0.000 r  <hidden>
                                                      0.000     0.000 r  aclk
                         net (fo=652, unset)          0.410     0.410    aclk
    SLICE_X37Y29         FDRE                                         r  cc1_q_reg[6]/C
  -------------------------------------------------------------------    -------------------
    SLICE_X37Y29         FDRE (Prop_fdre_C_Q)         0.141     0.551 r  cc1_q_reg[6]/Q
                         net (fo=1, routed)           0.110     0.661    cc1_q[6]
    SLICE_X36Y29         FDRE                                         r  ccD_q_reg[6]/D
  -------------------------------------------------------------------    -------------------

                         (clock aclk rise edge)       0.000     0.000 r  <hidden>
                                                      0.000     0.000 r  aclk
                         net (fo=652, unset)          0.432     0.432    aclk
    SLICE_X36Y29         FDRE                                         r  ccD_q_reg[6]/C
                         clock pessimism              0.000     0.432    <hidden>
    SLICE_X36Y29         FDRE (Hold_fdre_C_D)         0.063     0.495    ccD_q_reg[6]
  -------------------------------------------------------------------
                         required time                         -0.495    <hidden>
                         arrival time                           0.661    <hidden>
  -------------------------------------------------------------------
                         slack                                  0.166    <hidden>

Slack (MET) :             0.167ns  (arrival time - required time)
  Source:                 rowp_q_reg[1]/C
                            (rising edge-triggered cell FDRE clocked by aclk  {rise@0.000ns fall@3.367ns period=6.734ns})
  Destination:            rowB_q_reg[1]/D
                            (rising edge-triggered cell FDRE clocked by aclk  {rise@0.000ns fall@3.367ns period=6.734ns})
  Path Group:             aclk
  Path Type:              Hold (Min at Fast Process Corner)
  Requirement:            0.000ns  (aclk rise@0.000ns - aclk rise@0.000ns)
  Data Path Delay:        0.258ns  (logic 0.141ns (54.595%)  route 0.117ns (45.405%))
  Logic Levels:           0  
  Clock Path Skew:        0.022ns (DCD - SCD - CPR)
    Destination Clock Delay (DCD):    0.432ns
    Source Clock Delay      (SCD):    0.410ns
    Clock Pessimism Removal (CPR):    -0.000ns

    Location             Delay type                Incr(ns)  Path(ns)    Netlist Resource(s)
  -------------------------------------------------------------------    -------------------
                         (clock aclk rise edge)       0.000     0.000 r  <hidden>
                                                      0.000     0.000 r  aclk
                         net (fo=652, unset)          0.410     0.410    aclk
    SLICE_X28Y29         FDRE                                         r  rowp_q_reg[1]/C
  -------------------------------------------------------------------    -------------------
    SLICE_X28Y29         FDRE (Prop_fdre_C_Q)         0.141     0.551 r  rowp_q_reg[1]/Q
                         net (fo=1, routed)           0.117     0.668    rowp_q[1]
    SLICE_X27Y29         FDRE                                         r  rowB_q_reg[1]/D
  -------------------------------------------------------------------    -------------------

                         (clock aclk rise edge)       0.000     0.000 r  <hidden>
                                                      0.000     0.000 r  aclk
                         net (fo=652, unset)          0.432     0.432    aclk
    SLICE_X27Y29         FDRE                                         r  rowB_q_reg[1]/C
                         clock pessimism              0.000     0.432    <hidden>
    SLICE_X27Y29         FDRE (Hold_fdre_C_D)         0.070     0.502    rowB_q_reg[1]
  -------------------------------------------------------------------
                         required time                         -0.502    <hidden>
                         arrival time                           0.668    <hidden>
  -------------------------------------------------------------------
                         slack                                  0.167    <hidden>

Slack (MET) :             0.168ns  (arrival time - required time)
  Source:                 rowB_q_reg[5]/C
                            (rising edge-triggered cell FDRE clocked by aclk  {rise@0.000ns fall@3.367ns period=6.734ns})
  Destination:            row1_q_reg[5]/D
                            (rising edge-triggered cell FDRE clocked by aclk  {rise@0.000ns fall@3.367ns period=6.734ns})
  Path Group:             aclk
  Path Type:              Hold (Min at Fast Process Corner)
  Requirement:            0.000ns  (aclk rise@0.000ns - aclk rise@0.000ns)
  Data Path Delay:        0.260ns  (logic 0.141ns (54.313%)  route 0.119ns (45.687%))
  Logic Levels:           0  
  Clock Path Skew:        0.022ns (DCD - SCD - CPR)
    Destination Clock Delay (DCD):    0.432ns
    Source Clock Delay      (SCD):    0.410ns
    Clock Pessimism Removal (CPR):    -0.000ns

    Location             Delay type                Incr(ns)  Path(ns)    Netlist Resource(s)
  -------------------------------------------------------------------    -------------------
                         (clock aclk rise edge)       0.000     0.000 r  <hidden>
                                                      0.000     0.000 r  aclk
                         net (fo=652, unset)          0.410     0.410    aclk
    SLICE_X28Y30         FDRE                                         r  rowB_q_reg[5]/C
  -------------------------------------------------------------------    -------------------
    SLICE_X28Y30         FDRE (Prop_fdre_C_Q)         0.141     0.551 r  rowB_q_reg[5]/Q
                         net (fo=1, routed)           0.119     0.670    rowB_q[5]
    SLICE_X27Y31         FDRE                                         r  row1_q_reg[5]/D
  -------------------------------------------------------------------    -------------------

                         (clock aclk rise edge)       0.000     0.000 r  <hidden>
                                                      0.000     0.000 r  aclk
                         net (fo=652, unset)          0.432     0.432    aclk
    SLICE_X27Y31         FDRE                                         r  row1_q_reg[5]/C
                         clock pessimism              0.000     0.432    <hidden>
    SLICE_X27Y31         FDRE (Hold_fdre_C_D)         0.070     0.502    row1_q_reg[5]
  -------------------------------------------------------------------
                         required time                         -0.502    <hidden>
                         arrival time                           0.670    <hidden>
  -------------------------------------------------------------------
                         slack                                  0.168    <hidden>

Slack (MET) :             0.169ns  (arrival time - required time)
  Source:                 sh_k1_reg[8][0]/C
                            (rising edge-triggered cell FDSE clocked by aclk  {rise@0.000ns fall@3.367ns period=6.734ns})
  Destination:            k1_q_reg[8][0]/D
                            (rising edge-triggered cell FDSE clocked by aclk  {rise@0.000ns fall@3.367ns period=6.734ns})
  Path Group:             aclk
  Path Type:              Hold (Min at Fast Process Corner)
  Requirement:            0.000ns  (aclk rise@0.000ns - aclk rise@0.000ns)
  Data Path Delay:        0.265ns  (logic 0.141ns (53.146%)  route 0.124ns (46.854%))
  Logic Levels:           0  
  Clock Path Skew:        0.022ns (DCD - SCD - CPR)
    Destination Clock Delay (DCD):    0.432ns
    Source Clock Delay      (SCD):    0.410ns
    Clock Pessimism Removal (CPR):    -0.000ns

    Location             Delay type                Incr(ns)  Path(ns)    Netlist Resource(s)
  -------------------------------------------------------------------    -------------------
                         (clock aclk rise edge)       0.000     0.000 r  <hidden>
                                                      0.000     0.000 r  aclk
                         net (fo=652, unset)          0.410     0.410    aclk
    SLICE_X27Y14         FDSE                                         r  sh_k1_reg[8][0]/C
  -------------------------------------------------------------------    -------------------
    SLICE_X27Y14         FDSE (Prop_fdse_C_Q)         0.141     0.551 r  sh_k1_reg[8][0]/Q
                         net (fo=2, routed)           0.124     0.675    sh_k1_reg_n_0_[8][0]
    SLICE_X26Y13         FDSE                                         r  k1_q_reg[8][0]/D
  -------------------------------------------------------------------    -------------------

                         (clock aclk rise edge)       0.000     0.000 r  <hidden>
                                                      0.000     0.000 r  aclk
                         net (fo=652, unset)          0.432     0.432    aclk
    SLICE_X26Y13         FDSE                                         r  k1_q_reg[8][0]/C
                         clock pessimism              0.000     0.432    <hidden>
    SLICE_X26Y13         FDSE (Hold_fdse_C_D)         0.075     0.507    k1_q_reg[8][0]
  -------------------------------------------------------------------
                         required time                         -0.507    <hidden>
                         arrival time                           0.675    <hidden>
  -------------------------------------------------------------------
                         slack                                  0.169    <hidden>





Pulse Width Checks
--------------------------------------------------------------------------------------
Clock Name:         aclk
Waveform(ns):       { 0.000 3.367 }
Period(ns):         6.734
Sources:            { aclk }

Check Type        Corner  Lib Pin             Reference Pin  Required(ns)  Actual(ns)  Slack(ns)  Location      Pin
Min Period        n/a     DSP48E1/CLK         n/a            3.687         6.734       3.047      DSP48_X1Y10   pr1_reg[1]/CLK
Min Period        n/a     DSP48E1/CLK         n/a            3.687         6.734       3.047      DSP48_X2Y7    pr1_reg[4]/CLK
Min Period        n/a     DSP48E1/CLK         n/a            3.687         6.734       3.047      DSP48_X1Y2    pr1_reg[7]/CLK
Min Period        n/a     DSP48E1/CLK         n/a            3.687         6.734       3.047      DSP48_X1Y6    pr2_reg[3]/CLK
Min Period        n/a     DSP48E1/CLK         n/a            3.687         6.734       3.047      DSP48_X2Y4    pr2_reg[4]/CLK
Min Period        n/a     DSP48E1/CLK         n/a            3.687         6.734       3.047      DSP48_X2Y8    pr2_reg[5]/CLK
Min Period        n/a     RAMB36E1/CLKARDCLK  n/a            2.944         6.734       3.790      RAMB36_X1Y3   g_lb_bram.lb1_b_reg/CLKARDCLK
Min Period        n/a     RAMB36E1/CLKARDCLK  n/a            2.944         6.734       3.790      RAMB36_X1Y4   g_lb_bram.lb2_b_reg/CLKARDCLK
Min Period        n/a     RAMB36E1/CLKBWRCLK  n/a            2.576         6.734       4.158      RAMB36_X1Y3   g_lb_bram.lb1_b_reg/CLKBWRCLK
Min Period        n/a     RAMB36E1/CLKBWRCLK  n/a            2.576         6.734       4.158      RAMB36_X1Y4   g_lb_bram.lb2_b_reg/CLKBWRCLK
Min Period        n/a     DSP48E1/CLK         n/a            2.154         6.734       4.580      DSP48_X1Y3    pr1_reg[0]/CLK
Min Period        n/a     DSP48E1/CLK         n/a            2.154         6.734       4.580      DSP48_X1Y8    pr1_reg[2]/CLK
Min Period        n/a     DSP48E1/CLK         n/a            2.154         6.734       4.580      DSP48_X1Y7    pr1_reg[3]/CLK
Min Period        n/a     DSP48E1/CLK         n/a            2.154         6.734       4.580      DSP48_X2Y6    pr1_reg[5]/CLK
Min Period        n/a     DSP48E1/CLK         n/a            2.154         6.734       4.580      DSP48_X2Y9    pr1_reg[6]/CLK
Min Period        n/a     DSP48E1/CLK         n/a            2.154         6.734       4.580      DSP48_X1Y5    pr1_reg[8]/CLK
Min Period        n/a     DSP48E1/CLK         n/a            2.154         6.734       4.580      DSP48_X0Y5    pr2_reg[0]/CLK
Min Period        n/a     DSP48E1/CLK         n/a            2.154         6.734       4.580      DSP48_X0Y7    pr2_reg[1]/CLK
Min Period        n/a     DSP48E1/CLK         n/a            2.154         6.734       4.580      DSP48_X0Y6    pr2_reg[2]/CLK
Min Period        n/a     DSP48E1/CLK         n/a            2.154         6.734       4.580      DSP48_X2Y5    pr2_reg[6]/CLK
Min Period        n/a     DSP48E1/CLK         n/a            2.154         6.734       4.580      DSP48_X0Y4    pr2_reg[7]/CLK
Min Period        n/a     DSP48E1/CLK         n/a            2.154         6.734       4.580      DSP48_X1Y4    pr2_reg[8]/CLK
Min Period        n/a     FDRE/C              n/a            1.000         6.734       5.734      SLICE_X29Y22  FSM_onehot_state_reg[0]/C
Min Period        n/a     FDSE/C              n/a            1.000         6.734       5.734      SLICE_X29Y22  FSM_onehot_state_reg[1]/C
Min Period        n/a     FDRE/C              n/a            1.000         6.734       5.734      SLICE_X29Y22  FSM_onehot_state_reg[2]/C
Low Pulse Width   Slow    FDRE/C              n/a            0.500         3.367       2.867      SLICE_X29Y22  FSM_onehot_state_reg[0]/C
Low Pulse Width   Fast    FDRE/C              n/a            0.500         3.367       2.867      SLICE_X29Y22  FSM_onehot_state_reg[0]/C
Low Pulse Width   Slow    FDSE/C              n/a            0.500         3.367       2.867      SLICE_X29Y22  FSM_onehot_state_reg[1]/C
Low Pulse Width   Fast    FDSE/C              n/a            0.500         3.367       2.867      SLICE_X29Y22  FSM_onehot_state_reg[1]/C
Low Pulse Width   Slow    FDRE/C              n/a            0.500         3.367       2.867      SLICE_X29Y22  FSM_onehot_state_reg[2]/C
Low Pulse Width   Fast    FDRE/C              n/a            0.500         3.367       2.867      SLICE_X29Y22  FSM_onehot_state_reg[2]/C
Low Pulse Width   Slow    FDRE/C              n/a            0.500         3.367       2.867      SLICE_X28Y23  FSM_onehot_state_reg[3]/C
Low Pulse Width   Fast    FDRE/C              n/a            0.500         3.367       2.867      SLICE_X28Y23  FSM_onehot_state_reg[3]/C
Low Pulse Width   Slow    FDRE/C              n/a            0.500         3.367       2.867      SLICE_X18Y14  acc1_q_reg[0]/C
Low Pulse Width   Fast    FDRE/C              n/a            0.500         3.367       2.867      SLICE_X18Y14  acc1_q_reg[0]/C
Low Pulse Width   Slow    FDRE/C              n/a            0.500         3.367       2.867      SLICE_X18Y16  acc1_q_reg[10]/C
Low Pulse Width   Fast    FDRE/C              n/a            0.500         3.367       2.867      SLICE_X18Y16  acc1_q_reg[10]/C
Low Pulse Width   Slow    FDRE/C              n/a            0.500         3.367       2.867      SLICE_X18Y16  acc1_q_reg[11]/C
Low Pulse Width   Fast    FDRE/C              n/a            0.500         3.367       2.867      SLICE_X18Y16  acc1_q_reg[11]/C
Low Pulse Width   Slow    FDRE/C              n/a            0.500         3.367       2.867      SLICE_X18Y17  acc1_q_reg[12]/C
Low Pulse Width   Fast    FDRE/C              n/a            0.500         3.367       2.867      SLICE_X18Y17  acc1_q_reg[12]/C
Low Pulse Width   Slow    FDRE/C              n/a            0.500         3.367       2.867      SLICE_X18Y17  acc1_q_reg[13]/C
Low Pulse Width   Fast    FDRE/C              n/a            0.500         3.367       2.867      SLICE_X18Y17  acc1_q_reg[13]/C
Low Pulse Width   Slow    FDRE/C              n/a            0.500         3.367       2.867      SLICE_X18Y17  acc1_q_reg[14]/C
Low Pulse Width   Fast    FDRE/C              n/a            0.500         3.367       2.867      SLICE_X18Y17  acc1_q_reg[14]/C
Low Pulse Width   Slow    FDRE/C              n/a            0.500         3.367       2.867      SLICE_X18Y17  acc1_q_reg[15]/C
Low Pulse Width   Fast    FDRE/C              n/a            0.500         3.367       2.867      SLICE_X18Y17  acc1_q_reg[15]/C
Low Pulse Width   Slow    FDRE/C              n/a            0.500         3.367       2.867      SLICE_X18Y18  acc1_q_reg[16]/C
Low Pulse Width   Fast    FDRE/C              n/a            0.500         3.367       2.867      SLICE_X18Y18  acc1_q_reg[16]/C
Low Pulse Width   Slow    FDRE/C              n/a            0.500         3.367       2.867      SLICE_X18Y18  acc1_q_reg[17]/C
High Pulse Width  Slow    FDRE/C              n/a            0.500         3.367       2.867      SLICE_X29Y22  FSM_onehot_state_reg[0]/C
High Pulse Width  Fast    FDRE/C              n/a            0.500         3.367       2.867      SLICE_X29Y22  FSM_onehot_state_reg[0]/C
High Pulse Width  Slow    FDSE/C              n/a            0.500         3.367       2.867      SLICE_X29Y22  FSM_onehot_state_reg[1]/C
High Pulse Width  Fast    FDSE/C              n/a            0.500         3.367       2.867      SLICE_X29Y22  FSM_onehot_state_reg[1]/C
High Pulse Width  Slow    FDRE/C              n/a            0.500         3.367       2.867      SLICE_X29Y22  FSM_onehot_state_reg[2]/C
High Pulse Width  Fast    FDRE/C              n/a            0.500         3.367       2.867      SLICE_X29Y22  FSM_onehot_state_reg[2]/C
High Pulse Width  Slow    FDRE/C              n/a            0.500         3.367       2.867      SLICE_X28Y23  FSM_onehot_state_reg[3]/C
High Pulse Width  Fast    FDRE/C              n/a            0.500         3.367       2.867      SLICE_X28Y23  FSM_onehot_state_reg[3]/C
High Pulse Width  Slow    FDRE/C              n/a            0.500         3.367       2.867      SLICE_X18Y14  acc1_q_reg[0]/C
High Pulse Width  Fast    FDRE/C              n/a            0.500         3.367       2.867      SLICE_X18Y14  acc1_q_reg[0]/C
High Pulse Width  Slow    FDRE/C              n/a            0.500         3.367       2.867      SLICE_X18Y16  acc1_q_reg[10]/C
High Pulse Width  Fast    FDRE/C              n/a            0.500         3.367       2.867      SLICE_X18Y16  acc1_q_reg[10]/C
High Pulse Width  Slow    FDRE/C              n/a            0.500         3.367       2.867      SLICE_X18Y16  acc1_q_reg[11]/C
High Pulse Width  Fast    FDRE/C              n/a            0.500         3.367       2.867      SLICE_X18Y16  acc1_q_reg[11]/C
High Pulse Width  Slow    FDRE/C              n/a            0.500         3.367       2.867      SLICE_X18Y17  acc1_q_reg[12]/C
High Pulse Width  Fast    FDRE/C              n/a            0.500         3.367       2.867      SLICE_X18Y17  acc1_q_reg[12]/C
High Pulse Width  Slow    FDRE/C              n/a            0.500         3.367       2.867      SLICE_X18Y17  acc1_q_reg[13]/C
High Pulse Width  Fast    FDRE/C              n/a            0.500         3.367       2.867      SLICE_X18Y17  acc1_q_reg[13]/C
High Pulse Width  Slow    FDRE/C              n/a            0.500         3.367       2.867      SLICE_X18Y17  acc1_q_reg[14]/C
High Pulse Width  Fast    FDRE/C              n/a            0.500         3.367       2.867      SLICE_X18Y17  acc1_q_reg[14]/C
High Pulse Width  Slow    FDRE/C              n/a            0.500         3.367       2.867      SLICE_X18Y17  acc1_q_reg[15]/C
High Pulse Width  Fast    FDRE/C              n/a            0.500         3.367       2.867      SLICE_X18Y17  acc1_q_reg[15]/C
High Pulse Width  Slow    FDRE/C              n/a            0.500         3.367       2.867      SLICE_X18Y18  acc1_q_reg[16]/C
High Pulse Width  Fast    FDRE/C              n/a            0.500         3.367       2.867      SLICE_X18Y18  acc1_q_reg[16]/C
High Pulse Width  Slow    FDRE/C              n/a            0.500         3.367       2.867      SLICE_X18Y18  acc1_q_reg[17]/C



