Copyright 1986-2022 Xilinx, Inc. All Rights Reserved. Copyright 2022-2026 Advanced Micro Devices, Inc. All Rights Reserved.
---------------------------------------------------------------------------------------------------------------------------------------------
| Tool Version : Vivado v.2026.1 (win64) Build 6511674 Tue Jun 16 11:02:23 MDT 2026
| Date         : Wed Sep 30 14:33:49 2026
| Host         : <redacted> running 64-bit major release  (build 9200)
| Command      : report_timing_summary -delay_type min_max -max_paths 25 -file conv3x3_engine_W1920_tim_impl.rpt
| Design       : conv3x3_engine
| Device       : 7z020-clg400
| Speed File   : -1  PRODUCTION 1.12 2019-11-22
| Design State : Routed
---------------------------------------------------------------------------------------------------------------------------------------------

Timing Summary Report

------------------------------------------------------------------------------------------------
| Timer Settings
| --------------
------------------------------------------------------------------------------------------------

  Enable Multi Corner Analysis               :  Yes
  Enable Pessimism Removal                   :  Yes
  Pessimism Removal Resolution               :  Nearest Common Node
  Enable Input Delay Default Clock           :  No
  Enable Preset / Clear Arcs                 :  No
  Disable Flight Delays                      :  No
  Ignore I/O Paths                           :  No
  Timing Early Launch at Borrowing Latches   :  No
  Borrow Time for Max Delay Exceptions       :  Yes
  Merge Timing Exceptions                    :  Yes
  Inter-SLR Compensation                     :  Conservative

  Corner  Analyze    Analyze    
  Name    Max Paths  Min Paths  
  ------  ---------  ---------  
  Slow    Yes        Yes        
  Fast    Yes        Yes        


------------------------------------------------------------------------------------------------
| Report Methodology
| ------------------
------------------------------------------------------------------------------------------------

No report available as report_methodology has not been run prior. Run report_methodology on the current design for the summary of methodology violations.



check_timing report

Table of Contents
-----------------
1. checking no_clock (0)
2. checking constant_clock (0)
3. checking pulse_width_clock (0)
4. checking unconstrained_internal_endpoints (0)
5. checking no_input_delay (0)
6. checking no_output_delay (0)
7. checking multiple_clock (0)
8. checking generated_clocks (0)
9. checking loops (0)
10. checking partial_input_delay (0)
11. checking partial_output_delay (0)
12. checking latch_loops (0)

1. checking no_clock (0)
------------------------
 There are 0 register/latch pins with no clock.


2. checking constant_clock (0)
------------------------------
 There are 0 register/latch pins with constant_clock.


3. checking pulse_width_clock (0)
---------------------------------
 There are 0 register/latch pins which need pulse_width check


4. checking unconstrained_internal_endpoints (0)
------------------------------------------------
 There are 0 pins that are not constrained for maximum delay.

 There are 0 pins that are not constrained for maximum delay due to constant clock.


5. checking no_input_delay (0)
------------------------------
 There are 0 input ports with no input delay specified.

 There are 0 input ports with no input delay but user has a false path constraint.


6. checking no_output_delay (0)
-------------------------------
 There are 0 ports with no output delay specified.

 There are 0 ports with no output delay but user has a false path constraint

 There are 0 ports with no output delay but with a timing clock defined on it or propagating through it


7. checking multiple_clock (0)
------------------------------
 There are 0 register/latch pins with multiple clocks.


8. checking generated_clocks (0)
--------------------------------
 There are 0 generated clocks that are not connected to a clock source.


9. checking loops (0)
---------------------
 There are 0 combinational loops in the design.


10. checking partial_input_delay (0)
------------------------------------
 There are 0 input ports with partial input delay specified.


11. checking partial_output_delay (0)
-------------------------------------
 There are 0 ports with partial output delay specified.


12. checking latch_loops (0)
----------------------------
 There are 0 combinational latch loops in the design through latch input



------------------------------------------------------------------------------------------------
| Design Timing Summary
| ---------------------
------------------------------------------------------------------------------------------------

    WNS(ns)      TNS(ns)  TNS Failing Endpoints  TNS Total Endpoints      WHS(ns)      THS(ns)  THS Failing Endpoints  THS Total Endpoints     WPWS(ns)     TPWS(ns)  TPWS Failing Endpoints  TPWS Total Endpoints  
    -------      -------  ---------------------  -------------------      -------      -------  ---------------------  -------------------     --------     --------  ----------------------  --------------------  
      0.076        0.000                      0                12033        0.100        0.000                      0                12033        2.117        0.000                       0                  1858  


All user specified timing constraints are met.


------------------------------------------------------------------------------------------------
| Clock Summary
| -------------
------------------------------------------------------------------------------------------------

Clock  Waveform(ns)         Period(ns)      Frequency(MHz)
-----  ------------         ----------      --------------
aclk   {0.000 3.367}        6.734           148.500         


------------------------------------------------------------------------------------------------
| Intra Clock Table
| -----------------
------------------------------------------------------------------------------------------------

Clock             WNS(ns)      TNS(ns)  TNS Failing Endpoints  TNS Total Endpoints      WHS(ns)      THS(ns)  THS Failing Endpoints  THS Total Endpoints     WPWS(ns)     TPWS(ns)  TPWS Failing Endpoints  TPWS Total Endpoints  
-----             -------      -------  ---------------------  -------------------      -------      -------  ---------------------  -------------------     --------     --------  ----------------------  --------------------  
aclk                0.076        0.000                      0                12033        0.100        0.000                      0                12033        2.117        0.000                       0                  1858  


------------------------------------------------------------------------------------------------
| Inter Clock Table
| -----------------
------------------------------------------------------------------------------------------------

From Clock    To Clock          WNS(ns)      TNS(ns)  TNS Failing Endpoints  TNS Total Endpoints      WHS(ns)      THS(ns)  THS Failing Endpoints  THS Total Endpoints  
----------    --------          -------      -------  ---------------------  -------------------      -------      -------  ---------------------  -------------------  


------------------------------------------------------------------------------------------------
| Other Path Groups Table
| -----------------------
------------------------------------------------------------------------------------------------

Path Group    From Clock    To Clock          WNS(ns)      TNS(ns)  TNS Failing Endpoints  TNS Total Endpoints      WHS(ns)      THS(ns)  THS Failing Endpoints  THS Total Endpoints  
----------    ----------    --------          -------      -------  ---------------------  -------------------      -------      -------  ---------------------  -------------------  


------------------------------------------------------------------------------------------------
| Timing Details
| --------------
------------------------------------------------------------------------------------------------


---------------------------------------------------------------------------------------------------
From Clock:  aclk
  To Clock:  aclk

Setup :            0  Failing Endpoints,  Worst Slack        0.076ns,  Total Violation        0.000ns
Hold  :            0  Failing Endpoints,  Worst Slack        0.100ns,  Total Violation        0.000ns
PW    :            0  Failing Endpoints,  Worst Slack        2.117ns,  Total Violation        0.000ns
---------------------------------------------------------------------------------------------------


Max Delay Paths
--------------------------------------------------------------------------------------
Slack (MET) :             0.076ns  (required time - arrival time)
  Source:                 aresetn
                            (input port clocked by aclk  {rise@0.000ns fall@3.367ns period=6.734ns})
  Destination:            sh_k1_reg[1][0]/R
                            (rising edge-triggered cell FDRE clocked by aclk  {rise@0.000ns fall@3.367ns period=6.734ns})
  Path Group:             aclk
  Path Type:              Setup (Max at Slow Process Corner)
  Requirement:            6.734ns  (aclk rise@6.734ns - aclk rise@0.000ns)
  Data Path Delay:        5.118ns  (logic 0.124ns (2.423%)  route 4.994ns (97.577%))
  Logic Levels:           1  (LUT1=1)
  Input Delay:            2.000ns
  Clock Path Skew:        0.924ns (DCD - SCD + CPR)
    Destination Clock Delay (DCD):    0.924ns = ( 7.658 - 6.734 ) 
    Source Clock Delay      (SCD):    0.000ns
    Clock Pessimism Removal (CPR):    0.000ns
  Clock Uncertainty:      0.035ns  ((TSJ^2 + TIJ^2)^1/2 + DJ) / 2 + PE
    Total System Jitter     (TSJ):    0.071ns
    Total Input Jitter      (TIJ):    0.000ns
    Discrete Jitter          (DJ):    0.000ns
    Phase Error              (PE):    0.000ns

    Location             Delay type                Incr(ns)  Path(ns)    Netlist Resource(s)
  -------------------------------------------------------------------    -------------------
                         (clock aclk rise edge)       0.000     0.000 r  <hidden>
                         input delay                  2.000     2.000    <hidden>
                                                      0.000     2.000 f  aresetn
                         net (fo=19, unset)           0.973     2.973    aresetn
    SLICE_X32Y24         LUT1 (Prop_lut1_I0_O)        0.124     3.097 r  m_axis_tdata[7]_i_1/O
                         net (fo=643, routed)         4.021     7.118    m_axis_tdata[7]_i_1_n_0
    SLICE_X9Y6           FDRE                                         r  sh_k1_reg[1][0]/R
  -------------------------------------------------------------------    -------------------

                         (clock aclk rise edge)       6.734     6.734 r  <hidden>
                                                      0.000     6.734 r  aclk
                         net (fo=1857, unset)         0.924     7.658    aclk
    SLICE_X9Y6           FDRE                                         r  sh_k1_reg[1][0]/C
                         clock pessimism              0.000     7.658    <hidden>
                         clock uncertainty           -0.035     7.623    <hidden>
    SLICE_X9Y6           FDRE (Setup_fdre_C_R)       -0.429     7.194    sh_k1_reg[1][0]
  -------------------------------------------------------------------
                         required time                          7.194    <hidden>
                         arrival time                          -7.118    <hidden>
  -------------------------------------------------------------------
                         slack                                  0.076    <hidden>

Slack (MET) :             0.076ns  (required time - arrival time)
  Source:                 aresetn
                            (input port clocked by aclk  {rise@0.000ns fall@3.367ns period=6.734ns})
  Destination:            sh_k1_reg[1][2]/R
                            (rising edge-triggered cell FDRE clocked by aclk  {rise@0.000ns fall@3.367ns period=6.734ns})
  Path Group:             aclk
  Path Type:              Setup (Max at Slow Process Corner)
  Requirement:            6.734ns  (aclk rise@6.734ns - aclk rise@0.000ns)
  Data Path Delay:        5.118ns  (logic 0.124ns (2.423%)  route 4.994ns (97.577%))
  Logic Levels:           1  (LUT1=1)
  Input Delay:            2.000ns
  Clock Path Skew:        0.924ns (DCD - SCD + CPR)
    Destination Clock Delay (DCD):    0.924ns = ( 7.658 - 6.734 ) 
    Source Clock Delay      (SCD):    0.000ns
    Clock Pessimism Removal (CPR):    0.000ns
  Clock Uncertainty:      0.035ns  ((TSJ^2 + TIJ^2)^1/2 + DJ) / 2 + PE
    Total System Jitter     (TSJ):    0.071ns
    Total Input Jitter      (TIJ):    0.000ns
    Discrete Jitter          (DJ):    0.000ns
    Phase Error              (PE):    0.000ns

    Location             Delay type                Incr(ns)  Path(ns)    Netlist Resource(s)
  -------------------------------------------------------------------    -------------------
                         (clock aclk rise edge)       0.000     0.000 r  <hidden>
                         input delay                  2.000     2.000    <hidden>
                                                      0.000     2.000 f  aresetn
                         net (fo=19, unset)           0.973     2.973    aresetn
    SLICE_X32Y24         LUT1 (Prop_lut1_I0_O)        0.124     3.097 r  m_axis_tdata[7]_i_1/O
                         net (fo=643, routed)         4.021     7.118    m_axis_tdata[7]_i_1_n_0
    SLICE_X9Y6           FDRE                                         r  sh_k1_reg[1][2]/R
  -------------------------------------------------------------------    -------------------

                         (clock aclk rise edge)       6.734     6.734 r  <hidden>
                                                      0.000     6.734 r  aclk
                         net (fo=1857, unset)         0.924     7.658    aclk
    SLICE_X9Y6           FDRE                                         r  sh_k1_reg[1][2]/C
                         clock pessimism              0.000     7.658    <hidden>
                         clock uncertainty           -0.035     7.623    <hidden>
    SLICE_X9Y6           FDRE (Setup_fdre_C_R)       -0.429     7.194    sh_k1_reg[1][2]
  -------------------------------------------------------------------
                         required time                          7.194    <hidden>
                         arrival time                          -7.118    <hidden>
  -------------------------------------------------------------------
                         slack                                  0.076    <hidden>

Slack (MET) :             0.076ns  (required time - arrival time)
  Source:                 aresetn
                            (input port clocked by aclk  {rise@0.000ns fall@3.367ns period=6.734ns})
  Destination:            sh_k1_reg[1][3]/R
                            (rising edge-triggered cell FDRE clocked by aclk  {rise@0.000ns fall@3.367ns period=6.734ns})
  Path Group:             aclk
  Path Type:              Setup (Max at Slow Process Corner)
  Requirement:            6.734ns  (aclk rise@6.734ns - aclk rise@0.000ns)
  Data Path Delay:        5.118ns  (logic 0.124ns (2.423%)  route 4.994ns (97.577%))
  Logic Levels:           1  (LUT1=1)
  Input Delay:            2.000ns
  Clock Path Skew:        0.924ns (DCD - SCD + CPR)
    Destination Clock Delay (DCD):    0.924ns = ( 7.658 - 6.734 ) 
    Source Clock Delay      (SCD):    0.000ns
    Clock Pessimism Removal (CPR):    0.000ns
  Clock Uncertainty:      0.035ns  ((TSJ^2 + TIJ^2)^1/2 + DJ) / 2 + PE
    Total System Jitter     (TSJ):    0.071ns
    Total Input Jitter      (TIJ):    0.000ns
    Discrete Jitter          (DJ):    0.000ns
    Phase Error              (PE):    0.000ns

    Location             Delay type                Incr(ns)  Path(ns)    Netlist Resource(s)
  -------------------------------------------------------------------    -------------------
                         (clock aclk rise edge)       0.000     0.000 r  <hidden>
                         input delay                  2.000     2.000    <hidden>
                                                      0.000     2.000 f  aresetn
                         net (fo=19, unset)           0.973     2.973    aresetn
    SLICE_X32Y24         LUT1 (Prop_lut1_I0_O)        0.124     3.097 r  m_axis_tdata[7]_i_1/O
                         net (fo=643, routed)         4.021     7.118    m_axis_tdata[7]_i_1_n_0
    SLICE_X9Y6           FDRE                                         r  sh_k1_reg[1][3]/R
  -------------------------------------------------------------------    -------------------

                         (clock aclk rise edge)       6.734     6.734 r  <hidden>
                                                      0.000     6.734 r  aclk
                         net (fo=1857, unset)         0.924     7.658    aclk
    SLICE_X9Y6           FDRE                                         r  sh_k1_reg[1][3]/C
                         clock pessimism              0.000     7.658    <hidden>
                         clock uncertainty           -0.035     7.623    <hidden>
    SLICE_X9Y6           FDRE (Setup_fdre_C_R)       -0.429     7.194    sh_k1_reg[1][3]
  -------------------------------------------------------------------
                         required time                          7.194    <hidden>
                         arrival time                          -7.118    <hidden>
  -------------------------------------------------------------------
                         slack                                  0.076    <hidden>

Slack (MET) :             0.076ns  (required time - arrival time)
  Source:                 aresetn
                            (input port clocked by aclk  {rise@0.000ns fall@3.367ns period=6.734ns})
  Destination:            sh_k1_reg[1][4]/R
                            (rising edge-triggered cell FDRE clocked by aclk  {rise@0.000ns fall@3.367ns period=6.734ns})
  Path Group:             aclk
  Path Type:              Setup (Max at Slow Process Corner)
  Requirement:            6.734ns  (aclk rise@6.734ns - aclk rise@0.000ns)
  Data Path Delay:        5.118ns  (logic 0.124ns (2.423%)  route 4.994ns (97.577%))
  Logic Levels:           1  (LUT1=1)
  Input Delay:            2.000ns
  Clock Path Skew:        0.924ns (DCD - SCD + CPR)
    Destination Clock Delay (DCD):    0.924ns = ( 7.658 - 6.734 ) 
    Source Clock Delay      (SCD):    0.000ns
    Clock Pessimism Removal (CPR):    0.000ns
  Clock Uncertainty:      0.035ns  ((TSJ^2 + TIJ^2)^1/2 + DJ) / 2 + PE
    Total System Jitter     (TSJ):    0.071ns
    Total Input Jitter      (TIJ):    0.000ns
    Discrete Jitter          (DJ):    0.000ns
    Phase Error              (PE):    0.000ns

    Location             Delay type                Incr(ns)  Path(ns)    Netlist Resource(s)
  -------------------------------------------------------------------    -------------------
                         (clock aclk rise edge)       0.000     0.000 r  <hidden>
                         input delay                  2.000     2.000    <hidden>
                                                      0.000     2.000 f  aresetn
                         net (fo=19, unset)           0.973     2.973    aresetn
    SLICE_X32Y24         LUT1 (Prop_lut1_I0_O)        0.124     3.097 r  m_axis_tdata[7]_i_1/O
                         net (fo=643, routed)         4.021     7.118    m_axis_tdata[7]_i_1_n_0
    SLICE_X9Y6           FDRE                                         r  sh_k1_reg[1][4]/R
  -------------------------------------------------------------------    -------------------

                         (clock aclk rise edge)       6.734     6.734 r  <hidden>
                                                      0.000     6.734 r  aclk
                         net (fo=1857, unset)         0.924     7.658    aclk
    SLICE_X9Y6           FDRE                                         r  sh_k1_reg[1][4]/C
                         clock pessimism              0.000     7.658    <hidden>
                         clock uncertainty           -0.035     7.623    <hidden>
    SLICE_X9Y6           FDRE (Setup_fdre_C_R)       -0.429     7.194    sh_k1_reg[1][4]
  -------------------------------------------------------------------
                         required time                          7.194    <hidden>
                         arrival time                          -7.118    <hidden>
  -------------------------------------------------------------------
                         slack                                  0.076    <hidden>

Slack (MET) :             0.118ns  (required time - arrival time)
  Source:                 aresetn
                            (input port clocked by aclk  {rise@0.000ns fall@3.367ns period=6.734ns})
  Destination:            col_in_reg[1]_rep__1/R
                            (rising edge-triggered cell FDRE clocked by aclk  {rise@0.000ns fall@3.367ns period=6.734ns})
  Path Group:             aclk
  Path Type:              Setup (Max at Slow Process Corner)
  Requirement:            6.734ns  (aclk rise@6.734ns - aclk rise@0.000ns)
  Data Path Delay:        4.981ns  (logic 0.124ns (2.489%)  route 4.857ns (97.511%))
  Logic Levels:           1  (LUT1=1)
  Input Delay:            2.000ns
  Clock Path Skew:        0.924ns (DCD - SCD + CPR)
    Destination Clock Delay (DCD):    0.924ns = ( 7.658 - 6.734 ) 
    Source Clock Delay      (SCD):    0.000ns
    Clock Pessimism Removal (CPR):    0.000ns
  Clock Uncertainty:      0.035ns  ((TSJ^2 + TIJ^2)^1/2 + DJ) / 2 + PE
    Total System Jitter     (TSJ):    0.071ns
    Total Input Jitter      (TIJ):    0.000ns
    Discrete Jitter          (DJ):    0.000ns
    Phase Error              (PE):    0.000ns

    Location             Delay type                Incr(ns)  Path(ns)    Netlist Resource(s)
  -------------------------------------------------------------------    -------------------
                         (clock aclk rise edge)       0.000     0.000 r  <hidden>
                         input delay                  2.000     2.000    <hidden>
                                                      0.000     2.000 f  aresetn
                         net (fo=19, unset)           0.973     2.973    aresetn
    SLICE_X32Y24         LUT1 (Prop_lut1_I0_O)        0.124     3.097 r  m_axis_tdata[7]_i_1/O
                         net (fo=643, routed)         3.884     6.981    m_axis_tdata[7]_i_1_n_0
    SLICE_X16Y8          FDRE                                         r  col_in_reg[1]_rep__1/R
  -------------------------------------------------------------------    -------------------

                         (clock aclk rise edge)       6.734     6.734 r  <hidden>
                                                      0.000     6.734 r  aclk
                         net (fo=1857, unset)         0.924     7.658    aclk
    SLICE_X16Y8          FDRE                                         r  col_in_reg[1]_rep__1/C
                         clock pessimism              0.000     7.658    <hidden>
                         clock uncertainty           -0.035     7.623    <hidden>
    SLICE_X16Y8          FDRE (Setup_fdre_C_R)       -0.524     7.099    col_in_reg[1]_rep__1
  -------------------------------------------------------------------
                         required time                          7.099    <hidden>
                         arrival time                          -6.981    <hidden>
  -------------------------------------------------------------------
                         slack                                  0.118    <hidden>

Slack (MET) :             0.140ns  (required time - arrival time)
  Source:                 aresetn
                            (input port clocked by aclk  {rise@0.000ns fall@3.367ns period=6.734ns})
  Destination:            col_in_reg[0]_rep__3/R
                            (rising edge-triggered cell FDRE clocked by aclk  {rise@0.000ns fall@3.367ns period=6.734ns})
  Path Group:             aclk
  Path Type:              Setup (Max at Slow Process Corner)
  Requirement:            6.734ns  (aclk rise@6.734ns - aclk rise@0.000ns)
  Data Path Delay:        5.054ns  (logic 0.124ns (2.454%)  route 4.930ns (97.546%))
  Logic Levels:           1  (LUT1=1)
  Input Delay:            2.000ns
  Clock Path Skew:        0.924ns (DCD - SCD + CPR)
    Destination Clock Delay (DCD):    0.924ns = ( 7.658 - 6.734 ) 
    Source Clock Delay      (SCD):    0.000ns
    Clock Pessimism Removal (CPR):    0.000ns
  Clock Uncertainty:      0.035ns  ((TSJ^2 + TIJ^2)^1/2 + DJ) / 2 + PE
    Total System Jitter     (TSJ):    0.071ns
    Total Input Jitter      (TIJ):    0.000ns
    Discrete Jitter          (DJ):    0.000ns
    Phase Error              (PE):    0.000ns

    Location             Delay type                Incr(ns)  Path(ns)    Netlist Resource(s)
  -------------------------------------------------------------------    -------------------
                         (clock aclk rise edge)       0.000     0.000 r  <hidden>
                         input delay                  2.000     2.000    <hidden>
                                                      0.000     2.000 f  aresetn
                         net (fo=19, unset)           0.973     2.973    aresetn
    SLICE_X32Y24         LUT1 (Prop_lut1_I0_O)        0.124     3.097 r  m_axis_tdata[7]_i_1/O
                         net (fo=643, routed)         3.957     7.054    m_axis_tdata[7]_i_1_n_0
    SLICE_X13Y5          FDRE                                         r  col_in_reg[0]_rep__3/R
  -------------------------------------------------------------------    -------------------

                         (clock aclk rise edge)       6.734     6.734 r  <hidden>
                                                      0.000     6.734 r  aclk
                         net (fo=1857, unset)         0.924     7.658    aclk
    SLICE_X13Y5          FDRE                                         r  col_in_reg[0]_rep__3/C
                         clock pessimism              0.000     7.658    <hidden>
                         clock uncertainty           -0.035     7.623    <hidden>
    SLICE_X13Y5          FDRE (Setup_fdre_C_R)       -0.429     7.194    col_in_reg[0]_rep__3
  -------------------------------------------------------------------
                         required time                          7.194    <hidden>
                         arrival time                          -7.054    <hidden>
  -------------------------------------------------------------------
                         slack                                  0.140    <hidden>

Slack (MET) :             0.140ns  (required time - arrival time)
  Source:                 aresetn
                            (input port clocked by aclk  {rise@0.000ns fall@3.367ns period=6.734ns})
  Destination:            col_in_reg[2]_rep__0/R
                            (rising edge-triggered cell FDRE clocked by aclk  {rise@0.000ns fall@3.367ns period=6.734ns})
  Path Group:             aclk
  Path Type:              Setup (Max at Slow Process Corner)
  Requirement:            6.734ns  (aclk rise@6.734ns - aclk rise@0.000ns)
  Data Path Delay:        5.054ns  (logic 0.124ns (2.454%)  route 4.930ns (97.546%))
  Logic Levels:           1  (LUT1=1)
  Input Delay:            2.000ns
  Clock Path Skew:        0.924ns (DCD - SCD + CPR)
    Destination Clock Delay (DCD):    0.924ns = ( 7.658 - 6.734 ) 
    Source Clock Delay      (SCD):    0.000ns
    Clock Pessimism Removal (CPR):    0.000ns
  Clock Uncertainty:      0.035ns  ((TSJ^2 + TIJ^2)^1/2 + DJ) / 2 + PE
    Total System Jitter     (TSJ):    0.071ns
    Total Input Jitter      (TIJ):    0.000ns
    Discrete Jitter          (DJ):    0.000ns
    Phase Error              (PE):    0.000ns

    Location             Delay type                Incr(ns)  Path(ns)    Netlist Resource(s)
  -------------------------------------------------------------------    -------------------
                         (clock aclk rise edge)       0.000     0.000 r  <hidden>
                         input delay                  2.000     2.000    <hidden>
                                                      0.000     2.000 f  aresetn
                         net (fo=19, unset)           0.973     2.973    aresetn
    SLICE_X32Y24         LUT1 (Prop_lut1_I0_O)        0.124     3.097 r  m_axis_tdata[7]_i_1/O
                         net (fo=643, routed)         3.957     7.054    m_axis_tdata[7]_i_1_n_0
    SLICE_X13Y5          FDRE                                         r  col_in_reg[2]_rep__0/R
  -------------------------------------------------------------------    -------------------

                         (clock aclk rise edge)       6.734     6.734 r  <hidden>
                                                      0.000     6.734 r  aclk
                         net (fo=1857, unset)         0.924     7.658    aclk
    SLICE_X13Y5          FDRE                                         r  col_in_reg[2]_rep__0/C
                         clock pessimism              0.000     7.658    <hidden>
                         clock uncertainty           -0.035     7.623    <hidden>
    SLICE_X13Y5          FDRE (Setup_fdre_C_R)       -0.429     7.194    col_in_reg[2]_rep__0
  -------------------------------------------------------------------
                         required time                          7.194    <hidden>
                         arrival time                          -7.054    <hidden>
  -------------------------------------------------------------------
                         slack                                  0.140    <hidden>

Slack (MET) :             0.150ns  (required time - arrival time)
  Source:                 aresetn
                            (input port clocked by aclk  {rise@0.000ns fall@3.367ns period=6.734ns})
  Destination:            col_ff_reg[0]_rep__5/R
                            (rising edge-triggered cell FDRE clocked by aclk  {rise@0.000ns fall@3.367ns period=6.734ns})
  Path Group:             aclk
  Path Type:              Setup (Max at Slow Process Corner)
  Requirement:            6.734ns  (aclk rise@6.734ns - aclk rise@0.000ns)
  Data Path Delay:        5.044ns  (logic 0.124ns (2.458%)  route 4.920ns (97.542%))
  Logic Levels:           1  (LUT1=1)
  Input Delay:            2.000ns
  Clock Path Skew:        0.924ns (DCD - SCD + CPR)
    Destination Clock Delay (DCD):    0.924ns = ( 7.658 - 6.734 ) 
    Source Clock Delay      (SCD):    0.000ns
    Clock Pessimism Removal (CPR):    0.000ns
  Clock Uncertainty:      0.035ns  ((TSJ^2 + TIJ^2)^1/2 + DJ) / 2 + PE
    Total System Jitter     (TSJ):    0.071ns
    Total Input Jitter      (TIJ):    0.000ns
    Discrete Jitter          (DJ):    0.000ns
    Phase Error              (PE):    0.000ns

    Location             Delay type                Incr(ns)  Path(ns)    Netlist Resource(s)
  -------------------------------------------------------------------    -------------------
                         (clock aclk rise edge)       0.000     0.000 r  <hidden>
                         input delay                  2.000     2.000    <hidden>
                                                      0.000     2.000 f  aresetn
                         net (fo=19, unset)           0.973     2.973    aresetn
    SLICE_X32Y24         LUT1 (Prop_lut1_I0_O)        0.124     3.097 r  m_axis_tdata[7]_i_1/O
                         net (fo=643, routed)         3.947     7.044    m_axis_tdata[7]_i_1_n_0
    SLICE_X13Y3          FDRE                                         r  col_ff_reg[0]_rep__5/R
  -------------------------------------------------------------------    -------------------

                         (clock aclk rise edge)       6.734     6.734 r  <hidden>
                                                      0.000     6.734 r  aclk
                         net (fo=1857, unset)         0.924     7.658    aclk
    SLICE_X13Y3          FDRE                                         r  col_ff_reg[0]_rep__5/C
                         clock pessimism              0.000     7.658    <hidden>
                         clock uncertainty           -0.035     7.623    <hidden>
    SLICE_X13Y3          FDRE (Setup_fdre_C_R)       -0.429     7.194    col_ff_reg[0]_rep__5
  -------------------------------------------------------------------
                         required time                          7.194    <hidden>
                         arrival time                          -7.044    <hidden>
  -------------------------------------------------------------------
                         slack                                  0.150    <hidden>

Slack (MET) :             0.155ns  (required time - arrival time)
  Source:                 aresetn
                            (input port clocked by aclk  {rise@0.000ns fall@3.367ns period=6.734ns})
  Destination:            col_ff_reg[6]/R
                            (rising edge-triggered cell FDRE clocked by aclk  {rise@0.000ns fall@3.367ns period=6.734ns})
  Path Group:             aclk
  Path Type:              Setup (Max at Slow Process Corner)
  Requirement:            6.734ns  (aclk rise@6.734ns - aclk rise@0.000ns)
  Data Path Delay:        4.944ns  (logic 0.124ns (2.508%)  route 4.820ns (97.492%))
  Logic Levels:           1  (LUT1=1)
  Input Delay:            2.000ns
  Clock Path Skew:        0.924ns (DCD - SCD + CPR)
    Destination Clock Delay (DCD):    0.924ns = ( 7.658 - 6.734 ) 
    Source Clock Delay      (SCD):    0.000ns
    Clock Pessimism Removal (CPR):    0.000ns
  Clock Uncertainty:      0.035ns  ((TSJ^2 + TIJ^2)^1/2 + DJ) / 2 + PE
    Total System Jitter     (TSJ):    0.071ns
    Total Input Jitter      (TIJ):    0.000ns
    Discrete Jitter          (DJ):    0.000ns
    Phase Error              (PE):    0.000ns

    Location             Delay type                Incr(ns)  Path(ns)    Netlist Resource(s)
  -------------------------------------------------------------------    -------------------
                         (clock aclk rise edge)       0.000     0.000 r  <hidden>
                         input delay                  2.000     2.000    <hidden>
                                                      0.000     2.000 f  aresetn
                         net (fo=19, unset)           0.973     2.973    aresetn
    SLICE_X32Y24         LUT1 (Prop_lut1_I0_O)        0.124     3.097 r  m_axis_tdata[7]_i_1/O
                         net (fo=643, routed)         3.847     6.944    m_axis_tdata[7]_i_1_n_0
    SLICE_X30Y5          FDRE                                         r  col_ff_reg[6]/R
  -------------------------------------------------------------------    -------------------

                         (clock aclk rise edge)       6.734     6.734 r  <hidden>
                                                      0.000     6.734 r  aclk
                         net (fo=1857, unset)         0.924     7.658    aclk
    SLICE_X30Y5          FDRE                                         r  col_ff_reg[6]/C
                         clock pessimism              0.000     7.658    <hidden>
                         clock uncertainty           -0.035     7.623    <hidden>
    SLICE_X30Y5          FDRE (Setup_fdre_C_R)       -0.524     7.099    col_ff_reg[6]
  -------------------------------------------------------------------
                         required time                          7.099    <hidden>
                         arrival time                          -6.944    <hidden>
  -------------------------------------------------------------------
                         slack                                  0.155    <hidden>

Slack (MET) :             0.163ns  (required time - arrival time)
  Source:                 aresetn
                            (input port clocked by aclk  {rise@0.000ns fall@3.367ns period=6.734ns})
  Destination:            k1_q_reg[0][3]/S
                            (rising edge-triggered cell FDSE clocked by aclk  {rise@0.000ns fall@3.367ns period=6.734ns})
  Path Group:             aclk
  Path Type:              Setup (Max at Slow Process Corner)
  Requirement:            6.734ns  (aclk rise@6.734ns - aclk rise@0.000ns)
  Data Path Delay:        5.031ns  (logic 0.124ns (2.465%)  route 4.907ns (97.535%))
  Logic Levels:           1  (LUT1=1)
  Input Delay:            2.000ns
  Clock Path Skew:        0.924ns (DCD - SCD + CPR)
    Destination Clock Delay (DCD):    0.924ns = ( 7.658 - 6.734 ) 
    Source Clock Delay      (SCD):    0.000ns
    Clock Pessimism Removal (CPR):    0.000ns
  Clock Uncertainty:      0.035ns  ((TSJ^2 + TIJ^2)^1/2 + DJ) / 2 + PE
    Total System Jitter     (TSJ):    0.071ns
    Total Input Jitter      (TIJ):    0.000ns
    Discrete Jitter          (DJ):    0.000ns
    Phase Error              (PE):    0.000ns

    Location             Delay type                Incr(ns)  Path(ns)    Netlist Resource(s)
  -------------------------------------------------------------------    -------------------
                         (clock aclk rise edge)       0.000     0.000 r  <hidden>
                         input delay                  2.000     2.000    <hidden>
                                                      0.000     2.000 f  aresetn
                         net (fo=19, unset)           0.973     2.973    aresetn
    SLICE_X32Y24         LUT1 (Prop_lut1_I0_O)        0.124     3.097 r  m_axis_tdata[7]_i_1/O
                         net (fo=643, routed)         3.934     7.031    m_axis_tdata[7]_i_1_n_0
    SLICE_X13Y6          FDSE                                         r  k1_q_reg[0][3]/S
  -------------------------------------------------------------------    -------------------

                         (clock aclk rise edge)       6.734     6.734 r  <hidden>
                                                      0.000     6.734 r  aclk
                         net (fo=1857, unset)         0.924     7.658    aclk
    SLICE_X13Y6          FDSE                                         r  k1_q_reg[0][3]/C
                         clock pessimism              0.000     7.658    <hidden>
                         clock uncertainty           -0.035     7.623    <hidden>
    SLICE_X13Y6          FDSE (Setup_fdse_C_S)       -0.429     7.194    k1_q_reg[0][3]
  -------------------------------------------------------------------
                         required time                          7.194    <hidden>
                         arrival time                          -7.031    <hidden>
  -------------------------------------------------------------------
                         slack                                  0.163    <hidden>

Slack (MET) :             0.163ns  (required time - arrival time)
  Source:                 aresetn
                            (input port clocked by aclk  {rise@0.000ns fall@3.367ns period=6.734ns})
  Destination:            k1_q_reg[0][4]/S
                            (rising edge-triggered cell FDSE clocked by aclk  {rise@0.000ns fall@3.367ns period=6.734ns})
  Path Group:             aclk
  Path Type:              Setup (Max at Slow Process Corner)
  Requirement:            6.734ns  (aclk rise@6.734ns - aclk rise@0.000ns)
  Data Path Delay:        5.031ns  (logic 0.124ns (2.465%)  route 4.907ns (97.535%))
  Logic Levels:           1  (LUT1=1)
  Input Delay:            2.000ns
  Clock Path Skew:        0.924ns (DCD - SCD + CPR)
    Destination Clock Delay (DCD):    0.924ns = ( 7.658 - 6.734 ) 
    Source Clock Delay      (SCD):    0.000ns
    Clock Pessimism Removal (CPR):    0.000ns
  Clock Uncertainty:      0.035ns  ((TSJ^2 + TIJ^2)^1/2 + DJ) / 2 + PE
    Total System Jitter     (TSJ):    0.071ns
    Total Input Jitter      (TIJ):    0.000ns
    Discrete Jitter          (DJ):    0.000ns
    Phase Error              (PE):    0.000ns

    Location             Delay type                Incr(ns)  Path(ns)    Netlist Resource(s)
  -------------------------------------------------------------------    -------------------
                         (clock aclk rise edge)       0.000     0.000 r  <hidden>
                         input delay                  2.000     2.000    <hidden>
                                                      0.000     2.000 f  aresetn
                         net (fo=19, unset)           0.973     2.973    aresetn
    SLICE_X32Y24         LUT1 (Prop_lut1_I0_O)        0.124     3.097 r  m_axis_tdata[7]_i_1/O
                         net (fo=643, routed)         3.934     7.031    m_axis_tdata[7]_i_1_n_0
    SLICE_X13Y6          FDSE                                         r  k1_q_reg[0][4]/S
  -------------------------------------------------------------------    -------------------

                         (clock aclk rise edge)       6.734     6.734 r  <hidden>
                                                      0.000     6.734 r  aclk
                         net (fo=1857, unset)         0.924     7.658    aclk
    SLICE_X13Y6          FDSE                                         r  k1_q_reg[0][4]/C
                         clock pessimism              0.000     7.658    <hidden>
                         clock uncertainty           -0.035     7.623    <hidden>
    SLICE_X13Y6          FDSE (Setup_fdse_C_S)       -0.429     7.194    k1_q_reg[0][4]
  -------------------------------------------------------------------
                         required time                          7.194    <hidden>
                         arrival time                          -7.031    <hidden>
  -------------------------------------------------------------------
                         slack                                  0.163    <hidden>

Slack (MET) :             0.170ns  (required time - arrival time)
  Source:                 aresetn
                            (input port clocked by aclk  {rise@0.000ns fall@3.367ns period=6.734ns})
  Destination:            push_q_reg/R
                            (rising edge-triggered cell FDRE clocked by aclk  {rise@0.000ns fall@3.367ns period=6.734ns})
  Path Group:             aclk
  Path Type:              Setup (Max at Slow Process Corner)
  Requirement:            6.734ns  (aclk rise@6.734ns - aclk rise@0.000ns)
  Data Path Delay:        4.929ns  (logic 0.124ns (2.516%)  route 4.805ns (97.484%))
  Logic Levels:           1  (LUT1=1)
  Input Delay:            2.000ns
  Clock Path Skew:        0.924ns (DCD - SCD + CPR)
    Destination Clock Delay (DCD):    0.924ns = ( 7.658 - 6.734 ) 
    Source Clock Delay      (SCD):    0.000ns
    Clock Pessimism Removal (CPR):    0.000ns
  Clock Uncertainty:      0.035ns  ((TSJ^2 + TIJ^2)^1/2 + DJ) / 2 + PE
    Total System Jitter     (TSJ):    0.071ns
    Total Input Jitter      (TIJ):    0.000ns
    Discrete Jitter          (DJ):    0.000ns
    Phase Error              (PE):    0.000ns

    Location             Delay type                Incr(ns)  Path(ns)    Netlist Resource(s)
  -------------------------------------------------------------------    -------------------
                         (clock aclk rise edge)       0.000     0.000 r  <hidden>
                         input delay                  2.000     2.000    <hidden>
                                                      0.000     2.000 f  aresetn
                         net (fo=19, unset)           0.973     2.973    aresetn
    SLICE_X32Y24         LUT1 (Prop_lut1_I0_O)        0.124     3.097 r  m_axis_tdata[7]_i_1/O
                         net (fo=643, routed)         3.832     6.929    m_axis_tdata[7]_i_1_n_0
    SLICE_X30Y3          FDRE                                         r  push_q_reg/R
  -------------------------------------------------------------------    -------------------

                         (clock aclk rise edge)       6.734     6.734 r  <hidden>
                                                      0.000     6.734 r  aclk
                         net (fo=1857, unset)         0.924     7.658    aclk
    SLICE_X30Y3          FDRE                                         r  push_q_reg/C
                         clock pessimism              0.000     7.658    <hidden>
                         clock uncertainty           -0.035     7.623    <hidden>
    SLICE_X30Y3          FDRE (Setup_fdre_C_R)       -0.524     7.099    push_q_reg
  -------------------------------------------------------------------
                         required time                          7.099    <hidden>
                         arrival time                          -6.929    <hidden>
  -------------------------------------------------------------------
                         slack                                  0.170    <hidden>

Slack (MET) :             0.175ns  (required time - arrival time)
  Source:                 aresetn
                            (input port clocked by aclk  {rise@0.000ns fall@3.367ns period=6.734ns})
  Destination:            col_in_reg[3]_rep__4/R
                            (rising edge-triggered cell FDRE clocked by aclk  {rise@0.000ns fall@3.367ns period=6.734ns})
  Path Group:             aclk
  Path Type:              Setup (Max at Slow Process Corner)
  Requirement:            6.734ns  (aclk rise@6.734ns - aclk rise@0.000ns)
  Data Path Delay:        5.019ns  (logic 0.124ns (2.471%)  route 4.895ns (97.529%))
  Logic Levels:           1  (LUT1=1)
  Input Delay:            2.000ns
  Clock Path Skew:        0.924ns (DCD - SCD + CPR)
    Destination Clock Delay (DCD):    0.924ns = ( 7.658 - 6.734 ) 
    Source Clock Delay      (SCD):    0.000ns
    Clock Pessimism Removal (CPR):    0.000ns
  Clock Uncertainty:      0.035ns  ((TSJ^2 + TIJ^2)^1/2 + DJ) / 2 + PE
    Total System Jitter     (TSJ):    0.071ns
    Total Input Jitter      (TIJ):    0.000ns
    Discrete Jitter          (DJ):    0.000ns
    Phase Error              (PE):    0.000ns

    Location             Delay type                Incr(ns)  Path(ns)    Netlist Resource(s)
  -------------------------------------------------------------------    -------------------
                         (clock aclk rise edge)       0.000     0.000 r  <hidden>
                         input delay                  2.000     2.000    <hidden>
                                                      0.000     2.000 f  aresetn
                         net (fo=19, unset)           0.973     2.973    aresetn
    SLICE_X32Y24         LUT1 (Prop_lut1_I0_O)        0.124     3.097 r  m_axis_tdata[7]_i_1/O
                         net (fo=643, routed)         3.922     7.019    m_axis_tdata[7]_i_1_n_0
    SLICE_X17Y9          FDRE                                         r  col_in_reg[3]_rep__4/R
  -------------------------------------------------------------------    -------------------

                         (clock aclk rise edge)       6.734     6.734 r  <hidden>
                                                      0.000     6.734 r  aclk
                         net (fo=1857, unset)         0.924     7.658    aclk
    SLICE_X17Y9          FDRE                                         r  col_in_reg[3]_rep__4/C
                         clock pessimism              0.000     7.658    <hidden>
                         clock uncertainty           -0.035     7.623    <hidden>
    SLICE_X17Y9          FDRE (Setup_fdre_C_R)       -0.429     7.194    col_in_reg[3]_rep__4
  -------------------------------------------------------------------
                         required time                          7.194    <hidden>
                         arrival time                          -7.019    <hidden>
  -------------------------------------------------------------------
                         slack                                  0.175    <hidden>

Slack (MET) :             0.177ns  (required time - arrival time)
  Source:                 aresetn
                            (input port clocked by aclk  {rise@0.000ns fall@3.367ns period=6.734ns})
  Destination:            k1_q_reg[0][2]/S
                            (rising edge-triggered cell FDSE clocked by aclk  {rise@0.000ns fall@3.367ns period=6.734ns})
  Path Group:             aclk
  Path Type:              Setup (Max at Slow Process Corner)
  Requirement:            6.734ns  (aclk rise@6.734ns - aclk rise@0.000ns)
  Data Path Delay:        5.017ns  (logic 0.124ns (2.472%)  route 4.893ns (97.528%))
  Logic Levels:           1  (LUT1=1)
  Input Delay:            2.000ns
  Clock Path Skew:        0.924ns (DCD - SCD + CPR)
    Destination Clock Delay (DCD):    0.924ns = ( 7.658 - 6.734 ) 
    Source Clock Delay      (SCD):    0.000ns
    Clock Pessimism Removal (CPR):    0.000ns
  Clock Uncertainty:      0.035ns  ((TSJ^2 + TIJ^2)^1/2 + DJ) / 2 + PE
    Total System Jitter     (TSJ):    0.071ns
    Total Input Jitter      (TIJ):    0.000ns
    Discrete Jitter          (DJ):    0.000ns
    Phase Error              (PE):    0.000ns

    Location             Delay type                Incr(ns)  Path(ns)    Netlist Resource(s)
  -------------------------------------------------------------------    -------------------
                         (clock aclk rise edge)       0.000     0.000 r  <hidden>
                         input delay                  2.000     2.000    <hidden>
                                                      0.000     2.000 f  aresetn
                         net (fo=19, unset)           0.973     2.973    aresetn
    SLICE_X32Y24         LUT1 (Prop_lut1_I0_O)        0.124     3.097 r  m_axis_tdata[7]_i_1/O
                         net (fo=643, routed)         3.920     7.017    m_axis_tdata[7]_i_1_n_0
    SLICE_X9Y8           FDSE                                         r  k1_q_reg[0][2]/S
  -------------------------------------------------------------------    -------------------

                         (clock aclk rise edge)       6.734     6.734 r  <hidden>
                                                      0.000     6.734 r  aclk
                         net (fo=1857, unset)         0.924     7.658    aclk
    SLICE_X9Y8           FDSE                                         r  k1_q_reg[0][2]/C
                         clock pessimism              0.000     7.658    <hidden>
                         clock uncertainty           -0.035     7.623    <hidden>
    SLICE_X9Y8           FDSE (Setup_fdse_C_S)       -0.429     7.194    k1_q_reg[0][2]
  -------------------------------------------------------------------
                         required time                          7.194    <hidden>
                         arrival time                          -7.017    <hidden>
  -------------------------------------------------------------------
                         slack                                  0.177    <hidden>

Slack (MET) :             0.180ns  (required time - arrival time)
  Source:                 aresetn
                            (input port clocked by aclk  {rise@0.000ns fall@3.367ns period=6.734ns})
  Destination:            col_ff_reg[1]_rep/R
                            (rising edge-triggered cell FDRE clocked by aclk  {rise@0.000ns fall@3.367ns period=6.734ns})
  Path Group:             aclk
  Path Type:              Setup (Max at Slow Process Corner)
  Requirement:            6.734ns  (aclk rise@6.734ns - aclk rise@0.000ns)
  Data Path Delay:        5.014ns  (logic 0.124ns (2.473%)  route 4.890ns (97.527%))
  Logic Levels:           1  (LUT1=1)
  Input Delay:            2.000ns
  Clock Path Skew:        0.924ns (DCD - SCD + CPR)
    Destination Clock Delay (DCD):    0.924ns = ( 7.658 - 6.734 ) 
    Source Clock Delay      (SCD):    0.000ns
    Clock Pessimism Removal (CPR):    0.000ns
  Clock Uncertainty:      0.035ns  ((TSJ^2 + TIJ^2)^1/2 + DJ) / 2 + PE
    Total System Jitter     (TSJ):    0.071ns
    Total Input Jitter      (TIJ):    0.000ns
    Discrete Jitter          (DJ):    0.000ns
    Phase Error              (PE):    0.000ns

    Location             Delay type                Incr(ns)  Path(ns)    Netlist Resource(s)
  -------------------------------------------------------------------    -------------------
                         (clock aclk rise edge)       0.000     0.000 r  <hidden>
                         input delay                  2.000     2.000    <hidden>
                                                      0.000     2.000 f  aresetn
                         net (fo=19, unset)           0.973     2.973    aresetn
    SLICE_X32Y24         LUT1 (Prop_lut1_I0_O)        0.124     3.097 r  m_axis_tdata[7]_i_1/O
                         net (fo=643, routed)         3.917     7.014    m_axis_tdata[7]_i_1_n_0
    SLICE_X13Y4          FDRE                                         r  col_ff_reg[1]_rep/R
  -------------------------------------------------------------------    -------------------

                         (clock aclk rise edge)       6.734     6.734 r  <hidden>
                                                      0.000     6.734 r  aclk
                         net (fo=1857, unset)         0.924     7.658    aclk
    SLICE_X13Y4          FDRE                                         r  col_ff_reg[1]_rep/C
                         clock pessimism              0.000     7.658    <hidden>
                         clock uncertainty           -0.035     7.623    <hidden>
    SLICE_X13Y4          FDRE (Setup_fdre_C_R)       -0.429     7.194    col_ff_reg[1]_rep
  -------------------------------------------------------------------
                         required time                          7.194    <hidden>
                         arrival time                          -7.014    <hidden>
  -------------------------------------------------------------------
                         slack                                  0.180    <hidden>

Slack (MET) :             0.180ns  (required time - arrival time)
  Source:                 aresetn
                            (input port clocked by aclk  {rise@0.000ns fall@3.367ns period=6.734ns})
  Destination:            col_ff_reg[2]_rep/R
                            (rising edge-triggered cell FDRE clocked by aclk  {rise@0.000ns fall@3.367ns period=6.734ns})
  Path Group:             aclk
  Path Type:              Setup (Max at Slow Process Corner)
  Requirement:            6.734ns  (aclk rise@6.734ns - aclk rise@0.000ns)
  Data Path Delay:        5.014ns  (logic 0.124ns (2.473%)  route 4.890ns (97.527%))
  Logic Levels:           1  (LUT1=1)
  Input Delay:            2.000ns
  Clock Path Skew:        0.924ns (DCD - SCD + CPR)
    Destination Clock Delay (DCD):    0.924ns = ( 7.658 - 6.734 ) 
    Source Clock Delay      (SCD):    0.000ns
    Clock Pessimism Removal (CPR):    0.000ns
  Clock Uncertainty:      0.035ns  ((TSJ^2 + TIJ^2)^1/2 + DJ) / 2 + PE
    Total System Jitter     (TSJ):    0.071ns
    Total Input Jitter      (TIJ):    0.000ns
    Discrete Jitter          (DJ):    0.000ns
    Phase Error              (PE):    0.000ns

    Location             Delay type                Incr(ns)  Path(ns)    Netlist Resource(s)
  -------------------------------------------------------------------    -------------------
                         (clock aclk rise edge)       0.000     0.000 r  <hidden>
                         input delay                  2.000     2.000    <hidden>
                                                      0.000     2.000 f  aresetn
                         net (fo=19, unset)           0.973     2.973    aresetn
    SLICE_X32Y24         LUT1 (Prop_lut1_I0_O)        0.124     3.097 r  m_axis_tdata[7]_i_1/O
                         net (fo=643, routed)         3.917     7.014    m_axis_tdata[7]_i_1_n_0
    SLICE_X13Y4          FDRE                                         r  col_ff_reg[2]_rep/R
  -------------------------------------------------------------------    -------------------

                         (clock aclk rise edge)       6.734     6.734 r  <hidden>
                                                      0.000     6.734 r  aclk
                         net (fo=1857, unset)         0.924     7.658    aclk
    SLICE_X13Y4          FDRE                                         r  col_ff_reg[2]_rep/C
                         clock pessimism              0.000     7.658    <hidden>
                         clock uncertainty           -0.035     7.623    <hidden>
    SLICE_X13Y4          FDRE (Setup_fdre_C_R)       -0.429     7.194    col_ff_reg[2]_rep
  -------------------------------------------------------------------
                         required time                          7.194    <hidden>
                         arrival time                          -7.014    <hidden>
  -------------------------------------------------------------------
                         slack                                  0.180    <hidden>

Slack (MET) :             0.180ns  (required time - arrival time)
  Source:                 aresetn
                            (input port clocked by aclk  {rise@0.000ns fall@3.367ns period=6.734ns})
  Destination:            col_ff_reg[3]_rep/R
                            (rising edge-triggered cell FDRE clocked by aclk  {rise@0.000ns fall@3.367ns period=6.734ns})
  Path Group:             aclk
  Path Type:              Setup (Max at Slow Process Corner)
  Requirement:            6.734ns  (aclk rise@6.734ns - aclk rise@0.000ns)
  Data Path Delay:        5.014ns  (logic 0.124ns (2.473%)  route 4.890ns (97.527%))
  Logic Levels:           1  (LUT1=1)
  Input Delay:            2.000ns
  Clock Path Skew:        0.924ns (DCD - SCD + CPR)
    Destination Clock Delay (DCD):    0.924ns = ( 7.658 - 6.734 ) 
    Source Clock Delay      (SCD):    0.000ns
    Clock Pessimism Removal (CPR):    0.000ns
  Clock Uncertainty:      0.035ns  ((TSJ^2 + TIJ^2)^1/2 + DJ) / 2 + PE
    Total System Jitter     (TSJ):    0.071ns
    Total Input Jitter      (TIJ):    0.000ns
    Discrete Jitter          (DJ):    0.000ns
    Phase Error              (PE):    0.000ns

    Location             Delay type                Incr(ns)  Path(ns)    Netlist Resource(s)
  -------------------------------------------------------------------    -------------------
                         (clock aclk rise edge)       0.000     0.000 r  <hidden>
                         input delay                  2.000     2.000    <hidden>
                                                      0.000     2.000 f  aresetn
                         net (fo=19, unset)           0.973     2.973    aresetn
    SLICE_X32Y24         LUT1 (Prop_lut1_I0_O)        0.124     3.097 r  m_axis_tdata[7]_i_1/O
                         net (fo=643, routed)         3.917     7.014    m_axis_tdata[7]_i_1_n_0
    SLICE_X13Y4          FDRE                                         r  col_ff_reg[3]_rep/R
  -------------------------------------------------------------------    -------------------

                         (clock aclk rise edge)       6.734     6.734 r  <hidden>
                                                      0.000     6.734 r  aclk
                         net (fo=1857, unset)         0.924     7.658    aclk
    SLICE_X13Y4          FDRE                                         r  col_ff_reg[3]_rep/C
                         clock pessimism              0.000     7.658    <hidden>
                         clock uncertainty           -0.035     7.623    <hidden>
    SLICE_X13Y4          FDRE (Setup_fdre_C_R)       -0.429     7.194    col_ff_reg[3]_rep
  -------------------------------------------------------------------
                         required time                          7.194    <hidden>
                         arrival time                          -7.014    <hidden>
  -------------------------------------------------------------------
                         slack                                  0.180    <hidden>

Slack (MET) :             0.180ns  (required time - arrival time)
  Source:                 aresetn
                            (input port clocked by aclk  {rise@0.000ns fall@3.367ns period=6.734ns})
  Destination:            col_ff_reg[4]_rep__0/R
                            (rising edge-triggered cell FDRE clocked by aclk  {rise@0.000ns fall@3.367ns period=6.734ns})
  Path Group:             aclk
  Path Type:              Setup (Max at Slow Process Corner)
  Requirement:            6.734ns  (aclk rise@6.734ns - aclk rise@0.000ns)
  Data Path Delay:        5.014ns  (logic 0.124ns (2.473%)  route 4.890ns (97.527%))
  Logic Levels:           1  (LUT1=1)
  Input Delay:            2.000ns
  Clock Path Skew:        0.924ns (DCD - SCD + CPR)
    Destination Clock Delay (DCD):    0.924ns = ( 7.658 - 6.734 ) 
    Source Clock Delay      (SCD):    0.000ns
    Clock Pessimism Removal (CPR):    0.000ns
  Clock Uncertainty:      0.035ns  ((TSJ^2 + TIJ^2)^1/2 + DJ) / 2 + PE
    Total System Jitter     (TSJ):    0.071ns
    Total Input Jitter      (TIJ):    0.000ns
    Discrete Jitter          (DJ):    0.000ns
    Phase Error              (PE):    0.000ns

    Location             Delay type                Incr(ns)  Path(ns)    Netlist Resource(s)
  -------------------------------------------------------------------    -------------------
                         (clock aclk rise edge)       0.000     0.000 r  <hidden>
                         input delay                  2.000     2.000    <hidden>
                                                      0.000     2.000 f  aresetn
                         net (fo=19, unset)           0.973     2.973    aresetn
    SLICE_X32Y24         LUT1 (Prop_lut1_I0_O)        0.124     3.097 r  m_axis_tdata[7]_i_1/O
                         net (fo=643, routed)         3.917     7.014    m_axis_tdata[7]_i_1_n_0
    SLICE_X13Y4          FDRE                                         r  col_ff_reg[4]_rep__0/R
  -------------------------------------------------------------------    -------------------

                         (clock aclk rise edge)       6.734     6.734 r  <hidden>
                                                      0.000     6.734 r  aclk
                         net (fo=1857, unset)         0.924     7.658    aclk
    SLICE_X13Y4          FDRE                                         r  col_ff_reg[4]_rep__0/C
                         clock pessimism              0.000     7.658    <hidden>
                         clock uncertainty           -0.035     7.623    <hidden>
    SLICE_X13Y4          FDRE (Setup_fdre_C_R)       -0.429     7.194    col_ff_reg[4]_rep__0
  -------------------------------------------------------------------
                         required time                          7.194    <hidden>
                         arrival time                          -7.014    <hidden>
  -------------------------------------------------------------------
                         slack                                  0.180    <hidden>

Slack (MET) :             0.181ns  (required time - arrival time)
  Source:                 aresetn
                            (input port clocked by aclk  {rise@0.000ns fall@3.367ns period=6.734ns})
  Destination:            s_axil_arready_reg/R
                            (rising edge-triggered cell FDRE clocked by aclk  {rise@0.000ns fall@3.367ns period=6.734ns})
  Path Group:             aclk
  Path Type:              Setup (Max at Slow Process Corner)
  Requirement:            6.734ns  (aclk rise@6.734ns - aclk rise@0.000ns)
  Data Path Delay:        4.918ns  (logic 0.124ns (2.521%)  route 4.794ns (97.479%))
  Logic Levels:           1  (LUT1=1)
  Input Delay:            2.000ns
  Clock Path Skew:        0.924ns (DCD - SCD + CPR)
    Destination Clock Delay (DCD):    0.924ns = ( 7.658 - 6.734 ) 
    Source Clock Delay      (SCD):    0.000ns
    Clock Pessimism Removal (CPR):    0.000ns
  Clock Uncertainty:      0.035ns  ((TSJ^2 + TIJ^2)^1/2 + DJ) / 2 + PE
    Total System Jitter     (TSJ):    0.071ns
    Total Input Jitter      (TIJ):    0.000ns
    Discrete Jitter          (DJ):    0.000ns
    Phase Error              (PE):    0.000ns

    Location             Delay type                Incr(ns)  Path(ns)    Netlist Resource(s)
  -------------------------------------------------------------------    -------------------
                         (clock aclk rise edge)       0.000     0.000 r  <hidden>
                         input delay                  2.000     2.000    <hidden>
                                                      0.000     2.000 f  aresetn
                         net (fo=19, unset)           0.973     2.973    aresetn
    SLICE_X32Y24         LUT1 (Prop_lut1_I0_O)        0.124     3.097 r  m_axis_tdata[7]_i_1/O
                         net (fo=643, routed)         3.821     6.918    m_axis_tdata[7]_i_1_n_0
    SLICE_X0Y1           FDRE                                         r  s_axil_arready_reg/R
  -------------------------------------------------------------------    -------------------

                         (clock aclk rise edge)       6.734     6.734 r  <hidden>
                                                      0.000     6.734 r  aclk
                         net (fo=1857, unset)         0.924     7.658    aclk
    SLICE_X0Y1           FDRE                                         r  s_axil_arready_reg/C
                         clock pessimism              0.000     7.658    <hidden>
                         clock uncertainty           -0.035     7.623    <hidden>
    SLICE_X0Y1           FDRE (Setup_fdre_C_R)       -0.524     7.099    s_axil_arready_reg
  -------------------------------------------------------------------
                         required time                          7.099    <hidden>
                         arrival time                          -6.918    <hidden>
  -------------------------------------------------------------------
                         slack                                  0.181    <hidden>

Slack (MET) :             0.188ns  (required time - arrival time)
  Source:                 col_ff_reg[1]_rep__4/C
                            (rising edge-triggered cell FDRE clocked by aclk  {rise@0.000ns fall@3.367ns period=6.734ns})
  Destination:            t2_m[5]_i_1_psdsp_3/D
                            (rising edge-triggered cell FDRE clocked by aclk  {rise@0.000ns fall@3.367ns period=6.734ns})
  Path Group:             aclk
  Path Type:              Setup (Max at Slow Process Corner)
  Requirement:            6.734ns  (aclk rise@6.734ns - aclk rise@0.000ns)
  Data Path Delay:        6.193ns  (logic 1.760ns (28.417%)  route 4.433ns (71.583%))
  Logic Levels:           6  (LUT3=1 LUT6=2 MUXF7=2 RAMD64E=1)
  Clock Path Skew:        -0.049ns (DCD - SCD + CPR)
    Destination Clock Delay (DCD):    0.924ns = ( 7.658 - 6.734 ) 
    Source Clock Delay      (SCD):    0.973ns
    Clock Pessimism Removal (CPR):    0.000ns
  Clock Uncertainty:      0.035ns  ((TSJ^2 + TIJ^2)^1/2 + DJ) / 2 + PE
    Total System Jitter     (TSJ):    0.071ns
    Total Input Jitter      (TIJ):    0.000ns
    Discrete Jitter          (DJ):    0.000ns
    Phase Error              (PE):    0.000ns

    Location             Delay type                Incr(ns)  Path(ns)    Netlist Resource(s)
  -------------------------------------------------------------------    -------------------
                         (clock aclk rise edge)       0.000     0.000 r  <hidden>
                                                      0.000     0.000 r  aclk
                         net (fo=1857, unset)         0.973     0.973    aclk
    SLICE_X11Y16         FDRE                                         r  col_ff_reg[1]_rep__4/C
  -------------------------------------------------------------------    -------------------
    SLICE_X11Y16         FDRE (Prop_fdre_C_Q)         0.456     1.429 r  col_ff_reg[1]_rep__4/Q
                         net (fo=64, routed)          1.455     2.884    lb1_reg_896_1023_5_5/DPRA1
    SLICE_X12Y20         RAMD64E (Prop_ramd64e_RADR1_O)
                                                      0.124     3.008 r  lb1_reg_896_1023_5_5/DP.HIGH/O
                         net (fo=1, routed)           0.000     3.008    lb1_reg_896_1023_5_5/DPO1
    SLICE_X12Y20         MUXF7 (Prop_muxf7_I1_O)      0.214     3.222 r  lb1_reg_896_1023_5_5/F7.DP/O
                         net (fo=1, routed)           1.003     4.225    lb1_reg_896_1023_5_5_n_0
    SLICE_X15Y16         LUT6 (Prop_lut6_I0_O)        0.297     4.522 r  t2_b[5]_i_7/O
                         net (fo=1, routed)           0.000     4.522    t2_b[5]_i_7_n_0
    SLICE_X15Y16         MUXF7 (Prop_muxf7_I1_O)      0.217     4.739 r  t2_b_reg[5]_i_3/O
                         net (fo=1, routed)           0.575     5.314    t2_b_reg[5]_i_3_n_0
    SLICE_X15Y17         LUT6 (Prop_lut6_I1_O)        0.299     5.613 r  t2_b[5]_i_2/O
                         net (fo=2, routed)           1.031     6.645    t2_b[5]_i_2_n_0
    SLICE_X17Y20         LUT3 (Prop_lut3_I2_O)        0.153     6.798 r  t2_m[5]_i_1/O
                         net (fo=5, routed)           0.369     7.166    mid_px[5]
    SLICE_X19Y20         FDRE                                         r  t2_m[5]_i_1_psdsp_3/D
  -------------------------------------------------------------------    -------------------

                         (clock aclk rise edge)       6.734     6.734 r  <hidden>
                                                      0.000     6.734 r  aclk
                         net (fo=1857, unset)         0.924     7.658    aclk
    SLICE_X19Y20         FDRE                                         r  t2_m[5]_i_1_psdsp_3/C
                         clock pessimism              0.000     7.658    <hidden>
                         clock uncertainty           -0.035     7.623    <hidden>
    SLICE_X19Y20         FDRE (Setup_fdre_C_D)       -0.269     7.354    t2_m[5]_i_1_psdsp_3
  -------------------------------------------------------------------
                         required time                          7.354    <hidden>
                         arrival time                          -7.166    <hidden>
  -------------------------------------------------------------------
                         slack                                  0.188    <hidden>

Slack (MET) :             0.190ns  (required time - arrival time)
  Source:                 aresetn
                            (input port clocked by aclk  {rise@0.000ns fall@3.367ns period=6.734ns})
  Destination:            col_ff_reg[5]_rep__3/R
                            (rising edge-triggered cell FDRE clocked by aclk  {rise@0.000ns fall@3.367ns period=6.734ns})
  Path Group:             aclk
  Path Type:              Setup (Max at Slow Process Corner)
  Requirement:            6.734ns  (aclk rise@6.734ns - aclk rise@0.000ns)
  Data Path Delay:        5.004ns  (logic 0.124ns (2.478%)  route 4.880ns (97.522%))
  Logic Levels:           1  (LUT1=1)
  Input Delay:            2.000ns
  Clock Path Skew:        0.924ns (DCD - SCD + CPR)
    Destination Clock Delay (DCD):    0.924ns = ( 7.658 - 6.734 ) 
    Source Clock Delay      (SCD):    0.000ns
    Clock Pessimism Removal (CPR):    0.000ns
  Clock Uncertainty:      0.035ns  ((TSJ^2 + TIJ^2)^1/2 + DJ) / 2 + PE
    Total System Jitter     (TSJ):    0.071ns
    Total Input Jitter      (TIJ):    0.000ns
    Discrete Jitter          (DJ):    0.000ns
    Phase Error              (PE):    0.000ns

    Location             Delay type                Incr(ns)  Path(ns)    Netlist Resource(s)
  -------------------------------------------------------------------    -------------------
                         (clock aclk rise edge)       0.000     0.000 r  <hidden>
                         input delay                  2.000     2.000    <hidden>
                                                      0.000     2.000 f  aresetn
                         net (fo=19, unset)           0.973     2.973    aresetn
    SLICE_X32Y24         LUT1 (Prop_lut1_I0_O)        0.124     3.097 r  m_axis_tdata[7]_i_1/O
                         net (fo=643, routed)         3.907     7.004    m_axis_tdata[7]_i_1_n_0
    SLICE_X15Y7          FDRE                                         r  col_ff_reg[5]_rep__3/R
  -------------------------------------------------------------------    -------------------

                         (clock aclk rise edge)       6.734     6.734 r  <hidden>
                                                      0.000     6.734 r  aclk
                         net (fo=1857, unset)         0.924     7.658    aclk
    SLICE_X15Y7          FDRE                                         r  col_ff_reg[5]_rep__3/C
                         clock pessimism              0.000     7.658    <hidden>
                         clock uncertainty           -0.035     7.623    <hidden>
    SLICE_X15Y7          FDRE (Setup_fdre_C_R)       -0.429     7.194    col_ff_reg[5]_rep__3
  -------------------------------------------------------------------
                         required time                          7.194    <hidden>
                         arrival time                          -7.004    <hidden>
  -------------------------------------------------------------------
                         slack                                  0.190    <hidden>

Slack (MET) :             0.193ns  (required time - arrival time)
  Source:                 col_ff_reg[1]_rep__4/C
                            (rising edge-triggered cell FDRE clocked by aclk  {rise@0.000ns fall@3.367ns period=6.734ns})
  Destination:            t2_m[5]_i_1_psdsp_2/D
                            (rising edge-triggered cell FDRE clocked by aclk  {rise@0.000ns fall@3.367ns period=6.734ns})
  Path Group:             aclk
  Path Type:              Setup (Max at Slow Process Corner)
  Requirement:            6.734ns  (aclk rise@6.734ns - aclk rise@0.000ns)
  Data Path Delay:        6.192ns  (logic 1.760ns (28.423%)  route 4.432ns (71.577%))
  Logic Levels:           6  (LUT3=1 LUT6=2 MUXF7=2 RAMD64E=1)
  Clock Path Skew:        -0.049ns (DCD - SCD + CPR)
    Destination Clock Delay (DCD):    0.924ns = ( 7.658 - 6.734 ) 
    Source Clock Delay      (SCD):    0.973ns
    Clock Pessimism Removal (CPR):    0.000ns
  Clock Uncertainty:      0.035ns  ((TSJ^2 + TIJ^2)^1/2 + DJ) / 2 + PE
    Total System Jitter     (TSJ):    0.071ns
    Total Input Jitter      (TIJ):    0.000ns
    Discrete Jitter          (DJ):    0.000ns
    Phase Error              (PE):    0.000ns

    Location             Delay type                Incr(ns)  Path(ns)    Netlist Resource(s)
  -------------------------------------------------------------------    -------------------
                         (clock aclk rise edge)       0.000     0.000 r  <hidden>
                                                      0.000     0.000 r  aclk
                         net (fo=1857, unset)         0.973     0.973    aclk
    SLICE_X11Y16         FDRE                                         r  col_ff_reg[1]_rep__4/C
  -------------------------------------------------------------------    -------------------
    SLICE_X11Y16         FDRE (Prop_fdre_C_Q)         0.456     1.429 r  col_ff_reg[1]_rep__4/Q
                         net (fo=64, routed)          1.455     2.884    lb1_reg_896_1023_5_5/DPRA1
    SLICE_X12Y20         RAMD64E (Prop_ramd64e_RADR1_O)
                                                      0.124     3.008 r  lb1_reg_896_1023_5_5/DP.HIGH/O
                         net (fo=1, routed)           0.000     3.008    lb1_reg_896_1023_5_5/DPO1
    SLICE_X12Y20         MUXF7 (Prop_muxf7_I1_O)      0.214     3.222 r  lb1_reg_896_1023_5_5/F7.DP/O
                         net (fo=1, routed)           1.003     4.225    lb1_reg_896_1023_5_5_n_0
    SLICE_X15Y16         LUT6 (Prop_lut6_I0_O)        0.297     4.522 r  t2_b[5]_i_7/O
                         net (fo=1, routed)           0.000     4.522    t2_b[5]_i_7_n_0
    SLICE_X15Y16         MUXF7 (Prop_muxf7_I1_O)      0.217     4.739 r  t2_b_reg[5]_i_3/O
                         net (fo=1, routed)           0.575     5.314    t2_b_reg[5]_i_3_n_0
    SLICE_X15Y17         LUT6 (Prop_lut6_I1_O)        0.299     5.613 r  t2_b[5]_i_2/O
                         net (fo=2, routed)           1.031     6.645    t2_b[5]_i_2_n_0
    SLICE_X17Y20         LUT3 (Prop_lut3_I2_O)        0.153     6.798 r  t2_m[5]_i_1/O
                         net (fo=5, routed)           0.367     7.165    mid_px[5]
    SLICE_X19Y20         FDRE                                         r  t2_m[5]_i_1_psdsp_2/D
  -------------------------------------------------------------------    -------------------

                         (clock aclk rise edge)       6.734     6.734 r  <hidden>
                                                      0.000     6.734 r  aclk
                         net (fo=1857, unset)         0.924     7.658    aclk
    SLICE_X19Y20         FDRE                                         r  t2_m[5]_i_1_psdsp_2/C
                         clock pessimism              0.000     7.658    <hidden>
                         clock uncertainty           -0.035     7.623    <hidden>
    SLICE_X19Y20         FDRE (Setup_fdre_C_D)       -0.265     7.358    t2_m[5]_i_1_psdsp_2
  -------------------------------------------------------------------
                         required time                          7.358    <hidden>
                         arrival time                          -7.165    <hidden>
  -------------------------------------------------------------------
                         slack                                  0.193    <hidden>

Slack (MET) :             0.200ns  (required time - arrival time)
  Source:                 col_ff_reg[1]_rep__4/C
                            (rising edge-triggered cell FDRE clocked by aclk  {rise@0.000ns fall@3.367ns period=6.734ns})
  Destination:            t2_m[5]_i_1_psdsp/D
                            (rising edge-triggered cell FDRE clocked by aclk  {rise@0.000ns fall@3.367ns period=6.734ns})
  Path Group:             aclk
  Path Type:              Setup (Max at Slow Process Corner)
  Requirement:            6.734ns  (aclk rise@6.734ns - aclk rise@0.000ns)
  Data Path Delay:        6.193ns  (logic 1.760ns (28.417%)  route 4.433ns (71.583%))
  Logic Levels:           6  (LUT3=1 LUT6=2 MUXF7=2 RAMD64E=1)
  Clock Path Skew:        -0.049ns (DCD - SCD + CPR)
    Destination Clock Delay (DCD):    0.924ns = ( 7.658 - 6.734 ) 
    Source Clock Delay      (SCD):    0.973ns
    Clock Pessimism Removal (CPR):    0.000ns
  Clock Uncertainty:      0.035ns  ((TSJ^2 + TIJ^2)^1/2 + DJ) / 2 + PE
    Total System Jitter     (TSJ):    0.071ns
    Total Input Jitter      (TIJ):    0.000ns
    Discrete Jitter          (DJ):    0.000ns
    Phase Error              (PE):    0.000ns

    Location             Delay type                Incr(ns)  Path(ns)    Netlist Resource(s)
  -------------------------------------------------------------------    -------------------
                         (clock aclk rise edge)       0.000     0.000 r  <hidden>
                                                      0.000     0.000 r  aclk
                         net (fo=1857, unset)         0.973     0.973    aclk
    SLICE_X11Y16         FDRE                                         r  col_ff_reg[1]_rep__4/C
  -------------------------------------------------------------------    -------------------
    SLICE_X11Y16         FDRE (Prop_fdre_C_Q)         0.456     1.429 r  col_ff_reg[1]_rep__4/Q
                         net (fo=64, routed)          1.455     2.884    lb1_reg_896_1023_5_5/DPRA1
    SLICE_X12Y20         RAMD64E (Prop_ramd64e_RADR1_O)
                                                      0.124     3.008 r  lb1_reg_896_1023_5_5/DP.HIGH/O
                         net (fo=1, routed)           0.000     3.008    lb1_reg_896_1023_5_5/DPO1
    SLICE_X12Y20         MUXF7 (Prop_muxf7_I1_O)      0.214     3.222 r  lb1_reg_896_1023_5_5/F7.DP/O
                         net (fo=1, routed)           1.003     4.225    lb1_reg_896_1023_5_5_n_0
    SLICE_X15Y16         LUT6 (Prop_lut6_I0_O)        0.297     4.522 r  t2_b[5]_i_7/O
                         net (fo=1, routed)           0.000     4.522    t2_b[5]_i_7_n_0
    SLICE_X15Y16         MUXF7 (Prop_muxf7_I1_O)      0.217     4.739 r  t2_b_reg[5]_i_3/O
                         net (fo=1, routed)           0.575     5.314    t2_b_reg[5]_i_3_n_0
    SLICE_X15Y17         LUT6 (Prop_lut6_I1_O)        0.299     5.613 r  t2_b[5]_i_2/O
                         net (fo=2, routed)           1.031     6.645    t2_b[5]_i_2_n_0
    SLICE_X17Y20         LUT3 (Prop_lut3_I2_O)        0.153     6.798 r  t2_m[5]_i_1/O
                         net (fo=5, routed)           0.369     7.166    mid_px[5]
    SLICE_X19Y20         FDRE                                         r  t2_m[5]_i_1_psdsp/D
  -------------------------------------------------------------------    -------------------

                         (clock aclk rise edge)       6.734     6.734 r  <hidden>
                                                      0.000     6.734 r  aclk
                         net (fo=1857, unset)         0.924     7.658    aclk
    SLICE_X19Y20         FDRE                                         r  t2_m[5]_i_1_psdsp/C
                         clock pessimism              0.000     7.658    <hidden>
                         clock uncertainty           -0.035     7.623    <hidden>
    SLICE_X19Y20         FDRE (Setup_fdre_C_D)       -0.257     7.366    t2_m[5]_i_1_psdsp
  -------------------------------------------------------------------
                         required time                          7.366    <hidden>
                         arrival time                          -7.166    <hidden>
  -------------------------------------------------------------------
                         slack                                  0.200    <hidden>

Slack (MET) :             0.210ns  (required time - arrival time)
  Source:                 col_ff_reg[1]_rep__4/C
                            (rising edge-triggered cell FDRE clocked by aclk  {rise@0.000ns fall@3.367ns period=6.734ns})
  Destination:            t2_m_reg[5]/D
                            (rising edge-triggered cell FDRE clocked by aclk  {rise@0.000ns fall@3.367ns period=6.734ns})
  Path Group:             aclk
  Path Type:              Setup (Max at Slow Process Corner)
  Requirement:            6.734ns  (aclk rise@6.734ns - aclk rise@0.000ns)
  Data Path Delay:        6.192ns  (logic 1.760ns (28.423%)  route 4.432ns (71.577%))
  Logic Levels:           6  (LUT3=1 LUT6=2 MUXF7=2 RAMD64E=1)
  Clock Path Skew:        -0.049ns (DCD - SCD + CPR)
    Destination Clock Delay (DCD):    0.924ns = ( 7.658 - 6.734 ) 
    Source Clock Delay      (SCD):    0.973ns
    Clock Pessimism Removal (CPR):    0.000ns
  Clock Uncertainty:      0.035ns  ((TSJ^2 + TIJ^2)^1/2 + DJ) / 2 + PE
    Total System Jitter     (TSJ):    0.071ns
    Total Input Jitter      (TIJ):    0.000ns
    Discrete Jitter          (DJ):    0.000ns
    Phase Error              (PE):    0.000ns

    Location             Delay type                Incr(ns)  Path(ns)    Netlist Resource(s)
  -------------------------------------------------------------------    -------------------
                         (clock aclk rise edge)       0.000     0.000 r  <hidden>
                                                      0.000     0.000 r  aclk
                         net (fo=1857, unset)         0.973     0.973    aclk
    SLICE_X11Y16         FDRE                                         r  col_ff_reg[1]_rep__4/C
  -------------------------------------------------------------------    -------------------
    SLICE_X11Y16         FDRE (Prop_fdre_C_Q)         0.456     1.429 r  col_ff_reg[1]_rep__4/Q
                         net (fo=64, routed)          1.455     2.884    lb1_reg_896_1023_5_5/DPRA1
    SLICE_X12Y20         RAMD64E (Prop_ramd64e_RADR1_O)
                                                      0.124     3.008 r  lb1_reg_896_1023_5_5/DP.HIGH/O
                         net (fo=1, routed)           0.000     3.008    lb1_reg_896_1023_5_5/DPO1
    SLICE_X12Y20         MUXF7 (Prop_muxf7_I1_O)      0.214     3.222 r  lb1_reg_896_1023_5_5/F7.DP/O
                         net (fo=1, routed)           1.003     4.225    lb1_reg_896_1023_5_5_n_0
    SLICE_X15Y16         LUT6 (Prop_lut6_I0_O)        0.297     4.522 r  t2_b[5]_i_7/O
                         net (fo=1, routed)           0.000     4.522    t2_b[5]_i_7_n_0
    SLICE_X15Y16         MUXF7 (Prop_muxf7_I1_O)      0.217     4.739 r  t2_b_reg[5]_i_3/O
                         net (fo=1, routed)           0.575     5.314    t2_b_reg[5]_i_3_n_0
    SLICE_X15Y17         LUT6 (Prop_lut6_I1_O)        0.299     5.613 r  t2_b[5]_i_2/O
                         net (fo=2, routed)           1.031     6.645    t2_b[5]_i_2_n_0
    SLICE_X17Y20         LUT3 (Prop_lut3_I2_O)        0.153     6.798 r  t2_m[5]_i_1/O
                         net (fo=5, routed)           0.367     7.165    mid_px[5]
    SLICE_X18Y20         FDRE                                         r  t2_m_reg[5]/D
  -------------------------------------------------------------------    -------------------

                         (clock aclk rise edge)       6.734     6.734 r  <hidden>
                                                      0.000     6.734 r  aclk
                         net (fo=1857, unset)         0.924     7.658    aclk
    SLICE_X18Y20         FDRE                                         r  t2_m_reg[5]/C
                         clock pessimism              0.000     7.658    <hidden>
                         clock uncertainty           -0.035     7.623    <hidden>
    SLICE_X18Y20         FDRE (Setup_fdre_C_D)       -0.248     7.375    t2_m_reg[5]
  -------------------------------------------------------------------
                         required time                          7.375    <hidden>
                         arrival time                          -7.165    <hidden>
  -------------------------------------------------------------------
                         slack                                  0.210    <hidden>

Slack (MET) :             0.211ns  (required time - arrival time)
  Source:                 aresetn
                            (input port clocked by aclk  {rise@0.000ns fall@3.367ns period=6.734ns})
  Destination:            col_in_reg[3]_rep__0/R
                            (rising edge-triggered cell FDRE clocked by aclk  {rise@0.000ns fall@3.367ns period=6.734ns})
  Path Group:             aclk
  Path Type:              Setup (Max at Slow Process Corner)
  Requirement:            6.734ns  (aclk rise@6.734ns - aclk rise@0.000ns)
  Data Path Delay:        4.983ns  (logic 0.124ns (2.488%)  route 4.859ns (97.512%))
  Logic Levels:           1  (LUT1=1)
  Input Delay:            2.000ns
  Clock Path Skew:        0.924ns (DCD - SCD + CPR)
    Destination Clock Delay (DCD):    0.924ns = ( 7.658 - 6.734 ) 
    Source Clock Delay      (SCD):    0.000ns
    Clock Pessimism Removal (CPR):    0.000ns
  Clock Uncertainty:      0.035ns  ((TSJ^2 + TIJ^2)^1/2 + DJ) / 2 + PE
    Total System Jitter     (TSJ):    0.071ns
    Total Input Jitter      (TIJ):    0.000ns
    Discrete Jitter          (DJ):    0.000ns
    Phase Error              (PE):    0.000ns

    Location             Delay type                Incr(ns)  Path(ns)    Netlist Resource(s)
  -------------------------------------------------------------------    -------------------
                         (clock aclk rise edge)       0.000     0.000 r  <hidden>
                         input delay                  2.000     2.000    <hidden>
                                                      0.000     2.000 f  aresetn
                         net (fo=19, unset)           0.973     2.973    aresetn
    SLICE_X32Y24         LUT1 (Prop_lut1_I0_O)        0.124     3.097 r  m_axis_tdata[7]_i_1/O
                         net (fo=643, routed)         3.886     6.983    m_axis_tdata[7]_i_1_n_0
    SLICE_X3Y11          FDRE                                         r  col_in_reg[3]_rep__0/R
  -------------------------------------------------------------------    -------------------

                         (clock aclk rise edge)       6.734     6.734 r  <hidden>
                                                      0.000     6.734 r  aclk
                         net (fo=1857, unset)         0.924     7.658    aclk
    SLICE_X3Y11          FDRE                                         r  col_in_reg[3]_rep__0/C
                         clock pessimism              0.000     7.658    <hidden>
                         clock uncertainty           -0.035     7.623    <hidden>
    SLICE_X3Y11          FDRE (Setup_fdre_C_R)       -0.429     7.194    col_in_reg[3]_rep__0
  -------------------------------------------------------------------
                         required time                          7.194    <hidden>
                         arrival time                          -6.983    <hidden>
  -------------------------------------------------------------------
                         slack                                  0.211    <hidden>





Min Delay Paths
--------------------------------------------------------------------------------------
Slack (MET) :             0.100ns  (arrival time - required time)
  Source:                 ccB_q_reg[1]/C
                            (rising edge-triggered cell FDRE clocked by aclk  {rise@0.000ns fall@3.367ns period=6.734ns})
  Destination:            cc1_q_reg[1]/D
                            (rising edge-triggered cell FDRE clocked by aclk  {rise@0.000ns fall@3.367ns period=6.734ns})
  Path Group:             aclk
  Path Type:              Hold (Min at Fast Process Corner)
  Requirement:            0.000ns  (aclk rise@0.000ns - aclk rise@0.000ns)
  Data Path Delay:        0.197ns  (logic 0.141ns (71.611%)  route 0.056ns (28.389%))
  Logic Levels:           0  
  Clock Path Skew:        0.022ns (DCD - SCD - CPR)
    Destination Clock Delay (DCD):    0.432ns
    Source Clock Delay      (SCD):    0.410ns
    Clock Pessimism Removal (CPR):    -0.000ns

    Location             Delay type                Incr(ns)  Path(ns)    Netlist Resource(s)
  -------------------------------------------------------------------    -------------------
                         (clock aclk rise edge)       0.000     0.000 r  <hidden>
                                                      0.000     0.000 r  aclk
                         net (fo=1857, unset)         0.410     0.410    aclk
    SLICE_X33Y1          FDRE                                         r  ccB_q_reg[1]/C
  -------------------------------------------------------------------    -------------------
    SLICE_X33Y1          FDRE (Prop_fdre_C_Q)         0.141     0.551 r  ccB_q_reg[1]/Q
                         net (fo=1, routed)           0.056     0.607    ccB_q[1]
    SLICE_X33Y1          FDRE                                         r  cc1_q_reg[1]/D
  -------------------------------------------------------------------    -------------------

                         (clock aclk rise edge)       0.000     0.000 r  <hidden>
                                                      0.000     0.000 r  aclk
                         net (fo=1857, unset)         0.432     0.432    aclk
    SLICE_X33Y1          FDRE                                         r  cc1_q_reg[1]/C
                         clock pessimism              0.000     0.432    <hidden>
    SLICE_X33Y1          FDRE (Hold_fdre_C_D)         0.075     0.507    cc1_q_reg[1]
  -------------------------------------------------------------------
                         required time                         -0.507    <hidden>
                         arrival time                           0.607    <hidden>
  -------------------------------------------------------------------
                         slack                                  0.100    <hidden>

Slack (MET) :             0.100ns  (arrival time - required time)
  Source:                 row1_q_reg[10]/C
                            (rising edge-triggered cell FDRE clocked by aclk  {rise@0.000ns fall@3.367ns period=6.734ns})
  Destination:            rowD_q_reg[10]/D
                            (rising edge-triggered cell FDRE clocked by aclk  {rise@0.000ns fall@3.367ns period=6.734ns})
  Path Group:             aclk
  Path Type:              Hold (Min at Fast Process Corner)
  Requirement:            0.000ns  (aclk rise@0.000ns - aclk rise@0.000ns)
  Data Path Delay:        0.197ns  (logic 0.141ns (71.611%)  route 0.056ns (28.389%))
  Logic Levels:           0  
  Clock Path Skew:        0.022ns (DCD - SCD - CPR)
    Destination Clock Delay (DCD):    0.432ns
    Source Clock Delay      (SCD):    0.410ns
    Clock Pessimism Removal (CPR):    -0.000ns

    Location             Delay type                Incr(ns)  Path(ns)    Netlist Resource(s)
  -------------------------------------------------------------------    -------------------
                         (clock aclk rise edge)       0.000     0.000 r  <hidden>
                                                      0.000     0.000 r  aclk
                         net (fo=1857, unset)         0.410     0.410    aclk
    SLICE_X37Y13         FDRE                                         r  row1_q_reg[10]/C
  -------------------------------------------------------------------    -------------------
    SLICE_X37Y13         FDRE (Prop_fdre_C_Q)         0.141     0.551 r  row1_q_reg[10]/Q
                         net (fo=1, routed)           0.056     0.607    row1_q[10]
    SLICE_X37Y13         FDRE                                         r  rowD_q_reg[10]/D
  -------------------------------------------------------------------    -------------------

                         (clock aclk rise edge)       0.000     0.000 r  <hidden>
                                                      0.000     0.000 r  aclk
                         net (fo=1857, unset)         0.432     0.432    aclk
    SLICE_X37Y13         FDRE                                         r  rowD_q_reg[10]/C
                         clock pessimism              0.000     0.432    <hidden>
    SLICE_X37Y13         FDRE (Hold_fdre_C_D)         0.075     0.507    rowD_q_reg[10]
  -------------------------------------------------------------------
                         required time                         -0.507    <hidden>
                         arrival time                           0.607    <hidden>
  -------------------------------------------------------------------
                         slack                                  0.100    <hidden>

Slack (MET) :             0.116ns  (arrival time - required time)
  Source:                 col_in_reg[0]_rep__2/C
                            (rising edge-triggered cell FDRE clocked by aclk  {rise@0.000ns fall@3.367ns period=6.734ns})
  Destination:            lb1_reg_1408_1535_5_5/DP.HIGH/WADR0
                            (rising edge-triggered cell RAMD64E clocked by aclk  {rise@0.000ns fall@3.367ns period=6.734ns})
  Path Group:             aclk
  Path Type:              Hold (Min at Fast Process Corner)
  Requirement:            0.000ns  (aclk rise@0.000ns - aclk rise@0.000ns)
  Data Path Delay:        0.448ns  (logic 0.141ns (31.469%)  route 0.307ns (68.531%))
  Logic Levels:           0  
  Clock Path Skew:        0.022ns (DCD - SCD - CPR)
    Destination Clock Delay (DCD):    0.432ns
    Source Clock Delay      (SCD):    0.410ns
    Clock Pessimism Removal (CPR):    -0.000ns

    Location             Delay type                Incr(ns)  Path(ns)    Netlist Resource(s)
  -------------------------------------------------------------------    -------------------
                         (clock aclk rise edge)       0.000     0.000 r  <hidden>
                                                      0.000     0.000 r  aclk
                         net (fo=1857, unset)         0.410     0.410    aclk
    SLICE_X13Y17         FDRE                                         r  col_in_reg[0]_rep__2/C
  -------------------------------------------------------------------    -------------------
    SLICE_X13Y17         FDRE (Prop_fdre_C_Q)         0.141     0.551 r  col_in_reg[0]_rep__2/Q
                         net (fo=221, routed)         0.307     0.858    lb1_reg_1408_1535_5_5/A0
    SLICE_X12Y17         RAMD64E                                      r  lb1_reg_1408_1535_5_5/DP.HIGH/WADR0
  -------------------------------------------------------------------    -------------------

                         (clock aclk rise edge)       0.000     0.000 r  <hidden>
                                                      0.000     0.000 r  aclk
                         net (fo=1857, unset)         0.432     0.432    lb1_reg_1408_1535_5_5/WCLK
    SLICE_X12Y17         RAMD64E                                      r  lb1_reg_1408_1535_5_5/DP.HIGH/CLK
                         clock pessimism              0.000     0.432    <hidden>
    SLICE_X12Y17         RAMD64E (Hold_ramd64e_CLK_WADR0)
                                                      0.310     0.742    lb1_reg_1408_1535_5_5/DP.HIGH
  -------------------------------------------------------------------
                         required time                         -0.742    <hidden>
                         arrival time                           0.858    <hidden>
  -------------------------------------------------------------------
                         slack                                  0.116    <hidden>

Slack (MET) :             0.116ns  (arrival time - required time)
  Source:                 col_in_reg[0]_rep__2/C
                            (rising edge-triggered cell FDRE clocked by aclk  {rise@0.000ns fall@3.367ns period=6.734ns})
  Destination:            lb1_reg_1408_1535_5_5/DP.LOW/WADR0
                            (rising edge-triggered cell RAMD64E clocked by aclk  {rise@0.000ns fall@3.367ns period=6.734ns})
  Path Group:             aclk
  Path Type:              Hold (Min at Fast Process Corner)
  Requirement:            0.000ns  (aclk rise@0.000ns - aclk rise@0.000ns)
  Data Path Delay:        0.448ns  (logic 0.141ns (31.469%)  route 0.307ns (68.531%))
  Logic Levels:           0  
  Clock Path Skew:        0.022ns (DCD - SCD - CPR)
    Destination Clock Delay (DCD):    0.432ns
    Source Clock Delay      (SCD):    0.410ns
    Clock Pessimism Removal (CPR):    -0.000ns

    Location             Delay type                Incr(ns)  Path(ns)    Netlist Resource(s)
  -------------------------------------------------------------------    -------------------
                         (clock aclk rise edge)       0.000     0.000 r  <hidden>
                                                      0.000     0.000 r  aclk
                         net (fo=1857, unset)         0.410     0.410    aclk
    SLICE_X13Y17         FDRE                                         r  col_in_reg[0]_rep__2/C
  -------------------------------------------------------------------    -------------------
    SLICE_X13Y17         FDRE (Prop_fdre_C_Q)         0.141     0.551 r  col_in_reg[0]_rep__2/Q
                         net (fo=221, routed)         0.307     0.858    lb1_reg_1408_1535_5_5/A0
    SLICE_X12Y17         RAMD64E                                      r  lb1_reg_1408_1535_5_5/DP.LOW/WADR0
  -------------------------------------------------------------------    -------------------

                         (clock aclk rise edge)       0.000     0.000 r  <hidden>
                                                      0.000     0.000 r  aclk
                         net (fo=1857, unset)         0.432     0.432    lb1_reg_1408_1535_5_5/WCLK
    SLICE_X12Y17         RAMD64E                                      r  lb1_reg_1408_1535_5_5/DP.LOW/CLK
                         clock pessimism              0.000     0.432    <hidden>
    SLICE_X12Y17         RAMD64E (Hold_ramd64e_CLK_WADR0)
                                                      0.310     0.742    lb1_reg_1408_1535_5_5/DP.LOW
  -------------------------------------------------------------------
                         required time                         -0.742    <hidden>
                         arrival time                           0.858    <hidden>
  -------------------------------------------------------------------
                         slack                                  0.116    <hidden>

Slack (MET) :             0.116ns  (arrival time - required time)
  Source:                 col_in_reg[0]_rep__2/C
                            (rising edge-triggered cell FDRE clocked by aclk  {rise@0.000ns fall@3.367ns period=6.734ns})
  Destination:            lb1_reg_1408_1535_5_5/SP.HIGH/WADR0
                            (rising edge-triggered cell RAMD64E clocked by aclk  {rise@0.000ns fall@3.367ns period=6.734ns})
  Path Group:             aclk
  Path Type:              Hold (Min at Fast Process Corner)
  Requirement:            0.000ns  (aclk rise@0.000ns - aclk rise@0.000ns)
  Data Path Delay:        0.448ns  (logic 0.141ns (31.469%)  route 0.307ns (68.531%))
  Logic Levels:           0  
  Clock Path Skew:        0.022ns (DCD - SCD - CPR)
    Destination Clock Delay (DCD):    0.432ns
    Source Clock Delay      (SCD):    0.410ns
    Clock Pessimism Removal (CPR):    -0.000ns

    Location             Delay type                Incr(ns)  Path(ns)    Netlist Resource(s)
  -------------------------------------------------------------------    -------------------
                         (clock aclk rise edge)       0.000     0.000 r  <hidden>
                                                      0.000     0.000 r  aclk
                         net (fo=1857, unset)         0.410     0.410    aclk
    SLICE_X13Y17         FDRE                                         r  col_in_reg[0]_rep__2/C
  -------------------------------------------------------------------    -------------------
    SLICE_X13Y17         FDRE (Prop_fdre_C_Q)         0.141     0.551 r  col_in_reg[0]_rep__2/Q
                         net (fo=221, routed)         0.307     0.858    lb1_reg_1408_1535_5_5/A0
    SLICE_X12Y17         RAMD64E                                      r  lb1_reg_1408_1535_5_5/SP.HIGH/WADR0
  -------------------------------------------------------------------    -------------------

                         (clock aclk rise edge)       0.000     0.000 r  <hidden>
                                                      0.000     0.000 r  aclk
                         net (fo=1857, unset)         0.432     0.432    lb1_reg_1408_1535_5_5/WCLK
    SLICE_X12Y17         RAMD64E                                      r  lb1_reg_1408_1535_5_5/SP.HIGH/CLK
                         clock pessimism              0.000     0.432    <hidden>
    SLICE_X12Y17         RAMD64E (Hold_ramd64e_CLK_WADR0)
                                                      0.310     0.742    lb1_reg_1408_1535_5_5/SP.HIGH
  -------------------------------------------------------------------
                         required time                         -0.742    <hidden>
                         arrival time                           0.858    <hidden>
  -------------------------------------------------------------------
                         slack                                  0.116    <hidden>

Slack (MET) :             0.116ns  (arrival time - required time)
  Source:                 col_in_reg[0]_rep__2/C
                            (rising edge-triggered cell FDRE clocked by aclk  {rise@0.000ns fall@3.367ns period=6.734ns})
  Destination:            lb1_reg_1408_1535_5_5/SP.LOW/WADR0
                            (rising edge-triggered cell RAMD64E clocked by aclk  {rise@0.000ns fall@3.367ns period=6.734ns})
  Path Group:             aclk
  Path Type:              Hold (Min at Fast Process Corner)
  Requirement:            0.000ns  (aclk rise@0.000ns - aclk rise@0.000ns)
  Data Path Delay:        0.448ns  (logic 0.141ns (31.469%)  route 0.307ns (68.531%))
  Logic Levels:           0  
  Clock Path Skew:        0.022ns (DCD - SCD - CPR)
    Destination Clock Delay (DCD):    0.432ns
    Source Clock Delay      (SCD):    0.410ns
    Clock Pessimism Removal (CPR):    -0.000ns

    Location             Delay type                Incr(ns)  Path(ns)    Netlist Resource(s)
  -------------------------------------------------------------------    -------------------
                         (clock aclk rise edge)       0.000     0.000 r  <hidden>
                                                      0.000     0.000 r  aclk
                         net (fo=1857, unset)         0.410     0.410    aclk
    SLICE_X13Y17         FDRE                                         r  col_in_reg[0]_rep__2/C
  -------------------------------------------------------------------    -------------------
    SLICE_X13Y17         FDRE (Prop_fdre_C_Q)         0.141     0.551 r  col_in_reg[0]_rep__2/Q
                         net (fo=221, routed)         0.307     0.858    lb1_reg_1408_1535_5_5/A0
    SLICE_X12Y17         RAMD64E                                      r  lb1_reg_1408_1535_5_5/SP.LOW/WADR0
  -------------------------------------------------------------------    -------------------

                         (clock aclk rise edge)       0.000     0.000 r  <hidden>
                                                      0.000     0.000 r  aclk
                         net (fo=1857, unset)         0.432     0.432    lb1_reg_1408_1535_5_5/WCLK
    SLICE_X12Y17         RAMD64E                                      r  lb1_reg_1408_1535_5_5/SP.LOW/CLK
                         clock pessimism              0.000     0.432    <hidden>
    SLICE_X12Y17         RAMD64E (Hold_ramd64e_CLK_WADR0)
                                                      0.310     0.742    lb1_reg_1408_1535_5_5/SP.LOW
  -------------------------------------------------------------------
                         required time                         -0.742    <hidden>
                         arrival time                           0.858    <hidden>
  -------------------------------------------------------------------
                         slack                                  0.116    <hidden>

Slack (MET) :             0.124ns  (arrival time - required time)
  Source:                 pcnt_q_reg[5]/C
                            (rising edge-triggered cell FDRE clocked by aclk  {rise@0.000ns fall@3.367ns period=6.734ns})
  Destination:            ccB_q_reg[6]/D
                            (rising edge-triggered cell FDRE clocked by aclk  {rise@0.000ns fall@3.367ns period=6.734ns})
  Path Group:             aclk
  Path Type:              Hold (Min at Fast Process Corner)
  Requirement:            0.000ns  (aclk rise@0.000ns - aclk rise@0.000ns)
  Data Path Delay:        0.265ns  (logic 0.186ns (70.098%)  route 0.079ns (29.902%))
  Logic Levels:           1  (LUT6=1)
  Clock Path Skew:        0.022ns (DCD - SCD - CPR)
    Destination Clock Delay (DCD):    0.432ns
    Source Clock Delay      (SCD):    0.410ns
    Clock Pessimism Removal (CPR):    -0.000ns

    Location             Delay type                Incr(ns)  Path(ns)    Netlist Resource(s)
  -------------------------------------------------------------------    -------------------
                         (clock aclk rise edge)       0.000     0.000 r  <hidden>
                                                      0.000     0.000 r  aclk
                         net (fo=1857, unset)         0.410     0.410    aclk
    SLICE_X35Y1          FDRE                                         r  pcnt_q_reg[5]/C
  -------------------------------------------------------------------    -------------------
    SLICE_X35Y1          FDRE (Prop_fdre_C_Q)         0.141     0.551 r  pcnt_q_reg[5]/Q
                         net (fo=3, routed)           0.079     0.630    pcnt_q[5]
    SLICE_X34Y1          LUT6 (Prop_lut6_I5_O)        0.045     0.675 r  ccB_q[6]_i_1/O
                         net (fo=1, routed)           0.000     0.675    ccB_q0[6]
    SLICE_X34Y1          FDRE                                         r  ccB_q_reg[6]/D
  -------------------------------------------------------------------    -------------------

                         (clock aclk rise edge)       0.000     0.000 r  <hidden>
                                                      0.000     0.000 r  aclk
                         net (fo=1857, unset)         0.432     0.432    aclk
    SLICE_X34Y1          FDRE                                         r  ccB_q_reg[6]/C
                         clock pessimism              0.000     0.432    <hidden>
    SLICE_X34Y1          FDRE (Hold_fdre_C_D)         0.120     0.552    ccB_q_reg[6]
  -------------------------------------------------------------------
                         required time                         -0.552    <hidden>
                         arrival time                           0.675    <hidden>
  -------------------------------------------------------------------
                         slack                                  0.124    <hidden>

Slack (MET) :             0.134ns  (arrival time - required time)
  Source:                 cc1_q_reg[8]/C
                            (rising edge-triggered cell FDRE clocked by aclk  {rise@0.000ns fall@3.367ns period=6.734ns})
  Destination:            ccD_q_reg[8]/D
                            (rising edge-triggered cell FDRE clocked by aclk  {rise@0.000ns fall@3.367ns period=6.734ns})
  Path Group:             aclk
  Path Type:              Hold (Min at Fast Process Corner)
  Requirement:            0.000ns  (aclk rise@0.000ns - aclk rise@0.000ns)
  Data Path Delay:        0.220ns  (logic 0.164ns (74.580%)  route 0.056ns (25.420%))
  Logic Levels:           0  
  Clock Path Skew:        0.022ns (DCD - SCD - CPR)
    Destination Clock Delay (DCD):    0.432ns
    Source Clock Delay      (SCD):    0.410ns
    Clock Pessimism Removal (CPR):    -0.000ns

    Location             Delay type                Incr(ns)  Path(ns)    Netlist Resource(s)
  -------------------------------------------------------------------    -------------------
                         (clock aclk rise edge)       0.000     0.000 r  <hidden>
                                                      0.000     0.000 r  aclk
                         net (fo=1857, unset)         0.410     0.410    aclk
    SLICE_X34Y2          FDRE                                         r  cc1_q_reg[8]/C
  -------------------------------------------------------------------    -------------------
    SLICE_X34Y2          FDRE (Prop_fdre_C_Q)         0.164     0.574 r  cc1_q_reg[8]/Q
                         net (fo=1, routed)           0.056     0.630    cc1_q[8]
    SLICE_X34Y2          FDRE                                         r  ccD_q_reg[8]/D
  -------------------------------------------------------------------    -------------------

                         (clock aclk rise edge)       0.000     0.000 r  <hidden>
                                                      0.000     0.000 r  aclk
                         net (fo=1857, unset)         0.432     0.432    aclk
    SLICE_X34Y2          FDRE                                         r  ccD_q_reg[8]/C
                         clock pessimism              0.000     0.432    <hidden>
    SLICE_X34Y2          FDRE (Hold_fdre_C_D)         0.064     0.496    ccD_q_reg[8]
  -------------------------------------------------------------------
                         required time                         -0.496    <hidden>
                         arrival time                           0.630    <hidden>
  -------------------------------------------------------------------
                         slack                                  0.134    <hidden>

Slack (MET) :             0.134ns  (arrival time - required time)
  Source:                 cc1_q_reg[9]/C
                            (rising edge-triggered cell FDRE clocked by aclk  {rise@0.000ns fall@3.367ns period=6.734ns})
  Destination:            ccD_q_reg[9]/D
                            (rising edge-triggered cell FDRE clocked by aclk  {rise@0.000ns fall@3.367ns period=6.734ns})
  Path Group:             aclk
  Path Type:              Hold (Min at Fast Process Corner)
  Requirement:            0.000ns  (aclk rise@0.000ns - aclk rise@0.000ns)
  Data Path Delay:        0.220ns  (logic 0.164ns (74.580%)  route 0.056ns (25.420%))
  Logic Levels:           0  
  Clock Path Skew:        0.022ns (DCD - SCD - CPR)
    Destination Clock Delay (DCD):    0.432ns
    Source Clock Delay      (SCD):    0.410ns
    Clock Pessimism Removal (CPR):    -0.000ns

    Location             Delay type                Incr(ns)  Path(ns)    Netlist Resource(s)
  -------------------------------------------------------------------    -------------------
                         (clock aclk rise edge)       0.000     0.000 r  <hidden>
                                                      0.000     0.000 r  aclk
                         net (fo=1857, unset)         0.410     0.410    aclk
    SLICE_X34Y2          FDRE                                         r  cc1_q_reg[9]/C
  -------------------------------------------------------------------    -------------------
    SLICE_X34Y2          FDRE (Prop_fdre_C_Q)         0.164     0.574 r  cc1_q_reg[9]/Q
                         net (fo=1, routed)           0.056     0.630    cc1_q[9]
    SLICE_X34Y2          FDRE                                         r  ccD_q_reg[9]/D
  -------------------------------------------------------------------    -------------------

                         (clock aclk rise edge)       0.000     0.000 r  <hidden>
                                                      0.000     0.000 r  aclk
                         net (fo=1857, unset)         0.432     0.432    aclk
    SLICE_X34Y2          FDRE                                         r  ccD_q_reg[9]/C
                         clock pessimism              0.000     0.432    <hidden>
    SLICE_X34Y2          FDRE (Hold_fdre_C_D)         0.064     0.496    ccD_q_reg[9]
  -------------------------------------------------------------------
                         required time                         -0.496    <hidden>
                         arrival time                           0.630    <hidden>
  -------------------------------------------------------------------
                         slack                                  0.134    <hidden>

Slack (MET) :             0.134ns  (arrival time - required time)
  Source:                 col_in_reg[0]_rep__0/C
                            (rising edge-triggered cell FDRE clocked by aclk  {rise@0.000ns fall@3.367ns period=6.734ns})
  Destination:            lb2_reg_896_1023_4_4/DP.HIGH/WADR0
                            (rising edge-triggered cell RAMD64E clocked by aclk  {rise@0.000ns fall@3.367ns period=6.734ns})
  Path Group:             aclk
  Path Type:              Hold (Min at Fast Process Corner)
  Requirement:            0.000ns  (aclk rise@0.000ns - aclk rise@0.000ns)
  Data Path Delay:        0.466ns  (logic 0.141ns (30.261%)  route 0.325ns (69.739%))
  Logic Levels:           0  
  Clock Path Skew:        0.022ns (DCD - SCD - CPR)
    Destination Clock Delay (DCD):    0.432ns
    Source Clock Delay      (SCD):    0.410ns
    Clock Pessimism Removal (CPR):    -0.000ns

    Location             Delay type                Incr(ns)  Path(ns)    Netlist Resource(s)
  -------------------------------------------------------------------    -------------------
                         (clock aclk rise edge)       0.000     0.000 r  <hidden>
                                                      0.000     0.000 r  aclk
                         net (fo=1857, unset)         0.410     0.410    aclk
    SLICE_X9Y13          FDRE                                         r  col_in_reg[0]_rep__0/C
  -------------------------------------------------------------------    -------------------
    SLICE_X9Y13          FDRE (Prop_fdre_C_Q)         0.141     0.551 r  col_in_reg[0]_rep__0/Q
                         net (fo=224, routed)         0.325     0.876    lb2_reg_896_1023_4_4/A0
    SLICE_X8Y13          RAMD64E                                      r  lb2_reg_896_1023_4_4/DP.HIGH/WADR0
  -------------------------------------------------------------------    -------------------

                         (clock aclk rise edge)       0.000     0.000 r  <hidden>
                                                      0.000     0.000 r  aclk
                         net (fo=1857, unset)         0.432     0.432    lb2_reg_896_1023_4_4/WCLK
    SLICE_X8Y13          RAMD64E                                      r  lb2_reg_896_1023_4_4/DP.HIGH/CLK
                         clock pessimism              0.000     0.432    <hidden>
    SLICE_X8Y13          RAMD64E (Hold_ramd64e_CLK_WADR0)
                                                      0.310     0.742    lb2_reg_896_1023_4_4/DP.HIGH
  -------------------------------------------------------------------
                         required time                         -0.742    <hidden>
                         arrival time                           0.876    <hidden>
  -------------------------------------------------------------------
                         slack                                  0.134    <hidden>

Slack (MET) :             0.134ns  (arrival time - required time)
  Source:                 col_in_reg[0]_rep__0/C
                            (rising edge-triggered cell FDRE clocked by aclk  {rise@0.000ns fall@3.367ns period=6.734ns})
  Destination:            lb2_reg_896_1023_4_4/DP.LOW/WADR0
                            (rising edge-triggered cell RAMD64E clocked by aclk  {rise@0.000ns fall@3.367ns period=6.734ns})
  Path Group:             aclk
  Path Type:              Hold (Min at Fast Process Corner)
  Requirement:            0.000ns  (aclk rise@0.000ns - aclk rise@0.000ns)
  Data Path Delay:        0.466ns  (logic 0.141ns (30.261%)  route 0.325ns (69.739%))
  Logic Levels:           0  
  Clock Path Skew:        0.022ns (DCD - SCD - CPR)
    Destination Clock Delay (DCD):    0.432ns
    Source Clock Delay      (SCD):    0.410ns
    Clock Pessimism Removal (CPR):    -0.000ns

    Location             Delay type                Incr(ns)  Path(ns)    Netlist Resource(s)
  -------------------------------------------------------------------    -------------------
                         (clock aclk rise edge)       0.000     0.000 r  <hidden>
                                                      0.000     0.000 r  aclk
                         net (fo=1857, unset)         0.410     0.410    aclk
    SLICE_X9Y13          FDRE                                         r  col_in_reg[0]_rep__0/C
  -------------------------------------------------------------------    -------------------
    SLICE_X9Y13          FDRE (Prop_fdre_C_Q)         0.141     0.551 r  col_in_reg[0]_rep__0/Q
                         net (fo=224, routed)         0.325     0.876    lb2_reg_896_1023_4_4/A0
    SLICE_X8Y13          RAMD64E                                      r  lb2_reg_896_1023_4_4/DP.LOW/WADR0
  -------------------------------------------------------------------    -------------------

                         (clock aclk rise edge)       0.000     0.000 r  <hidden>
                                                      0.000     0.000 r  aclk
                         net (fo=1857, unset)         0.432     0.432    lb2_reg_896_1023_4_4/WCLK
    SLICE_X8Y13          RAMD64E                                      r  lb2_reg_896_1023_4_4/DP.LOW/CLK
                         clock pessimism              0.000     0.432    <hidden>
    SLICE_X8Y13          RAMD64E (Hold_ramd64e_CLK_WADR0)
                                                      0.310     0.742    lb2_reg_896_1023_4_4/DP.LOW
  -------------------------------------------------------------------
                         required time                         -0.742    <hidden>
                         arrival time                           0.876    <hidden>
  -------------------------------------------------------------------
                         slack                                  0.134    <hidden>

Slack (MET) :             0.134ns  (arrival time - required time)
  Source:                 col_in_reg[0]_rep__0/C
                            (rising edge-triggered cell FDRE clocked by aclk  {rise@0.000ns fall@3.367ns period=6.734ns})
  Destination:            lb2_reg_896_1023_4_4/SP.HIGH/WADR0
                            (rising edge-triggered cell RAMD64E clocked by aclk  {rise@0.000ns fall@3.367ns period=6.734ns})
  Path Group:             aclk
  Path Type:              Hold (Min at Fast Process Corner)
  Requirement:            0.000ns  (aclk rise@0.000ns - aclk rise@0.000ns)
  Data Path Delay:        0.466ns  (logic 0.141ns (30.261%)  route 0.325ns (69.739%))
  Logic Levels:           0  
  Clock Path Skew:        0.022ns (DCD - SCD - CPR)
    Destination Clock Delay (DCD):    0.432ns
    Source Clock Delay      (SCD):    0.410ns
    Clock Pessimism Removal (CPR):    -0.000ns

    Location             Delay type                Incr(ns)  Path(ns)    Netlist Resource(s)
  -------------------------------------------------------------------    -------------------
                         (clock aclk rise edge)       0.000     0.000 r  <hidden>
                                                      0.000     0.000 r  aclk
                         net (fo=1857, unset)         0.410     0.410    aclk
    SLICE_X9Y13          FDRE                                         r  col_in_reg[0]_rep__0/C
  -------------------------------------------------------------------    -------------------
    SLICE_X9Y13          FDRE (Prop_fdre_C_Q)         0.141     0.551 r  col_in_reg[0]_rep__0/Q
                         net (fo=224, routed)         0.325     0.876    lb2_reg_896_1023_4_4/A0
    SLICE_X8Y13          RAMD64E                                      r  lb2_reg_896_1023_4_4/SP.HIGH/WADR0
  -------------------------------------------------------------------    -------------------

                         (clock aclk rise edge)       0.000     0.000 r  <hidden>
                                                      0.000     0.000 r  aclk
                         net (fo=1857, unset)         0.432     0.432    lb2_reg_896_1023_4_4/WCLK
    SLICE_X8Y13          RAMD64E                                      r  lb2_reg_896_1023_4_4/SP.HIGH/CLK
                         clock pessimism              0.000     0.432    <hidden>
    SLICE_X8Y13          RAMD64E (Hold_ramd64e_CLK_WADR0)
                                                      0.310     0.742    lb2_reg_896_1023_4_4/SP.HIGH
  -------------------------------------------------------------------
                         required time                         -0.742    <hidden>
                         arrival time                           0.876    <hidden>
  -------------------------------------------------------------------
                         slack                                  0.134    <hidden>

Slack (MET) :             0.134ns  (arrival time - required time)
  Source:                 col_in_reg[0]_rep__0/C
                            (rising edge-triggered cell FDRE clocked by aclk  {rise@0.000ns fall@3.367ns period=6.734ns})
  Destination:            lb2_reg_896_1023_4_4/SP.LOW/WADR0
                            (rising edge-triggered cell RAMD64E clocked by aclk  {rise@0.000ns fall@3.367ns period=6.734ns})
  Path Group:             aclk
  Path Type:              Hold (Min at Fast Process Corner)
  Requirement:            0.000ns  (aclk rise@0.000ns - aclk rise@0.000ns)
  Data Path Delay:        0.466ns  (logic 0.141ns (30.261%)  route 0.325ns (69.739%))
  Logic Levels:           0  
  Clock Path Skew:        0.022ns (DCD - SCD - CPR)
    Destination Clock Delay (DCD):    0.432ns
    Source Clock Delay      (SCD):    0.410ns
    Clock Pessimism Removal (CPR):    -0.000ns

    Location             Delay type                Incr(ns)  Path(ns)    Netlist Resource(s)
  -------------------------------------------------------------------    -------------------
                         (clock aclk rise edge)       0.000     0.000 r  <hidden>
                                                      0.000     0.000 r  aclk
                         net (fo=1857, unset)         0.410     0.410    aclk
    SLICE_X9Y13          FDRE                                         r  col_in_reg[0]_rep__0/C
  -------------------------------------------------------------------    -------------------
    SLICE_X9Y13          FDRE (Prop_fdre_C_Q)         0.141     0.551 r  col_in_reg[0]_rep__0/Q
                         net (fo=224, routed)         0.325     0.876    lb2_reg_896_1023_4_4/A0
    SLICE_X8Y13          RAMD64E                                      r  lb2_reg_896_1023_4_4/SP.LOW/WADR0
  -------------------------------------------------------------------    -------------------

                         (clock aclk rise edge)       0.000     0.000 r  <hidden>
                                                      0.000     0.000 r  aclk
                         net (fo=1857, unset)         0.432     0.432    lb2_reg_896_1023_4_4/WCLK
    SLICE_X8Y13          RAMD64E                                      r  lb2_reg_896_1023_4_4/SP.LOW/CLK
                         clock pessimism              0.000     0.432    <hidden>
    SLICE_X8Y13          RAMD64E (Hold_ramd64e_CLK_WADR0)
                                                      0.310     0.742    lb2_reg_896_1023_4_4/SP.LOW
  -------------------------------------------------------------------
                         required time                         -0.742    <hidden>
                         arrival time                           0.876    <hidden>
  -------------------------------------------------------------------
                         slack                                  0.134    <hidden>

Slack (MET) :             0.137ns  (arrival time - required time)
  Source:                 s_axil_bvalid_reg/C
                            (rising edge-triggered cell FDRE clocked by aclk  {rise@0.000ns fall@3.367ns period=6.734ns})
  Destination:            cfg_pending_reg/D
                            (rising edge-triggered cell FDRE clocked by aclk  {rise@0.000ns fall@3.367ns period=6.734ns})
  Path Group:             aclk
  Path Type:              Hold (Min at Fast Process Corner)
  Requirement:            0.000ns  (aclk rise@0.000ns - aclk rise@0.000ns)
  Data Path Delay:        0.278ns  (logic 0.186ns (66.793%)  route 0.092ns (33.207%))
  Logic Levels:           1  (LUT6=1)
  Clock Path Skew:        0.022ns (DCD - SCD - CPR)
    Destination Clock Delay (DCD):    0.432ns
    Source Clock Delay      (SCD):    0.410ns
    Clock Pessimism Removal (CPR):    -0.000ns

    Location             Delay type                Incr(ns)  Path(ns)    Netlist Resource(s)
  -------------------------------------------------------------------    -------------------
                         (clock aclk rise edge)       0.000     0.000 r  <hidden>
                                                      0.000     0.000 r  aclk
                         net (fo=1857, unset)         0.410     0.410    aclk
    SLICE_X3Y22          FDRE                                         r  s_axil_bvalid_reg/C
  -------------------------------------------------------------------    -------------------
    SLICE_X3Y22          FDRE (Prop_fdre_C_Q)         0.141     0.551 f  s_axil_bvalid_reg/Q
                         net (fo=10, routed)          0.092     0.644    s_axil_bvalid
    SLICE_X2Y22          LUT6 (Prop_lut6_I3_O)        0.045     0.689 r  cfg_pending_i_1/O
                         net (fo=1, routed)           0.000     0.689    cfg_pending_i_1_n_0
    SLICE_X2Y22          FDRE                                         r  cfg_pending_reg/D
  -------------------------------------------------------------------    -------------------

                         (clock aclk rise edge)       0.000     0.000 r  <hidden>
                                                      0.000     0.000 r  aclk
                         net (fo=1857, unset)         0.432     0.432    aclk
    SLICE_X2Y22          FDRE                                         r  cfg_pending_reg/C
                         clock pessimism              0.000     0.432    <hidden>
    SLICE_X2Y22          FDRE (Hold_fdre_C_D)         0.120     0.552    cfg_pending_reg
  -------------------------------------------------------------------
                         required time                         -0.552    <hidden>
                         arrival time                           0.689    <hidden>
  -------------------------------------------------------------------
                         slack                                  0.137    <hidden>

Slack (MET) :             0.138ns  (arrival time - required time)
  Source:                 cc1_q_reg[10]/C
                            (rising edge-triggered cell FDRE clocked by aclk  {rise@0.000ns fall@3.367ns period=6.734ns})
  Destination:            ccD_q_reg[10]/D
                            (rising edge-triggered cell FDRE clocked by aclk  {rise@0.000ns fall@3.367ns period=6.734ns})
  Path Group:             aclk
  Path Type:              Hold (Min at Fast Process Corner)
  Requirement:            0.000ns  (aclk rise@0.000ns - aclk rise@0.000ns)
  Data Path Delay:        0.220ns  (logic 0.164ns (74.580%)  route 0.056ns (25.420%))
  Logic Levels:           0  
  Clock Path Skew:        0.022ns (DCD - SCD - CPR)
    Destination Clock Delay (DCD):    0.432ns
    Source Clock Delay      (SCD):    0.410ns
    Clock Pessimism Removal (CPR):    -0.000ns

    Location             Delay type                Incr(ns)  Path(ns)    Netlist Resource(s)
  -------------------------------------------------------------------    -------------------
                         (clock aclk rise edge)       0.000     0.000 r  <hidden>
                                                      0.000     0.000 r  aclk
                         net (fo=1857, unset)         0.410     0.410    aclk
    SLICE_X34Y2          FDRE                                         r  cc1_q_reg[10]/C
  -------------------------------------------------------------------    -------------------
    SLICE_X34Y2          FDRE (Prop_fdre_C_Q)         0.164     0.574 r  cc1_q_reg[10]/Q
                         net (fo=1, routed)           0.056     0.630    cc1_q[10]
    SLICE_X34Y2          FDRE                                         r  ccD_q_reg[10]/D
  -------------------------------------------------------------------    -------------------

                         (clock aclk rise edge)       0.000     0.000 r  <hidden>
                                                      0.000     0.000 r  aclk
                         net (fo=1857, unset)         0.432     0.432    aclk
    SLICE_X34Y2          FDRE                                         r  ccD_q_reg[10]/C
                         clock pessimism              0.000     0.432    <hidden>
    SLICE_X34Y2          FDRE (Hold_fdre_C_D)         0.060     0.492    ccD_q_reg[10]
  -------------------------------------------------------------------
                         required time                         -0.492    <hidden>
                         arrival time                           0.630    <hidden>
  -------------------------------------------------------------------
                         slack                                  0.138    <hidden>

Slack (MET) :             0.145ns  (arrival time - required time)
  Source:                 cc1_q_reg[7]/C
                            (rising edge-triggered cell FDRE clocked by aclk  {rise@0.000ns fall@3.367ns period=6.734ns})
  Destination:            ccD_q_reg[7]/D
                            (rising edge-triggered cell FDRE clocked by aclk  {rise@0.000ns fall@3.367ns period=6.734ns})
  Path Group:             aclk
  Path Type:              Hold (Min at Fast Process Corner)
  Requirement:            0.000ns  (aclk rise@0.000ns - aclk rise@0.000ns)
  Data Path Delay:        0.220ns  (logic 0.164ns (74.580%)  route 0.056ns (25.420%))
  Logic Levels:           0  
  Clock Path Skew:        0.022ns (DCD - SCD - CPR)
    Destination Clock Delay (DCD):    0.432ns
    Source Clock Delay      (SCD):    0.410ns
    Clock Pessimism Removal (CPR):    -0.000ns

    Location             Delay type                Incr(ns)  Path(ns)    Netlist Resource(s)
  -------------------------------------------------------------------    -------------------
                         (clock aclk rise edge)       0.000     0.000 r  <hidden>
                                                      0.000     0.000 r  aclk
                         net (fo=1857, unset)         0.410     0.410    aclk
    SLICE_X34Y2          FDRE                                         r  cc1_q_reg[7]/C
  -------------------------------------------------------------------    -------------------
    SLICE_X34Y2          FDRE (Prop_fdre_C_Q)         0.164     0.574 r  cc1_q_reg[7]/Q
                         net (fo=1, routed)           0.056     0.630    cc1_q[7]
    SLICE_X34Y2          FDRE                                         r  ccD_q_reg[7]/D
  -------------------------------------------------------------------    -------------------

                         (clock aclk rise edge)       0.000     0.000 r  <hidden>
                                                      0.000     0.000 r  aclk
                         net (fo=1857, unset)         0.432     0.432    aclk
    SLICE_X34Y2          FDRE                                         r  ccD_q_reg[7]/C
                         clock pessimism              0.000     0.432    <hidden>
    SLICE_X34Y2          FDRE (Hold_fdre_C_D)         0.053     0.485    ccD_q_reg[7]
  -------------------------------------------------------------------
                         required time                         -0.485    <hidden>
                         arrival time                           0.630    <hidden>
  -------------------------------------------------------------------
                         slack                                  0.145    <hidden>

Slack (MET) :             0.147ns  (arrival time - required time)
  Source:                 col_in_reg[1]_rep__3/C
                            (rising edge-triggered cell FDRE clocked by aclk  {rise@0.000ns fall@3.367ns period=6.734ns})
  Destination:            lb2_reg_1792_1919_1_1/DP.HIGH/WADR1
                            (rising edge-triggered cell RAMD64E clocked by aclk  {rise@0.000ns fall@3.367ns period=6.734ns})
  Path Group:             aclk
  Path Type:              Hold (Min at Fast Process Corner)
  Requirement:            0.000ns  (aclk rise@0.000ns - aclk rise@0.000ns)
  Data Path Delay:        0.477ns  (logic 0.141ns (29.545%)  route 0.336ns (70.454%))
  Logic Levels:           0  
  Clock Path Skew:        0.022ns (DCD - SCD - CPR)
    Destination Clock Delay (DCD):    0.432ns
    Source Clock Delay      (SCD):    0.410ns
    Clock Pessimism Removal (CPR):    -0.000ns

    Location             Delay type                Incr(ns)  Path(ns)    Netlist Resource(s)
  -------------------------------------------------------------------    -------------------
                         (clock aclk rise edge)       0.000     0.000 r  <hidden>
                                                      0.000     0.000 r  aclk
                         net (fo=1857, unset)         0.410     0.410    aclk
    SLICE_X3Y7           FDRE                                         r  col_in_reg[1]_rep__3/C
  -------------------------------------------------------------------    -------------------
    SLICE_X3Y7           FDRE (Prop_fdre_C_Q)         0.141     0.551 r  col_in_reg[1]_rep__3/Q
                         net (fo=234, routed)         0.336     0.887    lb2_reg_1792_1919_1_1/A1
    SLICE_X4Y6           RAMD64E                                      r  lb2_reg_1792_1919_1_1/DP.HIGH/WADR1
  -------------------------------------------------------------------    -------------------

                         (clock aclk rise edge)       0.000     0.000 r  <hidden>
                                                      0.000     0.000 r  aclk
                         net (fo=1857, unset)         0.432     0.432    lb2_reg_1792_1919_1_1/WCLK
    SLICE_X4Y6           RAMD64E                                      r  lb2_reg_1792_1919_1_1/DP.HIGH/CLK
                         clock pessimism              0.000     0.432    <hidden>
    SLICE_X4Y6           RAMD64E (Hold_ramd64e_CLK_WADR1)
                                                      0.309     0.741    lb2_reg_1792_1919_1_1/DP.HIGH
  -------------------------------------------------------------------
                         required time                         -0.741    <hidden>
                         arrival time                           0.887    <hidden>
  -------------------------------------------------------------------
                         slack                                  0.147    <hidden>

Slack (MET) :             0.147ns  (arrival time - required time)
  Source:                 col_in_reg[1]_rep__3/C
                            (rising edge-triggered cell FDRE clocked by aclk  {rise@0.000ns fall@3.367ns period=6.734ns})
  Destination:            lb2_reg_1792_1919_1_1/DP.LOW/WADR1
                            (rising edge-triggered cell RAMD64E clocked by aclk  {rise@0.000ns fall@3.367ns period=6.734ns})
  Path Group:             aclk
  Path Type:              Hold (Min at Fast Process Corner)
  Requirement:            0.000ns  (aclk rise@0.000ns - aclk rise@0.000ns)
  Data Path Delay:        0.477ns  (logic 0.141ns (29.545%)  route 0.336ns (70.454%))
  Logic Levels:           0  
  Clock Path Skew:        0.022ns (DCD - SCD - CPR)
    Destination Clock Delay (DCD):    0.432ns
    Source Clock Delay      (SCD):    0.410ns
    Clock Pessimism Removal (CPR):    -0.000ns

    Location             Delay type                Incr(ns)  Path(ns)    Netlist Resource(s)
  -------------------------------------------------------------------    -------------------
                         (clock aclk rise edge)       0.000     0.000 r  <hidden>
                                                      0.000     0.000 r  aclk
                         net (fo=1857, unset)         0.410     0.410    aclk
    SLICE_X3Y7           FDRE                                         r  col_in_reg[1]_rep__3/C
  -------------------------------------------------------------------    -------------------
    SLICE_X3Y7           FDRE (Prop_fdre_C_Q)         0.141     0.551 r  col_in_reg[1]_rep__3/Q
                         net (fo=234, routed)         0.336     0.887    lb2_reg_1792_1919_1_1/A1
    SLICE_X4Y6           RAMD64E                                      r  lb2_reg_1792_1919_1_1/DP.LOW/WADR1
  -------------------------------------------------------------------    -------------------

                         (clock aclk rise edge)       0.000     0.000 r  <hidden>
                                                      0.000     0.000 r  aclk
                         net (fo=1857, unset)         0.432     0.432    lb2_reg_1792_1919_1_1/WCLK
    SLICE_X4Y6           RAMD64E                                      r  lb2_reg_1792_1919_1_1/DP.LOW/CLK
                         clock pessimism              0.000     0.432    <hidden>
    SLICE_X4Y6           RAMD64E (Hold_ramd64e_CLK_WADR1)
                                                      0.309     0.741    lb2_reg_1792_1919_1_1/DP.LOW
  -------------------------------------------------------------------
                         required time                         -0.741    <hidden>
                         arrival time                           0.887    <hidden>
  -------------------------------------------------------------------
                         slack                                  0.147    <hidden>

Slack (MET) :             0.147ns  (arrival time - required time)
  Source:                 col_in_reg[1]_rep__3/C
                            (rising edge-triggered cell FDRE clocked by aclk  {rise@0.000ns fall@3.367ns period=6.734ns})
  Destination:            lb2_reg_1792_1919_1_1/SP.HIGH/WADR1
                            (rising edge-triggered cell RAMD64E clocked by aclk  {rise@0.000ns fall@3.367ns period=6.734ns})
  Path Group:             aclk
  Path Type:              Hold (Min at Fast Process Corner)
  Requirement:            0.000ns  (aclk rise@0.000ns - aclk rise@0.000ns)
  Data Path Delay:        0.477ns  (logic 0.141ns (29.545%)  route 0.336ns (70.454%))
  Logic Levels:           0  
  Clock Path Skew:        0.022ns (DCD - SCD - CPR)
    Destination Clock Delay (DCD):    0.432ns
    Source Clock Delay      (SCD):    0.410ns
    Clock Pessimism Removal (CPR):    -0.000ns

    Location             Delay type                Incr(ns)  Path(ns)    Netlist Resource(s)
  -------------------------------------------------------------------    -------------------
                         (clock aclk rise edge)       0.000     0.000 r  <hidden>
                                                      0.000     0.000 r  aclk
                         net (fo=1857, unset)         0.410     0.410    aclk
    SLICE_X3Y7           FDRE                                         r  col_in_reg[1]_rep__3/C
  -------------------------------------------------------------------    -------------------
    SLICE_X3Y7           FDRE (Prop_fdre_C_Q)         0.141     0.551 r  col_in_reg[1]_rep__3/Q
                         net (fo=234, routed)         0.336     0.887    lb2_reg_1792_1919_1_1/A1
    SLICE_X4Y6           RAMD64E                                      r  lb2_reg_1792_1919_1_1/SP.HIGH/WADR1
  -------------------------------------------------------------------    -------------------

                         (clock aclk rise edge)       0.000     0.000 r  <hidden>
                                                      0.000     0.000 r  aclk
                         net (fo=1857, unset)         0.432     0.432    lb2_reg_1792_1919_1_1/WCLK
    SLICE_X4Y6           RAMD64E                                      r  lb2_reg_1792_1919_1_1/SP.HIGH/CLK
                         clock pessimism              0.000     0.432    <hidden>
    SLICE_X4Y6           RAMD64E (Hold_ramd64e_CLK_WADR1)
                                                      0.309     0.741    lb2_reg_1792_1919_1_1/SP.HIGH
  -------------------------------------------------------------------
                         required time                         -0.741    <hidden>
                         arrival time                           0.887    <hidden>
  -------------------------------------------------------------------
                         slack                                  0.147    <hidden>

Slack (MET) :             0.147ns  (arrival time - required time)
  Source:                 col_in_reg[1]_rep__3/C
                            (rising edge-triggered cell FDRE clocked by aclk  {rise@0.000ns fall@3.367ns period=6.734ns})
  Destination:            lb2_reg_1792_1919_1_1/SP.LOW/WADR1
                            (rising edge-triggered cell RAMD64E clocked by aclk  {rise@0.000ns fall@3.367ns period=6.734ns})
  Path Group:             aclk
  Path Type:              Hold (Min at Fast Process Corner)
  Requirement:            0.000ns  (aclk rise@0.000ns - aclk rise@0.000ns)
  Data Path Delay:        0.477ns  (logic 0.141ns (29.545%)  route 0.336ns (70.454%))
  Logic Levels:           0  
  Clock Path Skew:        0.022ns (DCD - SCD - CPR)
    Destination Clock Delay (DCD):    0.432ns
    Source Clock Delay      (SCD):    0.410ns
    Clock Pessimism Removal (CPR):    -0.000ns

    Location             Delay type                Incr(ns)  Path(ns)    Netlist Resource(s)
  -------------------------------------------------------------------    -------------------
                         (clock aclk rise edge)       0.000     0.000 r  <hidden>
                                                      0.000     0.000 r  aclk
                         net (fo=1857, unset)         0.410     0.410    aclk
    SLICE_X3Y7           FDRE                                         r  col_in_reg[1]_rep__3/C
  -------------------------------------------------------------------    -------------------
    SLICE_X3Y7           FDRE (Prop_fdre_C_Q)         0.141     0.551 r  col_in_reg[1]_rep__3/Q
                         net (fo=234, routed)         0.336     0.887    lb2_reg_1792_1919_1_1/A1
    SLICE_X4Y6           RAMD64E                                      r  lb2_reg_1792_1919_1_1/SP.LOW/WADR1
  -------------------------------------------------------------------    -------------------

                         (clock aclk rise edge)       0.000     0.000 r  <hidden>
                                                      0.000     0.000 r  aclk
                         net (fo=1857, unset)         0.432     0.432    lb2_reg_1792_1919_1_1/WCLK
    SLICE_X4Y6           RAMD64E                                      r  lb2_reg_1792_1919_1_1/SP.LOW/CLK
                         clock pessimism              0.000     0.432    <hidden>
    SLICE_X4Y6           RAMD64E (Hold_ramd64e_CLK_WADR1)
                                                      0.309     0.741    lb2_reg_1792_1919_1_1/SP.LOW
  -------------------------------------------------------------------
                         required time                         -0.741    <hidden>
                         arrival time                           0.887    <hidden>
  -------------------------------------------------------------------
                         slack                                  0.147    <hidden>

Slack (MET) :             0.150ns  (arrival time - required time)
  Source:                 col_in_reg[5]_rep__4/C
                            (rising edge-triggered cell FDRE clocked by aclk  {rise@0.000ns fall@3.367ns period=6.734ns})
  Destination:            lb2_reg_128_255_7_7/DP.HIGH/WADR5
                            (rising edge-triggered cell RAMD64E clocked by aclk  {rise@0.000ns fall@3.367ns period=6.734ns})
  Path Group:             aclk
  Path Type:              Hold (Min at Fast Process Corner)
  Requirement:            0.000ns  (aclk rise@0.000ns - aclk rise@0.000ns)
  Data Path Delay:        0.341ns  (logic 0.141ns (41.293%)  route 0.200ns (58.707%))
  Logic Levels:           0  
  Clock Path Skew:        0.022ns (DCD - SCD - CPR)
    Destination Clock Delay (DCD):    0.432ns
    Source Clock Delay      (SCD):    0.410ns
    Clock Pessimism Removal (CPR):    -0.000ns

    Location             Delay type                Incr(ns)  Path(ns)    Netlist Resource(s)
  -------------------------------------------------------------------    -------------------
                         (clock aclk rise edge)       0.000     0.000 r  <hidden>
                                                      0.000     0.000 r  aclk
                         net (fo=1857, unset)         0.410     0.410    aclk
    SLICE_X21Y13         FDRE                                         r  col_in_reg[5]_rep__4/C
  -------------------------------------------------------------------    -------------------
    SLICE_X21Y13         FDRE (Prop_fdre_C_Q)         0.141     0.551 r  col_in_reg[5]_rep__4/Q
                         net (fo=210, routed)         0.200     0.752    lb2_reg_128_255_7_7/A5
    SLICE_X22Y12         RAMD64E                                      r  lb2_reg_128_255_7_7/DP.HIGH/WADR5
  -------------------------------------------------------------------    -------------------

                         (clock aclk rise edge)       0.000     0.000 r  <hidden>
                                                      0.000     0.000 r  aclk
                         net (fo=1857, unset)         0.432     0.432    lb2_reg_128_255_7_7/WCLK
    SLICE_X22Y12         RAMD64E                                      r  lb2_reg_128_255_7_7/DP.HIGH/CLK
                         clock pessimism              0.000     0.432    <hidden>
    SLICE_X22Y12         RAMD64E (Hold_ramd64e_CLK_WADR5)
                                                      0.170     0.602    lb2_reg_128_255_7_7/DP.HIGH
  -------------------------------------------------------------------
                         required time                         -0.602    <hidden>
                         arrival time                           0.752    <hidden>
  -------------------------------------------------------------------
                         slack                                  0.150    <hidden>

Slack (MET) :             0.150ns  (arrival time - required time)
  Source:                 col_in_reg[5]_rep__4/C
                            (rising edge-triggered cell FDRE clocked by aclk  {rise@0.000ns fall@3.367ns period=6.734ns})
  Destination:            lb2_reg_128_255_7_7/DP.LOW/WADR5
                            (rising edge-triggered cell RAMD64E clocked by aclk  {rise@0.000ns fall@3.367ns period=6.734ns})
  Path Group:             aclk
  Path Type:              Hold (Min at Fast Process Corner)
  Requirement:            0.000ns  (aclk rise@0.000ns - aclk rise@0.000ns)
  Data Path Delay:        0.341ns  (logic 0.141ns (41.293%)  route 0.200ns (58.707%))
  Logic Levels:           0  
  Clock Path Skew:        0.022ns (DCD - SCD - CPR)
    Destination Clock Delay (DCD):    0.432ns
    Source Clock Delay      (SCD):    0.410ns
    Clock Pessimism Removal (CPR):    -0.000ns

    Location             Delay type                Incr(ns)  Path(ns)    Netlist Resource(s)
  -------------------------------------------------------------------    -------------------
                         (clock aclk rise edge)       0.000     0.000 r  <hidden>
                                                      0.000     0.000 r  aclk
                         net (fo=1857, unset)         0.410     0.410    aclk
    SLICE_X21Y13         FDRE                                         r  col_in_reg[5]_rep__4/C
  -------------------------------------------------------------------    -------------------
    SLICE_X21Y13         FDRE (Prop_fdre_C_Q)         0.141     0.551 r  col_in_reg[5]_rep__4/Q
                         net (fo=210, routed)         0.200     0.752    lb2_reg_128_255_7_7/A5
    SLICE_X22Y12         RAMD64E                                      r  lb2_reg_128_255_7_7/DP.LOW/WADR5
  -------------------------------------------------------------------    -------------------

                         (clock aclk rise edge)       0.000     0.000 r  <hidden>
                                                      0.000     0.000 r  aclk
                         net (fo=1857, unset)         0.432     0.432    lb2_reg_128_255_7_7/WCLK
    SLICE_X22Y12         RAMD64E                                      r  lb2_reg_128_255_7_7/DP.LOW/CLK
                         clock pessimism              0.000     0.432    <hidden>
    SLICE_X22Y12         RAMD64E (Hold_ramd64e_CLK_WADR5)
                                                      0.170     0.602    lb2_reg_128_255_7_7/DP.LOW
  -------------------------------------------------------------------
                         required time                         -0.602    <hidden>
                         arrival time                           0.752    <hidden>
  -------------------------------------------------------------------
                         slack                                  0.150    <hidden>

Slack (MET) :             0.150ns  (arrival time - required time)
  Source:                 col_in_reg[5]_rep__4/C
                            (rising edge-triggered cell FDRE clocked by aclk  {rise@0.000ns fall@3.367ns period=6.734ns})
  Destination:            lb2_reg_128_255_7_7/SP.HIGH/WADR5
                            (rising edge-triggered cell RAMD64E clocked by aclk  {rise@0.000ns fall@3.367ns period=6.734ns})
  Path Group:             aclk
  Path Type:              Hold (Min at Fast Process Corner)
  Requirement:            0.000ns  (aclk rise@0.000ns - aclk rise@0.000ns)
  Data Path Delay:        0.341ns  (logic 0.141ns (41.293%)  route 0.200ns (58.707%))
  Logic Levels:           0  
  Clock Path Skew:        0.022ns (DCD - SCD - CPR)
    Destination Clock Delay (DCD):    0.432ns
    Source Clock Delay      (SCD):    0.410ns
    Clock Pessimism Removal (CPR):    -0.000ns

    Location             Delay type                Incr(ns)  Path(ns)    Netlist Resource(s)
  -------------------------------------------------------------------    -------------------
                         (clock aclk rise edge)       0.000     0.000 r  <hidden>
                                                      0.000     0.000 r  aclk
                         net (fo=1857, unset)         0.410     0.410    aclk
    SLICE_X21Y13         FDRE                                         r  col_in_reg[5]_rep__4/C
  -------------------------------------------------------------------    -------------------
    SLICE_X21Y13         FDRE (Prop_fdre_C_Q)         0.141     0.551 r  col_in_reg[5]_rep__4/Q
                         net (fo=210, routed)         0.200     0.752    lb2_reg_128_255_7_7/A5
    SLICE_X22Y12         RAMD64E                                      r  lb2_reg_128_255_7_7/SP.HIGH/WADR5
  -------------------------------------------------------------------    -------------------

                         (clock aclk rise edge)       0.000     0.000 r  <hidden>
                                                      0.000     0.000 r  aclk
                         net (fo=1857, unset)         0.432     0.432    lb2_reg_128_255_7_7/WCLK
    SLICE_X22Y12         RAMD64E                                      r  lb2_reg_128_255_7_7/SP.HIGH/CLK
                         clock pessimism              0.000     0.432    <hidden>
    SLICE_X22Y12         RAMD64E (Hold_ramd64e_CLK_WADR5)
                                                      0.170     0.602    lb2_reg_128_255_7_7/SP.HIGH
  -------------------------------------------------------------------
                         required time                         -0.602    <hidden>
                         arrival time                           0.752    <hidden>
  -------------------------------------------------------------------
                         slack                                  0.150    <hidden>

Slack (MET) :             0.150ns  (arrival time - required time)
  Source:                 col_in_reg[5]_rep__4/C
                            (rising edge-triggered cell FDRE clocked by aclk  {rise@0.000ns fall@3.367ns period=6.734ns})
  Destination:            lb2_reg_128_255_7_7/SP.LOW/WADR5
                            (rising edge-triggered cell RAMD64E clocked by aclk  {rise@0.000ns fall@3.367ns period=6.734ns})
  Path Group:             aclk
  Path Type:              Hold (Min at Fast Process Corner)
  Requirement:            0.000ns  (aclk rise@0.000ns - aclk rise@0.000ns)
  Data Path Delay:        0.341ns  (logic 0.141ns (41.293%)  route 0.200ns (58.707%))
  Logic Levels:           0  
  Clock Path Skew:        0.022ns (DCD - SCD - CPR)
    Destination Clock Delay (DCD):    0.432ns
    Source Clock Delay      (SCD):    0.410ns
    Clock Pessimism Removal (CPR):    -0.000ns

    Location             Delay type                Incr(ns)  Path(ns)    Netlist Resource(s)
  -------------------------------------------------------------------    -------------------
                         (clock aclk rise edge)       0.000     0.000 r  <hidden>
                                                      0.000     0.000 r  aclk
                         net (fo=1857, unset)         0.410     0.410    aclk
    SLICE_X21Y13         FDRE                                         r  col_in_reg[5]_rep__4/C
  -------------------------------------------------------------------    -------------------
    SLICE_X21Y13         FDRE (Prop_fdre_C_Q)         0.141     0.551 r  col_in_reg[5]_rep__4/Q
                         net (fo=210, routed)         0.200     0.752    lb2_reg_128_255_7_7/A5
    SLICE_X22Y12         RAMD64E                                      r  lb2_reg_128_255_7_7/SP.LOW/WADR5
  -------------------------------------------------------------------    -------------------

                         (clock aclk rise edge)       0.000     0.000 r  <hidden>
                                                      0.000     0.000 r  aclk
                         net (fo=1857, unset)         0.432     0.432    lb2_reg_128_255_7_7/WCLK
    SLICE_X22Y12         RAMD64E                                      r  lb2_reg_128_255_7_7/SP.LOW/CLK
                         clock pessimism              0.000     0.432    <hidden>
    SLICE_X22Y12         RAMD64E (Hold_ramd64e_CLK_WADR5)
                                                      0.170     0.602    lb2_reg_128_255_7_7/SP.LOW
  -------------------------------------------------------------------
                         required time                         -0.602    <hidden>
                         arrival time                           0.752    <hidden>
  -------------------------------------------------------------------
                         slack                                  0.150    <hidden>

Slack (MET) :             0.151ns  (arrival time - required time)
  Source:                 col_in_reg[4]_rep__4/C
                            (rising edge-triggered cell FDRE clocked by aclk  {rise@0.000ns fall@3.367ns period=6.734ns})
  Destination:            lb1_reg_1920_2047_0_0/DP.HIGH/WADR4
                            (rising edge-triggered cell RAMD64E clocked by aclk  {rise@0.000ns fall@3.367ns period=6.734ns})
  Path Group:             aclk
  Path Type:              Hold (Min at Fast Process Corner)
  Requirement:            0.000ns  (aclk rise@0.000ns - aclk rise@0.000ns)
  Data Path Delay:        0.373ns  (logic 0.141ns (37.848%)  route 0.232ns (62.152%))
  Logic Levels:           0  
  Clock Path Skew:        0.022ns (DCD - SCD - CPR)
    Destination Clock Delay (DCD):    0.432ns
    Source Clock Delay      (SCD):    0.410ns
    Clock Pessimism Removal (CPR):    -0.000ns

    Location             Delay type                Incr(ns)  Path(ns)    Netlist Resource(s)
  -------------------------------------------------------------------    -------------------
                         (clock aclk rise edge)       0.000     0.000 r  <hidden>
                                                      0.000     0.000 r  aclk
                         net (fo=1857, unset)         0.410     0.410    aclk
    SLICE_X21Y9          FDRE                                         r  col_in_reg[4]_rep__4/C
  -------------------------------------------------------------------    -------------------
    SLICE_X21Y9          FDRE (Prop_fdre_C_Q)         0.141     0.551 r  col_in_reg[4]_rep__4/Q
                         net (fo=217, routed)         0.232     0.783    lb1_reg_1920_2047_0_0/A4
    SLICE_X22Y8          RAMD64E                                      r  lb1_reg_1920_2047_0_0/DP.HIGH/WADR4
  -------------------------------------------------------------------    -------------------

                         (clock aclk rise edge)       0.000     0.000 r  <hidden>
                                                      0.000     0.000 r  aclk
                         net (fo=1857, unset)         0.432     0.432    lb1_reg_1920_2047_0_0/WCLK
    SLICE_X22Y8          RAMD64E                                      r  lb1_reg_1920_2047_0_0/DP.HIGH/CLK
                         clock pessimism              0.000     0.432    <hidden>
    SLICE_X22Y8          RAMD64E (Hold_ramd64e_CLK_WADR4)
                                                      0.200     0.632    lb1_reg_1920_2047_0_0/DP.HIGH
  -------------------------------------------------------------------
                         required time                         -0.632    <hidden>
                         arrival time                           0.783    <hidden>
  -------------------------------------------------------------------
                         slack                                  0.151    <hidden>





Pulse Width Checks
--------------------------------------------------------------------------------------
Clock Name:         aclk
Waveform(ns):       { 0.000 3.367 }
Period(ns):         6.734
Sources:            { aclk }

Check Type        Corner  Lib Pin      Reference Pin  Required(ns)  Actual(ns)  Slack(ns)  Location     Pin
Min Period        n/a     DSP48E1/CLK  n/a            3.884         6.734       2.850      DSP48_X1Y3   pr1_reg[1]/CLK
Min Period        n/a     DSP48E1/CLK  n/a            3.884         6.734       2.850      DSP48_X0Y8   pr1_reg[4]/CLK
Min Period        n/a     DSP48E1/CLK  n/a            3.884         6.734       2.850      DSP48_X0Y4   pr1_reg[7]/CLK
Min Period        n/a     DSP48E1/CLK  n/a            3.884         6.734       2.850      DSP48_X1Y4   pr2_reg[1]/CLK
Min Period        n/a     DSP48E1/CLK  n/a            3.884         6.734       2.850      DSP48_X1Y7   pr2_reg[4]/CLK
Min Period        n/a     DSP48E1/CLK  n/a            3.884         6.734       2.850      DSP48_X0Y6   pr2_reg[7]/CLK
Min Period        n/a     DSP48E1/CLK  n/a            3.687         6.734       3.047      DSP48_X2Y5   pr2_reg[3]/CLK
Min Period        n/a     DSP48E1/CLK  n/a            3.687         6.734       3.047      DSP48_X0Y7   pr2_reg[5]/CLK
Min Period        n/a     DSP48E1/CLK  n/a            2.154         6.734       4.580      DSP48_X1Y0   pr1_reg[0]/CLK
Min Period        n/a     DSP48E1/CLK  n/a            2.154         6.734       4.580      DSP48_X1Y2   pr1_reg[2]/CLK
Min Period        n/a     DSP48E1/CLK  n/a            2.154         6.734       4.580      DSP48_X2Y2   pr1_reg[3]/CLK
Min Period        n/a     DSP48E1/CLK  n/a            2.154         6.734       4.580      DSP48_X0Y9   pr1_reg[5]/CLK
Min Period        n/a     DSP48E1/CLK  n/a            2.154         6.734       4.580      DSP48_X1Y8   pr1_reg[6]/CLK
Min Period        n/a     DSP48E1/CLK  n/a            2.154         6.734       4.580      DSP48_X0Y5   pr1_reg[8]/CLK
Min Period        n/a     DSP48E1/CLK  n/a            2.154         6.734       4.580      DSP48_X1Y1   pr2_reg[0]/CLK
Min Period        n/a     DSP48E1/CLK  n/a            2.154         6.734       4.580      DSP48_X2Y4   pr2_reg[2]/CLK
Min Period        n/a     DSP48E1/CLK  n/a            2.154         6.734       4.580      DSP48_X1Y9   pr2_reg[6]/CLK
Min Period        n/a     DSP48E1/CLK  n/a            2.154         6.734       4.580      DSP48_X1Y6   pr2_reg[8]/CLK
Min Period        n/a     FDRE/C       n/a            1.000         6.734       5.734      SLICE_X29Y8  FSM_onehot_state_reg[0]/C
Min Period        n/a     FDSE/C       n/a            1.000         6.734       5.734      SLICE_X29Y8  FSM_onehot_state_reg[1]/C
Min Period        n/a     FDRE/C       n/a            1.000         6.734       5.734      SLICE_X33Y8  FSM_onehot_state_reg[2]/C
Min Period        n/a     FDRE/C       n/a            1.000         6.734       5.734      SLICE_X33Y8  FSM_onehot_state_reg[3]/C
Min Period        n/a     FDRE/C       n/a            1.000         6.734       5.734      SLICE_X9Y18  acc1_q_reg[0]/C
Min Period        n/a     FDRE/C       n/a            1.000         6.734       5.734      SLICE_X9Y20  acc1_q_reg[10]/C
Min Period        n/a     FDRE/C       n/a            1.000         6.734       5.734      SLICE_X9Y20  acc1_q_reg[11]/C
Low Pulse Width   Slow    RAMD64E/CLK  n/a            1.250         3.367       2.117      SLICE_X22Y2  lb1_reg_0_127_0_0/DP.HIGH/CLK
Low Pulse Width   Fast    RAMD64E/CLK  n/a            1.250         3.367       2.117      SLICE_X22Y2  lb1_reg_0_127_0_0/DP.HIGH/CLK
Low Pulse Width   Slow    RAMD64E/CLK  n/a            1.250         3.367       2.117      SLICE_X22Y2  lb1_reg_0_127_0_0/DP.LOW/CLK
Low Pulse Width   Fast    RAMD64E/CLK  n/a            1.250         3.367       2.117      SLICE_X22Y2  lb1_reg_0_127_0_0/DP.LOW/CLK
Low Pulse Width   Slow    RAMD64E/CLK  n/a            1.250         3.367       2.117      SLICE_X22Y2  lb1_reg_0_127_0_0/SP.HIGH/CLK
Low Pulse Width   Fast    RAMD64E/CLK  n/a            1.250         3.367       2.117      SLICE_X22Y2  lb1_reg_0_127_0_0/SP.HIGH/CLK
Low Pulse Width   Slow    RAMD64E/CLK  n/a            1.250         3.367       2.117      SLICE_X22Y2  lb1_reg_0_127_0_0/SP.LOW/CLK
Low Pulse Width   Fast    RAMD64E/CLK  n/a            1.250         3.367       2.117      SLICE_X22Y2  lb1_reg_0_127_0_0/SP.LOW/CLK
Low Pulse Width   Slow    RAMD64E/CLK  n/a            1.250         3.367       2.117      SLICE_X22Y6  lb1_reg_0_127_1_1/DP.HIGH/CLK
Low Pulse Width   Fast    RAMD64E/CLK  n/a            1.250         3.367       2.117      SLICE_X22Y6  lb1_reg_0_127_1_1/DP.HIGH/CLK
Low Pulse Width   Slow    RAMD64E/CLK  n/a            1.250         3.367       2.117      SLICE_X22Y6  lb1_reg_0_127_1_1/DP.LOW/CLK
Low Pulse Width   Fast    RAMD64E/CLK  n/a            1.250         3.367       2.117      SLICE_X22Y6  lb1_reg_0_127_1_1/DP.LOW/CLK
Low Pulse Width   Slow    RAMD64E/CLK  n/a            1.250         3.367       2.117      SLICE_X22Y6  lb1_reg_0_127_1_1/SP.HIGH/CLK
Low Pulse Width   Fast    RAMD64E/CLK  n/a            1.250         3.367       2.117      SLICE_X22Y6  lb1_reg_0_127_1_1/SP.HIGH/CLK
Low Pulse Width   Slow    RAMD64E/CLK  n/a            1.250         3.367       2.117      SLICE_X22Y6  lb1_reg_0_127_1_1/SP.LOW/CLK
Low Pulse Width   Fast    RAMD64E/CLK  n/a            1.250         3.367       2.117      SLICE_X22Y6  lb1_reg_0_127_1_1/SP.LOW/CLK
Low Pulse Width   Slow    RAMD64E/CLK  n/a            1.250         3.367       2.117      SLICE_X10Y9  lb1_reg_0_127_2_2/DP.HIGH/CLK
Low Pulse Width   Fast    RAMD64E/CLK  n/a            1.250         3.367       2.117      SLICE_X10Y9  lb1_reg_0_127_2_2/DP.HIGH/CLK
Low Pulse Width   Slow    RAMD64E/CLK  n/a            1.250         3.367       2.117      SLICE_X10Y9  lb1_reg_0_127_2_2/DP.LOW/CLK
Low Pulse Width   Fast    RAMD64E/CLK  n/a            1.250         3.367       2.117      SLICE_X10Y9  lb1_reg_0_127_2_2/DP.LOW/CLK
Low Pulse Width   Slow    RAMD64E/CLK  n/a            1.250         3.367       2.117      SLICE_X10Y9  lb1_reg_0_127_2_2/SP.HIGH/CLK
Low Pulse Width   Fast    RAMD64E/CLK  n/a            1.250         3.367       2.117      SLICE_X10Y9  lb1_reg_0_127_2_2/SP.HIGH/CLK
Low Pulse Width   Slow    RAMD64E/CLK  n/a            1.250         3.367       2.117      SLICE_X10Y9  lb1_reg_0_127_2_2/SP.LOW/CLK
Low Pulse Width   Fast    RAMD64E/CLK  n/a            1.250         3.367       2.117      SLICE_X10Y9  lb1_reg_0_127_2_2/SP.LOW/CLK
Low Pulse Width   Slow    RAMD64E/CLK  n/a            1.250         3.367       2.117      SLICE_X14Y0  lb1_reg_0_127_3_3/DP.HIGH/CLK
High Pulse Width  Slow    RAMD64E/CLK  n/a            1.250         3.367       2.117      SLICE_X22Y2  lb1_reg_0_127_0_0/DP.HIGH/CLK
High Pulse Width  Fast    RAMD64E/CLK  n/a            1.250         3.367       2.117      SLICE_X22Y2  lb1_reg_0_127_0_0/DP.HIGH/CLK
High Pulse Width  Slow    RAMD64E/CLK  n/a            1.250         3.367       2.117      SLICE_X22Y2  lb1_reg_0_127_0_0/DP.LOW/CLK
High Pulse Width  Fast    RAMD64E/CLK  n/a            1.250         3.367       2.117      SLICE_X22Y2  lb1_reg_0_127_0_0/DP.LOW/CLK
High Pulse Width  Slow    RAMD64E/CLK  n/a            1.250         3.367       2.117      SLICE_X22Y2  lb1_reg_0_127_0_0/SP.HIGH/CLK
High Pulse Width  Fast    RAMD64E/CLK  n/a            1.250         3.367       2.117      SLICE_X22Y2  lb1_reg_0_127_0_0/SP.HIGH/CLK
High Pulse Width  Slow    RAMD64E/CLK  n/a            1.250         3.367       2.117      SLICE_X22Y2  lb1_reg_0_127_0_0/SP.LOW/CLK
High Pulse Width  Fast    RAMD64E/CLK  n/a            1.250         3.367       2.117      SLICE_X22Y2  lb1_reg_0_127_0_0/SP.LOW/CLK
High Pulse Width  Slow    RAMD64E/CLK  n/a            1.250         3.367       2.117      SLICE_X22Y6  lb1_reg_0_127_1_1/DP.HIGH/CLK
High Pulse Width  Fast    RAMD64E/CLK  n/a            1.250         3.367       2.117      SLICE_X22Y6  lb1_reg_0_127_1_1/DP.HIGH/CLK
High Pulse Width  Slow    RAMD64E/CLK  n/a            1.250         3.367       2.117      SLICE_X22Y6  lb1_reg_0_127_1_1/DP.LOW/CLK
High Pulse Width  Fast    RAMD64E/CLK  n/a            1.250         3.367       2.117      SLICE_X22Y6  lb1_reg_0_127_1_1/DP.LOW/CLK
High Pulse Width  Slow    RAMD64E/CLK  n/a            1.250         3.367       2.117      SLICE_X22Y6  lb1_reg_0_127_1_1/SP.HIGH/CLK
High Pulse Width  Fast    RAMD64E/CLK  n/a            1.250         3.367       2.117      SLICE_X22Y6  lb1_reg_0_127_1_1/SP.HIGH/CLK
High Pulse Width  Slow    RAMD64E/CLK  n/a            1.250         3.367       2.117      SLICE_X22Y6  lb1_reg_0_127_1_1/SP.LOW/CLK
High Pulse Width  Fast    RAMD64E/CLK  n/a            1.250         3.367       2.117      SLICE_X22Y6  lb1_reg_0_127_1_1/SP.LOW/CLK
High Pulse Width  Slow    RAMD64E/CLK  n/a            1.250         3.367       2.117      SLICE_X10Y9  lb1_reg_0_127_2_2/DP.HIGH/CLK
High Pulse Width  Fast    RAMD64E/CLK  n/a            1.250         3.367       2.117      SLICE_X10Y9  lb1_reg_0_127_2_2/DP.HIGH/CLK
High Pulse Width  Slow    RAMD64E/CLK  n/a            1.250         3.367       2.117      SLICE_X10Y9  lb1_reg_0_127_2_2/DP.LOW/CLK
High Pulse Width  Fast    RAMD64E/CLK  n/a            1.250         3.367       2.117      SLICE_X10Y9  lb1_reg_0_127_2_2/DP.LOW/CLK
High Pulse Width  Slow    RAMD64E/CLK  n/a            1.250         3.367       2.117      SLICE_X10Y9  lb1_reg_0_127_2_2/SP.HIGH/CLK
High Pulse Width  Fast    RAMD64E/CLK  n/a            1.250         3.367       2.117      SLICE_X10Y9  lb1_reg_0_127_2_2/SP.HIGH/CLK
High Pulse Width  Slow    RAMD64E/CLK  n/a            1.250         3.367       2.117      SLICE_X10Y9  lb1_reg_0_127_2_2/SP.LOW/CLK
High Pulse Width  Fast    RAMD64E/CLK  n/a            1.250         3.367       2.117      SLICE_X10Y9  lb1_reg_0_127_2_2/SP.LOW/CLK
High Pulse Width  Slow    RAMD64E/CLK  n/a            1.250         3.367       2.117      SLICE_X14Y0  lb1_reg_0_127_3_3/DP.HIGH/CLK



