Copyright 1986-2022 Xilinx, Inc. All Rights Reserved. Copyright 2022-2026 Advanced Micro Devices, Inc. All Rights Reserved.
---------------------------------------------------------------------------------------------------------------------------------------------
| Tool Version : Vivado v.2026.1 (win64) Build 6511674 Tue Jun 16 11:02:23 MDT 2026
| Date         : Tue Sep 29 15:02:09 2026
| Host         : <redacted> running 64-bit major release  (build 9200)
| Command      : report_timing_summary -delay_type min_max -max_paths 25 -file sobel_fixed_W1920_tim_impl.rpt
| Design       : sobel_fixed
| Device       : 7z020-clg400
| Speed File   : -1  PRODUCTION 1.12 2019-11-22
| Design State : Routed
---------------------------------------------------------------------------------------------------------------------------------------------

Timing Summary Report

------------------------------------------------------------------------------------------------
| Timer Settings
| --------------
------------------------------------------------------------------------------------------------

  Enable Multi Corner Analysis               :  Yes
  Enable Pessimism Removal                   :  Yes
  Pessimism Removal Resolution               :  Nearest Common Node
  Enable Input Delay Default Clock           :  No
  Enable Preset / Clear Arcs                 :  No
  Disable Flight Delays                      :  No
  Ignore I/O Paths                           :  No
  Timing Early Launch at Borrowing Latches   :  No
  Borrow Time for Max Delay Exceptions       :  Yes
  Merge Timing Exceptions                    :  Yes
  Inter-SLR Compensation                     :  Conservative

  Corner  Analyze    Analyze    
  Name    Max Paths  Min Paths  
  ------  ---------  ---------  
  Slow    Yes        Yes        
  Fast    Yes        Yes        


------------------------------------------------------------------------------------------------
| Report Methodology
| ------------------
------------------------------------------------------------------------------------------------

No report available as report_methodology has not been run prior. Run report_methodology on the current design for the summary of methodology violations.



check_timing report

Table of Contents
-----------------
1. checking no_clock (0)
2. checking constant_clock (0)
3. checking pulse_width_clock (0)
4. checking unconstrained_internal_endpoints (0)
5. checking no_input_delay (0)
6. checking no_output_delay (0)
7. checking multiple_clock (0)
8. checking generated_clocks (0)
9. checking loops (0)
10. checking partial_input_delay (0)
11. checking partial_output_delay (0)
12. checking latch_loops (0)

1. checking no_clock (0)
------------------------
 There are 0 register/latch pins with no clock.


2. checking constant_clock (0)
------------------------------
 There are 0 register/latch pins with constant_clock.


3. checking pulse_width_clock (0)
---------------------------------
 There are 0 register/latch pins which need pulse_width check


4. checking unconstrained_internal_endpoints (0)
------------------------------------------------
 There are 0 pins that are not constrained for maximum delay.

 There are 0 pins that are not constrained for maximum delay due to constant clock.


5. checking no_input_delay (0)
------------------------------
 There are 0 input ports with no input delay specified.

 There are 0 input ports with no input delay but user has a false path constraint.


6. checking no_output_delay (0)
-------------------------------
 There are 0 ports with no output delay specified.

 There are 0 ports with no output delay but user has a false path constraint

 There are 0 ports with no output delay but with a timing clock defined on it or propagating through it


7. checking multiple_clock (0)
------------------------------
 There are 0 register/latch pins with multiple clocks.


8. checking generated_clocks (0)
--------------------------------
 There are 0 generated clocks that are not connected to a clock source.


9. checking loops (0)
---------------------
 There are 0 combinational loops in the design.


10. checking partial_input_delay (0)
------------------------------------
 There are 0 input ports with partial input delay specified.


11. checking partial_output_delay (0)
-------------------------------------
 There are 0 ports with partial output delay specified.


12. checking latch_loops (0)
----------------------------
 There are 0 combinational latch loops in the design through latch input



------------------------------------------------------------------------------------------------
| Design Timing Summary
| ---------------------
------------------------------------------------------------------------------------------------

    WNS(ns)      TNS(ns)  TNS Failing Endpoints  TNS Total Endpoints      WHS(ns)      THS(ns)  THS Failing Endpoints  THS Total Endpoints     WPWS(ns)     TPWS(ns)  TPWS Failing Endpoints  TPWS Total Endpoints  
    -------      -------  ---------------------  -------------------      -------      -------  ---------------------  -------------------     --------     --------  ----------------------  --------------------  
      0.367        0.000                      0                10110        0.089        0.000                      0                10110        2.117        0.000                       0                  1346  


All user specified timing constraints are met.


------------------------------------------------------------------------------------------------
| Clock Summary
| -------------
------------------------------------------------------------------------------------------------

Clock  Waveform(ns)         Period(ns)      Frequency(MHz)
-----  ------------         ----------      --------------
aclk   {0.000 3.367}        6.734           148.500         


------------------------------------------------------------------------------------------------
| Intra Clock Table
| -----------------
------------------------------------------------------------------------------------------------

Clock             WNS(ns)      TNS(ns)  TNS Failing Endpoints  TNS Total Endpoints      WHS(ns)      THS(ns)  THS Failing Endpoints  THS Total Endpoints     WPWS(ns)     TPWS(ns)  TPWS Failing Endpoints  TPWS Total Endpoints  
-----             -------      -------  ---------------------  -------------------      -------      -------  ---------------------  -------------------     --------     --------  ----------------------  --------------------  
aclk                0.367        0.000                      0                10110        0.089        0.000                      0                10110        2.117        0.000                       0                  1346  


------------------------------------------------------------------------------------------------
| Inter Clock Table
| -----------------
------------------------------------------------------------------------------------------------

From Clock    To Clock          WNS(ns)      TNS(ns)  TNS Failing Endpoints  TNS Total Endpoints      WHS(ns)      THS(ns)  THS Failing Endpoints  THS Total Endpoints  
----------    --------          -------      -------  ---------------------  -------------------      -------      -------  ---------------------  -------------------  


------------------------------------------------------------------------------------------------
| Other Path Groups Table
| -----------------------
------------------------------------------------------------------------------------------------

Path Group    From Clock    To Clock          WNS(ns)      TNS(ns)  TNS Failing Endpoints  TNS Total Endpoints      WHS(ns)      THS(ns)  THS Failing Endpoints  THS Total Endpoints  
----------    ----------    --------          -------      -------  ---------------------  -------------------      -------      -------  ---------------------  -------------------  


------------------------------------------------------------------------------------------------
| Timing Details
| --------------
------------------------------------------------------------------------------------------------


---------------------------------------------------------------------------------------------------
From Clock:  aclk
  To Clock:  aclk

Setup :            0  Failing Endpoints,  Worst Slack        0.367ns,  Total Violation        0.000ns
Hold  :            0  Failing Endpoints,  Worst Slack        0.089ns,  Total Violation        0.000ns
PW    :            0  Failing Endpoints,  Worst Slack        2.117ns,  Total Violation        0.000ns
---------------------------------------------------------------------------------------------------


Max Delay Paths
--------------------------------------------------------------------------------------
Slack (MET) :             0.367ns  (required time - arrival time)
  Source:                 aresetn
                            (input port clocked by aclk  {rise@0.000ns fall@3.367ns period=6.734ns})
  Destination:            col_ff_reg[0]_rep__3/R
                            (rising edge-triggered cell FDRE clocked by aclk  {rise@0.000ns fall@3.367ns period=6.734ns})
  Path Group:             aclk
  Path Type:              Setup (Max at Slow Process Corner)
  Requirement:            6.734ns  (aclk rise@6.734ns - aclk rise@0.000ns)
  Data Path Delay:        4.827ns  (logic 0.124ns (2.569%)  route 4.703ns (97.431%))
  Logic Levels:           1  (LUT1=1)
  Input Delay:            2.000ns
  Clock Path Skew:        0.924ns (DCD - SCD + CPR)
    Destination Clock Delay (DCD):    0.924ns = ( 7.658 - 6.734 ) 
    Source Clock Delay      (SCD):    0.000ns
    Clock Pessimism Removal (CPR):    0.000ns
  Clock Uncertainty:      0.035ns  ((TSJ^2 + TIJ^2)^1/2 + DJ) / 2 + PE
    Total System Jitter     (TSJ):    0.071ns
    Total Input Jitter      (TIJ):    0.000ns
    Discrete Jitter          (DJ):    0.000ns
    Phase Error              (PE):    0.000ns

    Location             Delay type                Incr(ns)  Path(ns)    Netlist Resource(s)
  -------------------------------------------------------------------    -------------------
                         (clock aclk rise edge)       0.000     0.000 r  <hidden>
                         input delay                  2.000     2.000    <hidden>
                                                      0.000     2.000 f  aresetn
                         net (fo=10, unset)           0.973     2.973    aresetn
    SLICE_X98Y103        LUT1 (Prop_lut1_I0_O)        0.124     3.097 r  m_axis_tdata[7]_i_1/O
                         net (fo=244, routed)         3.730     6.827    m_axis_tdata[7]_i_1_n_0
    SLICE_X103Y81        FDRE                                         r  col_ff_reg[0]_rep__3/R
  -------------------------------------------------------------------    -------------------

                         (clock aclk rise edge)       6.734     6.734 r  <hidden>
                                                      0.000     6.734 r  aclk
                         net (fo=1345, unset)         0.924     7.658    aclk
    SLICE_X103Y81        FDRE                                         r  col_ff_reg[0]_rep__3/C
                         clock pessimism              0.000     7.658    <hidden>
                         clock uncertainty           -0.035     7.623    <hidden>
    SLICE_X103Y81        FDRE (Setup_fdre_C_R)       -0.429     7.194    col_ff_reg[0]_rep__3
  -------------------------------------------------------------------
                         required time                          7.194    <hidden>
                         arrival time                          -6.827    <hidden>
  -------------------------------------------------------------------
                         slack                                  0.367    <hidden>

Slack (MET) :             0.367ns  (required time - arrival time)
  Source:                 aresetn
                            (input port clocked by aclk  {rise@0.000ns fall@3.367ns period=6.734ns})
  Destination:            col_ff_reg[0]_rep__5/R
                            (rising edge-triggered cell FDRE clocked by aclk  {rise@0.000ns fall@3.367ns period=6.734ns})
  Path Group:             aclk
  Path Type:              Setup (Max at Slow Process Corner)
  Requirement:            6.734ns  (aclk rise@6.734ns - aclk rise@0.000ns)
  Data Path Delay:        4.827ns  (logic 0.124ns (2.569%)  route 4.703ns (97.431%))
  Logic Levels:           1  (LUT1=1)
  Input Delay:            2.000ns
  Clock Path Skew:        0.924ns (DCD - SCD + CPR)
    Destination Clock Delay (DCD):    0.924ns = ( 7.658 - 6.734 ) 
    Source Clock Delay      (SCD):    0.000ns
    Clock Pessimism Removal (CPR):    0.000ns
  Clock Uncertainty:      0.035ns  ((TSJ^2 + TIJ^2)^1/2 + DJ) / 2 + PE
    Total System Jitter     (TSJ):    0.071ns
    Total Input Jitter      (TIJ):    0.000ns
    Discrete Jitter          (DJ):    0.000ns
    Phase Error              (PE):    0.000ns

    Location             Delay type                Incr(ns)  Path(ns)    Netlist Resource(s)
  -------------------------------------------------------------------    -------------------
                         (clock aclk rise edge)       0.000     0.000 r  <hidden>
                         input delay                  2.000     2.000    <hidden>
                                                      0.000     2.000 f  aresetn
                         net (fo=10, unset)           0.973     2.973    aresetn
    SLICE_X98Y103        LUT1 (Prop_lut1_I0_O)        0.124     3.097 r  m_axis_tdata[7]_i_1/O
                         net (fo=244, routed)         3.730     6.827    m_axis_tdata[7]_i_1_n_0
    SLICE_X103Y81        FDRE                                         r  col_ff_reg[0]_rep__5/R
  -------------------------------------------------------------------    -------------------

                         (clock aclk rise edge)       6.734     6.734 r  <hidden>
                                                      0.000     6.734 r  aclk
                         net (fo=1345, unset)         0.924     7.658    aclk
    SLICE_X103Y81        FDRE                                         r  col_ff_reg[0]_rep__5/C
                         clock pessimism              0.000     7.658    <hidden>
                         clock uncertainty           -0.035     7.623    <hidden>
    SLICE_X103Y81        FDRE (Setup_fdre_C_R)       -0.429     7.194    col_ff_reg[0]_rep__5
  -------------------------------------------------------------------
                         required time                          7.194    <hidden>
                         arrival time                          -6.827    <hidden>
  -------------------------------------------------------------------
                         slack                                  0.367    <hidden>

Slack (MET) :             0.375ns  (required time - arrival time)
  Source:                 aresetn
                            (input port clocked by aclk  {rise@0.000ns fall@3.367ns period=6.734ns})
  Destination:            col_in_reg[0]_rep/R
                            (rising edge-triggered cell FDRE clocked by aclk  {rise@0.000ns fall@3.367ns period=6.734ns})
  Path Group:             aclk
  Path Type:              Setup (Max at Slow Process Corner)
  Requirement:            6.734ns  (aclk rise@6.734ns - aclk rise@0.000ns)
  Data Path Delay:        4.819ns  (logic 0.124ns (2.573%)  route 4.695ns (97.427%))
  Logic Levels:           1  (LUT1=1)
  Input Delay:            2.000ns
  Clock Path Skew:        0.924ns (DCD - SCD + CPR)
    Destination Clock Delay (DCD):    0.924ns = ( 7.658 - 6.734 ) 
    Source Clock Delay      (SCD):    0.000ns
    Clock Pessimism Removal (CPR):    0.000ns
  Clock Uncertainty:      0.035ns  ((TSJ^2 + TIJ^2)^1/2 + DJ) / 2 + PE
    Total System Jitter     (TSJ):    0.071ns
    Total Input Jitter      (TIJ):    0.000ns
    Discrete Jitter          (DJ):    0.000ns
    Phase Error              (PE):    0.000ns

    Location             Delay type                Incr(ns)  Path(ns)    Netlist Resource(s)
  -------------------------------------------------------------------    -------------------
                         (clock aclk rise edge)       0.000     0.000 r  <hidden>
                         input delay                  2.000     2.000    <hidden>
                                                      0.000     2.000 f  aresetn
                         net (fo=10, unset)           0.973     2.973    aresetn
    SLICE_X98Y103        LUT1 (Prop_lut1_I0_O)        0.124     3.097 r  m_axis_tdata[7]_i_1/O
                         net (fo=244, routed)         3.722     6.819    m_axis_tdata[7]_i_1_n_0
    SLICE_X101Y82        FDRE                                         r  col_in_reg[0]_rep/R
  -------------------------------------------------------------------    -------------------

                         (clock aclk rise edge)       6.734     6.734 r  <hidden>
                                                      0.000     6.734 r  aclk
                         net (fo=1345, unset)         0.924     7.658    aclk
    SLICE_X101Y82        FDRE                                         r  col_in_reg[0]_rep/C
                         clock pessimism              0.000     7.658    <hidden>
                         clock uncertainty           -0.035     7.623    <hidden>
    SLICE_X101Y82        FDRE (Setup_fdre_C_R)       -0.429     7.194    col_in_reg[0]_rep
  -------------------------------------------------------------------
                         required time                          7.194    <hidden>
                         arrival time                          -6.819    <hidden>
  -------------------------------------------------------------------
                         slack                                  0.375    <hidden>

Slack (MET) :             0.375ns  (required time - arrival time)
  Source:                 aresetn
                            (input port clocked by aclk  {rise@0.000ns fall@3.367ns period=6.734ns})
  Destination:            col_in_reg[1]_rep__3/R
                            (rising edge-triggered cell FDRE clocked by aclk  {rise@0.000ns fall@3.367ns period=6.734ns})
  Path Group:             aclk
  Path Type:              Setup (Max at Slow Process Corner)
  Requirement:            6.734ns  (aclk rise@6.734ns - aclk rise@0.000ns)
  Data Path Delay:        4.819ns  (logic 0.124ns (2.573%)  route 4.695ns (97.427%))
  Logic Levels:           1  (LUT1=1)
  Input Delay:            2.000ns
  Clock Path Skew:        0.924ns (DCD - SCD + CPR)
    Destination Clock Delay (DCD):    0.924ns = ( 7.658 - 6.734 ) 
    Source Clock Delay      (SCD):    0.000ns
    Clock Pessimism Removal (CPR):    0.000ns
  Clock Uncertainty:      0.035ns  ((TSJ^2 + TIJ^2)^1/2 + DJ) / 2 + PE
    Total System Jitter     (TSJ):    0.071ns
    Total Input Jitter      (TIJ):    0.000ns
    Discrete Jitter          (DJ):    0.000ns
    Phase Error              (PE):    0.000ns

    Location             Delay type                Incr(ns)  Path(ns)    Netlist Resource(s)
  -------------------------------------------------------------------    -------------------
                         (clock aclk rise edge)       0.000     0.000 r  <hidden>
                         input delay                  2.000     2.000    <hidden>
                                                      0.000     2.000 f  aresetn
                         net (fo=10, unset)           0.973     2.973    aresetn
    SLICE_X98Y103        LUT1 (Prop_lut1_I0_O)        0.124     3.097 r  m_axis_tdata[7]_i_1/O
                         net (fo=244, routed)         3.722     6.819    m_axis_tdata[7]_i_1_n_0
    SLICE_X101Y82        FDRE                                         r  col_in_reg[1]_rep__3/R
  -------------------------------------------------------------------    -------------------

                         (clock aclk rise edge)       6.734     6.734 r  <hidden>
                                                      0.000     6.734 r  aclk
                         net (fo=1345, unset)         0.924     7.658    aclk
    SLICE_X101Y82        FDRE                                         r  col_in_reg[1]_rep__3/C
                         clock pessimism              0.000     7.658    <hidden>
                         clock uncertainty           -0.035     7.623    <hidden>
    SLICE_X101Y82        FDRE (Setup_fdre_C_R)       -0.429     7.194    col_in_reg[1]_rep__3
  -------------------------------------------------------------------
                         required time                          7.194    <hidden>
                         arrival time                          -6.819    <hidden>
  -------------------------------------------------------------------
                         slack                                  0.375    <hidden>

Slack (MET) :             0.375ns  (required time - arrival time)
  Source:                 aresetn
                            (input port clocked by aclk  {rise@0.000ns fall@3.367ns period=6.734ns})
  Destination:            col_in_reg[2]_rep__1/R
                            (rising edge-triggered cell FDRE clocked by aclk  {rise@0.000ns fall@3.367ns period=6.734ns})
  Path Group:             aclk
  Path Type:              Setup (Max at Slow Process Corner)
  Requirement:            6.734ns  (aclk rise@6.734ns - aclk rise@0.000ns)
  Data Path Delay:        4.819ns  (logic 0.124ns (2.573%)  route 4.695ns (97.427%))
  Logic Levels:           1  (LUT1=1)
  Input Delay:            2.000ns
  Clock Path Skew:        0.924ns (DCD - SCD + CPR)
    Destination Clock Delay (DCD):    0.924ns = ( 7.658 - 6.734 ) 
    Source Clock Delay      (SCD):    0.000ns
    Clock Pessimism Removal (CPR):    0.000ns
  Clock Uncertainty:      0.035ns  ((TSJ^2 + TIJ^2)^1/2 + DJ) / 2 + PE
    Total System Jitter     (TSJ):    0.071ns
    Total Input Jitter      (TIJ):    0.000ns
    Discrete Jitter          (DJ):    0.000ns
    Phase Error              (PE):    0.000ns

    Location             Delay type                Incr(ns)  Path(ns)    Netlist Resource(s)
  -------------------------------------------------------------------    -------------------
                         (clock aclk rise edge)       0.000     0.000 r  <hidden>
                         input delay                  2.000     2.000    <hidden>
                                                      0.000     2.000 f  aresetn
                         net (fo=10, unset)           0.973     2.973    aresetn
    SLICE_X98Y103        LUT1 (Prop_lut1_I0_O)        0.124     3.097 r  m_axis_tdata[7]_i_1/O
                         net (fo=244, routed)         3.722     6.819    m_axis_tdata[7]_i_1_n_0
    SLICE_X101Y82        FDRE                                         r  col_in_reg[2]_rep__1/R
  -------------------------------------------------------------------    -------------------

                         (clock aclk rise edge)       6.734     6.734 r  <hidden>
                                                      0.000     6.734 r  aclk
                         net (fo=1345, unset)         0.924     7.658    aclk
    SLICE_X101Y82        FDRE                                         r  col_in_reg[2]_rep__1/C
                         clock pessimism              0.000     7.658    <hidden>
                         clock uncertainty           -0.035     7.623    <hidden>
    SLICE_X101Y82        FDRE (Setup_fdre_C_R)       -0.429     7.194    col_in_reg[2]_rep__1
  -------------------------------------------------------------------
                         required time                          7.194    <hidden>
                         arrival time                          -6.819    <hidden>
  -------------------------------------------------------------------
                         slack                                  0.375    <hidden>

Slack (MET) :             0.375ns  (required time - arrival time)
  Source:                 aresetn
                            (input port clocked by aclk  {rise@0.000ns fall@3.367ns period=6.734ns})
  Destination:            col_in_reg[2]_rep__3/R
                            (rising edge-triggered cell FDRE clocked by aclk  {rise@0.000ns fall@3.367ns period=6.734ns})
  Path Group:             aclk
  Path Type:              Setup (Max at Slow Process Corner)
  Requirement:            6.734ns  (aclk rise@6.734ns - aclk rise@0.000ns)
  Data Path Delay:        4.819ns  (logic 0.124ns (2.573%)  route 4.695ns (97.427%))
  Logic Levels:           1  (LUT1=1)
  Input Delay:            2.000ns
  Clock Path Skew:        0.924ns (DCD - SCD + CPR)
    Destination Clock Delay (DCD):    0.924ns = ( 7.658 - 6.734 ) 
    Source Clock Delay      (SCD):    0.000ns
    Clock Pessimism Removal (CPR):    0.000ns
  Clock Uncertainty:      0.035ns  ((TSJ^2 + TIJ^2)^1/2 + DJ) / 2 + PE
    Total System Jitter     (TSJ):    0.071ns
    Total Input Jitter      (TIJ):    0.000ns
    Discrete Jitter          (DJ):    0.000ns
    Phase Error              (PE):    0.000ns

    Location             Delay type                Incr(ns)  Path(ns)    Netlist Resource(s)
  -------------------------------------------------------------------    -------------------
                         (clock aclk rise edge)       0.000     0.000 r  <hidden>
                         input delay                  2.000     2.000    <hidden>
                                                      0.000     2.000 f  aresetn
                         net (fo=10, unset)           0.973     2.973    aresetn
    SLICE_X98Y103        LUT1 (Prop_lut1_I0_O)        0.124     3.097 r  m_axis_tdata[7]_i_1/O
                         net (fo=244, routed)         3.722     6.819    m_axis_tdata[7]_i_1_n_0
    SLICE_X101Y82        FDRE                                         r  col_in_reg[2]_rep__3/R
  -------------------------------------------------------------------    -------------------

                         (clock aclk rise edge)       6.734     6.734 r  <hidden>
                                                      0.000     6.734 r  aclk
                         net (fo=1345, unset)         0.924     7.658    aclk
    SLICE_X101Y82        FDRE                                         r  col_in_reg[2]_rep__3/C
                         clock pessimism              0.000     7.658    <hidden>
                         clock uncertainty           -0.035     7.623    <hidden>
    SLICE_X101Y82        FDRE (Setup_fdre_C_R)       -0.429     7.194    col_in_reg[2]_rep__3
  -------------------------------------------------------------------
                         required time                          7.194    <hidden>
                         arrival time                          -6.819    <hidden>
  -------------------------------------------------------------------
                         slack                                  0.375    <hidden>

Slack (MET) :             0.375ns  (required time - arrival time)
  Source:                 aresetn
                            (input port clocked by aclk  {rise@0.000ns fall@3.367ns period=6.734ns})
  Destination:            col_in_reg[3]_rep__3/R
                            (rising edge-triggered cell FDRE clocked by aclk  {rise@0.000ns fall@3.367ns period=6.734ns})
  Path Group:             aclk
  Path Type:              Setup (Max at Slow Process Corner)
  Requirement:            6.734ns  (aclk rise@6.734ns - aclk rise@0.000ns)
  Data Path Delay:        4.819ns  (logic 0.124ns (2.573%)  route 4.695ns (97.427%))
  Logic Levels:           1  (LUT1=1)
  Input Delay:            2.000ns
  Clock Path Skew:        0.924ns (DCD - SCD + CPR)
    Destination Clock Delay (DCD):    0.924ns = ( 7.658 - 6.734 ) 
    Source Clock Delay      (SCD):    0.000ns
    Clock Pessimism Removal (CPR):    0.000ns
  Clock Uncertainty:      0.035ns  ((TSJ^2 + TIJ^2)^1/2 + DJ) / 2 + PE
    Total System Jitter     (TSJ):    0.071ns
    Total Input Jitter      (TIJ):    0.000ns
    Discrete Jitter          (DJ):    0.000ns
    Phase Error              (PE):    0.000ns

    Location             Delay type                Incr(ns)  Path(ns)    Netlist Resource(s)
  -------------------------------------------------------------------    -------------------
                         (clock aclk rise edge)       0.000     0.000 r  <hidden>
                         input delay                  2.000     2.000    <hidden>
                                                      0.000     2.000 f  aresetn
                         net (fo=10, unset)           0.973     2.973    aresetn
    SLICE_X98Y103        LUT1 (Prop_lut1_I0_O)        0.124     3.097 r  m_axis_tdata[7]_i_1/O
                         net (fo=244, routed)         3.722     6.819    m_axis_tdata[7]_i_1_n_0
    SLICE_X101Y82        FDRE                                         r  col_in_reg[3]_rep__3/R
  -------------------------------------------------------------------    -------------------

                         (clock aclk rise edge)       6.734     6.734 r  <hidden>
                                                      0.000     6.734 r  aclk
                         net (fo=1345, unset)         0.924     7.658    aclk
    SLICE_X101Y82        FDRE                                         r  col_in_reg[3]_rep__3/C
                         clock pessimism              0.000     7.658    <hidden>
                         clock uncertainty           -0.035     7.623    <hidden>
    SLICE_X101Y82        FDRE (Setup_fdre_C_R)       -0.429     7.194    col_in_reg[3]_rep__3
  -------------------------------------------------------------------
                         required time                          7.194    <hidden>
                         arrival time                          -6.819    <hidden>
  -------------------------------------------------------------------
                         slack                                  0.375    <hidden>

Slack (MET) :             0.375ns  (required time - arrival time)
  Source:                 aresetn
                            (input port clocked by aclk  {rise@0.000ns fall@3.367ns period=6.734ns})
  Destination:            col_in_reg[4]_rep__3/R
                            (rising edge-triggered cell FDRE clocked by aclk  {rise@0.000ns fall@3.367ns period=6.734ns})
  Path Group:             aclk
  Path Type:              Setup (Max at Slow Process Corner)
  Requirement:            6.734ns  (aclk rise@6.734ns - aclk rise@0.000ns)
  Data Path Delay:        4.819ns  (logic 0.124ns (2.573%)  route 4.695ns (97.427%))
  Logic Levels:           1  (LUT1=1)
  Input Delay:            2.000ns
  Clock Path Skew:        0.924ns (DCD - SCD + CPR)
    Destination Clock Delay (DCD):    0.924ns = ( 7.658 - 6.734 ) 
    Source Clock Delay      (SCD):    0.000ns
    Clock Pessimism Removal (CPR):    0.000ns
  Clock Uncertainty:      0.035ns  ((TSJ^2 + TIJ^2)^1/2 + DJ) / 2 + PE
    Total System Jitter     (TSJ):    0.071ns
    Total Input Jitter      (TIJ):    0.000ns
    Discrete Jitter          (DJ):    0.000ns
    Phase Error              (PE):    0.000ns

    Location             Delay type                Incr(ns)  Path(ns)    Netlist Resource(s)
  -------------------------------------------------------------------    -------------------
                         (clock aclk rise edge)       0.000     0.000 r  <hidden>
                         input delay                  2.000     2.000    <hidden>
                                                      0.000     2.000 f  aresetn
                         net (fo=10, unset)           0.973     2.973    aresetn
    SLICE_X98Y103        LUT1 (Prop_lut1_I0_O)        0.124     3.097 r  m_axis_tdata[7]_i_1/O
                         net (fo=244, routed)         3.722     6.819    m_axis_tdata[7]_i_1_n_0
    SLICE_X101Y82        FDRE                                         r  col_in_reg[4]_rep__3/R
  -------------------------------------------------------------------    -------------------

                         (clock aclk rise edge)       6.734     6.734 r  <hidden>
                                                      0.000     6.734 r  aclk
                         net (fo=1345, unset)         0.924     7.658    aclk
    SLICE_X101Y82        FDRE                                         r  col_in_reg[4]_rep__3/C
                         clock pessimism              0.000     7.658    <hidden>
                         clock uncertainty           -0.035     7.623    <hidden>
    SLICE_X101Y82        FDRE (Setup_fdre_C_R)       -0.429     7.194    col_in_reg[4]_rep__3
  -------------------------------------------------------------------
                         required time                          7.194    <hidden>
                         arrival time                          -6.819    <hidden>
  -------------------------------------------------------------------
                         slack                                  0.375    <hidden>

Slack (MET) :             0.378ns  (required time - arrival time)
  Source:                 aresetn
                            (input port clocked by aclk  {rise@0.000ns fall@3.367ns period=6.734ns})
  Destination:            col_ff_reg[3]_rep__4/R
                            (rising edge-triggered cell FDRE clocked by aclk  {rise@0.000ns fall@3.367ns period=6.734ns})
  Path Group:             aclk
  Path Type:              Setup (Max at Slow Process Corner)
  Requirement:            6.734ns  (aclk rise@6.734ns - aclk rise@0.000ns)
  Data Path Delay:        4.816ns  (logic 0.124ns (2.575%)  route 4.692ns (97.425%))
  Logic Levels:           1  (LUT1=1)
  Input Delay:            2.000ns
  Clock Path Skew:        0.924ns (DCD - SCD + CPR)
    Destination Clock Delay (DCD):    0.924ns = ( 7.658 - 6.734 ) 
    Source Clock Delay      (SCD):    0.000ns
    Clock Pessimism Removal (CPR):    0.000ns
  Clock Uncertainty:      0.035ns  ((TSJ^2 + TIJ^2)^1/2 + DJ) / 2 + PE
    Total System Jitter     (TSJ):    0.071ns
    Total Input Jitter      (TIJ):    0.000ns
    Discrete Jitter          (DJ):    0.000ns
    Phase Error              (PE):    0.000ns

    Location             Delay type                Incr(ns)  Path(ns)    Netlist Resource(s)
  -------------------------------------------------------------------    -------------------
                         (clock aclk rise edge)       0.000     0.000 r  <hidden>
                         input delay                  2.000     2.000    <hidden>
                                                      0.000     2.000 f  aresetn
                         net (fo=10, unset)           0.973     2.973    aresetn
    SLICE_X98Y103        LUT1 (Prop_lut1_I0_O)        0.124     3.097 r  m_axis_tdata[7]_i_1/O
                         net (fo=244, routed)         3.719     6.816    m_axis_tdata[7]_i_1_n_0
    SLICE_X97Y84         FDRE                                         r  col_ff_reg[3]_rep__4/R
  -------------------------------------------------------------------    -------------------

                         (clock aclk rise edge)       6.734     6.734 r  <hidden>
                                                      0.000     6.734 r  aclk
                         net (fo=1345, unset)         0.924     7.658    aclk
    SLICE_X97Y84         FDRE                                         r  col_ff_reg[3]_rep__4/C
                         clock pessimism              0.000     7.658    <hidden>
                         clock uncertainty           -0.035     7.623    <hidden>
    SLICE_X97Y84         FDRE (Setup_fdre_C_R)       -0.429     7.194    col_ff_reg[3]_rep__4
  -------------------------------------------------------------------
                         required time                          7.194    <hidden>
                         arrival time                          -6.816    <hidden>
  -------------------------------------------------------------------
                         slack                                  0.378    <hidden>

Slack (MET) :             0.378ns  (required time - arrival time)
  Source:                 aresetn
                            (input port clocked by aclk  {rise@0.000ns fall@3.367ns period=6.734ns})
  Destination:            col_ff_reg[5]_rep__0/R
                            (rising edge-triggered cell FDRE clocked by aclk  {rise@0.000ns fall@3.367ns period=6.734ns})
  Path Group:             aclk
  Path Type:              Setup (Max at Slow Process Corner)
  Requirement:            6.734ns  (aclk rise@6.734ns - aclk rise@0.000ns)
  Data Path Delay:        4.816ns  (logic 0.124ns (2.575%)  route 4.692ns (97.425%))
  Logic Levels:           1  (LUT1=1)
  Input Delay:            2.000ns
  Clock Path Skew:        0.924ns (DCD - SCD + CPR)
    Destination Clock Delay (DCD):    0.924ns = ( 7.658 - 6.734 ) 
    Source Clock Delay      (SCD):    0.000ns
    Clock Pessimism Removal (CPR):    0.000ns
  Clock Uncertainty:      0.035ns  ((TSJ^2 + TIJ^2)^1/2 + DJ) / 2 + PE
    Total System Jitter     (TSJ):    0.071ns
    Total Input Jitter      (TIJ):    0.000ns
    Discrete Jitter          (DJ):    0.000ns
    Phase Error              (PE):    0.000ns

    Location             Delay type                Incr(ns)  Path(ns)    Netlist Resource(s)
  -------------------------------------------------------------------    -------------------
                         (clock aclk rise edge)       0.000     0.000 r  <hidden>
                         input delay                  2.000     2.000    <hidden>
                                                      0.000     2.000 f  aresetn
                         net (fo=10, unset)           0.973     2.973    aresetn
    SLICE_X98Y103        LUT1 (Prop_lut1_I0_O)        0.124     3.097 r  m_axis_tdata[7]_i_1/O
                         net (fo=244, routed)         3.719     6.816    m_axis_tdata[7]_i_1_n_0
    SLICE_X97Y84         FDRE                                         r  col_ff_reg[5]_rep__0/R
  -------------------------------------------------------------------    -------------------

                         (clock aclk rise edge)       6.734     6.734 r  <hidden>
                                                      0.000     6.734 r  aclk
                         net (fo=1345, unset)         0.924     7.658    aclk
    SLICE_X97Y84         FDRE                                         r  col_ff_reg[5]_rep__0/C
                         clock pessimism              0.000     7.658    <hidden>
                         clock uncertainty           -0.035     7.623    <hidden>
    SLICE_X97Y84         FDRE (Setup_fdre_C_R)       -0.429     7.194    col_ff_reg[5]_rep__0
  -------------------------------------------------------------------
                         required time                          7.194    <hidden>
                         arrival time                          -6.816    <hidden>
  -------------------------------------------------------------------
                         slack                                  0.378    <hidden>

Slack (MET) :             0.380ns  (required time - arrival time)
  Source:                 aresetn
                            (input port clocked by aclk  {rise@0.000ns fall@3.367ns period=6.734ns})
  Destination:            col_in_reg[2]_rep__0/R
                            (rising edge-triggered cell FDRE clocked by aclk  {rise@0.000ns fall@3.367ns period=6.734ns})
  Path Group:             aclk
  Path Type:              Setup (Max at Slow Process Corner)
  Requirement:            6.734ns  (aclk rise@6.734ns - aclk rise@0.000ns)
  Data Path Delay:        4.814ns  (logic 0.124ns (2.576%)  route 4.690ns (97.424%))
  Logic Levels:           1  (LUT1=1)
  Input Delay:            2.000ns
  Clock Path Skew:        0.924ns (DCD - SCD + CPR)
    Destination Clock Delay (DCD):    0.924ns = ( 7.658 - 6.734 ) 
    Source Clock Delay      (SCD):    0.000ns
    Clock Pessimism Removal (CPR):    0.000ns
  Clock Uncertainty:      0.035ns  ((TSJ^2 + TIJ^2)^1/2 + DJ) / 2 + PE
    Total System Jitter     (TSJ):    0.071ns
    Total Input Jitter      (TIJ):    0.000ns
    Discrete Jitter          (DJ):    0.000ns
    Phase Error              (PE):    0.000ns

    Location             Delay type                Incr(ns)  Path(ns)    Netlist Resource(s)
  -------------------------------------------------------------------    -------------------
                         (clock aclk rise edge)       0.000     0.000 r  <hidden>
                         input delay                  2.000     2.000    <hidden>
                                                      0.000     2.000 f  aresetn
                         net (fo=10, unset)           0.973     2.973    aresetn
    SLICE_X98Y103        LUT1 (Prop_lut1_I0_O)        0.124     3.097 r  m_axis_tdata[7]_i_1/O
                         net (fo=244, routed)         3.717     6.814    m_axis_tdata[7]_i_1_n_0
    SLICE_X101Y83        FDRE                                         r  col_in_reg[2]_rep__0/R
  -------------------------------------------------------------------    -------------------

                         (clock aclk rise edge)       6.734     6.734 r  <hidden>
                                                      0.000     6.734 r  aclk
                         net (fo=1345, unset)         0.924     7.658    aclk
    SLICE_X101Y83        FDRE                                         r  col_in_reg[2]_rep__0/C
                         clock pessimism              0.000     7.658    <hidden>
                         clock uncertainty           -0.035     7.623    <hidden>
    SLICE_X101Y83        FDRE (Setup_fdre_C_R)       -0.429     7.194    col_in_reg[2]_rep__0
  -------------------------------------------------------------------
                         required time                          7.194    <hidden>
                         arrival time                          -6.814    <hidden>
  -------------------------------------------------------------------
                         slack                                  0.380    <hidden>

Slack (MET) :             0.380ns  (required time - arrival time)
  Source:                 aresetn
                            (input port clocked by aclk  {rise@0.000ns fall@3.367ns period=6.734ns})
  Destination:            col_in_reg[5]_rep__2/R
                            (rising edge-triggered cell FDRE clocked by aclk  {rise@0.000ns fall@3.367ns period=6.734ns})
  Path Group:             aclk
  Path Type:              Setup (Max at Slow Process Corner)
  Requirement:            6.734ns  (aclk rise@6.734ns - aclk rise@0.000ns)
  Data Path Delay:        4.814ns  (logic 0.124ns (2.576%)  route 4.690ns (97.424%))
  Logic Levels:           1  (LUT1=1)
  Input Delay:            2.000ns
  Clock Path Skew:        0.924ns (DCD - SCD + CPR)
    Destination Clock Delay (DCD):    0.924ns = ( 7.658 - 6.734 ) 
    Source Clock Delay      (SCD):    0.000ns
    Clock Pessimism Removal (CPR):    0.000ns
  Clock Uncertainty:      0.035ns  ((TSJ^2 + TIJ^2)^1/2 + DJ) / 2 + PE
    Total System Jitter     (TSJ):    0.071ns
    Total Input Jitter      (TIJ):    0.000ns
    Discrete Jitter          (DJ):    0.000ns
    Phase Error              (PE):    0.000ns

    Location             Delay type                Incr(ns)  Path(ns)    Netlist Resource(s)
  -------------------------------------------------------------------    -------------------
                         (clock aclk rise edge)       0.000     0.000 r  <hidden>
                         input delay                  2.000     2.000    <hidden>
                                                      0.000     2.000 f  aresetn
                         net (fo=10, unset)           0.973     2.973    aresetn
    SLICE_X98Y103        LUT1 (Prop_lut1_I0_O)        0.124     3.097 r  m_axis_tdata[7]_i_1/O
                         net (fo=244, routed)         3.717     6.814    m_axis_tdata[7]_i_1_n_0
    SLICE_X101Y83        FDRE                                         r  col_in_reg[5]_rep__2/R
  -------------------------------------------------------------------    -------------------

                         (clock aclk rise edge)       6.734     6.734 r  <hidden>
                                                      0.000     6.734 r  aclk
                         net (fo=1345, unset)         0.924     7.658    aclk
    SLICE_X101Y83        FDRE                                         r  col_in_reg[5]_rep__2/C
                         clock pessimism              0.000     7.658    <hidden>
                         clock uncertainty           -0.035     7.623    <hidden>
    SLICE_X101Y83        FDRE (Setup_fdre_C_R)       -0.429     7.194    col_in_reg[5]_rep__2
  -------------------------------------------------------------------
                         required time                          7.194    <hidden>
                         arrival time                          -6.814    <hidden>
  -------------------------------------------------------------------
                         slack                                  0.380    <hidden>

Slack (MET) :             0.382ns  (required time - arrival time)
  Source:                 aresetn
                            (input port clocked by aclk  {rise@0.000ns fall@3.367ns period=6.734ns})
  Destination:            col_ff_reg[0]_rep__2/R
                            (rising edge-triggered cell FDRE clocked by aclk  {rise@0.000ns fall@3.367ns period=6.734ns})
  Path Group:             aclk
  Path Type:              Setup (Max at Slow Process Corner)
  Requirement:            6.734ns  (aclk rise@6.734ns - aclk rise@0.000ns)
  Data Path Delay:        4.812ns  (logic 0.124ns (2.577%)  route 4.688ns (97.423%))
  Logic Levels:           1  (LUT1=1)
  Input Delay:            2.000ns
  Clock Path Skew:        0.924ns (DCD - SCD + CPR)
    Destination Clock Delay (DCD):    0.924ns = ( 7.658 - 6.734 ) 
    Source Clock Delay      (SCD):    0.000ns
    Clock Pessimism Removal (CPR):    0.000ns
  Clock Uncertainty:      0.035ns  ((TSJ^2 + TIJ^2)^1/2 + DJ) / 2 + PE
    Total System Jitter     (TSJ):    0.071ns
    Total Input Jitter      (TIJ):    0.000ns
    Discrete Jitter          (DJ):    0.000ns
    Phase Error              (PE):    0.000ns

    Location             Delay type                Incr(ns)  Path(ns)    Netlist Resource(s)
  -------------------------------------------------------------------    -------------------
                         (clock aclk rise edge)       0.000     0.000 r  <hidden>
                         input delay                  2.000     2.000    <hidden>
                                                      0.000     2.000 f  aresetn
                         net (fo=10, unset)           0.973     2.973    aresetn
    SLICE_X98Y103        LUT1 (Prop_lut1_I0_O)        0.124     3.097 r  m_axis_tdata[7]_i_1/O
                         net (fo=244, routed)         3.715     6.812    m_axis_tdata[7]_i_1_n_0
    SLICE_X103Y86        FDRE                                         r  col_ff_reg[0]_rep__2/R
  -------------------------------------------------------------------    -------------------

                         (clock aclk rise edge)       6.734     6.734 r  <hidden>
                                                      0.000     6.734 r  aclk
                         net (fo=1345, unset)         0.924     7.658    aclk
    SLICE_X103Y86        FDRE                                         r  col_ff_reg[0]_rep__2/C
                         clock pessimism              0.000     7.658    <hidden>
                         clock uncertainty           -0.035     7.623    <hidden>
    SLICE_X103Y86        FDRE (Setup_fdre_C_R)       -0.429     7.194    col_ff_reg[0]_rep__2
  -------------------------------------------------------------------
                         required time                          7.194    <hidden>
                         arrival time                          -6.812    <hidden>
  -------------------------------------------------------------------
                         slack                                  0.382    <hidden>

Slack (MET) :             0.382ns  (required time - arrival time)
  Source:                 aresetn
                            (input port clocked by aclk  {rise@0.000ns fall@3.367ns period=6.734ns})
  Destination:            col_ff_reg[1]_rep__3/R
                            (rising edge-triggered cell FDRE clocked by aclk  {rise@0.000ns fall@3.367ns period=6.734ns})
  Path Group:             aclk
  Path Type:              Setup (Max at Slow Process Corner)
  Requirement:            6.734ns  (aclk rise@6.734ns - aclk rise@0.000ns)
  Data Path Delay:        4.812ns  (logic 0.124ns (2.577%)  route 4.688ns (97.423%))
  Logic Levels:           1  (LUT1=1)
  Input Delay:            2.000ns
  Clock Path Skew:        0.924ns (DCD - SCD + CPR)
    Destination Clock Delay (DCD):    0.924ns = ( 7.658 - 6.734 ) 
    Source Clock Delay      (SCD):    0.000ns
    Clock Pessimism Removal (CPR):    0.000ns
  Clock Uncertainty:      0.035ns  ((TSJ^2 + TIJ^2)^1/2 + DJ) / 2 + PE
    Total System Jitter     (TSJ):    0.071ns
    Total Input Jitter      (TIJ):    0.000ns
    Discrete Jitter          (DJ):    0.000ns
    Phase Error              (PE):    0.000ns

    Location             Delay type                Incr(ns)  Path(ns)    Netlist Resource(s)
  -------------------------------------------------------------------    -------------------
                         (clock aclk rise edge)       0.000     0.000 r  <hidden>
                         input delay                  2.000     2.000    <hidden>
                                                      0.000     2.000 f  aresetn
                         net (fo=10, unset)           0.973     2.973    aresetn
    SLICE_X98Y103        LUT1 (Prop_lut1_I0_O)        0.124     3.097 r  m_axis_tdata[7]_i_1/O
                         net (fo=244, routed)         3.715     6.812    m_axis_tdata[7]_i_1_n_0
    SLICE_X103Y86        FDRE                                         r  col_ff_reg[1]_rep__3/R
  -------------------------------------------------------------------    -------------------

                         (clock aclk rise edge)       6.734     6.734 r  <hidden>
                                                      0.000     6.734 r  aclk
                         net (fo=1345, unset)         0.924     7.658    aclk
    SLICE_X103Y86        FDRE                                         r  col_ff_reg[1]_rep__3/C
                         clock pessimism              0.000     7.658    <hidden>
                         clock uncertainty           -0.035     7.623    <hidden>
    SLICE_X103Y86        FDRE (Setup_fdre_C_R)       -0.429     7.194    col_ff_reg[1]_rep__3
  -------------------------------------------------------------------
                         required time                          7.194    <hidden>
                         arrival time                          -6.812    <hidden>
  -------------------------------------------------------------------
                         slack                                  0.382    <hidden>

Slack (MET) :             0.382ns  (required time - arrival time)
  Source:                 aresetn
                            (input port clocked by aclk  {rise@0.000ns fall@3.367ns period=6.734ns})
  Destination:            col_ff_reg[2]_rep__0/R
                            (rising edge-triggered cell FDRE clocked by aclk  {rise@0.000ns fall@3.367ns period=6.734ns})
  Path Group:             aclk
  Path Type:              Setup (Max at Slow Process Corner)
  Requirement:            6.734ns  (aclk rise@6.734ns - aclk rise@0.000ns)
  Data Path Delay:        4.812ns  (logic 0.124ns (2.577%)  route 4.688ns (97.423%))
  Logic Levels:           1  (LUT1=1)
  Input Delay:            2.000ns
  Clock Path Skew:        0.924ns (DCD - SCD + CPR)
    Destination Clock Delay (DCD):    0.924ns = ( 7.658 - 6.734 ) 
    Source Clock Delay      (SCD):    0.000ns
    Clock Pessimism Removal (CPR):    0.000ns
  Clock Uncertainty:      0.035ns  ((TSJ^2 + TIJ^2)^1/2 + DJ) / 2 + PE
    Total System Jitter     (TSJ):    0.071ns
    Total Input Jitter      (TIJ):    0.000ns
    Discrete Jitter          (DJ):    0.000ns
    Phase Error              (PE):    0.000ns

    Location             Delay type                Incr(ns)  Path(ns)    Netlist Resource(s)
  -------------------------------------------------------------------    -------------------
                         (clock aclk rise edge)       0.000     0.000 r  <hidden>
                         input delay                  2.000     2.000    <hidden>
                                                      0.000     2.000 f  aresetn
                         net (fo=10, unset)           0.973     2.973    aresetn
    SLICE_X98Y103        LUT1 (Prop_lut1_I0_O)        0.124     3.097 r  m_axis_tdata[7]_i_1/O
                         net (fo=244, routed)         3.715     6.812    m_axis_tdata[7]_i_1_n_0
    SLICE_X103Y86        FDRE                                         r  col_ff_reg[2]_rep__0/R
  -------------------------------------------------------------------    -------------------

                         (clock aclk rise edge)       6.734     6.734 r  <hidden>
                                                      0.000     6.734 r  aclk
                         net (fo=1345, unset)         0.924     7.658    aclk
    SLICE_X103Y86        FDRE                                         r  col_ff_reg[2]_rep__0/C
                         clock pessimism              0.000     7.658    <hidden>
                         clock uncertainty           -0.035     7.623    <hidden>
    SLICE_X103Y86        FDRE (Setup_fdre_C_R)       -0.429     7.194    col_ff_reg[2]_rep__0
  -------------------------------------------------------------------
                         required time                          7.194    <hidden>
                         arrival time                          -6.812    <hidden>
  -------------------------------------------------------------------
                         slack                                  0.382    <hidden>

Slack (MET) :             0.389ns  (required time - arrival time)
  Source:                 aresetn
                            (input port clocked by aclk  {rise@0.000ns fall@3.367ns period=6.734ns})
  Destination:            col_in_reg[4]_rep__2/R
                            (rising edge-triggered cell FDRE clocked by aclk  {rise@0.000ns fall@3.367ns period=6.734ns})
  Path Group:             aclk
  Path Type:              Setup (Max at Slow Process Corner)
  Requirement:            6.734ns  (aclk rise@6.734ns - aclk rise@0.000ns)
  Data Path Delay:        4.805ns  (logic 0.124ns (2.581%)  route 4.681ns (97.419%))
  Logic Levels:           1  (LUT1=1)
  Input Delay:            2.000ns
  Clock Path Skew:        0.924ns (DCD - SCD + CPR)
    Destination Clock Delay (DCD):    0.924ns = ( 7.658 - 6.734 ) 
    Source Clock Delay      (SCD):    0.000ns
    Clock Pessimism Removal (CPR):    0.000ns
  Clock Uncertainty:      0.035ns  ((TSJ^2 + TIJ^2)^1/2 + DJ) / 2 + PE
    Total System Jitter     (TSJ):    0.071ns
    Total Input Jitter      (TIJ):    0.000ns
    Discrete Jitter          (DJ):    0.000ns
    Phase Error              (PE):    0.000ns

    Location             Delay type                Incr(ns)  Path(ns)    Netlist Resource(s)
  -------------------------------------------------------------------    -------------------
                         (clock aclk rise edge)       0.000     0.000 r  <hidden>
                         input delay                  2.000     2.000    <hidden>
                                                      0.000     2.000 f  aresetn
                         net (fo=10, unset)           0.973     2.973    aresetn
    SLICE_X98Y103        LUT1 (Prop_lut1_I0_O)        0.124     3.097 r  m_axis_tdata[7]_i_1/O
                         net (fo=244, routed)         3.708     6.805    m_axis_tdata[7]_i_1_n_0
    SLICE_X101Y85        FDRE                                         r  col_in_reg[4]_rep__2/R
  -------------------------------------------------------------------    -------------------

                         (clock aclk rise edge)       6.734     6.734 r  <hidden>
                                                      0.000     6.734 r  aclk
                         net (fo=1345, unset)         0.924     7.658    aclk
    SLICE_X101Y85        FDRE                                         r  col_in_reg[4]_rep__2/C
                         clock pessimism              0.000     7.658    <hidden>
                         clock uncertainty           -0.035     7.623    <hidden>
    SLICE_X101Y85        FDRE (Setup_fdre_C_R)       -0.429     7.194    col_in_reg[4]_rep__2
  -------------------------------------------------------------------
                         required time                          7.194    <hidden>
                         arrival time                          -6.805    <hidden>
  -------------------------------------------------------------------
                         slack                                  0.389    <hidden>

Slack (MET) :             0.389ns  (required time - arrival time)
  Source:                 aresetn
                            (input port clocked by aclk  {rise@0.000ns fall@3.367ns period=6.734ns})
  Destination:            col_in_reg[6]_rep__3/R
                            (rising edge-triggered cell FDRE clocked by aclk  {rise@0.000ns fall@3.367ns period=6.734ns})
  Path Group:             aclk
  Path Type:              Setup (Max at Slow Process Corner)
  Requirement:            6.734ns  (aclk rise@6.734ns - aclk rise@0.000ns)
  Data Path Delay:        4.805ns  (logic 0.124ns (2.581%)  route 4.681ns (97.419%))
  Logic Levels:           1  (LUT1=1)
  Input Delay:            2.000ns
  Clock Path Skew:        0.924ns (DCD - SCD + CPR)
    Destination Clock Delay (DCD):    0.924ns = ( 7.658 - 6.734 ) 
    Source Clock Delay      (SCD):    0.000ns
    Clock Pessimism Removal (CPR):    0.000ns
  Clock Uncertainty:      0.035ns  ((TSJ^2 + TIJ^2)^1/2 + DJ) / 2 + PE
    Total System Jitter     (TSJ):    0.071ns
    Total Input Jitter      (TIJ):    0.000ns
    Discrete Jitter          (DJ):    0.000ns
    Phase Error              (PE):    0.000ns

    Location             Delay type                Incr(ns)  Path(ns)    Netlist Resource(s)
  -------------------------------------------------------------------    -------------------
                         (clock aclk rise edge)       0.000     0.000 r  <hidden>
                         input delay                  2.000     2.000    <hidden>
                                                      0.000     2.000 f  aresetn
                         net (fo=10, unset)           0.973     2.973    aresetn
    SLICE_X98Y103        LUT1 (Prop_lut1_I0_O)        0.124     3.097 r  m_axis_tdata[7]_i_1/O
                         net (fo=244, routed)         3.708     6.805    m_axis_tdata[7]_i_1_n_0
    SLICE_X101Y85        FDRE                                         r  col_in_reg[6]_rep__3/R
  -------------------------------------------------------------------    -------------------

                         (clock aclk rise edge)       6.734     6.734 r  <hidden>
                                                      0.000     6.734 r  aclk
                         net (fo=1345, unset)         0.924     7.658    aclk
    SLICE_X101Y85        FDRE                                         r  col_in_reg[6]_rep__3/C
                         clock pessimism              0.000     7.658    <hidden>
                         clock uncertainty           -0.035     7.623    <hidden>
    SLICE_X101Y85        FDRE (Setup_fdre_C_R)       -0.429     7.194    col_in_reg[6]_rep__3
  -------------------------------------------------------------------
                         required time                          7.194    <hidden>
                         arrival time                          -6.805    <hidden>
  -------------------------------------------------------------------
                         slack                                  0.389    <hidden>

Slack (MET) :             0.394ns  (required time - arrival time)
  Source:                 aresetn
                            (input port clocked by aclk  {rise@0.000ns fall@3.367ns period=6.734ns})
  Destination:            col_in_reg[3]_rep__4/R
                            (rising edge-triggered cell FDRE clocked by aclk  {rise@0.000ns fall@3.367ns period=6.734ns})
  Path Group:             aclk
  Path Type:              Setup (Max at Slow Process Corner)
  Requirement:            6.734ns  (aclk rise@6.734ns - aclk rise@0.000ns)
  Data Path Delay:        4.800ns  (logic 0.124ns (2.583%)  route 4.676ns (97.417%))
  Logic Levels:           1  (LUT1=1)
  Input Delay:            2.000ns
  Clock Path Skew:        0.924ns (DCD - SCD + CPR)
    Destination Clock Delay (DCD):    0.924ns = ( 7.658 - 6.734 ) 
    Source Clock Delay      (SCD):    0.000ns
    Clock Pessimism Removal (CPR):    0.000ns
  Clock Uncertainty:      0.035ns  ((TSJ^2 + TIJ^2)^1/2 + DJ) / 2 + PE
    Total System Jitter     (TSJ):    0.071ns
    Total Input Jitter      (TIJ):    0.000ns
    Discrete Jitter          (DJ):    0.000ns
    Phase Error              (PE):    0.000ns

    Location             Delay type                Incr(ns)  Path(ns)    Netlist Resource(s)
  -------------------------------------------------------------------    -------------------
                         (clock aclk rise edge)       0.000     0.000 r  <hidden>
                         input delay                  2.000     2.000    <hidden>
                                                      0.000     2.000 f  aresetn
                         net (fo=10, unset)           0.973     2.973    aresetn
    SLICE_X98Y103        LUT1 (Prop_lut1_I0_O)        0.124     3.097 r  m_axis_tdata[7]_i_1/O
                         net (fo=244, routed)         3.703     6.800    m_axis_tdata[7]_i_1_n_0
    SLICE_X105Y80        FDRE                                         r  col_in_reg[3]_rep__4/R
  -------------------------------------------------------------------    -------------------

                         (clock aclk rise edge)       6.734     6.734 r  <hidden>
                                                      0.000     6.734 r  aclk
                         net (fo=1345, unset)         0.924     7.658    aclk
    SLICE_X105Y80        FDRE                                         r  col_in_reg[3]_rep__4/C
                         clock pessimism              0.000     7.658    <hidden>
                         clock uncertainty           -0.035     7.623    <hidden>
    SLICE_X105Y80        FDRE (Setup_fdre_C_R)       -0.429     7.194    col_in_reg[3]_rep__4
  -------------------------------------------------------------------
                         required time                          7.194    <hidden>
                         arrival time                          -6.800    <hidden>
  -------------------------------------------------------------------
                         slack                                  0.394    <hidden>

Slack (MET) :             0.396ns  (required time - arrival time)
  Source:                 aresetn
                            (input port clocked by aclk  {rise@0.000ns fall@3.367ns period=6.734ns})
  Destination:            col_in_reg[4]_rep__1/R
                            (rising edge-triggered cell FDRE clocked by aclk  {rise@0.000ns fall@3.367ns period=6.734ns})
  Path Group:             aclk
  Path Type:              Setup (Max at Slow Process Corner)
  Requirement:            6.734ns  (aclk rise@6.734ns - aclk rise@0.000ns)
  Data Path Delay:        4.798ns  (logic 0.124ns (2.585%)  route 4.674ns (97.416%))
  Logic Levels:           1  (LUT1=1)
  Input Delay:            2.000ns
  Clock Path Skew:        0.924ns (DCD - SCD + CPR)
    Destination Clock Delay (DCD):    0.924ns = ( 7.658 - 6.734 ) 
    Source Clock Delay      (SCD):    0.000ns
    Clock Pessimism Removal (CPR):    0.000ns
  Clock Uncertainty:      0.035ns  ((TSJ^2 + TIJ^2)^1/2 + DJ) / 2 + PE
    Total System Jitter     (TSJ):    0.071ns
    Total Input Jitter      (TIJ):    0.000ns
    Discrete Jitter          (DJ):    0.000ns
    Phase Error              (PE):    0.000ns

    Location             Delay type                Incr(ns)  Path(ns)    Netlist Resource(s)
  -------------------------------------------------------------------    -------------------
                         (clock aclk rise edge)       0.000     0.000 r  <hidden>
                         input delay                  2.000     2.000    <hidden>
                                                      0.000     2.000 f  aresetn
                         net (fo=10, unset)           0.973     2.973    aresetn
    SLICE_X98Y103        LUT1 (Prop_lut1_I0_O)        0.124     3.097 r  m_axis_tdata[7]_i_1/O
                         net (fo=244, routed)         3.701     6.798    m_axis_tdata[7]_i_1_n_0
    SLICE_X99Y84         FDRE                                         r  col_in_reg[4]_rep__1/R
  -------------------------------------------------------------------    -------------------

                         (clock aclk rise edge)       6.734     6.734 r  <hidden>
                                                      0.000     6.734 r  aclk
                         net (fo=1345, unset)         0.924     7.658    aclk
    SLICE_X99Y84         FDRE                                         r  col_in_reg[4]_rep__1/C
                         clock pessimism              0.000     7.658    <hidden>
                         clock uncertainty           -0.035     7.623    <hidden>
    SLICE_X99Y84         FDRE (Setup_fdre_C_R)       -0.429     7.194    col_in_reg[4]_rep__1
  -------------------------------------------------------------------
                         required time                          7.194    <hidden>
                         arrival time                          -6.798    <hidden>
  -------------------------------------------------------------------
                         slack                                  0.396    <hidden>

Slack (MET) :             0.404ns  (required time - arrival time)
  Source:                 aresetn
                            (input port clocked by aclk  {rise@0.000ns fall@3.367ns period=6.734ns})
  Destination:            col_ff_reg[6]_rep__4/R
                            (rising edge-triggered cell FDRE clocked by aclk  {rise@0.000ns fall@3.367ns period=6.734ns})
  Path Group:             aclk
  Path Type:              Setup (Max at Slow Process Corner)
  Requirement:            6.734ns  (aclk rise@6.734ns - aclk rise@0.000ns)
  Data Path Delay:        4.790ns  (logic 0.124ns (2.589%)  route 4.666ns (97.411%))
  Logic Levels:           1  (LUT1=1)
  Input Delay:            2.000ns
  Clock Path Skew:        0.924ns (DCD - SCD + CPR)
    Destination Clock Delay (DCD):    0.924ns = ( 7.658 - 6.734 ) 
    Source Clock Delay      (SCD):    0.000ns
    Clock Pessimism Removal (CPR):    0.000ns
  Clock Uncertainty:      0.035ns  ((TSJ^2 + TIJ^2)^1/2 + DJ) / 2 + PE
    Total System Jitter     (TSJ):    0.071ns
    Total Input Jitter      (TIJ):    0.000ns
    Discrete Jitter          (DJ):    0.000ns
    Phase Error              (PE):    0.000ns

    Location             Delay type                Incr(ns)  Path(ns)    Netlist Resource(s)
  -------------------------------------------------------------------    -------------------
                         (clock aclk rise edge)       0.000     0.000 r  <hidden>
                         input delay                  2.000     2.000    <hidden>
                                                      0.000     2.000 f  aresetn
                         net (fo=10, unset)           0.973     2.973    aresetn
    SLICE_X98Y103        LUT1 (Prop_lut1_I0_O)        0.124     3.097 r  m_axis_tdata[7]_i_1/O
                         net (fo=244, routed)         3.693     6.790    m_axis_tdata[7]_i_1_n_0
    SLICE_X99Y85         FDRE                                         r  col_ff_reg[6]_rep__4/R
  -------------------------------------------------------------------    -------------------

                         (clock aclk rise edge)       6.734     6.734 r  <hidden>
                                                      0.000     6.734 r  aclk
                         net (fo=1345, unset)         0.924     7.658    aclk
    SLICE_X99Y85         FDRE                                         r  col_ff_reg[6]_rep__4/C
                         clock pessimism              0.000     7.658    <hidden>
                         clock uncertainty           -0.035     7.623    <hidden>
    SLICE_X99Y85         FDRE (Setup_fdre_C_R)       -0.429     7.194    col_ff_reg[6]_rep__4
  -------------------------------------------------------------------
                         required time                          7.194    <hidden>
                         arrival time                          -6.790    <hidden>
  -------------------------------------------------------------------
                         slack                                  0.404    <hidden>

Slack (MET) :             0.410ns  (required time - arrival time)
  Source:                 aresetn
                            (input port clocked by aclk  {rise@0.000ns fall@3.367ns period=6.734ns})
  Destination:            col_ff_reg[0]_rep__1/R
                            (rising edge-triggered cell FDRE clocked by aclk  {rise@0.000ns fall@3.367ns period=6.734ns})
  Path Group:             aclk
  Path Type:              Setup (Max at Slow Process Corner)
  Requirement:            6.734ns  (aclk rise@6.734ns - aclk rise@0.000ns)
  Data Path Delay:        4.784ns  (logic 0.124ns (2.592%)  route 4.660ns (97.408%))
  Logic Levels:           1  (LUT1=1)
  Input Delay:            2.000ns
  Clock Path Skew:        0.924ns (DCD - SCD + CPR)
    Destination Clock Delay (DCD):    0.924ns = ( 7.658 - 6.734 ) 
    Source Clock Delay      (SCD):    0.000ns
    Clock Pessimism Removal (CPR):    0.000ns
  Clock Uncertainty:      0.035ns  ((TSJ^2 + TIJ^2)^1/2 + DJ) / 2 + PE
    Total System Jitter     (TSJ):    0.071ns
    Total Input Jitter      (TIJ):    0.000ns
    Discrete Jitter          (DJ):    0.000ns
    Phase Error              (PE):    0.000ns

    Location             Delay type                Incr(ns)  Path(ns)    Netlist Resource(s)
  -------------------------------------------------------------------    -------------------
                         (clock aclk rise edge)       0.000     0.000 r  <hidden>
                         input delay                  2.000     2.000    <hidden>
                                                      0.000     2.000 f  aresetn
                         net (fo=10, unset)           0.973     2.973    aresetn
    SLICE_X98Y103        LUT1 (Prop_lut1_I0_O)        0.124     3.097 r  m_axis_tdata[7]_i_1/O
                         net (fo=244, routed)         3.687     6.784    m_axis_tdata[7]_i_1_n_0
    SLICE_X103Y87        FDRE                                         r  col_ff_reg[0]_rep__1/R
  -------------------------------------------------------------------    -------------------

                         (clock aclk rise edge)       6.734     6.734 r  <hidden>
                                                      0.000     6.734 r  aclk
                         net (fo=1345, unset)         0.924     7.658    aclk
    SLICE_X103Y87        FDRE                                         r  col_ff_reg[0]_rep__1/C
                         clock pessimism              0.000     7.658    <hidden>
                         clock uncertainty           -0.035     7.623    <hidden>
    SLICE_X103Y87        FDRE (Setup_fdre_C_R)       -0.429     7.194    col_ff_reg[0]_rep__1
  -------------------------------------------------------------------
                         required time                          7.194    <hidden>
                         arrival time                          -6.784    <hidden>
  -------------------------------------------------------------------
                         slack                                  0.410    <hidden>

Slack (MET) :             0.410ns  (required time - arrival time)
  Source:                 aresetn
                            (input port clocked by aclk  {rise@0.000ns fall@3.367ns period=6.734ns})
  Destination:            col_ff_reg[2]_rep__2/R
                            (rising edge-triggered cell FDRE clocked by aclk  {rise@0.000ns fall@3.367ns period=6.734ns})
  Path Group:             aclk
  Path Type:              Setup (Max at Slow Process Corner)
  Requirement:            6.734ns  (aclk rise@6.734ns - aclk rise@0.000ns)
  Data Path Delay:        4.784ns  (logic 0.124ns (2.592%)  route 4.660ns (97.408%))
  Logic Levels:           1  (LUT1=1)
  Input Delay:            2.000ns
  Clock Path Skew:        0.924ns (DCD - SCD + CPR)
    Destination Clock Delay (DCD):    0.924ns = ( 7.658 - 6.734 ) 
    Source Clock Delay      (SCD):    0.000ns
    Clock Pessimism Removal (CPR):    0.000ns
  Clock Uncertainty:      0.035ns  ((TSJ^2 + TIJ^2)^1/2 + DJ) / 2 + PE
    Total System Jitter     (TSJ):    0.071ns
    Total Input Jitter      (TIJ):    0.000ns
    Discrete Jitter          (DJ):    0.000ns
    Phase Error              (PE):    0.000ns

    Location             Delay type                Incr(ns)  Path(ns)    Netlist Resource(s)
  -------------------------------------------------------------------    -------------------
                         (clock aclk rise edge)       0.000     0.000 r  <hidden>
                         input delay                  2.000     2.000    <hidden>
                                                      0.000     2.000 f  aresetn
                         net (fo=10, unset)           0.973     2.973    aresetn
    SLICE_X98Y103        LUT1 (Prop_lut1_I0_O)        0.124     3.097 r  m_axis_tdata[7]_i_1/O
                         net (fo=244, routed)         3.687     6.784    m_axis_tdata[7]_i_1_n_0
    SLICE_X103Y87        FDRE                                         r  col_ff_reg[2]_rep__2/R
  -------------------------------------------------------------------    -------------------

                         (clock aclk rise edge)       6.734     6.734 r  <hidden>
                                                      0.000     6.734 r  aclk
                         net (fo=1345, unset)         0.924     7.658    aclk
    SLICE_X103Y87        FDRE                                         r  col_ff_reg[2]_rep__2/C
                         clock pessimism              0.000     7.658    <hidden>
                         clock uncertainty           -0.035     7.623    <hidden>
    SLICE_X103Y87        FDRE (Setup_fdre_C_R)       -0.429     7.194    col_ff_reg[2]_rep__2
  -------------------------------------------------------------------
                         required time                          7.194    <hidden>
                         arrival time                          -6.784    <hidden>
  -------------------------------------------------------------------
                         slack                                  0.410    <hidden>

Slack (MET) :             0.410ns  (required time - arrival time)
  Source:                 aresetn
                            (input port clocked by aclk  {rise@0.000ns fall@3.367ns period=6.734ns})
  Destination:            col_ff_reg[4]_rep/R
                            (rising edge-triggered cell FDRE clocked by aclk  {rise@0.000ns fall@3.367ns period=6.734ns})
  Path Group:             aclk
  Path Type:              Setup (Max at Slow Process Corner)
  Requirement:            6.734ns  (aclk rise@6.734ns - aclk rise@0.000ns)
  Data Path Delay:        4.784ns  (logic 0.124ns (2.592%)  route 4.660ns (97.408%))
  Logic Levels:           1  (LUT1=1)
  Input Delay:            2.000ns
  Clock Path Skew:        0.924ns (DCD - SCD + CPR)
    Destination Clock Delay (DCD):    0.924ns = ( 7.658 - 6.734 ) 
    Source Clock Delay      (SCD):    0.000ns
    Clock Pessimism Removal (CPR):    0.000ns
  Clock Uncertainty:      0.035ns  ((TSJ^2 + TIJ^2)^1/2 + DJ) / 2 + PE
    Total System Jitter     (TSJ):    0.071ns
    Total Input Jitter      (TIJ):    0.000ns
    Discrete Jitter          (DJ):    0.000ns
    Phase Error              (PE):    0.000ns

    Location             Delay type                Incr(ns)  Path(ns)    Netlist Resource(s)
  -------------------------------------------------------------------    -------------------
                         (clock aclk rise edge)       0.000     0.000 r  <hidden>
                         input delay                  2.000     2.000    <hidden>
                                                      0.000     2.000 f  aresetn
                         net (fo=10, unset)           0.973     2.973    aresetn
    SLICE_X98Y103        LUT1 (Prop_lut1_I0_O)        0.124     3.097 r  m_axis_tdata[7]_i_1/O
                         net (fo=244, routed)         3.687     6.784    m_axis_tdata[7]_i_1_n_0
    SLICE_X103Y87        FDRE                                         r  col_ff_reg[4]_rep/R
  -------------------------------------------------------------------    -------------------

                         (clock aclk rise edge)       6.734     6.734 r  <hidden>
                                                      0.000     6.734 r  aclk
                         net (fo=1345, unset)         0.924     7.658    aclk
    SLICE_X103Y87        FDRE                                         r  col_ff_reg[4]_rep/C
                         clock pessimism              0.000     7.658    <hidden>
                         clock uncertainty           -0.035     7.623    <hidden>
    SLICE_X103Y87        FDRE (Setup_fdre_C_R)       -0.429     7.194    col_ff_reg[4]_rep
  -------------------------------------------------------------------
                         required time                          7.194    <hidden>
                         arrival time                          -6.784    <hidden>
  -------------------------------------------------------------------
                         slack                                  0.410    <hidden>

Slack (MET) :             0.434ns  (required time - arrival time)
  Source:                 aresetn
                            (input port clocked by aclk  {rise@0.000ns fall@3.367ns period=6.734ns})
  Destination:            col_in_reg[0]_rep__0/R
                            (rising edge-triggered cell FDRE clocked by aclk  {rise@0.000ns fall@3.367ns period=6.734ns})
  Path Group:             aclk
  Path Type:              Setup (Max at Slow Process Corner)
  Requirement:            6.734ns  (aclk rise@6.734ns - aclk rise@0.000ns)
  Data Path Delay:        4.665ns  (logic 0.124ns (2.658%)  route 4.541ns (97.342%))
  Logic Levels:           1  (LUT1=1)
  Input Delay:            2.000ns
  Clock Path Skew:        0.924ns (DCD - SCD + CPR)
    Destination Clock Delay (DCD):    0.924ns = ( 7.658 - 6.734 ) 
    Source Clock Delay      (SCD):    0.000ns
    Clock Pessimism Removal (CPR):    0.000ns
  Clock Uncertainty:      0.035ns  ((TSJ^2 + TIJ^2)^1/2 + DJ) / 2 + PE
    Total System Jitter     (TSJ):    0.071ns
    Total Input Jitter      (TIJ):    0.000ns
    Discrete Jitter          (DJ):    0.000ns
    Phase Error              (PE):    0.000ns

    Location             Delay type                Incr(ns)  Path(ns)    Netlist Resource(s)
  -------------------------------------------------------------------    -------------------
                         (clock aclk rise edge)       0.000     0.000 r  <hidden>
                         input delay                  2.000     2.000    <hidden>
                                                      0.000     2.000 f  aresetn
                         net (fo=10, unset)           0.973     2.973    aresetn
    SLICE_X98Y103        LUT1 (Prop_lut1_I0_O)        0.124     3.097 r  m_axis_tdata[7]_i_1/O
                         net (fo=244, routed)         3.568     6.665    m_axis_tdata[7]_i_1_n_0
    SLICE_X104Y86        FDRE                                         r  col_in_reg[0]_rep__0/R
  -------------------------------------------------------------------    -------------------

                         (clock aclk rise edge)       6.734     6.734 r  <hidden>
                                                      0.000     6.734 r  aclk
                         net (fo=1345, unset)         0.924     7.658    aclk
    SLICE_X104Y86        FDRE                                         r  col_in_reg[0]_rep__0/C
                         clock pessimism              0.000     7.658    <hidden>
                         clock uncertainty           -0.035     7.623    <hidden>
    SLICE_X104Y86        FDRE (Setup_fdre_C_R)       -0.524     7.099    col_in_reg[0]_rep__0
  -------------------------------------------------------------------
                         required time                          7.099    <hidden>
                         arrival time                          -6.665    <hidden>
  -------------------------------------------------------------------
                         slack                                  0.434    <hidden>

Slack (MET) :             0.458ns  (required time - arrival time)
  Source:                 col_in_reg[1]_rep__0/C
                            (rising edge-triggered cell FDRE clocked by aclk  {rise@0.000ns fall@3.367ns period=6.734ns})
  Destination:            lb2_reg_1152_1279_2_2/DP.HIGH/I
                            (rising edge-triggered cell RAMD64E clocked by aclk  {rise@0.000ns fall@3.367ns period=6.734ns})
  Path Group:             aclk
  Path Type:              Setup (Max at Slow Process Corner)
  Requirement:            6.734ns  (aclk rise@6.734ns - aclk rise@0.000ns)
  Data Path Delay:        5.275ns  (logic 1.606ns (30.446%)  route 3.669ns (69.554%))
  Logic Levels:           5  (LUT6=1 MUXF7=2 MUXF8=1 RAMD64E=1)
  Clock Path Skew:        -0.049ns (DCD - SCD + CPR)
    Destination Clock Delay (DCD):    0.924ns = ( 7.658 - 6.734 ) 
    Source Clock Delay      (SCD):    0.973ns
    Clock Pessimism Removal (CPR):    0.000ns
  Clock Uncertainty:      0.035ns  ((TSJ^2 + TIJ^2)^1/2 + DJ) / 2 + PE
    Total System Jitter     (TSJ):    0.071ns
    Total Input Jitter      (TIJ):    0.000ns
    Discrete Jitter          (DJ):    0.000ns
    Phase Error              (PE):    0.000ns

    Location             Delay type                Incr(ns)  Path(ns)    Netlist Resource(s)
  -------------------------------------------------------------------    -------------------
                         (clock aclk rise edge)       0.000     0.000 r  <hidden>
                                                      0.000     0.000 r  aclk
                         net (fo=1345, unset)         0.973     0.973    aclk
    SLICE_X103Y89        FDRE                                         r  col_in_reg[1]_rep__0/C
  -------------------------------------------------------------------    -------------------
    SLICE_X103Y89        FDRE (Prop_fdre_C_Q)         0.419     1.392 r  col_in_reg[1]_rep__0/Q
                         net (fo=230, routed)         1.912     3.304    lb1_reg_896_1023_2_2/A1
    SLICE_X100Y73        RAMD64E (Prop_ramd64e_RADR1_O)
                                                      0.299     3.603 r  lb1_reg_896_1023_2_2/SP.LOW/O
                         net (fo=1, routed)           0.000     3.603    lb1_reg_896_1023_2_2/SPO0
    SLICE_X100Y73        MUXF7 (Prop_muxf7_I0_O)      0.241     3.844 r  lb1_reg_896_1023_2_2/F7.SP/O
                         net (fo=1, routed)           0.638     4.481    lb1_reg_896_1023_2_2_n_1
    SLICE_X99Y72         LUT6 (Prop_lut6_I0_O)        0.298     4.779 r  lb2_reg_0_127_2_2_i_5/O
                         net (fo=1, routed)           0.000     4.779    lb2_reg_0_127_2_2_i_5_n_0
    SLICE_X99Y72         MUXF7 (Prop_muxf7_I1_O)      0.245     5.024 r  lb2_reg_0_127_2_2_i_2/O
                         net (fo=1, routed)           0.000     5.024    lb2_reg_0_127_2_2_i_2_n_0
    SLICE_X99Y72         MUXF8 (Prop_muxf8_I0_O)      0.104     5.128 r  lb2_reg_0_127_2_2_i_1/O
                         net (fo=66, routed)          1.119     6.248    lb2_reg_1152_1279_2_2/D
    SLICE_X86Y76         RAMD64E                                      r  lb2_reg_1152_1279_2_2/DP.HIGH/I
  -------------------------------------------------------------------    -------------------

                         (clock aclk rise edge)       6.734     6.734 r  <hidden>
                                                      0.000     6.734 r  aclk
                         net (fo=1345, unset)         0.924     7.658    lb2_reg_1152_1279_2_2/WCLK
    SLICE_X86Y76         RAMD64E                                      r  lb2_reg_1152_1279_2_2/DP.HIGH/CLK
                         clock pessimism              0.000     7.658    <hidden>
                         clock uncertainty           -0.035     7.623    <hidden>
    SLICE_X86Y76         RAMD64E (Setup_ramd64e_CLK_I)
                                                     -0.917     6.706    lb2_reg_1152_1279_2_2/DP.HIGH
  -------------------------------------------------------------------
                         required time                          6.706    <hidden>
                         arrival time                          -6.248    <hidden>
  -------------------------------------------------------------------
                         slack                                  0.458    <hidden>





Min Delay Paths
--------------------------------------------------------------------------------------
Slack (MET) :             0.089ns  (arrival time - required time)
  Source:                 col_in_reg[0]_rep__4/C
                            (rising edge-triggered cell FDRE clocked by aclk  {rise@0.000ns fall@3.367ns period=6.734ns})
  Destination:            lb2_reg_896_1023_3_3/DP.HIGH/WADR0
                            (rising edge-triggered cell RAMD64E clocked by aclk  {rise@0.000ns fall@3.367ns period=6.734ns})
  Path Group:             aclk
  Path Type:              Hold (Min at Fast Process Corner)
  Requirement:            0.000ns  (aclk rise@0.000ns - aclk rise@0.000ns)
  Data Path Delay:        0.420ns  (logic 0.141ns (33.545%)  route 0.279ns (66.455%))
  Logic Levels:           0  
  Clock Path Skew:        0.022ns (DCD - SCD - CPR)
    Destination Clock Delay (DCD):    0.432ns
    Source Clock Delay      (SCD):    0.410ns
    Clock Pessimism Removal (CPR):    -0.000ns

    Location             Delay type                Incr(ns)  Path(ns)    Netlist Resource(s)
  -------------------------------------------------------------------    -------------------
                         (clock aclk rise edge)       0.000     0.000 r  <hidden>
                                                      0.000     0.000 r  aclk
                         net (fo=1345, unset)         0.410     0.410    aclk
    SLICE_X91Y83         FDRE                                         r  col_in_reg[0]_rep__4/C
  -------------------------------------------------------------------    -------------------
    SLICE_X91Y83         FDRE (Prop_fdre_C_Q)         0.141     0.551 r  col_in_reg[0]_rep__4/Q
                         net (fo=228, routed)         0.279     0.830    lb2_reg_896_1023_3_3/A0
    SLICE_X90Y82         RAMD64E                                      r  lb2_reg_896_1023_3_3/DP.HIGH/WADR0
  -------------------------------------------------------------------    -------------------

                         (clock aclk rise edge)       0.000     0.000 r  <hidden>
                                                      0.000     0.000 r  aclk
                         net (fo=1345, unset)         0.432     0.432    lb2_reg_896_1023_3_3/WCLK
    SLICE_X90Y82         RAMD64E                                      r  lb2_reg_896_1023_3_3/DP.HIGH/CLK
                         clock pessimism              0.000     0.432    <hidden>
    SLICE_X90Y82         RAMD64E (Hold_ramd64e_CLK_WADR0)
                                                      0.310     0.742    lb2_reg_896_1023_3_3/DP.HIGH
  -------------------------------------------------------------------
                         required time                         -0.742    <hidden>
                         arrival time                           0.830    <hidden>
  -------------------------------------------------------------------
                         slack                                  0.089    <hidden>

Slack (MET) :             0.089ns  (arrival time - required time)
  Source:                 col_in_reg[0]_rep__4/C
                            (rising edge-triggered cell FDRE clocked by aclk  {rise@0.000ns fall@3.367ns period=6.734ns})
  Destination:            lb2_reg_896_1023_3_3/DP.LOW/WADR0
                            (rising edge-triggered cell RAMD64E clocked by aclk  {rise@0.000ns fall@3.367ns period=6.734ns})
  Path Group:             aclk
  Path Type:              Hold (Min at Fast Process Corner)
  Requirement:            0.000ns  (aclk rise@0.000ns - aclk rise@0.000ns)
  Data Path Delay:        0.420ns  (logic 0.141ns (33.545%)  route 0.279ns (66.455%))
  Logic Levels:           0  
  Clock Path Skew:        0.022ns (DCD - SCD - CPR)
    Destination Clock Delay (DCD):    0.432ns
    Source Clock Delay      (SCD):    0.410ns
    Clock Pessimism Removal (CPR):    -0.000ns

    Location             Delay type                Incr(ns)  Path(ns)    Netlist Resource(s)
  -------------------------------------------------------------------    -------------------
                         (clock aclk rise edge)       0.000     0.000 r  <hidden>
                                                      0.000     0.000 r  aclk
                         net (fo=1345, unset)         0.410     0.410    aclk
    SLICE_X91Y83         FDRE                                         r  col_in_reg[0]_rep__4/C
  -------------------------------------------------------------------    -------------------
    SLICE_X91Y83         FDRE (Prop_fdre_C_Q)         0.141     0.551 r  col_in_reg[0]_rep__4/Q
                         net (fo=228, routed)         0.279     0.830    lb2_reg_896_1023_3_3/A0
    SLICE_X90Y82         RAMD64E                                      r  lb2_reg_896_1023_3_3/DP.LOW/WADR0
  -------------------------------------------------------------------    -------------------

                         (clock aclk rise edge)       0.000     0.000 r  <hidden>
                                                      0.000     0.000 r  aclk
                         net (fo=1345, unset)         0.432     0.432    lb2_reg_896_1023_3_3/WCLK
    SLICE_X90Y82         RAMD64E                                      r  lb2_reg_896_1023_3_3/DP.LOW/CLK
                         clock pessimism              0.000     0.432    <hidden>
    SLICE_X90Y82         RAMD64E (Hold_ramd64e_CLK_WADR0)
                                                      0.310     0.742    lb2_reg_896_1023_3_3/DP.LOW
  -------------------------------------------------------------------
                         required time                         -0.742    <hidden>
                         arrival time                           0.830    <hidden>
  -------------------------------------------------------------------
                         slack                                  0.089    <hidden>

Slack (MET) :             0.089ns  (arrival time - required time)
  Source:                 col_in_reg[0]_rep__4/C
                            (rising edge-triggered cell FDRE clocked by aclk  {rise@0.000ns fall@3.367ns period=6.734ns})
  Destination:            lb2_reg_896_1023_3_3/SP.HIGH/WADR0
                            (rising edge-triggered cell RAMD64E clocked by aclk  {rise@0.000ns fall@3.367ns period=6.734ns})
  Path Group:             aclk
  Path Type:              Hold (Min at Fast Process Corner)
  Requirement:            0.000ns  (aclk rise@0.000ns - aclk rise@0.000ns)
  Data Path Delay:        0.420ns  (logic 0.141ns (33.545%)  route 0.279ns (66.455%))
  Logic Levels:           0  
  Clock Path Skew:        0.022ns (DCD - SCD - CPR)
    Destination Clock Delay (DCD):    0.432ns
    Source Clock Delay      (SCD):    0.410ns
    Clock Pessimism Removal (CPR):    -0.000ns

    Location             Delay type                Incr(ns)  Path(ns)    Netlist Resource(s)
  -------------------------------------------------------------------    -------------------
                         (clock aclk rise edge)       0.000     0.000 r  <hidden>
                                                      0.000     0.000 r  aclk
                         net (fo=1345, unset)         0.410     0.410    aclk
    SLICE_X91Y83         FDRE                                         r  col_in_reg[0]_rep__4/C
  -------------------------------------------------------------------    -------------------
    SLICE_X91Y83         FDRE (Prop_fdre_C_Q)         0.141     0.551 r  col_in_reg[0]_rep__4/Q
                         net (fo=228, routed)         0.279     0.830    lb2_reg_896_1023_3_3/A0
    SLICE_X90Y82         RAMD64E                                      r  lb2_reg_896_1023_3_3/SP.HIGH/WADR0
  -------------------------------------------------------------------    -------------------

                         (clock aclk rise edge)       0.000     0.000 r  <hidden>
                                                      0.000     0.000 r  aclk
                         net (fo=1345, unset)         0.432     0.432    lb2_reg_896_1023_3_3/WCLK
    SLICE_X90Y82         RAMD64E                                      r  lb2_reg_896_1023_3_3/SP.HIGH/CLK
                         clock pessimism              0.000     0.432    <hidden>
    SLICE_X90Y82         RAMD64E (Hold_ramd64e_CLK_WADR0)
                                                      0.310     0.742    lb2_reg_896_1023_3_3/SP.HIGH
  -------------------------------------------------------------------
                         required time                         -0.742    <hidden>
                         arrival time                           0.830    <hidden>
  -------------------------------------------------------------------
                         slack                                  0.089    <hidden>

Slack (MET) :             0.089ns  (arrival time - required time)
  Source:                 col_in_reg[0]_rep__4/C
                            (rising edge-triggered cell FDRE clocked by aclk  {rise@0.000ns fall@3.367ns period=6.734ns})
  Destination:            lb2_reg_896_1023_3_3/SP.LOW/WADR0
                            (rising edge-triggered cell RAMD64E clocked by aclk  {rise@0.000ns fall@3.367ns period=6.734ns})
  Path Group:             aclk
  Path Type:              Hold (Min at Fast Process Corner)
  Requirement:            0.000ns  (aclk rise@0.000ns - aclk rise@0.000ns)
  Data Path Delay:        0.420ns  (logic 0.141ns (33.545%)  route 0.279ns (66.455%))
  Logic Levels:           0  
  Clock Path Skew:        0.022ns (DCD - SCD - CPR)
    Destination Clock Delay (DCD):    0.432ns
    Source Clock Delay      (SCD):    0.410ns
    Clock Pessimism Removal (CPR):    -0.000ns

    Location             Delay type                Incr(ns)  Path(ns)    Netlist Resource(s)
  -------------------------------------------------------------------    -------------------
                         (clock aclk rise edge)       0.000     0.000 r  <hidden>
                                                      0.000     0.000 r  aclk
                         net (fo=1345, unset)         0.410     0.410    aclk
    SLICE_X91Y83         FDRE                                         r  col_in_reg[0]_rep__4/C
  -------------------------------------------------------------------    -------------------
    SLICE_X91Y83         FDRE (Prop_fdre_C_Q)         0.141     0.551 r  col_in_reg[0]_rep__4/Q
                         net (fo=228, routed)         0.279     0.830    lb2_reg_896_1023_3_3/A0
    SLICE_X90Y82         RAMD64E                                      r  lb2_reg_896_1023_3_3/SP.LOW/WADR0
  -------------------------------------------------------------------    -------------------

                         (clock aclk rise edge)       0.000     0.000 r  <hidden>
                                                      0.000     0.000 r  aclk
                         net (fo=1345, unset)         0.432     0.432    lb2_reg_896_1023_3_3/WCLK
    SLICE_X90Y82         RAMD64E                                      r  lb2_reg_896_1023_3_3/SP.LOW/CLK
                         clock pessimism              0.000     0.432    <hidden>
    SLICE_X90Y82         RAMD64E (Hold_ramd64e_CLK_WADR0)
                                                      0.310     0.742    lb2_reg_896_1023_3_3/SP.LOW
  -------------------------------------------------------------------
                         required time                         -0.742    <hidden>
                         arrival time                           0.830    <hidden>
  -------------------------------------------------------------------
                         slack                                  0.089    <hidden>

Slack (MET) :             0.104ns  (arrival time - required time)
  Source:                 col_in_reg[2]_rep__0/C
                            (rising edge-triggered cell FDRE clocked by aclk  {rise@0.000ns fall@3.367ns period=6.734ns})
  Destination:            lb2_reg_1920_2047_0_0/DP.HIGH/WADR2
                            (rising edge-triggered cell RAMD64E clocked by aclk  {rise@0.000ns fall@3.367ns period=6.734ns})
  Path Group:             aclk
  Path Type:              Hold (Min at Fast Process Corner)
  Requirement:            0.000ns  (aclk rise@0.000ns - aclk rise@0.000ns)
  Data Path Delay:        0.380ns  (logic 0.141ns (37.114%)  route 0.239ns (62.886%))
  Logic Levels:           0  
  Clock Path Skew:        0.022ns (DCD - SCD - CPR)
    Destination Clock Delay (DCD):    0.432ns
    Source Clock Delay      (SCD):    0.410ns
    Clock Pessimism Removal (CPR):    -0.000ns

    Location             Delay type                Incr(ns)  Path(ns)    Netlist Resource(s)
  -------------------------------------------------------------------    -------------------
                         (clock aclk rise edge)       0.000     0.000 r  <hidden>
                                                      0.000     0.000 r  aclk
                         net (fo=1345, unset)         0.410     0.410    aclk
    SLICE_X101Y83        FDRE                                         r  col_in_reg[2]_rep__0/C
  -------------------------------------------------------------------    -------------------
    SLICE_X101Y83        FDRE (Prop_fdre_C_Q)         0.141     0.551 r  col_in_reg[2]_rep__0/Q
                         net (fo=222, routed)         0.239     0.790    lb2_reg_1920_2047_0_0/A2
    SLICE_X100Y83        RAMD64E                                      r  lb2_reg_1920_2047_0_0/DP.HIGH/WADR2
  -------------------------------------------------------------------    -------------------

                         (clock aclk rise edge)       0.000     0.000 r  <hidden>
                                                      0.000     0.000 r  aclk
                         net (fo=1345, unset)         0.432     0.432    lb2_reg_1920_2047_0_0/WCLK
    SLICE_X100Y83        RAMD64E                                      r  lb2_reg_1920_2047_0_0/DP.HIGH/CLK
                         clock pessimism              0.000     0.432    <hidden>
    SLICE_X100Y83        RAMD64E (Hold_ramd64e_CLK_WADR2)
                                                      0.254     0.686    lb2_reg_1920_2047_0_0/DP.HIGH
  -------------------------------------------------------------------
                         required time                         -0.686    <hidden>
                         arrival time                           0.790    <hidden>
  -------------------------------------------------------------------
                         slack                                  0.104    <hidden>

Slack (MET) :             0.104ns  (arrival time - required time)
  Source:                 col_in_reg[2]_rep__0/C
                            (rising edge-triggered cell FDRE clocked by aclk  {rise@0.000ns fall@3.367ns period=6.734ns})
  Destination:            lb2_reg_1920_2047_0_0/DP.LOW/WADR2
                            (rising edge-triggered cell RAMD64E clocked by aclk  {rise@0.000ns fall@3.367ns period=6.734ns})
  Path Group:             aclk
  Path Type:              Hold (Min at Fast Process Corner)
  Requirement:            0.000ns  (aclk rise@0.000ns - aclk rise@0.000ns)
  Data Path Delay:        0.380ns  (logic 0.141ns (37.114%)  route 0.239ns (62.886%))
  Logic Levels:           0  
  Clock Path Skew:        0.022ns (DCD - SCD - CPR)
    Destination Clock Delay (DCD):    0.432ns
    Source Clock Delay      (SCD):    0.410ns
    Clock Pessimism Removal (CPR):    -0.000ns

    Location             Delay type                Incr(ns)  Path(ns)    Netlist Resource(s)
  -------------------------------------------------------------------    -------------------
                         (clock aclk rise edge)       0.000     0.000 r  <hidden>
                                                      0.000     0.000 r  aclk
                         net (fo=1345, unset)         0.410     0.410    aclk
    SLICE_X101Y83        FDRE                                         r  col_in_reg[2]_rep__0/C
  -------------------------------------------------------------------    -------------------
    SLICE_X101Y83        FDRE (Prop_fdre_C_Q)         0.141     0.551 r  col_in_reg[2]_rep__0/Q
                         net (fo=222, routed)         0.239     0.790    lb2_reg_1920_2047_0_0/A2
    SLICE_X100Y83        RAMD64E                                      r  lb2_reg_1920_2047_0_0/DP.LOW/WADR2
  -------------------------------------------------------------------    -------------------

                         (clock aclk rise edge)       0.000     0.000 r  <hidden>
                                                      0.000     0.000 r  aclk
                         net (fo=1345, unset)         0.432     0.432    lb2_reg_1920_2047_0_0/WCLK
    SLICE_X100Y83        RAMD64E                                      r  lb2_reg_1920_2047_0_0/DP.LOW/CLK
                         clock pessimism              0.000     0.432    <hidden>
    SLICE_X100Y83        RAMD64E (Hold_ramd64e_CLK_WADR2)
                                                      0.254     0.686    lb2_reg_1920_2047_0_0/DP.LOW
  -------------------------------------------------------------------
                         required time                         -0.686    <hidden>
                         arrival time                           0.790    <hidden>
  -------------------------------------------------------------------
                         slack                                  0.104    <hidden>

Slack (MET) :             0.104ns  (arrival time - required time)
  Source:                 col_in_reg[2]_rep__0/C
                            (rising edge-triggered cell FDRE clocked by aclk  {rise@0.000ns fall@3.367ns period=6.734ns})
  Destination:            lb2_reg_1920_2047_0_0/SP.HIGH/WADR2
                            (rising edge-triggered cell RAMD64E clocked by aclk  {rise@0.000ns fall@3.367ns period=6.734ns})
  Path Group:             aclk
  Path Type:              Hold (Min at Fast Process Corner)
  Requirement:            0.000ns  (aclk rise@0.000ns - aclk rise@0.000ns)
  Data Path Delay:        0.380ns  (logic 0.141ns (37.114%)  route 0.239ns (62.886%))
  Logic Levels:           0  
  Clock Path Skew:        0.022ns (DCD - SCD - CPR)
    Destination Clock Delay (DCD):    0.432ns
    Source Clock Delay      (SCD):    0.410ns
    Clock Pessimism Removal (CPR):    -0.000ns

    Location             Delay type                Incr(ns)  Path(ns)    Netlist Resource(s)
  -------------------------------------------------------------------    -------------------
                         (clock aclk rise edge)       0.000     0.000 r  <hidden>
                                                      0.000     0.000 r  aclk
                         net (fo=1345, unset)         0.410     0.410    aclk
    SLICE_X101Y83        FDRE                                         r  col_in_reg[2]_rep__0/C
  -------------------------------------------------------------------    -------------------
    SLICE_X101Y83        FDRE (Prop_fdre_C_Q)         0.141     0.551 r  col_in_reg[2]_rep__0/Q
                         net (fo=222, routed)         0.239     0.790    lb2_reg_1920_2047_0_0/A2
    SLICE_X100Y83        RAMD64E                                      r  lb2_reg_1920_2047_0_0/SP.HIGH/WADR2
  -------------------------------------------------------------------    -------------------

                         (clock aclk rise edge)       0.000     0.000 r  <hidden>
                                                      0.000     0.000 r  aclk
                         net (fo=1345, unset)         0.432     0.432    lb2_reg_1920_2047_0_0/WCLK
    SLICE_X100Y83        RAMD64E                                      r  lb2_reg_1920_2047_0_0/SP.HIGH/CLK
                         clock pessimism              0.000     0.432    <hidden>
    SLICE_X100Y83        RAMD64E (Hold_ramd64e_CLK_WADR2)
                                                      0.254     0.686    lb2_reg_1920_2047_0_0/SP.HIGH
  -------------------------------------------------------------------
                         required time                         -0.686    <hidden>
                         arrival time                           0.790    <hidden>
  -------------------------------------------------------------------
                         slack                                  0.104    <hidden>

Slack (MET) :             0.104ns  (arrival time - required time)
  Source:                 col_in_reg[2]_rep__0/C
                            (rising edge-triggered cell FDRE clocked by aclk  {rise@0.000ns fall@3.367ns period=6.734ns})
  Destination:            lb2_reg_1920_2047_0_0/SP.LOW/WADR2
                            (rising edge-triggered cell RAMD64E clocked by aclk  {rise@0.000ns fall@3.367ns period=6.734ns})
  Path Group:             aclk
  Path Type:              Hold (Min at Fast Process Corner)
  Requirement:            0.000ns  (aclk rise@0.000ns - aclk rise@0.000ns)
  Data Path Delay:        0.380ns  (logic 0.141ns (37.114%)  route 0.239ns (62.886%))
  Logic Levels:           0  
  Clock Path Skew:        0.022ns (DCD - SCD - CPR)
    Destination Clock Delay (DCD):    0.432ns
    Source Clock Delay      (SCD):    0.410ns
    Clock Pessimism Removal (CPR):    -0.000ns

    Location             Delay type                Incr(ns)  Path(ns)    Netlist Resource(s)
  -------------------------------------------------------------------    -------------------
                         (clock aclk rise edge)       0.000     0.000 r  <hidden>
                                                      0.000     0.000 r  aclk
                         net (fo=1345, unset)         0.410     0.410    aclk
    SLICE_X101Y83        FDRE                                         r  col_in_reg[2]_rep__0/C
  -------------------------------------------------------------------    -------------------
    SLICE_X101Y83        FDRE (Prop_fdre_C_Q)         0.141     0.551 r  col_in_reg[2]_rep__0/Q
                         net (fo=222, routed)         0.239     0.790    lb2_reg_1920_2047_0_0/A2
    SLICE_X100Y83        RAMD64E                                      r  lb2_reg_1920_2047_0_0/SP.LOW/WADR2
  -------------------------------------------------------------------    -------------------

                         (clock aclk rise edge)       0.000     0.000 r  <hidden>
                                                      0.000     0.000 r  aclk
                         net (fo=1345, unset)         0.432     0.432    lb2_reg_1920_2047_0_0/WCLK
    SLICE_X100Y83        RAMD64E                                      r  lb2_reg_1920_2047_0_0/SP.LOW/CLK
                         clock pessimism              0.000     0.432    <hidden>
    SLICE_X100Y83        RAMD64E (Hold_ramd64e_CLK_WADR2)
                                                      0.254     0.686    lb2_reg_1920_2047_0_0/SP.LOW
  -------------------------------------------------------------------
                         required time                         -0.686    <hidden>
                         arrival time                           0.790    <hidden>
  -------------------------------------------------------------------
                         slack                                  0.104    <hidden>

Slack (MET) :             0.105ns  (arrival time - required time)
  Source:                 col_in_reg[2]_rep__0/C
                            (rising edge-triggered cell FDRE clocked by aclk  {rise@0.000ns fall@3.367ns period=6.734ns})
  Destination:            lb2_reg_1408_1535_0_0/DP.HIGH/WADR2
                            (rising edge-triggered cell RAMD64E clocked by aclk  {rise@0.000ns fall@3.367ns period=6.734ns})
  Path Group:             aclk
  Path Type:              Hold (Min at Fast Process Corner)
  Requirement:            0.000ns  (aclk rise@0.000ns - aclk rise@0.000ns)
  Data Path Delay:        0.381ns  (logic 0.141ns (37.044%)  route 0.240ns (62.956%))
  Logic Levels:           0  
  Clock Path Skew:        0.022ns (DCD - SCD - CPR)
    Destination Clock Delay (DCD):    0.432ns
    Source Clock Delay      (SCD):    0.410ns
    Clock Pessimism Removal (CPR):    -0.000ns

    Location             Delay type                Incr(ns)  Path(ns)    Netlist Resource(s)
  -------------------------------------------------------------------    -------------------
                         (clock aclk rise edge)       0.000     0.000 r  <hidden>
                                                      0.000     0.000 r  aclk
                         net (fo=1345, unset)         0.410     0.410    aclk
    SLICE_X101Y83        FDRE                                         r  col_in_reg[2]_rep__0/C
  -------------------------------------------------------------------    -------------------
    SLICE_X101Y83        FDRE (Prop_fdre_C_Q)         0.141     0.551 r  col_in_reg[2]_rep__0/Q
                         net (fo=222, routed)         0.240     0.791    lb2_reg_1408_1535_0_0/A2
    SLICE_X98Y82         RAMD64E                                      r  lb2_reg_1408_1535_0_0/DP.HIGH/WADR2
  -------------------------------------------------------------------    -------------------

                         (clock aclk rise edge)       0.000     0.000 r  <hidden>
                                                      0.000     0.000 r  aclk
                         net (fo=1345, unset)         0.432     0.432    lb2_reg_1408_1535_0_0/WCLK
    SLICE_X98Y82         RAMD64E                                      r  lb2_reg_1408_1535_0_0/DP.HIGH/CLK
                         clock pessimism              0.000     0.432    <hidden>
    SLICE_X98Y82         RAMD64E (Hold_ramd64e_CLK_WADR2)
                                                      0.254     0.686    lb2_reg_1408_1535_0_0/DP.HIGH
  -------------------------------------------------------------------
                         required time                         -0.686    <hidden>
                         arrival time                           0.791    <hidden>
  -------------------------------------------------------------------
                         slack                                  0.105    <hidden>

Slack (MET) :             0.105ns  (arrival time - required time)
  Source:                 col_in_reg[2]_rep__0/C
                            (rising edge-triggered cell FDRE clocked by aclk  {rise@0.000ns fall@3.367ns period=6.734ns})
  Destination:            lb2_reg_1408_1535_0_0/DP.LOW/WADR2
                            (rising edge-triggered cell RAMD64E clocked by aclk  {rise@0.000ns fall@3.367ns period=6.734ns})
  Path Group:             aclk
  Path Type:              Hold (Min at Fast Process Corner)
  Requirement:            0.000ns  (aclk rise@0.000ns - aclk rise@0.000ns)
  Data Path Delay:        0.381ns  (logic 0.141ns (37.044%)  route 0.240ns (62.956%))
  Logic Levels:           0  
  Clock Path Skew:        0.022ns (DCD - SCD - CPR)
    Destination Clock Delay (DCD):    0.432ns
    Source Clock Delay      (SCD):    0.410ns
    Clock Pessimism Removal (CPR):    -0.000ns

    Location             Delay type                Incr(ns)  Path(ns)    Netlist Resource(s)
  -------------------------------------------------------------------    -------------------
                         (clock aclk rise edge)       0.000     0.000 r  <hidden>
                                                      0.000     0.000 r  aclk
                         net (fo=1345, unset)         0.410     0.410    aclk
    SLICE_X101Y83        FDRE                                         r  col_in_reg[2]_rep__0/C
  -------------------------------------------------------------------    -------------------
    SLICE_X101Y83        FDRE (Prop_fdre_C_Q)         0.141     0.551 r  col_in_reg[2]_rep__0/Q
                         net (fo=222, routed)         0.240     0.791    lb2_reg_1408_1535_0_0/A2
    SLICE_X98Y82         RAMD64E                                      r  lb2_reg_1408_1535_0_0/DP.LOW/WADR2
  -------------------------------------------------------------------    -------------------

                         (clock aclk rise edge)       0.000     0.000 r  <hidden>
                                                      0.000     0.000 r  aclk
                         net (fo=1345, unset)         0.432     0.432    lb2_reg_1408_1535_0_0/WCLK
    SLICE_X98Y82         RAMD64E                                      r  lb2_reg_1408_1535_0_0/DP.LOW/CLK
                         clock pessimism              0.000     0.432    <hidden>
    SLICE_X98Y82         RAMD64E (Hold_ramd64e_CLK_WADR2)
                                                      0.254     0.686    lb2_reg_1408_1535_0_0/DP.LOW
  -------------------------------------------------------------------
                         required time                         -0.686    <hidden>
                         arrival time                           0.791    <hidden>
  -------------------------------------------------------------------
                         slack                                  0.105    <hidden>

Slack (MET) :             0.105ns  (arrival time - required time)
  Source:                 col_in_reg[2]_rep__0/C
                            (rising edge-triggered cell FDRE clocked by aclk  {rise@0.000ns fall@3.367ns period=6.734ns})
  Destination:            lb2_reg_1408_1535_0_0/SP.HIGH/WADR2
                            (rising edge-triggered cell RAMD64E clocked by aclk  {rise@0.000ns fall@3.367ns period=6.734ns})
  Path Group:             aclk
  Path Type:              Hold (Min at Fast Process Corner)
  Requirement:            0.000ns  (aclk rise@0.000ns - aclk rise@0.000ns)
  Data Path Delay:        0.381ns  (logic 0.141ns (37.044%)  route 0.240ns (62.956%))
  Logic Levels:           0  
  Clock Path Skew:        0.022ns (DCD - SCD - CPR)
    Destination Clock Delay (DCD):    0.432ns
    Source Clock Delay      (SCD):    0.410ns
    Clock Pessimism Removal (CPR):    -0.000ns

    Location             Delay type                Incr(ns)  Path(ns)    Netlist Resource(s)
  -------------------------------------------------------------------    -------------------
                         (clock aclk rise edge)       0.000     0.000 r  <hidden>
                                                      0.000     0.000 r  aclk
                         net (fo=1345, unset)         0.410     0.410    aclk
    SLICE_X101Y83        FDRE                                         r  col_in_reg[2]_rep__0/C
  -------------------------------------------------------------------    -------------------
    SLICE_X101Y83        FDRE (Prop_fdre_C_Q)         0.141     0.551 r  col_in_reg[2]_rep__0/Q
                         net (fo=222, routed)         0.240     0.791    lb2_reg_1408_1535_0_0/A2
    SLICE_X98Y82         RAMD64E                                      r  lb2_reg_1408_1535_0_0/SP.HIGH/WADR2
  -------------------------------------------------------------------    -------------------

                         (clock aclk rise edge)       0.000     0.000 r  <hidden>
                                                      0.000     0.000 r  aclk
                         net (fo=1345, unset)         0.432     0.432    lb2_reg_1408_1535_0_0/WCLK
    SLICE_X98Y82         RAMD64E                                      r  lb2_reg_1408_1535_0_0/SP.HIGH/CLK
                         clock pessimism              0.000     0.432    <hidden>
    SLICE_X98Y82         RAMD64E (Hold_ramd64e_CLK_WADR2)
                                                      0.254     0.686    lb2_reg_1408_1535_0_0/SP.HIGH
  -------------------------------------------------------------------
                         required time                         -0.686    <hidden>
                         arrival time                           0.791    <hidden>
  -------------------------------------------------------------------
                         slack                                  0.105    <hidden>

Slack (MET) :             0.105ns  (arrival time - required time)
  Source:                 col_in_reg[2]_rep__0/C
                            (rising edge-triggered cell FDRE clocked by aclk  {rise@0.000ns fall@3.367ns period=6.734ns})
  Destination:            lb2_reg_1408_1535_0_0/SP.LOW/WADR2
                            (rising edge-triggered cell RAMD64E clocked by aclk  {rise@0.000ns fall@3.367ns period=6.734ns})
  Path Group:             aclk
  Path Type:              Hold (Min at Fast Process Corner)
  Requirement:            0.000ns  (aclk rise@0.000ns - aclk rise@0.000ns)
  Data Path Delay:        0.381ns  (logic 0.141ns (37.044%)  route 0.240ns (62.956%))
  Logic Levels:           0  
  Clock Path Skew:        0.022ns (DCD - SCD - CPR)
    Destination Clock Delay (DCD):    0.432ns
    Source Clock Delay      (SCD):    0.410ns
    Clock Pessimism Removal (CPR):    -0.000ns

    Location             Delay type                Incr(ns)  Path(ns)    Netlist Resource(s)
  -------------------------------------------------------------------    -------------------
                         (clock aclk rise edge)       0.000     0.000 r  <hidden>
                                                      0.000     0.000 r  aclk
                         net (fo=1345, unset)         0.410     0.410    aclk
    SLICE_X101Y83        FDRE                                         r  col_in_reg[2]_rep__0/C
  -------------------------------------------------------------------    -------------------
    SLICE_X101Y83        FDRE (Prop_fdre_C_Q)         0.141     0.551 r  col_in_reg[2]_rep__0/Q
                         net (fo=222, routed)         0.240     0.791    lb2_reg_1408_1535_0_0/A2
    SLICE_X98Y82         RAMD64E                                      r  lb2_reg_1408_1535_0_0/SP.LOW/WADR2
  -------------------------------------------------------------------    -------------------

                         (clock aclk rise edge)       0.000     0.000 r  <hidden>
                                                      0.000     0.000 r  aclk
                         net (fo=1345, unset)         0.432     0.432    lb2_reg_1408_1535_0_0/WCLK
    SLICE_X98Y82         RAMD64E                                      r  lb2_reg_1408_1535_0_0/SP.LOW/CLK
                         clock pessimism              0.000     0.432    <hidden>
    SLICE_X98Y82         RAMD64E (Hold_ramd64e_CLK_WADR2)
                                                      0.254     0.686    lb2_reg_1408_1535_0_0/SP.LOW
  -------------------------------------------------------------------
                         required time                         -0.686    <hidden>
                         arrival time                           0.791    <hidden>
  -------------------------------------------------------------------
                         slack                                  0.105    <hidden>

Slack (MET) :             0.105ns  (arrival time - required time)
  Source:                 col_in_reg[5]_rep__3/C
                            (rising edge-triggered cell FDRE clocked by aclk  {rise@0.000ns fall@3.367ns period=6.734ns})
  Destination:            lb2_reg_1408_1535_5_5/DP.HIGH/WADR5
                            (rising edge-triggered cell RAMD64E clocked by aclk  {rise@0.000ns fall@3.367ns period=6.734ns})
  Path Group:             aclk
  Path Type:              Hold (Min at Fast Process Corner)
  Requirement:            0.000ns  (aclk rise@0.000ns - aclk rise@0.000ns)
  Data Path Delay:        0.297ns  (logic 0.141ns (47.499%)  route 0.156ns (52.501%))
  Logic Levels:           0  
  Clock Path Skew:        0.022ns (DCD - SCD - CPR)
    Destination Clock Delay (DCD):    0.432ns
    Source Clock Delay      (SCD):    0.410ns
    Clock Pessimism Removal (CPR):    -0.000ns

    Location             Delay type                Incr(ns)  Path(ns)    Netlist Resource(s)
  -------------------------------------------------------------------    -------------------
                         (clock aclk rise edge)       0.000     0.000 r  <hidden>
                                                      0.000     0.000 r  aclk
                         net (fo=1345, unset)         0.410     0.410    aclk
    SLICE_X97Y91         FDRE                                         r  col_in_reg[5]_rep__3/C
  -------------------------------------------------------------------    -------------------
    SLICE_X97Y91         FDRE (Prop_fdre_C_Q)         0.141     0.551 r  col_in_reg[5]_rep__3/Q
                         net (fo=222, routed)         0.156     0.707    lb2_reg_1408_1535_5_5/A5
    SLICE_X98Y91         RAMD64E                                      r  lb2_reg_1408_1535_5_5/DP.HIGH/WADR5
  -------------------------------------------------------------------    -------------------

                         (clock aclk rise edge)       0.000     0.000 r  <hidden>
                                                      0.000     0.000 r  aclk
                         net (fo=1345, unset)         0.432     0.432    lb2_reg_1408_1535_5_5/WCLK
    SLICE_X98Y91         RAMD64E                                      r  lb2_reg_1408_1535_5_5/DP.HIGH/CLK
                         clock pessimism              0.000     0.432    <hidden>
    SLICE_X98Y91         RAMD64E (Hold_ramd64e_CLK_WADR5)
                                                      0.170     0.602    lb2_reg_1408_1535_5_5/DP.HIGH
  -------------------------------------------------------------------
                         required time                         -0.602    <hidden>
                         arrival time                           0.707    <hidden>
  -------------------------------------------------------------------
                         slack                                  0.105    <hidden>

Slack (MET) :             0.105ns  (arrival time - required time)
  Source:                 col_in_reg[5]_rep__3/C
                            (rising edge-triggered cell FDRE clocked by aclk  {rise@0.000ns fall@3.367ns period=6.734ns})
  Destination:            lb2_reg_1408_1535_5_5/DP.LOW/WADR5
                            (rising edge-triggered cell RAMD64E clocked by aclk  {rise@0.000ns fall@3.367ns period=6.734ns})
  Path Group:             aclk
  Path Type:              Hold (Min at Fast Process Corner)
  Requirement:            0.000ns  (aclk rise@0.000ns - aclk rise@0.000ns)
  Data Path Delay:        0.297ns  (logic 0.141ns (47.499%)  route 0.156ns (52.501%))
  Logic Levels:           0  
  Clock Path Skew:        0.022ns (DCD - SCD - CPR)
    Destination Clock Delay (DCD):    0.432ns
    Source Clock Delay      (SCD):    0.410ns
    Clock Pessimism Removal (CPR):    -0.000ns

    Location             Delay type                Incr(ns)  Path(ns)    Netlist Resource(s)
  -------------------------------------------------------------------    -------------------
                         (clock aclk rise edge)       0.000     0.000 r  <hidden>
                                                      0.000     0.000 r  aclk
                         net (fo=1345, unset)         0.410     0.410    aclk
    SLICE_X97Y91         FDRE                                         r  col_in_reg[5]_rep__3/C
  -------------------------------------------------------------------    -------------------
    SLICE_X97Y91         FDRE (Prop_fdre_C_Q)         0.141     0.551 r  col_in_reg[5]_rep__3/Q
                         net (fo=222, routed)         0.156     0.707    lb2_reg_1408_1535_5_5/A5
    SLICE_X98Y91         RAMD64E                                      r  lb2_reg_1408_1535_5_5/DP.LOW/WADR5
  -------------------------------------------------------------------    -------------------

                         (clock aclk rise edge)       0.000     0.000 r  <hidden>
                                                      0.000     0.000 r  aclk
                         net (fo=1345, unset)         0.432     0.432    lb2_reg_1408_1535_5_5/WCLK
    SLICE_X98Y91         RAMD64E                                      r  lb2_reg_1408_1535_5_5/DP.LOW/CLK
                         clock pessimism              0.000     0.432    <hidden>
    SLICE_X98Y91         RAMD64E (Hold_ramd64e_CLK_WADR5)
                                                      0.170     0.602    lb2_reg_1408_1535_5_5/DP.LOW
  -------------------------------------------------------------------
                         required time                         -0.602    <hidden>
                         arrival time                           0.707    <hidden>
  -------------------------------------------------------------------
                         slack                                  0.105    <hidden>

Slack (MET) :             0.105ns  (arrival time - required time)
  Source:                 col_in_reg[5]_rep__3/C
                            (rising edge-triggered cell FDRE clocked by aclk  {rise@0.000ns fall@3.367ns period=6.734ns})
  Destination:            lb2_reg_1408_1535_5_5/SP.HIGH/WADR5
                            (rising edge-triggered cell RAMD64E clocked by aclk  {rise@0.000ns fall@3.367ns period=6.734ns})
  Path Group:             aclk
  Path Type:              Hold (Min at Fast Process Corner)
  Requirement:            0.000ns  (aclk rise@0.000ns - aclk rise@0.000ns)
  Data Path Delay:        0.297ns  (logic 0.141ns (47.499%)  route 0.156ns (52.501%))
  Logic Levels:           0  
  Clock Path Skew:        0.022ns (DCD - SCD - CPR)
    Destination Clock Delay (DCD):    0.432ns
    Source Clock Delay      (SCD):    0.410ns
    Clock Pessimism Removal (CPR):    -0.000ns

    Location             Delay type                Incr(ns)  Path(ns)    Netlist Resource(s)
  -------------------------------------------------------------------    -------------------
                         (clock aclk rise edge)       0.000     0.000 r  <hidden>
                                                      0.000     0.000 r  aclk
                         net (fo=1345, unset)         0.410     0.410    aclk
    SLICE_X97Y91         FDRE                                         r  col_in_reg[5]_rep__3/C
  -------------------------------------------------------------------    -------------------
    SLICE_X97Y91         FDRE (Prop_fdre_C_Q)         0.141     0.551 r  col_in_reg[5]_rep__3/Q
                         net (fo=222, routed)         0.156     0.707    lb2_reg_1408_1535_5_5/A5
    SLICE_X98Y91         RAMD64E                                      r  lb2_reg_1408_1535_5_5/SP.HIGH/WADR5
  -------------------------------------------------------------------    -------------------

                         (clock aclk rise edge)       0.000     0.000 r  <hidden>
                                                      0.000     0.000 r  aclk
                         net (fo=1345, unset)         0.432     0.432    lb2_reg_1408_1535_5_5/WCLK
    SLICE_X98Y91         RAMD64E                                      r  lb2_reg_1408_1535_5_5/SP.HIGH/CLK
                         clock pessimism              0.000     0.432    <hidden>
    SLICE_X98Y91         RAMD64E (Hold_ramd64e_CLK_WADR5)
                                                      0.170     0.602    lb2_reg_1408_1535_5_5/SP.HIGH
  -------------------------------------------------------------------
                         required time                         -0.602    <hidden>
                         arrival time                           0.707    <hidden>
  -------------------------------------------------------------------
                         slack                                  0.105    <hidden>

Slack (MET) :             0.105ns  (arrival time - required time)
  Source:                 col_in_reg[5]_rep__3/C
                            (rising edge-triggered cell FDRE clocked by aclk  {rise@0.000ns fall@3.367ns period=6.734ns})
  Destination:            lb2_reg_1408_1535_5_5/SP.LOW/WADR5
                            (rising edge-triggered cell RAMD64E clocked by aclk  {rise@0.000ns fall@3.367ns period=6.734ns})
  Path Group:             aclk
  Path Type:              Hold (Min at Fast Process Corner)
  Requirement:            0.000ns  (aclk rise@0.000ns - aclk rise@0.000ns)
  Data Path Delay:        0.297ns  (logic 0.141ns (47.499%)  route 0.156ns (52.501%))
  Logic Levels:           0  
  Clock Path Skew:        0.022ns (DCD - SCD - CPR)
    Destination Clock Delay (DCD):    0.432ns
    Source Clock Delay      (SCD):    0.410ns
    Clock Pessimism Removal (CPR):    -0.000ns

    Location             Delay type                Incr(ns)  Path(ns)    Netlist Resource(s)
  -------------------------------------------------------------------    -------------------
                         (clock aclk rise edge)       0.000     0.000 r  <hidden>
                                                      0.000     0.000 r  aclk
                         net (fo=1345, unset)         0.410     0.410    aclk
    SLICE_X97Y91         FDRE                                         r  col_in_reg[5]_rep__3/C
  -------------------------------------------------------------------    -------------------
    SLICE_X97Y91         FDRE (Prop_fdre_C_Q)         0.141     0.551 r  col_in_reg[5]_rep__3/Q
                         net (fo=222, routed)         0.156     0.707    lb2_reg_1408_1535_5_5/A5
    SLICE_X98Y91         RAMD64E                                      r  lb2_reg_1408_1535_5_5/SP.LOW/WADR5
  -------------------------------------------------------------------    -------------------

                         (clock aclk rise edge)       0.000     0.000 r  <hidden>
                                                      0.000     0.000 r  aclk
                         net (fo=1345, unset)         0.432     0.432    lb2_reg_1408_1535_5_5/WCLK
    SLICE_X98Y91         RAMD64E                                      r  lb2_reg_1408_1535_5_5/SP.LOW/CLK
                         clock pessimism              0.000     0.432    <hidden>
    SLICE_X98Y91         RAMD64E (Hold_ramd64e_CLK_WADR5)
                                                      0.170     0.602    lb2_reg_1408_1535_5_5/SP.LOW
  -------------------------------------------------------------------
                         required time                         -0.602    <hidden>
                         arrival time                           0.707    <hidden>
  -------------------------------------------------------------------
                         slack                                  0.105    <hidden>

Slack (MET) :             0.105ns  (arrival time - required time)
  Source:                 col_in_reg[0]_rep__4/C
                            (rising edge-triggered cell FDRE clocked by aclk  {rise@0.000ns fall@3.367ns period=6.734ns})
  Destination:            lb2_reg_1408_1535_3_3/DP.HIGH/WADR0
                            (rising edge-triggered cell RAMD64E clocked by aclk  {rise@0.000ns fall@3.367ns period=6.734ns})
  Path Group:             aclk
  Path Type:              Hold (Min at Fast Process Corner)
  Requirement:            0.000ns  (aclk rise@0.000ns - aclk rise@0.000ns)
  Data Path Delay:        0.437ns  (logic 0.141ns (32.265%)  route 0.296ns (67.735%))
  Logic Levels:           0  
  Clock Path Skew:        0.022ns (DCD - SCD - CPR)
    Destination Clock Delay (DCD):    0.432ns
    Source Clock Delay      (SCD):    0.410ns
    Clock Pessimism Removal (CPR):    -0.000ns

    Location             Delay type                Incr(ns)  Path(ns)    Netlist Resource(s)
  -------------------------------------------------------------------    -------------------
                         (clock aclk rise edge)       0.000     0.000 r  <hidden>
                                                      0.000     0.000 r  aclk
                         net (fo=1345, unset)         0.410     0.410    aclk
    SLICE_X91Y83         FDRE                                         r  col_in_reg[0]_rep__4/C
  -------------------------------------------------------------------    -------------------
    SLICE_X91Y83         FDRE (Prop_fdre_C_Q)         0.141     0.551 r  col_in_reg[0]_rep__4/Q
                         net (fo=228, routed)         0.296     0.847    lb2_reg_1408_1535_3_3/A0
    SLICE_X90Y81         RAMD64E                                      r  lb2_reg_1408_1535_3_3/DP.HIGH/WADR0
  -------------------------------------------------------------------    -------------------

                         (clock aclk rise edge)       0.000     0.000 r  <hidden>
                                                      0.000     0.000 r  aclk
                         net (fo=1345, unset)         0.432     0.432    lb2_reg_1408_1535_3_3/WCLK
    SLICE_X90Y81         RAMD64E                                      r  lb2_reg_1408_1535_3_3/DP.HIGH/CLK
                         clock pessimism              0.000     0.432    <hidden>
    SLICE_X90Y81         RAMD64E (Hold_ramd64e_CLK_WADR0)
                                                      0.310     0.742    lb2_reg_1408_1535_3_3/DP.HIGH
  -------------------------------------------------------------------
                         required time                         -0.742    <hidden>
                         arrival time                           0.847    <hidden>
  -------------------------------------------------------------------
                         slack                                  0.105    <hidden>

Slack (MET) :             0.105ns  (arrival time - required time)
  Source:                 col_in_reg[0]_rep__4/C
                            (rising edge-triggered cell FDRE clocked by aclk  {rise@0.000ns fall@3.367ns period=6.734ns})
  Destination:            lb2_reg_1408_1535_3_3/DP.LOW/WADR0
                            (rising edge-triggered cell RAMD64E clocked by aclk  {rise@0.000ns fall@3.367ns period=6.734ns})
  Path Group:             aclk
  Path Type:              Hold (Min at Fast Process Corner)
  Requirement:            0.000ns  (aclk rise@0.000ns - aclk rise@0.000ns)
  Data Path Delay:        0.437ns  (logic 0.141ns (32.265%)  route 0.296ns (67.735%))
  Logic Levels:           0  
  Clock Path Skew:        0.022ns (DCD - SCD - CPR)
    Destination Clock Delay (DCD):    0.432ns
    Source Clock Delay      (SCD):    0.410ns
    Clock Pessimism Removal (CPR):    -0.000ns

    Location             Delay type                Incr(ns)  Path(ns)    Netlist Resource(s)
  -------------------------------------------------------------------    -------------------
                         (clock aclk rise edge)       0.000     0.000 r  <hidden>
                                                      0.000     0.000 r  aclk
                         net (fo=1345, unset)         0.410     0.410    aclk
    SLICE_X91Y83         FDRE                                         r  col_in_reg[0]_rep__4/C
  -------------------------------------------------------------------    -------------------
    SLICE_X91Y83         FDRE (Prop_fdre_C_Q)         0.141     0.551 r  col_in_reg[0]_rep__4/Q
                         net (fo=228, routed)         0.296     0.847    lb2_reg_1408_1535_3_3/A0
    SLICE_X90Y81         RAMD64E                                      r  lb2_reg_1408_1535_3_3/DP.LOW/WADR0
  -------------------------------------------------------------------    -------------------

                         (clock aclk rise edge)       0.000     0.000 r  <hidden>
                                                      0.000     0.000 r  aclk
                         net (fo=1345, unset)         0.432     0.432    lb2_reg_1408_1535_3_3/WCLK
    SLICE_X90Y81         RAMD64E                                      r  lb2_reg_1408_1535_3_3/DP.LOW/CLK
                         clock pessimism              0.000     0.432    <hidden>
    SLICE_X90Y81         RAMD64E (Hold_ramd64e_CLK_WADR0)
                                                      0.310     0.742    lb2_reg_1408_1535_3_3/DP.LOW
  -------------------------------------------------------------------
                         required time                         -0.742    <hidden>
                         arrival time                           0.847    <hidden>
  -------------------------------------------------------------------
                         slack                                  0.105    <hidden>

Slack (MET) :             0.105ns  (arrival time - required time)
  Source:                 col_in_reg[0]_rep__4/C
                            (rising edge-triggered cell FDRE clocked by aclk  {rise@0.000ns fall@3.367ns period=6.734ns})
  Destination:            lb2_reg_1408_1535_3_3/SP.HIGH/WADR0
                            (rising edge-triggered cell RAMD64E clocked by aclk  {rise@0.000ns fall@3.367ns period=6.734ns})
  Path Group:             aclk
  Path Type:              Hold (Min at Fast Process Corner)
  Requirement:            0.000ns  (aclk rise@0.000ns - aclk rise@0.000ns)
  Data Path Delay:        0.437ns  (logic 0.141ns (32.265%)  route 0.296ns (67.735%))
  Logic Levels:           0  
  Clock Path Skew:        0.022ns (DCD - SCD - CPR)
    Destination Clock Delay (DCD):    0.432ns
    Source Clock Delay      (SCD):    0.410ns
    Clock Pessimism Removal (CPR):    -0.000ns

    Location             Delay type                Incr(ns)  Path(ns)    Netlist Resource(s)
  -------------------------------------------------------------------    -------------------
                         (clock aclk rise edge)       0.000     0.000 r  <hidden>
                                                      0.000     0.000 r  aclk
                         net (fo=1345, unset)         0.410     0.410    aclk
    SLICE_X91Y83         FDRE                                         r  col_in_reg[0]_rep__4/C
  -------------------------------------------------------------------    -------------------
    SLICE_X91Y83         FDRE (Prop_fdre_C_Q)         0.141     0.551 r  col_in_reg[0]_rep__4/Q
                         net (fo=228, routed)         0.296     0.847    lb2_reg_1408_1535_3_3/A0
    SLICE_X90Y81         RAMD64E                                      r  lb2_reg_1408_1535_3_3/SP.HIGH/WADR0
  -------------------------------------------------------------------    -------------------

                         (clock aclk rise edge)       0.000     0.000 r  <hidden>
                                                      0.000     0.000 r  aclk
                         net (fo=1345, unset)         0.432     0.432    lb2_reg_1408_1535_3_3/WCLK
    SLICE_X90Y81         RAMD64E                                      r  lb2_reg_1408_1535_3_3/SP.HIGH/CLK
                         clock pessimism              0.000     0.432    <hidden>
    SLICE_X90Y81         RAMD64E (Hold_ramd64e_CLK_WADR0)
                                                      0.310     0.742    lb2_reg_1408_1535_3_3/SP.HIGH
  -------------------------------------------------------------------
                         required time                         -0.742    <hidden>
                         arrival time                           0.847    <hidden>
  -------------------------------------------------------------------
                         slack                                  0.105    <hidden>

Slack (MET) :             0.105ns  (arrival time - required time)
  Source:                 col_in_reg[0]_rep__4/C
                            (rising edge-triggered cell FDRE clocked by aclk  {rise@0.000ns fall@3.367ns period=6.734ns})
  Destination:            lb2_reg_1408_1535_3_3/SP.LOW/WADR0
                            (rising edge-triggered cell RAMD64E clocked by aclk  {rise@0.000ns fall@3.367ns period=6.734ns})
  Path Group:             aclk
  Path Type:              Hold (Min at Fast Process Corner)
  Requirement:            0.000ns  (aclk rise@0.000ns - aclk rise@0.000ns)
  Data Path Delay:        0.437ns  (logic 0.141ns (32.265%)  route 0.296ns (67.735%))
  Logic Levels:           0  
  Clock Path Skew:        0.022ns (DCD - SCD - CPR)
    Destination Clock Delay (DCD):    0.432ns
    Source Clock Delay      (SCD):    0.410ns
    Clock Pessimism Removal (CPR):    -0.000ns

    Location             Delay type                Incr(ns)  Path(ns)    Netlist Resource(s)
  -------------------------------------------------------------------    -------------------
                         (clock aclk rise edge)       0.000     0.000 r  <hidden>
                                                      0.000     0.000 r  aclk
                         net (fo=1345, unset)         0.410     0.410    aclk
    SLICE_X91Y83         FDRE                                         r  col_in_reg[0]_rep__4/C
  -------------------------------------------------------------------    -------------------
    SLICE_X91Y83         FDRE (Prop_fdre_C_Q)         0.141     0.551 r  col_in_reg[0]_rep__4/Q
                         net (fo=228, routed)         0.296     0.847    lb2_reg_1408_1535_3_3/A0
    SLICE_X90Y81         RAMD64E                                      r  lb2_reg_1408_1535_3_3/SP.LOW/WADR0
  -------------------------------------------------------------------    -------------------

                         (clock aclk rise edge)       0.000     0.000 r  <hidden>
                                                      0.000     0.000 r  aclk
                         net (fo=1345, unset)         0.432     0.432    lb2_reg_1408_1535_3_3/WCLK
    SLICE_X90Y81         RAMD64E                                      r  lb2_reg_1408_1535_3_3/SP.LOW/CLK
                         clock pessimism              0.000     0.432    <hidden>
    SLICE_X90Y81         RAMD64E (Hold_ramd64e_CLK_WADR0)
                                                      0.310     0.742    lb2_reg_1408_1535_3_3/SP.LOW
  -------------------------------------------------------------------
                         required time                         -0.742    <hidden>
                         arrival time                           0.847    <hidden>
  -------------------------------------------------------------------
                         slack                                  0.105    <hidden>

Slack (MET) :             0.112ns  (arrival time - required time)
  Source:                 col_in_reg[1]/C
                            (rising edge-triggered cell FDRE clocked by aclk  {rise@0.000ns fall@3.367ns period=6.734ns})
  Destination:            lb2_reg_1792_1919_7_7/DP.HIGH/WADR1
                            (rising edge-triggered cell RAMD64E clocked by aclk  {rise@0.000ns fall@3.367ns period=6.734ns})
  Path Group:             aclk
  Path Type:              Hold (Min at Fast Process Corner)
  Requirement:            0.000ns  (aclk rise@0.000ns - aclk rise@0.000ns)
  Data Path Delay:        0.443ns  (logic 0.141ns (31.847%)  route 0.302ns (68.153%))
  Logic Levels:           0  
  Clock Path Skew:        0.022ns (DCD - SCD - CPR)
    Destination Clock Delay (DCD):    0.432ns
    Source Clock Delay      (SCD):    0.410ns
    Clock Pessimism Removal (CPR):    -0.000ns

    Location             Delay type                Incr(ns)  Path(ns)    Netlist Resource(s)
  -------------------------------------------------------------------    -------------------
                         (clock aclk rise edge)       0.000     0.000 r  <hidden>
                                                      0.000     0.000 r  aclk
                         net (fo=1345, unset)         0.410     0.410    aclk
    SLICE_X95Y95         FDRE                                         r  col_in_reg[1]/C
  -------------------------------------------------------------------    -------------------
    SLICE_X95Y95         FDRE (Prop_fdre_C_Q)         0.141     0.551 r  col_in_reg[1]/Q
                         net (fo=199, routed)         0.302     0.853    lb2_reg_1792_1919_7_7/A1
    SLICE_X94Y95         RAMD64E                                      r  lb2_reg_1792_1919_7_7/DP.HIGH/WADR1
  -------------------------------------------------------------------    -------------------

                         (clock aclk rise edge)       0.000     0.000 r  <hidden>
                                                      0.000     0.000 r  aclk
                         net (fo=1345, unset)         0.432     0.432    lb2_reg_1792_1919_7_7/WCLK
    SLICE_X94Y95         RAMD64E                                      r  lb2_reg_1792_1919_7_7/DP.HIGH/CLK
                         clock pessimism              0.000     0.432    <hidden>
    SLICE_X94Y95         RAMD64E (Hold_ramd64e_CLK_WADR1)
                                                      0.309     0.741    lb2_reg_1792_1919_7_7/DP.HIGH
  -------------------------------------------------------------------
                         required time                         -0.741    <hidden>
                         arrival time                           0.853    <hidden>
  -------------------------------------------------------------------
                         slack                                  0.112    <hidden>

Slack (MET) :             0.112ns  (arrival time - required time)
  Source:                 col_in_reg[1]/C
                            (rising edge-triggered cell FDRE clocked by aclk  {rise@0.000ns fall@3.367ns period=6.734ns})
  Destination:            lb2_reg_1792_1919_7_7/DP.LOW/WADR1
                            (rising edge-triggered cell RAMD64E clocked by aclk  {rise@0.000ns fall@3.367ns period=6.734ns})
  Path Group:             aclk
  Path Type:              Hold (Min at Fast Process Corner)
  Requirement:            0.000ns  (aclk rise@0.000ns - aclk rise@0.000ns)
  Data Path Delay:        0.443ns  (logic 0.141ns (31.847%)  route 0.302ns (68.153%))
  Logic Levels:           0  
  Clock Path Skew:        0.022ns (DCD - SCD - CPR)
    Destination Clock Delay (DCD):    0.432ns
    Source Clock Delay      (SCD):    0.410ns
    Clock Pessimism Removal (CPR):    -0.000ns

    Location             Delay type                Incr(ns)  Path(ns)    Netlist Resource(s)
  -------------------------------------------------------------------    -------------------
                         (clock aclk rise edge)       0.000     0.000 r  <hidden>
                                                      0.000     0.000 r  aclk
                         net (fo=1345, unset)         0.410     0.410    aclk
    SLICE_X95Y95         FDRE                                         r  col_in_reg[1]/C
  -------------------------------------------------------------------    -------------------
    SLICE_X95Y95         FDRE (Prop_fdre_C_Q)         0.141     0.551 r  col_in_reg[1]/Q
                         net (fo=199, routed)         0.302     0.853    lb2_reg_1792_1919_7_7/A1
    SLICE_X94Y95         RAMD64E                                      r  lb2_reg_1792_1919_7_7/DP.LOW/WADR1
  -------------------------------------------------------------------    -------------------

                         (clock aclk rise edge)       0.000     0.000 r  <hidden>
                                                      0.000     0.000 r  aclk
                         net (fo=1345, unset)         0.432     0.432    lb2_reg_1792_1919_7_7/WCLK
    SLICE_X94Y95         RAMD64E                                      r  lb2_reg_1792_1919_7_7/DP.LOW/CLK
                         clock pessimism              0.000     0.432    <hidden>
    SLICE_X94Y95         RAMD64E (Hold_ramd64e_CLK_WADR1)
                                                      0.309     0.741    lb2_reg_1792_1919_7_7/DP.LOW
  -------------------------------------------------------------------
                         required time                         -0.741    <hidden>
                         arrival time                           0.853    <hidden>
  -------------------------------------------------------------------
                         slack                                  0.112    <hidden>

Slack (MET) :             0.112ns  (arrival time - required time)
  Source:                 col_in_reg[1]/C
                            (rising edge-triggered cell FDRE clocked by aclk  {rise@0.000ns fall@3.367ns period=6.734ns})
  Destination:            lb2_reg_1792_1919_7_7/SP.HIGH/WADR1
                            (rising edge-triggered cell RAMD64E clocked by aclk  {rise@0.000ns fall@3.367ns period=6.734ns})
  Path Group:             aclk
  Path Type:              Hold (Min at Fast Process Corner)
  Requirement:            0.000ns  (aclk rise@0.000ns - aclk rise@0.000ns)
  Data Path Delay:        0.443ns  (logic 0.141ns (31.847%)  route 0.302ns (68.153%))
  Logic Levels:           0  
  Clock Path Skew:        0.022ns (DCD - SCD - CPR)
    Destination Clock Delay (DCD):    0.432ns
    Source Clock Delay      (SCD):    0.410ns
    Clock Pessimism Removal (CPR):    -0.000ns

    Location             Delay type                Incr(ns)  Path(ns)    Netlist Resource(s)
  -------------------------------------------------------------------    -------------------
                         (clock aclk rise edge)       0.000     0.000 r  <hidden>
                                                      0.000     0.000 r  aclk
                         net (fo=1345, unset)         0.410     0.410    aclk
    SLICE_X95Y95         FDRE                                         r  col_in_reg[1]/C
  -------------------------------------------------------------------    -------------------
    SLICE_X95Y95         FDRE (Prop_fdre_C_Q)         0.141     0.551 r  col_in_reg[1]/Q
                         net (fo=199, routed)         0.302     0.853    lb2_reg_1792_1919_7_7/A1
    SLICE_X94Y95         RAMD64E                                      r  lb2_reg_1792_1919_7_7/SP.HIGH/WADR1
  -------------------------------------------------------------------    -------------------

                         (clock aclk rise edge)       0.000     0.000 r  <hidden>
                                                      0.000     0.000 r  aclk
                         net (fo=1345, unset)         0.432     0.432    lb2_reg_1792_1919_7_7/WCLK
    SLICE_X94Y95         RAMD64E                                      r  lb2_reg_1792_1919_7_7/SP.HIGH/CLK
                         clock pessimism              0.000     0.432    <hidden>
    SLICE_X94Y95         RAMD64E (Hold_ramd64e_CLK_WADR1)
                                                      0.309     0.741    lb2_reg_1792_1919_7_7/SP.HIGH
  -------------------------------------------------------------------
                         required time                         -0.741    <hidden>
                         arrival time                           0.853    <hidden>
  -------------------------------------------------------------------
                         slack                                  0.112    <hidden>

Slack (MET) :             0.112ns  (arrival time - required time)
  Source:                 col_in_reg[1]/C
                            (rising edge-triggered cell FDRE clocked by aclk  {rise@0.000ns fall@3.367ns period=6.734ns})
  Destination:            lb2_reg_1792_1919_7_7/SP.LOW/WADR1
                            (rising edge-triggered cell RAMD64E clocked by aclk  {rise@0.000ns fall@3.367ns period=6.734ns})
  Path Group:             aclk
  Path Type:              Hold (Min at Fast Process Corner)
  Requirement:            0.000ns  (aclk rise@0.000ns - aclk rise@0.000ns)
  Data Path Delay:        0.443ns  (logic 0.141ns (31.847%)  route 0.302ns (68.153%))
  Logic Levels:           0  
  Clock Path Skew:        0.022ns (DCD - SCD - CPR)
    Destination Clock Delay (DCD):    0.432ns
    Source Clock Delay      (SCD):    0.410ns
    Clock Pessimism Removal (CPR):    -0.000ns

    Location             Delay type                Incr(ns)  Path(ns)    Netlist Resource(s)
  -------------------------------------------------------------------    -------------------
                         (clock aclk rise edge)       0.000     0.000 r  <hidden>
                                                      0.000     0.000 r  aclk
                         net (fo=1345, unset)         0.410     0.410    aclk
    SLICE_X95Y95         FDRE                                         r  col_in_reg[1]/C
  -------------------------------------------------------------------    -------------------
    SLICE_X95Y95         FDRE (Prop_fdre_C_Q)         0.141     0.551 r  col_in_reg[1]/Q
                         net (fo=199, routed)         0.302     0.853    lb2_reg_1792_1919_7_7/A1
    SLICE_X94Y95         RAMD64E                                      r  lb2_reg_1792_1919_7_7/SP.LOW/WADR1
  -------------------------------------------------------------------    -------------------

                         (clock aclk rise edge)       0.000     0.000 r  <hidden>
                                                      0.000     0.000 r  aclk
                         net (fo=1345, unset)         0.432     0.432    lb2_reg_1792_1919_7_7/WCLK
    SLICE_X94Y95         RAMD64E                                      r  lb2_reg_1792_1919_7_7/SP.LOW/CLK
                         clock pessimism              0.000     0.432    <hidden>
    SLICE_X94Y95         RAMD64E (Hold_ramd64e_CLK_WADR1)
                                                      0.309     0.741    lb2_reg_1792_1919_7_7/SP.LOW
  -------------------------------------------------------------------
                         required time                         -0.741    <hidden>
                         arrival time                           0.853    <hidden>
  -------------------------------------------------------------------
                         slack                                  0.112    <hidden>

Slack (MET) :             0.113ns  (arrival time - required time)
  Source:                 col_in_reg[4]/C
                            (rising edge-triggered cell FDRE clocked by aclk  {rise@0.000ns fall@3.367ns period=6.734ns})
  Destination:            lb2_reg_1536_1663_5_5/DP.HIGH/WADR4
                            (rising edge-triggered cell RAMD64E clocked by aclk  {rise@0.000ns fall@3.367ns period=6.734ns})
  Path Group:             aclk
  Path Type:              Hold (Min at Fast Process Corner)
  Requirement:            0.000ns  (aclk rise@0.000ns - aclk rise@0.000ns)
  Data Path Delay:        0.334ns  (logic 0.141ns (42.162%)  route 0.193ns (57.838%))
  Logic Levels:           0  
  Clock Path Skew:        0.022ns (DCD - SCD - CPR)
    Destination Clock Delay (DCD):    0.432ns
    Source Clock Delay      (SCD):    0.410ns
    Clock Pessimism Removal (CPR):    -0.000ns

    Location             Delay type                Incr(ns)  Path(ns)    Netlist Resource(s)
  -------------------------------------------------------------------    -------------------
                         (clock aclk rise edge)       0.000     0.000 r  <hidden>
                                                      0.000     0.000 r  aclk
                         net (fo=1345, unset)         0.410     0.410    aclk
    SLICE_X95Y88         FDRE                                         r  col_in_reg[4]/C
  -------------------------------------------------------------------    -------------------
    SLICE_X95Y88         FDRE (Prop_fdre_C_Q)         0.141     0.551 r  col_in_reg[4]/Q
                         net (fo=218, routed)         0.193     0.745    lb2_reg_1536_1663_5_5/A4
    SLICE_X96Y88         RAMD64E                                      r  lb2_reg_1536_1663_5_5/DP.HIGH/WADR4
  -------------------------------------------------------------------    -------------------

                         (clock aclk rise edge)       0.000     0.000 r  <hidden>
                                                      0.000     0.000 r  aclk
                         net (fo=1345, unset)         0.432     0.432    lb2_reg_1536_1663_5_5/WCLK
    SLICE_X96Y88         RAMD64E                                      r  lb2_reg_1536_1663_5_5/DP.HIGH/CLK
                         clock pessimism              0.000     0.432    <hidden>
    SLICE_X96Y88         RAMD64E (Hold_ramd64e_CLK_WADR4)
                                                      0.200     0.632    lb2_reg_1536_1663_5_5/DP.HIGH
  -------------------------------------------------------------------
                         required time                         -0.632    <hidden>
                         arrival time                           0.745    <hidden>
  -------------------------------------------------------------------
                         slack                                  0.113    <hidden>





Pulse Width Checks
--------------------------------------------------------------------------------------
Clock Name:         aclk
Waveform(ns):       { 0.000 3.367 }
Period(ns):         6.734
Sources:            { aclk }

Check Type        Corner  Lib Pin      Reference Pin  Required(ns)  Actual(ns)  Slack(ns)  Location       Pin
Min Period        n/a     FDRE/C       n/a            1.000         6.734       5.734      SLICE_X89Y101  FSM_onehot_state_reg[0]/C
Min Period        n/a     FDSE/C       n/a            1.000         6.734       5.734      SLICE_X90Y101  FSM_onehot_state_reg[1]/C
Min Period        n/a     FDRE/C       n/a            1.000         6.734       5.734      SLICE_X90Y101  FSM_onehot_state_reg[2]/C
Min Period        n/a     FDRE/C       n/a            1.000         6.734       5.734      SLICE_X89Y101  FSM_onehot_state_reg[3]/C
Min Period        n/a     FDRE/C       n/a            1.000         6.734       5.734      SLICE_X82Y97   cc1_q_reg[0]/C
Min Period        n/a     FDRE/C       n/a            1.000         6.734       5.734      SLICE_X84Y97   cc1_q_reg[10]/C
Min Period        n/a     FDRE/C       n/a            1.000         6.734       5.734      SLICE_X82Y97   cc1_q_reg[1]/C
Min Period        n/a     FDRE/C       n/a            1.000         6.734       5.734      SLICE_X82Y97   cc1_q_reg[2]/C
Min Period        n/a     FDRE/C       n/a            1.000         6.734       5.734      SLICE_X82Y96   cc1_q_reg[3]/C
Min Period        n/a     FDRE/C       n/a            1.000         6.734       5.734      SLICE_X82Y96   cc1_q_reg[4]/C
Min Period        n/a     FDRE/C       n/a            1.000         6.734       5.734      SLICE_X82Y96   cc1_q_reg[5]/C
Min Period        n/a     FDRE/C       n/a            1.000         6.734       5.734      SLICE_X82Y96   cc1_q_reg[6]/C
Min Period        n/a     FDRE/C       n/a            1.000         6.734       5.734      SLICE_X82Y97   cc1_q_reg[7]/C
Min Period        n/a     FDRE/C       n/a            1.000         6.734       5.734      SLICE_X84Y97   cc1_q_reg[8]/C
Min Period        n/a     FDRE/C       n/a            1.000         6.734       5.734      SLICE_X84Y97   cc1_q_reg[9]/C
Min Period        n/a     FDRE/C       n/a            1.000         6.734       5.734      SLICE_X99Y91   col_ff_reg[0]/C
Min Period        n/a     FDRE/C       n/a            1.000         6.734       5.734      SLICE_X101Y91  col_ff_reg[0]_rep/C
Min Period        n/a     FDRE/C       n/a            1.000         6.734       5.734      SLICE_X102Y98  col_ff_reg[0]_rep__0/C
Min Period        n/a     FDRE/C       n/a            1.000         6.734       5.734      SLICE_X103Y87  col_ff_reg[0]_rep__1/C
Min Period        n/a     FDRE/C       n/a            1.000         6.734       5.734      SLICE_X103Y86  col_ff_reg[0]_rep__2/C
Min Period        n/a     FDRE/C       n/a            1.000         6.734       5.734      SLICE_X103Y81  col_ff_reg[0]_rep__3/C
Min Period        n/a     FDRE/C       n/a            1.000         6.734       5.734      SLICE_X95Y81   col_ff_reg[0]_rep__4/C
Min Period        n/a     FDRE/C       n/a            1.000         6.734       5.734      SLICE_X103Y81  col_ff_reg[0]_rep__5/C
Min Period        n/a     FDRE/C       n/a            1.000         6.734       5.734      SLICE_X97Y90   col_ff_reg[10]/C
Min Period        n/a     FDRE/C       n/a            1.000         6.734       5.734      SLICE_X97Y86   col_ff_reg[1]/C
Low Pulse Width   Slow    RAMD64E/CLK  n/a            1.250         3.367       2.117      SLICE_X104Y82  lb1_reg_0_127_0_0/DP.HIGH/CLK
Low Pulse Width   Fast    RAMD64E/CLK  n/a            1.250         3.367       2.117      SLICE_X104Y82  lb1_reg_0_127_0_0/DP.HIGH/CLK
Low Pulse Width   Slow    RAMD64E/CLK  n/a            1.250         3.367       2.117      SLICE_X104Y82  lb1_reg_0_127_0_0/DP.LOW/CLK
Low Pulse Width   Fast    RAMD64E/CLK  n/a            1.250         3.367       2.117      SLICE_X104Y82  lb1_reg_0_127_0_0/DP.LOW/CLK
Low Pulse Width   Slow    RAMD64E/CLK  n/a            1.250         3.367       2.117      SLICE_X104Y82  lb1_reg_0_127_0_0/SP.HIGH/CLK
Low Pulse Width   Fast    RAMD64E/CLK  n/a            1.250         3.367       2.117      SLICE_X104Y82  lb1_reg_0_127_0_0/SP.HIGH/CLK
Low Pulse Width   Slow    RAMD64E/CLK  n/a            1.250         3.367       2.117      SLICE_X104Y82  lb1_reg_0_127_0_0/SP.LOW/CLK
Low Pulse Width   Fast    RAMD64E/CLK  n/a            1.250         3.367       2.117      SLICE_X104Y82  lb1_reg_0_127_0_0/SP.LOW/CLK
Low Pulse Width   Slow    RAMD64E/CLK  n/a            1.250         3.367       2.117      SLICE_X92Y79   lb1_reg_0_127_1_1/DP.HIGH/CLK
Low Pulse Width   Fast    RAMD64E/CLK  n/a            1.250         3.367       2.117      SLICE_X92Y79   lb1_reg_0_127_1_1/DP.HIGH/CLK
Low Pulse Width   Slow    RAMD64E/CLK  n/a            1.250         3.367       2.117      SLICE_X92Y79   lb1_reg_0_127_1_1/DP.LOW/CLK
Low Pulse Width   Fast    RAMD64E/CLK  n/a            1.250         3.367       2.117      SLICE_X92Y79   lb1_reg_0_127_1_1/DP.LOW/CLK
Low Pulse Width   Slow    RAMD64E/CLK  n/a            1.250         3.367       2.117      SLICE_X92Y79   lb1_reg_0_127_1_1/SP.HIGH/CLK
Low Pulse Width   Fast    RAMD64E/CLK  n/a            1.250         3.367       2.117      SLICE_X92Y79   lb1_reg_0_127_1_1/SP.HIGH/CLK
Low Pulse Width   Slow    RAMD64E/CLK  n/a            1.250         3.367       2.117      SLICE_X92Y79   lb1_reg_0_127_1_1/SP.LOW/CLK
Low Pulse Width   Fast    RAMD64E/CLK  n/a            1.250         3.367       2.117      SLICE_X92Y79   lb1_reg_0_127_1_1/SP.LOW/CLK
Low Pulse Width   Slow    RAMD64E/CLK  n/a            1.250         3.367       2.117      SLICE_X100Y74  lb1_reg_0_127_2_2/DP.HIGH/CLK
Low Pulse Width   Fast    RAMD64E/CLK  n/a            1.250         3.367       2.117      SLICE_X100Y74  lb1_reg_0_127_2_2/DP.HIGH/CLK
Low Pulse Width   Slow    RAMD64E/CLK  n/a            1.250         3.367       2.117      SLICE_X100Y74  lb1_reg_0_127_2_2/DP.LOW/CLK
Low Pulse Width   Fast    RAMD64E/CLK  n/a            1.250         3.367       2.117      SLICE_X100Y74  lb1_reg_0_127_2_2/DP.LOW/CLK
Low Pulse Width   Slow    RAMD64E/CLK  n/a            1.250         3.367       2.117      SLICE_X100Y74  lb1_reg_0_127_2_2/SP.HIGH/CLK
Low Pulse Width   Fast    RAMD64E/CLK  n/a            1.250         3.367       2.117      SLICE_X100Y74  lb1_reg_0_127_2_2/SP.HIGH/CLK
Low Pulse Width   Slow    RAMD64E/CLK  n/a            1.250         3.367       2.117      SLICE_X100Y74  lb1_reg_0_127_2_2/SP.LOW/CLK
Low Pulse Width   Fast    RAMD64E/CLK  n/a            1.250         3.367       2.117      SLICE_X100Y74  lb1_reg_0_127_2_2/SP.LOW/CLK
Low Pulse Width   Slow    RAMD64E/CLK  n/a            1.250         3.367       2.117      SLICE_X104Y73  lb1_reg_0_127_3_3/DP.HIGH/CLK
High Pulse Width  Slow    RAMD64E/CLK  n/a            1.250         3.367       2.117      SLICE_X104Y82  lb1_reg_0_127_0_0/DP.HIGH/CLK
High Pulse Width  Fast    RAMD64E/CLK  n/a            1.250         3.367       2.117      SLICE_X104Y82  lb1_reg_0_127_0_0/DP.HIGH/CLK
High Pulse Width  Slow    RAMD64E/CLK  n/a            1.250         3.367       2.117      SLICE_X104Y82  lb1_reg_0_127_0_0/DP.LOW/CLK
High Pulse Width  Fast    RAMD64E/CLK  n/a            1.250         3.367       2.117      SLICE_X104Y82  lb1_reg_0_127_0_0/DP.LOW/CLK
High Pulse Width  Slow    RAMD64E/CLK  n/a            1.250         3.367       2.117      SLICE_X104Y82  lb1_reg_0_127_0_0/SP.HIGH/CLK
High Pulse Width  Fast    RAMD64E/CLK  n/a            1.250         3.367       2.117      SLICE_X104Y82  lb1_reg_0_127_0_0/SP.HIGH/CLK
High Pulse Width  Slow    RAMD64E/CLK  n/a            1.250         3.367       2.117      SLICE_X104Y82  lb1_reg_0_127_0_0/SP.LOW/CLK
High Pulse Width  Fast    RAMD64E/CLK  n/a            1.250         3.367       2.117      SLICE_X104Y82  lb1_reg_0_127_0_0/SP.LOW/CLK
High Pulse Width  Slow    RAMD64E/CLK  n/a            1.250         3.367       2.117      SLICE_X92Y79   lb1_reg_0_127_1_1/DP.HIGH/CLK
High Pulse Width  Fast    RAMD64E/CLK  n/a            1.250         3.367       2.117      SLICE_X92Y79   lb1_reg_0_127_1_1/DP.HIGH/CLK
High Pulse Width  Slow    RAMD64E/CLK  n/a            1.250         3.367       2.117      SLICE_X92Y79   lb1_reg_0_127_1_1/DP.LOW/CLK
High Pulse Width  Fast    RAMD64E/CLK  n/a            1.250         3.367       2.117      SLICE_X92Y79   lb1_reg_0_127_1_1/DP.LOW/CLK
High Pulse Width  Slow    RAMD64E/CLK  n/a            1.250         3.367       2.117      SLICE_X92Y79   lb1_reg_0_127_1_1/SP.HIGH/CLK
High Pulse Width  Fast    RAMD64E/CLK  n/a            1.250         3.367       2.117      SLICE_X92Y79   lb1_reg_0_127_1_1/SP.HIGH/CLK
High Pulse Width  Slow    RAMD64E/CLK  n/a            1.250         3.367       2.117      SLICE_X92Y79   lb1_reg_0_127_1_1/SP.LOW/CLK
High Pulse Width  Fast    RAMD64E/CLK  n/a            1.250         3.367       2.117      SLICE_X92Y79   lb1_reg_0_127_1_1/SP.LOW/CLK
High Pulse Width  Slow    RAMD64E/CLK  n/a            1.250         3.367       2.117      SLICE_X100Y74  lb1_reg_0_127_2_2/DP.HIGH/CLK
High Pulse Width  Fast    RAMD64E/CLK  n/a            1.250         3.367       2.117      SLICE_X100Y74  lb1_reg_0_127_2_2/DP.HIGH/CLK
High Pulse Width  Slow    RAMD64E/CLK  n/a            1.250         3.367       2.117      SLICE_X100Y74  lb1_reg_0_127_2_2/DP.LOW/CLK
High Pulse Width  Fast    RAMD64E/CLK  n/a            1.250         3.367       2.117      SLICE_X100Y74  lb1_reg_0_127_2_2/DP.LOW/CLK
High Pulse Width  Slow    RAMD64E/CLK  n/a            1.250         3.367       2.117      SLICE_X100Y74  lb1_reg_0_127_2_2/SP.HIGH/CLK
High Pulse Width  Fast    RAMD64E/CLK  n/a            1.250         3.367       2.117      SLICE_X100Y74  lb1_reg_0_127_2_2/SP.HIGH/CLK
High Pulse Width  Slow    RAMD64E/CLK  n/a            1.250         3.367       2.117      SLICE_X100Y74  lb1_reg_0_127_2_2/SP.LOW/CLK
High Pulse Width  Fast    RAMD64E/CLK  n/a            1.250         3.367       2.117      SLICE_X100Y74  lb1_reg_0_127_2_2/SP.LOW/CLK
High Pulse Width  Slow    RAMD64E/CLK  n/a            1.250         3.367       2.117      SLICE_X104Y73  lb1_reg_0_127_3_3/DP.HIGH/CLK



