Copyright 1986-2022 Xilinx, Inc. All Rights Reserved. Copyright 2022-2026 Advanced Micro Devices, Inc. All Rights Reserved.
---------------------------------------------------------------------------------------------------------------------------------------------
| Tool Version : Vivado v.2026.1 (win64) Build 6511674 Tue Jun 16 11:02:23 MDT 2026
| Date         : Mon Oct  5 10:58:16 2026
| Host         : <redacted> running 64-bit major release  (build 9200)
| Command      : report_timing_summary -delay_type min_max -max_paths 25 -file conv3x3_engine_W1920_bram_tim_impl.rpt
| Design       : conv3x3_engine
| Device       : 7z020-clg400
| Speed File   : -1  PRODUCTION 1.12 2019-11-22
| Design State : Routed
---------------------------------------------------------------------------------------------------------------------------------------------

Timing Summary Report

------------------------------------------------------------------------------------------------
| Timer Settings
| --------------
------------------------------------------------------------------------------------------------

  Enable Multi Corner Analysis               :  Yes
  Enable Pessimism Removal                   :  Yes
  Pessimism Removal Resolution               :  Nearest Common Node
  Enable Input Delay Default Clock           :  No
  Enable Preset / Clear Arcs                 :  No
  Disable Flight Delays                      :  No
  Ignore I/O Paths                           :  No
  Timing Early Launch at Borrowing Latches   :  No
  Borrow Time for Max Delay Exceptions       :  Yes
  Merge Timing Exceptions                    :  Yes
  Inter-SLR Compensation                     :  Conservative

  Corner  Analyze    Analyze    
  Name    Max Paths  Min Paths  
  ------  ---------  ---------  
  Slow    Yes        Yes        
  Fast    Yes        Yes        


------------------------------------------------------------------------------------------------
| Report Methodology
| ------------------
------------------------------------------------------------------------------------------------

No report available as report_methodology has not been run prior. Run report_methodology on the current design for the summary of methodology violations.



check_timing report

Table of Contents
-----------------
1. checking no_clock (0)
2. checking constant_clock (0)
3. checking pulse_width_clock (0)
4. checking unconstrained_internal_endpoints (0)
5. checking no_input_delay (0)
6. checking no_output_delay (0)
7. checking multiple_clock (0)
8. checking generated_clocks (0)
9. checking loops (0)
10. checking partial_input_delay (0)
11. checking partial_output_delay (0)
12. checking latch_loops (0)

1. checking no_clock (0)
------------------------
 There are 0 register/latch pins with no clock.


2. checking constant_clock (0)
------------------------------
 There are 0 register/latch pins with constant_clock.


3. checking pulse_width_clock (0)
---------------------------------
 There are 0 register/latch pins which need pulse_width check


4. checking unconstrained_internal_endpoints (0)
------------------------------------------------
 There are 0 pins that are not constrained for maximum delay.

 There are 0 pins that are not constrained for maximum delay due to constant clock.


5. checking no_input_delay (0)
------------------------------
 There are 0 input ports with no input delay specified.

 There are 0 input ports with no input delay but user has a false path constraint.


6. checking no_output_delay (0)
-------------------------------
 There are 0 ports with no output delay specified.

 There are 0 ports with no output delay but user has a false path constraint

 There are 0 ports with no output delay but with a timing clock defined on it or propagating through it


7. checking multiple_clock (0)
------------------------------
 There are 0 register/latch pins with multiple clocks.


8. checking generated_clocks (0)
--------------------------------
 There are 0 generated clocks that are not connected to a clock source.


9. checking loops (0)
---------------------
 There are 0 combinational loops in the design.


10. checking partial_input_delay (0)
------------------------------------
 There are 0 input ports with partial input delay specified.


11. checking partial_output_delay (0)
-------------------------------------
 There are 0 ports with partial output delay specified.


12. checking latch_loops (0)
----------------------------
 There are 0 combinational latch loops in the design through latch input



------------------------------------------------------------------------------------------------
| Design Timing Summary
| ---------------------
------------------------------------------------------------------------------------------------

    WNS(ns)      TNS(ns)  TNS Failing Endpoints  TNS Total Endpoints      WHS(ns)      THS(ns)  THS Failing Endpoints  THS Total Endpoints     WPWS(ns)     TPWS(ns)  TPWS Failing Endpoints  TPWS Total Endpoints  
    -------      -------  ---------------------  -------------------      -------      -------  ---------------------  -------------------     --------     --------  ----------------------  --------------------  
      0.044        0.000                      0                 2387        0.097        0.000                      0                 2387        2.867        0.000                       0                   646  


All user specified timing constraints are met.


------------------------------------------------------------------------------------------------
| Clock Summary
| -------------
------------------------------------------------------------------------------------------------

Clock  Waveform(ns)         Period(ns)      Frequency(MHz)
-----  ------------         ----------      --------------
aclk   {0.000 3.367}        6.734           148.500         


------------------------------------------------------------------------------------------------
| Intra Clock Table
| -----------------
------------------------------------------------------------------------------------------------

Clock             WNS(ns)      TNS(ns)  TNS Failing Endpoints  TNS Total Endpoints      WHS(ns)      THS(ns)  THS Failing Endpoints  THS Total Endpoints     WPWS(ns)     TPWS(ns)  TPWS Failing Endpoints  TPWS Total Endpoints  
-----             -------      -------  ---------------------  -------------------      -------      -------  ---------------------  -------------------     --------     --------  ----------------------  --------------------  
aclk                0.044        0.000                      0                 2387        0.097        0.000                      0                 2387        2.867        0.000                       0                   646  


------------------------------------------------------------------------------------------------
| Inter Clock Table
| -----------------
------------------------------------------------------------------------------------------------

From Clock    To Clock          WNS(ns)      TNS(ns)  TNS Failing Endpoints  TNS Total Endpoints      WHS(ns)      THS(ns)  THS Failing Endpoints  THS Total Endpoints  
----------    --------          -------      -------  ---------------------  -------------------      -------      -------  ---------------------  -------------------  


------------------------------------------------------------------------------------------------
| Other Path Groups Table
| -----------------------
------------------------------------------------------------------------------------------------

Path Group    From Clock    To Clock          WNS(ns)      TNS(ns)  TNS Failing Endpoints  TNS Total Endpoints      WHS(ns)      THS(ns)  THS Failing Endpoints  THS Total Endpoints  
----------    ----------    --------          -------      -------  ---------------------  -------------------      -------      -------  ---------------------  -------------------  


------------------------------------------------------------------------------------------------
| Timing Details
| --------------
------------------------------------------------------------------------------------------------


---------------------------------------------------------------------------------------------------
From Clock:  aclk
  To Clock:  aclk

Setup :            0  Failing Endpoints,  Worst Slack        0.044ns,  Total Violation        0.000ns
Hold  :            0  Failing Endpoints,  Worst Slack        0.097ns,  Total Violation        0.000ns
PW    :            0  Failing Endpoints,  Worst Slack        2.867ns,  Total Violation        0.000ns
---------------------------------------------------------------------------------------------------


Max Delay Paths
--------------------------------------------------------------------------------------
Slack (MET) :             0.044ns  (required time - arrival time)
  Source:                 g_lb_bram.brow_q_reg/C
                            (rising edge-triggered cell FDRE clocked by aclk  {rise@0.000ns fall@3.367ns period=6.734ns})
  Destination:            pr1_reg[8]/A[0]
                            (rising edge-triggered cell DSP48E1 clocked by aclk  {rise@0.000ns fall@3.367ns period=6.734ns})
  Path Group:             aclk
  Path Type:              Setup (Max at Slow Process Corner)
  Requirement:            6.734ns  (aclk rise@6.734ns - aclk rise@0.000ns)
  Data Path Delay:        2.682ns  (logic 0.606ns (22.592%)  route 2.076ns (77.408%))
  Logic Levels:           1  (LUT3=1)
  Clock Path Skew:        -0.049ns (DCD - SCD + CPR)
    Destination Clock Delay (DCD):    0.924ns = ( 7.658 - 6.734 ) 
    Source Clock Delay      (SCD):    0.973ns
    Clock Pessimism Removal (CPR):    0.000ns
  Clock Uncertainty:      0.035ns  ((TSJ^2 + TIJ^2)^1/2 + DJ) / 2 + PE
    Total System Jitter     (TSJ):    0.071ns
    Total Input Jitter      (TIJ):    0.000ns
    Discrete Jitter          (DJ):    0.000ns
    Phase Error              (PE):    0.000ns

    Location             Delay type                Incr(ns)  Path(ns)    Netlist Resource(s)
  -------------------------------------------------------------------    -------------------
                         (clock aclk rise edge)       0.000     0.000 r  <hidden>
                                                      0.000     0.000 r  aclk
                         net (fo=645, unset)          0.973     0.973    aclk
    SLICE_X23Y8          FDRE                                         r  g_lb_bram.brow_q_reg/C
  -------------------------------------------------------------------    -------------------
    SLICE_X23Y8          FDRE (Prop_fdre_C_Q)         0.456     1.429 r  g_lb_bram.brow_q_reg/Q
                         net (fo=73, routed)          1.176     2.605    brow
    SLICE_X24Y6          LUT3 (Prop_lut3_I2_O)        0.150     2.755 r  pr1_reg[8]_i_8/O
                         net (fo=2, routed)           0.900     3.655    pr1_reg[8]_i_8_n_0
    DSP48_X1Y5           DSP48E1                                      r  pr1_reg[8]/A[0]
  -------------------------------------------------------------------    -------------------

                         (clock aclk rise edge)       6.734     6.734 r  <hidden>
                                                      0.000     6.734 r  aclk
                         net (fo=645, unset)          0.924     7.658    aclk
    DSP48_X1Y5           DSP48E1                                      r  pr1_reg[8]/CLK
                         clock pessimism              0.000     7.658    <hidden>
                         clock uncertainty           -0.035     7.623    <hidden>
    DSP48_X1Y5           DSP48E1 (Setup_dsp48e1_CLK_A[0])
                                                     -3.924     3.699    pr1_reg[8]
  -------------------------------------------------------------------
                         required time                          3.699    <hidden>
                         arrival time                          -3.655    <hidden>
  -------------------------------------------------------------------
                         slack                                  0.044    <hidden>

Slack (MET) :             0.140ns  (required time - arrival time)
  Source:                 t1_t_reg[2]/C
                            (rising edge-triggered cell FDRE clocked by aclk  {rise@0.000ns fall@3.367ns period=6.734ns})
  Destination:            pr1_reg[7]/A[2]
                            (rising edge-triggered cell DSP48E1 clocked by aclk  {rise@0.000ns fall@3.367ns period=6.734ns})
  Path Group:             aclk
  Path Type:              Setup (Max at Slow Process Corner)
  Requirement:            6.734ns  (aclk rise@6.734ns - aclk rise@0.000ns)
  Data Path Delay:        2.586ns  (logic 0.670ns (25.906%)  route 1.916ns (74.094%))
  Logic Levels:           1  (LUT3=1)
  Clock Path Skew:        -0.049ns (DCD - SCD + CPR)
    Destination Clock Delay (DCD):    0.924ns = ( 7.658 - 6.734 ) 
    Source Clock Delay      (SCD):    0.973ns
    Clock Pessimism Removal (CPR):    0.000ns
  Clock Uncertainty:      0.035ns  ((TSJ^2 + TIJ^2)^1/2 + DJ) / 2 + PE
    Total System Jitter     (TSJ):    0.071ns
    Total Input Jitter      (TIJ):    0.000ns
    Discrete Jitter          (DJ):    0.000ns
    Phase Error              (PE):    0.000ns

    Location             Delay type                Incr(ns)  Path(ns)    Netlist Resource(s)
  -------------------------------------------------------------------    -------------------
                         (clock aclk rise edge)       0.000     0.000 r  <hidden>
                                                      0.000     0.000 r  aclk
                         net (fo=645, unset)          0.973     0.973    aclk
    SLICE_X22Y9          FDRE                                         r  t1_t_reg[2]/C
  -------------------------------------------------------------------    -------------------
    SLICE_X22Y9          FDRE (Prop_fdre_C_Q)         0.518     1.491 r  t1_t_reg[2]/Q
                         net (fo=7, routed)           0.854     2.345    t1_t[2]
    SLICE_X23Y10         LUT3 (Prop_lut3_I0_O)        0.152     2.497 r  pr1_reg[7]_i_7/O
                         net (fo=2, routed)           1.063     3.559    pr1_reg[7]_i_7_n_0
    DSP48_X2Y4           DSP48E1                                      r  pr1_reg[7]/A[2]
  -------------------------------------------------------------------    -------------------

                         (clock aclk rise edge)       6.734     6.734 r  <hidden>
                                                      0.000     6.734 r  aclk
                         net (fo=645, unset)          0.924     7.658    aclk
    DSP48_X2Y4           DSP48E1                                      r  pr1_reg[7]/CLK
                         clock pessimism              0.000     7.658    <hidden>
                         clock uncertainty           -0.035     7.623    <hidden>
    DSP48_X2Y4           DSP48E1 (Setup_dsp48e1_CLK_A[2])
                                                     -3.924     3.699    pr1_reg[7]
  -------------------------------------------------------------------
                         required time                          3.699    <hidden>
                         arrival time                          -3.559    <hidden>
  -------------------------------------------------------------------
                         slack                                  0.140    <hidden>

Slack (MET) :             0.140ns  (required time - arrival time)
  Source:                 t1_t_reg[2]/C
                            (rising edge-triggered cell FDRE clocked by aclk  {rise@0.000ns fall@3.367ns period=6.734ns})
  Destination:            pr2_reg[7]/A[2]
                            (rising edge-triggered cell DSP48E1 clocked by aclk  {rise@0.000ns fall@3.367ns period=6.734ns})
  Path Group:             aclk
  Path Type:              Setup (Max at Slow Process Corner)
  Requirement:            6.734ns  (aclk rise@6.734ns - aclk rise@0.000ns)
  Data Path Delay:        2.586ns  (logic 0.670ns (25.906%)  route 1.916ns (74.094%))
  Logic Levels:           1  (LUT3=1)
  Clock Path Skew:        -0.049ns (DCD - SCD + CPR)
    Destination Clock Delay (DCD):    0.924ns = ( 7.658 - 6.734 ) 
    Source Clock Delay      (SCD):    0.973ns
    Clock Pessimism Removal (CPR):    0.000ns
  Clock Uncertainty:      0.035ns  ((TSJ^2 + TIJ^2)^1/2 + DJ) / 2 + PE
    Total System Jitter     (TSJ):    0.071ns
    Total Input Jitter      (TIJ):    0.000ns
    Discrete Jitter          (DJ):    0.000ns
    Phase Error              (PE):    0.000ns

    Location             Delay type                Incr(ns)  Path(ns)    Netlist Resource(s)
  -------------------------------------------------------------------    -------------------
                         (clock aclk rise edge)       0.000     0.000 r  <hidden>
                                                      0.000     0.000 r  aclk
                         net (fo=645, unset)          0.973     0.973    aclk
    SLICE_X22Y9          FDRE                                         r  t1_t_reg[2]/C
  -------------------------------------------------------------------    -------------------
    SLICE_X22Y9          FDRE (Prop_fdre_C_Q)         0.518     1.491 r  t1_t_reg[2]/Q
                         net (fo=7, routed)           0.854     2.345    t1_t[2]
    SLICE_X23Y10         LUT3 (Prop_lut3_I0_O)        0.152     2.497 r  pr1_reg[7]_i_7/O
                         net (fo=2, routed)           1.063     3.559    pr1_reg[7]_i_7_n_0
    DSP48_X2Y5           DSP48E1                                      r  pr2_reg[7]/A[2]
  -------------------------------------------------------------------    -------------------

                         (clock aclk rise edge)       6.734     6.734 r  <hidden>
                                                      0.000     6.734 r  aclk
                         net (fo=645, unset)          0.924     7.658    aclk
    DSP48_X2Y5           DSP48E1                                      r  pr2_reg[7]/CLK
                         clock pessimism              0.000     7.658    <hidden>
                         clock uncertainty           -0.035     7.623    <hidden>
    DSP48_X2Y5           DSP48E1 (Setup_dsp48e1_CLK_A[2])
                                                     -3.924     3.699    pr2_reg[7]
  -------------------------------------------------------------------
                         required time                          3.699    <hidden>
                         arrival time                          -3.559    <hidden>
  -------------------------------------------------------------------
                         slack                                  0.140    <hidden>

Slack (MET) :             0.140ns  (required time - arrival time)
  Source:                 g_lb_bram.brow_q_reg/C
                            (rising edge-triggered cell FDRE clocked by aclk  {rise@0.000ns fall@3.367ns period=6.734ns})
  Destination:            pr2_reg[8]/A[0]
                            (rising edge-triggered cell DSP48E1 clocked by aclk  {rise@0.000ns fall@3.367ns period=6.734ns})
  Path Group:             aclk
  Path Type:              Setup (Max at Slow Process Corner)
  Requirement:            6.734ns  (aclk rise@6.734ns - aclk rise@0.000ns)
  Data Path Delay:        2.586ns  (logic 0.606ns (23.436%)  route 1.980ns (76.564%))
  Logic Levels:           1  (LUT3=1)
  Clock Path Skew:        -0.049ns (DCD - SCD + CPR)
    Destination Clock Delay (DCD):    0.924ns = ( 7.658 - 6.734 ) 
    Source Clock Delay      (SCD):    0.973ns
    Clock Pessimism Removal (CPR):    0.000ns
  Clock Uncertainty:      0.035ns  ((TSJ^2 + TIJ^2)^1/2 + DJ) / 2 + PE
    Total System Jitter     (TSJ):    0.071ns
    Total Input Jitter      (TIJ):    0.000ns
    Discrete Jitter          (DJ):    0.000ns
    Phase Error              (PE):    0.000ns

    Location             Delay type                Incr(ns)  Path(ns)    Netlist Resource(s)
  -------------------------------------------------------------------    -------------------
                         (clock aclk rise edge)       0.000     0.000 r  <hidden>
                                                      0.000     0.000 r  aclk
                         net (fo=645, unset)          0.973     0.973    aclk
    SLICE_X23Y8          FDRE                                         r  g_lb_bram.brow_q_reg/C
  -------------------------------------------------------------------    -------------------
    SLICE_X23Y8          FDRE (Prop_fdre_C_Q)         0.456     1.429 r  g_lb_bram.brow_q_reg/Q
                         net (fo=73, routed)          1.176     2.605    brow
    SLICE_X24Y6          LUT3 (Prop_lut3_I2_O)        0.150     2.755 r  pr1_reg[8]_i_8/O
                         net (fo=2, routed)           0.803     3.559    pr1_reg[8]_i_8_n_0
    DSP48_X1Y2           DSP48E1                                      r  pr2_reg[8]/A[0]
  -------------------------------------------------------------------    -------------------

                         (clock aclk rise edge)       6.734     6.734 r  <hidden>
                                                      0.000     6.734 r  aclk
                         net (fo=645, unset)          0.924     7.658    aclk
    DSP48_X1Y2           DSP48E1                                      r  pr2_reg[8]/CLK
                         clock pessimism              0.000     7.658    <hidden>
                         clock uncertainty           -0.035     7.623    <hidden>
    DSP48_X1Y2           DSP48E1 (Setup_dsp48e1_CLK_A[0])
                                                     -3.924     3.699    pr2_reg[8]
  -------------------------------------------------------------------
                         required time                          3.699    <hidden>
                         arrival time                          -3.559    <hidden>
  -------------------------------------------------------------------
                         slack                                  0.140    <hidden>

Slack (MET) :             0.173ns  (required time - arrival time)
  Source:                 g_lb_bram.brow_q_reg/C
                            (rising edge-triggered cell FDRE clocked by aclk  {rise@0.000ns fall@3.367ns period=6.734ns})
  Destination:            pr2_reg[5]/A[0]
                            (rising edge-triggered cell DSP48E1 clocked by aclk  {rise@0.000ns fall@3.367ns period=6.734ns})
  Path Group:             aclk
  Path Type:              Setup (Max at Slow Process Corner)
  Requirement:            6.734ns  (aclk rise@6.734ns - aclk rise@0.000ns)
  Data Path Delay:        2.755ns  (logic 0.580ns (21.054%)  route 2.175ns (78.946%))
  Logic Levels:           1  (LUT3=1)
  Clock Path Skew:        -0.049ns (DCD - SCD + CPR)
    Destination Clock Delay (DCD):    0.924ns = ( 7.658 - 6.734 ) 
    Source Clock Delay      (SCD):    0.973ns
    Clock Pessimism Removal (CPR):    0.000ns
  Clock Uncertainty:      0.035ns  ((TSJ^2 + TIJ^2)^1/2 + DJ) / 2 + PE
    Total System Jitter     (TSJ):    0.071ns
    Total Input Jitter      (TIJ):    0.000ns
    Discrete Jitter          (DJ):    0.000ns
    Phase Error              (PE):    0.000ns

    Location             Delay type                Incr(ns)  Path(ns)    Netlist Resource(s)
  -------------------------------------------------------------------    -------------------
                         (clock aclk rise edge)       0.000     0.000 r  <hidden>
                                                      0.000     0.000 r  aclk
                         net (fo=645, unset)          0.973     0.973    aclk
    SLICE_X23Y8          FDRE                                         r  g_lb_bram.brow_q_reg/C
  -------------------------------------------------------------------    -------------------
    SLICE_X23Y8          FDRE (Prop_fdre_C_Q)         0.456     1.429 r  g_lb_bram.brow_q_reg/Q
                         net (fo=73, routed)          1.176     2.605    brow
    SLICE_X24Y6          LUT3 (Prop_lut3_I2_O)        0.124     2.729 r  pr1_reg[5]_i_8/O
                         net (fo=2, routed)           0.998     3.728    pr1_reg[5]_i_8_n_0
    DSP48_X0Y2           DSP48E1                                      r  pr2_reg[5]/A[0]
  -------------------------------------------------------------------    -------------------

                         (clock aclk rise edge)       6.734     6.734 r  <hidden>
                                                      0.000     6.734 r  aclk
                         net (fo=645, unset)          0.924     7.658    aclk
    DSP48_X0Y2           DSP48E1                                      r  pr2_reg[5]/CLK
                         clock pessimism              0.000     7.658    <hidden>
                         clock uncertainty           -0.035     7.623    <hidden>
    DSP48_X0Y2           DSP48E1 (Setup_dsp48e1_CLK_A[0])
                                                     -3.722     3.901    pr2_reg[5]
  -------------------------------------------------------------------
                         required time                          3.901    <hidden>
                         arrival time                          -3.728    <hidden>
  -------------------------------------------------------------------
                         slack                                  0.173    <hidden>

Slack (MET) :             0.185ns  (required time - arrival time)
  Source:                 t0_m_reg[2]/C
                            (rising edge-triggered cell FDRE clocked by aclk  {rise@0.000ns fall@3.367ns period=6.734ns})
  Destination:            pr1_reg[0]/A[2]
                            (rising edge-triggered cell DSP48E1 clocked by aclk  {rise@0.000ns fall@3.367ns period=6.734ns})
  Path Group:             aclk
  Path Type:              Setup (Max at Slow Process Corner)
  Requirement:            6.734ns  (aclk rise@6.734ns - aclk rise@0.000ns)
  Data Path Delay:        2.743ns  (logic 0.580ns (21.147%)  route 2.163ns (78.853%))
  Logic Levels:           1  (LUT6=1)
  Clock Path Skew:        -0.049ns (DCD - SCD + CPR)
    Destination Clock Delay (DCD):    0.924ns = ( 7.658 - 6.734 ) 
    Source Clock Delay      (SCD):    0.973ns
    Clock Pessimism Removal (CPR):    0.000ns
  Clock Uncertainty:      0.035ns  ((TSJ^2 + TIJ^2)^1/2 + DJ) / 2 + PE
    Total System Jitter     (TSJ):    0.071ns
    Total Input Jitter      (TIJ):    0.000ns
    Discrete Jitter          (DJ):    0.000ns
    Phase Error              (PE):    0.000ns

    Location             Delay type                Incr(ns)  Path(ns)    Netlist Resource(s)
  -------------------------------------------------------------------    -------------------
                         (clock aclk rise edge)       0.000     0.000 r  <hidden>
                                                      0.000     0.000 r  aclk
                         net (fo=645, unset)          0.973     0.973    aclk
    SLICE_X25Y8          FDRE                                         r  t0_m_reg[2]/C
  -------------------------------------------------------------------    -------------------
    SLICE_X25Y8          FDRE (Prop_fdre_C_Q)         0.456     1.429 r  t0_m_reg[2]/Q
                         net (fo=2, routed)           1.008     2.437    t0_m[2]
    SLICE_X25Y8          LUT6 (Prop_lut6_I1_O)        0.124     2.561 r  pr1_reg[0]_i_6/O
                         net (fo=2, routed)           1.155     3.716    p_0_in__0[2]
    DSP48_X0Y5           DSP48E1                                      r  pr1_reg[0]/A[2]
  -------------------------------------------------------------------    -------------------

                         (clock aclk rise edge)       6.734     6.734 r  <hidden>
                                                      0.000     6.734 r  aclk
                         net (fo=645, unset)          0.924     7.658    aclk
    DSP48_X0Y5           DSP48E1                                      r  pr1_reg[0]/CLK
                         clock pessimism              0.000     7.658    <hidden>
                         clock uncertainty           -0.035     7.623    <hidden>
    DSP48_X0Y5           DSP48E1 (Setup_dsp48e1_CLK_A[2])
                                                     -3.722     3.901    pr1_reg[0]
  -------------------------------------------------------------------
                         required time                          3.901    <hidden>
                         arrival time                          -3.716    <hidden>
  -------------------------------------------------------------------
                         slack                                  0.185    <hidden>

Slack (MET) :             0.187ns  (required time - arrival time)
  Source:                 t2_t_reg[4]/C
                            (rising edge-triggered cell FDRE clocked by aclk  {rise@0.000ns fall@3.367ns period=6.734ns})
  Destination:            pr2_reg[2]/A[4]
                            (rising edge-triggered cell DSP48E1 clocked by aclk  {rise@0.000ns fall@3.367ns period=6.734ns})
  Path Group:             aclk
  Path Type:              Setup (Max at Slow Process Corner)
  Requirement:            6.734ns  (aclk rise@6.734ns - aclk rise@0.000ns)
  Data Path Delay:        2.533ns  (logic 0.608ns (24.004%)  route 1.925ns (75.996%))
  Logic Levels:           1  (LUT3=1)
  Clock Path Skew:        -0.049ns (DCD - SCD + CPR)
    Destination Clock Delay (DCD):    0.924ns = ( 7.658 - 6.734 ) 
    Source Clock Delay      (SCD):    0.973ns
    Clock Pessimism Removal (CPR):    0.000ns
  Clock Uncertainty:      0.035ns  ((TSJ^2 + TIJ^2)^1/2 + DJ) / 2 + PE
    Total System Jitter     (TSJ):    0.071ns
    Total Input Jitter      (TIJ):    0.000ns
    Discrete Jitter          (DJ):    0.000ns
    Phase Error              (PE):    0.000ns

    Location             Delay type                Incr(ns)  Path(ns)    Netlist Resource(s)
  -------------------------------------------------------------------    -------------------
                         (clock aclk rise edge)       0.000     0.000 r  <hidden>
                                                      0.000     0.000 r  aclk
                         net (fo=645, unset)          0.973     0.973    aclk
    SLICE_X21Y8          FDRE                                         r  t2_t_reg[4]/C
  -------------------------------------------------------------------    -------------------
    SLICE_X21Y8          FDRE (Prop_fdre_C_Q)         0.456     1.429 r  t2_t_reg[4]/Q
                         net (fo=4, routed)           1.273     2.702    t2_t_reg_n_0_[4]
    SLICE_X21Y11         LUT3 (Prop_lut3_I1_O)        0.152     2.854 r  pr1_reg[2]_i_4/O
                         net (fo=2, routed)           0.652     3.506    pr1_reg[2]_i_4_n_0
    DSP48_X1Y6           DSP48E1                                      r  pr2_reg[2]/A[4]
  -------------------------------------------------------------------    -------------------

                         (clock aclk rise edge)       6.734     6.734 r  <hidden>
                                                      0.000     6.734 r  aclk
                         net (fo=645, unset)          0.924     7.658    aclk
    DSP48_X1Y6           DSP48E1                                      r  pr2_reg[2]/CLK
                         clock pessimism              0.000     7.658    <hidden>
                         clock uncertainty           -0.035     7.623    <hidden>
    DSP48_X1Y6           DSP48E1 (Setup_dsp48e1_CLK_A[4])
                                                     -3.930     3.693    pr2_reg[2]
  -------------------------------------------------------------------
                         required time                          3.693    <hidden>
                         arrival time                          -3.506    <hidden>
  -------------------------------------------------------------------
                         slack                                  0.187    <hidden>

Slack (MET) :             0.197ns  (required time - arrival time)
  Source:                 t0_t_reg[0]/C
                            (rising edge-triggered cell FDRE clocked by aclk  {rise@0.000ns fall@3.367ns period=6.734ns})
  Destination:            pr2_reg[6]/A[0]
                            (rising edge-triggered cell DSP48E1 clocked by aclk  {rise@0.000ns fall@3.367ns period=6.734ns})
  Path Group:             aclk
  Path Type:              Setup (Max at Slow Process Corner)
  Requirement:            6.734ns  (aclk rise@6.734ns - aclk rise@0.000ns)
  Data Path Delay:        2.731ns  (logic 0.580ns (21.236%)  route 2.151ns (78.764%))
  Logic Levels:           1  (LUT6=1)
  Clock Path Skew:        -0.049ns (DCD - SCD + CPR)
    Destination Clock Delay (DCD):    0.924ns = ( 7.658 - 6.734 ) 
    Source Clock Delay      (SCD):    0.973ns
    Clock Pessimism Removal (CPR):    0.000ns
  Clock Uncertainty:      0.035ns  ((TSJ^2 + TIJ^2)^1/2 + DJ) / 2 + PE
    Total System Jitter     (TSJ):    0.071ns
    Total Input Jitter      (TIJ):    0.000ns
    Discrete Jitter          (DJ):    0.000ns
    Phase Error              (PE):    0.000ns

    Location             Delay type                Incr(ns)  Path(ns)    Netlist Resource(s)
  -------------------------------------------------------------------    -------------------
                         (clock aclk rise edge)       0.000     0.000 r  <hidden>
                                                      0.000     0.000 r  aclk
                         net (fo=645, unset)          0.973     0.973    aclk
    SLICE_X25Y9          FDRE                                         r  t0_t_reg[0]/C
  -------------------------------------------------------------------    -------------------
    SLICE_X25Y9          FDRE (Prop_fdre_C_Q)         0.456     1.429 r  t0_t_reg[0]/Q
                         net (fo=3, routed)           1.011     2.440    t0_t_reg_n_0_[0]
    SLICE_X24Y9          LUT6 (Prop_lut6_I1_O)        0.124     2.564 r  pr1_reg[6]_i_8/O
                         net (fo=2, routed)           1.140     3.704    pr1_reg[6]_i_8_n_0
    DSP48_X0Y4           DSP48E1                                      r  pr2_reg[6]/A[0]
  -------------------------------------------------------------------    -------------------

                         (clock aclk rise edge)       6.734     6.734 r  <hidden>
                                                      0.000     6.734 r  aclk
                         net (fo=645, unset)          0.924     7.658    aclk
    DSP48_X0Y4           DSP48E1                                      r  pr2_reg[6]/CLK
                         clock pessimism              0.000     7.658    <hidden>
                         clock uncertainty           -0.035     7.623    <hidden>
    DSP48_X0Y4           DSP48E1 (Setup_dsp48e1_CLK_A[0])
                                                     -3.722     3.901    pr2_reg[6]
  -------------------------------------------------------------------
                         required time                          3.901    <hidden>
                         arrival time                          -3.704    <hidden>
  -------------------------------------------------------------------
                         slack                                  0.197    <hidden>

Slack (MET) :             0.205ns  (required time - arrival time)
  Source:                 t1_t_reg[5]/C
                            (rising edge-triggered cell FDRE clocked by aclk  {rise@0.000ns fall@3.367ns period=6.734ns})
  Destination:            pr1_reg[7]/A[5]
                            (rising edge-triggered cell DSP48E1 clocked by aclk  {rise@0.000ns fall@3.367ns period=6.734ns})
  Path Group:             aclk
  Path Type:              Setup (Max at Slow Process Corner)
  Requirement:            6.734ns  (aclk rise@6.734ns - aclk rise@0.000ns)
  Data Path Delay:        2.521ns  (logic 0.606ns (24.039%)  route 1.915ns (75.961%))
  Logic Levels:           1  (LUT3=1)
  Clock Path Skew:        -0.049ns (DCD - SCD + CPR)
    Destination Clock Delay (DCD):    0.924ns = ( 7.658 - 6.734 ) 
    Source Clock Delay      (SCD):    0.973ns
    Clock Pessimism Removal (CPR):    0.000ns
  Clock Uncertainty:      0.035ns  ((TSJ^2 + TIJ^2)^1/2 + DJ) / 2 + PE
    Total System Jitter     (TSJ):    0.071ns
    Total Input Jitter      (TIJ):    0.000ns
    Discrete Jitter          (DJ):    0.000ns
    Phase Error              (PE):    0.000ns

    Location             Delay type                Incr(ns)  Path(ns)    Netlist Resource(s)
  -------------------------------------------------------------------    -------------------
                         (clock aclk rise edge)       0.000     0.000 r  <hidden>
                                                      0.000     0.000 r  aclk
                         net (fo=645, unset)          0.973     0.973    aclk
    SLICE_X21Y10         FDRE                                         r  t1_t_reg[5]/C
  -------------------------------------------------------------------    -------------------
    SLICE_X21Y10         FDRE (Prop_fdre_C_Q)         0.456     1.429 r  t1_t_reg[5]/Q
                         net (fo=7, routed)           0.805     2.234    t1_t[5]
    SLICE_X21Y11         LUT3 (Prop_lut3_I0_O)        0.150     2.384 r  pr1_reg[7]_i_4/O
                         net (fo=2, routed)           1.110     3.494    pr1_reg[7]_i_4_n_0
    DSP48_X2Y4           DSP48E1                                      r  pr1_reg[7]/A[5]
  -------------------------------------------------------------------    -------------------

                         (clock aclk rise edge)       6.734     6.734 r  <hidden>
                                                      0.000     6.734 r  aclk
                         net (fo=645, unset)          0.924     7.658    aclk
    DSP48_X2Y4           DSP48E1                                      r  pr1_reg[7]/CLK
                         clock pessimism              0.000     7.658    <hidden>
                         clock uncertainty           -0.035     7.623    <hidden>
    DSP48_X2Y4           DSP48E1 (Setup_dsp48e1_CLK_A[5])
                                                     -3.924     3.699    pr1_reg[7]
  -------------------------------------------------------------------
                         required time                          3.699    <hidden>
                         arrival time                          -3.494    <hidden>
  -------------------------------------------------------------------
                         slack                                  0.205    <hidden>

Slack (MET) :             0.205ns  (required time - arrival time)
  Source:                 t1_t_reg[5]/C
                            (rising edge-triggered cell FDRE clocked by aclk  {rise@0.000ns fall@3.367ns period=6.734ns})
  Destination:            pr2_reg[7]/A[5]
                            (rising edge-triggered cell DSP48E1 clocked by aclk  {rise@0.000ns fall@3.367ns period=6.734ns})
  Path Group:             aclk
  Path Type:              Setup (Max at Slow Process Corner)
  Requirement:            6.734ns  (aclk rise@6.734ns - aclk rise@0.000ns)
  Data Path Delay:        2.521ns  (logic 0.606ns (24.039%)  route 1.915ns (75.961%))
  Logic Levels:           1  (LUT3=1)
  Clock Path Skew:        -0.049ns (DCD - SCD + CPR)
    Destination Clock Delay (DCD):    0.924ns = ( 7.658 - 6.734 ) 
    Source Clock Delay      (SCD):    0.973ns
    Clock Pessimism Removal (CPR):    0.000ns
  Clock Uncertainty:      0.035ns  ((TSJ^2 + TIJ^2)^1/2 + DJ) / 2 + PE
    Total System Jitter     (TSJ):    0.071ns
    Total Input Jitter      (TIJ):    0.000ns
    Discrete Jitter          (DJ):    0.000ns
    Phase Error              (PE):    0.000ns

    Location             Delay type                Incr(ns)  Path(ns)    Netlist Resource(s)
  -------------------------------------------------------------------    -------------------
                         (clock aclk rise edge)       0.000     0.000 r  <hidden>
                                                      0.000     0.000 r  aclk
                         net (fo=645, unset)          0.973     0.973    aclk
    SLICE_X21Y10         FDRE                                         r  t1_t_reg[5]/C
  -------------------------------------------------------------------    -------------------
    SLICE_X21Y10         FDRE (Prop_fdre_C_Q)         0.456     1.429 r  t1_t_reg[5]/Q
                         net (fo=7, routed)           0.805     2.234    t1_t[5]
    SLICE_X21Y11         LUT3 (Prop_lut3_I0_O)        0.150     2.384 r  pr1_reg[7]_i_4/O
                         net (fo=2, routed)           1.110     3.494    pr1_reg[7]_i_4_n_0
    DSP48_X2Y5           DSP48E1                                      r  pr2_reg[7]/A[5]
  -------------------------------------------------------------------    -------------------

                         (clock aclk rise edge)       6.734     6.734 r  <hidden>
                                                      0.000     6.734 r  aclk
                         net (fo=645, unset)          0.924     7.658    aclk
    DSP48_X2Y5           DSP48E1                                      r  pr2_reg[7]/CLK
                         clock pessimism              0.000     7.658    <hidden>
                         clock uncertainty           -0.035     7.623    <hidden>
    DSP48_X2Y5           DSP48E1 (Setup_dsp48e1_CLK_A[5])
                                                     -3.924     3.699    pr2_reg[7]
  -------------------------------------------------------------------
                         required time                          3.699    <hidden>
                         arrival time                          -3.494    <hidden>
  -------------------------------------------------------------------
                         slack                                  0.205    <hidden>

Slack (MET) :             0.208ns  (required time - arrival time)
  Source:                 t1_b_reg[4]/C
                            (rising edge-triggered cell FDRE clocked by aclk  {rise@0.000ns fall@3.367ns period=6.734ns})
  Destination:            pr1_reg[7]/A[4]
                            (rising edge-triggered cell DSP48E1 clocked by aclk  {rise@0.000ns fall@3.367ns period=6.734ns})
  Path Group:             aclk
  Path Type:              Setup (Max at Slow Process Corner)
  Requirement:            6.734ns  (aclk rise@6.734ns - aclk rise@0.000ns)
  Data Path Delay:        2.512ns  (logic 0.608ns (24.206%)  route 1.904ns (75.794%))
  Logic Levels:           1  (LUT3=1)
  Clock Path Skew:        -0.049ns (DCD - SCD + CPR)
    Destination Clock Delay (DCD):    0.924ns = ( 7.658 - 6.734 ) 
    Source Clock Delay      (SCD):    0.973ns
    Clock Pessimism Removal (CPR):    0.000ns
  Clock Uncertainty:      0.035ns  ((TSJ^2 + TIJ^2)^1/2 + DJ) / 2 + PE
    Total System Jitter     (TSJ):    0.071ns
    Total Input Jitter      (TIJ):    0.000ns
    Discrete Jitter          (DJ):    0.000ns
    Phase Error              (PE):    0.000ns

    Location             Delay type                Incr(ns)  Path(ns)    Netlist Resource(s)
  -------------------------------------------------------------------    -------------------
                         (clock aclk rise edge)       0.000     0.000 r  <hidden>
                                                      0.000     0.000 r  aclk
                         net (fo=645, unset)          0.973     0.973    aclk
    SLICE_X23Y10         FDRE                                         r  t1_b_reg[4]/C
  -------------------------------------------------------------------    -------------------
    SLICE_X23Y10         FDRE (Prop_fdre_C_Q)         0.456     1.429 r  t1_b_reg[4]/Q
                         net (fo=3, routed)           0.868     2.297    t1_b[4]
    SLICE_X23Y10         LUT3 (Prop_lut3_I1_O)        0.152     2.449 r  pr1_reg[7]_i_5/O
                         net (fo=2, routed)           1.036     3.485    pr1_reg[7]_i_5_n_0
    DSP48_X2Y4           DSP48E1                                      r  pr1_reg[7]/A[4]
  -------------------------------------------------------------------    -------------------

                         (clock aclk rise edge)       6.734     6.734 r  <hidden>
                                                      0.000     6.734 r  aclk
                         net (fo=645, unset)          0.924     7.658    aclk
    DSP48_X2Y4           DSP48E1                                      r  pr1_reg[7]/CLK
                         clock pessimism              0.000     7.658    <hidden>
                         clock uncertainty           -0.035     7.623    <hidden>
    DSP48_X2Y4           DSP48E1 (Setup_dsp48e1_CLK_A[4])
                                                     -3.930     3.693    pr1_reg[7]
  -------------------------------------------------------------------
                         required time                          3.693    <hidden>
                         arrival time                          -3.485    <hidden>
  -------------------------------------------------------------------
                         slack                                  0.208    <hidden>

Slack (MET) :             0.208ns  (required time - arrival time)
  Source:                 t1_b_reg[4]/C
                            (rising edge-triggered cell FDRE clocked by aclk  {rise@0.000ns fall@3.367ns period=6.734ns})
  Destination:            pr2_reg[7]/A[4]
                            (rising edge-triggered cell DSP48E1 clocked by aclk  {rise@0.000ns fall@3.367ns period=6.734ns})
  Path Group:             aclk
  Path Type:              Setup (Max at Slow Process Corner)
  Requirement:            6.734ns  (aclk rise@6.734ns - aclk rise@0.000ns)
  Data Path Delay:        2.512ns  (logic 0.608ns (24.206%)  route 1.904ns (75.794%))
  Logic Levels:           1  (LUT3=1)
  Clock Path Skew:        -0.049ns (DCD - SCD + CPR)
    Destination Clock Delay (DCD):    0.924ns = ( 7.658 - 6.734 ) 
    Source Clock Delay      (SCD):    0.973ns
    Clock Pessimism Removal (CPR):    0.000ns
  Clock Uncertainty:      0.035ns  ((TSJ^2 + TIJ^2)^1/2 + DJ) / 2 + PE
    Total System Jitter     (TSJ):    0.071ns
    Total Input Jitter      (TIJ):    0.000ns
    Discrete Jitter          (DJ):    0.000ns
    Phase Error              (PE):    0.000ns

    Location             Delay type                Incr(ns)  Path(ns)    Netlist Resource(s)
  -------------------------------------------------------------------    -------------------
                         (clock aclk rise edge)       0.000     0.000 r  <hidden>
                                                      0.000     0.000 r  aclk
                         net (fo=645, unset)          0.973     0.973    aclk
    SLICE_X23Y10         FDRE                                         r  t1_b_reg[4]/C
  -------------------------------------------------------------------    -------------------
    SLICE_X23Y10         FDRE (Prop_fdre_C_Q)         0.456     1.429 r  t1_b_reg[4]/Q
                         net (fo=3, routed)           0.868     2.297    t1_b[4]
    SLICE_X23Y10         LUT3 (Prop_lut3_I1_O)        0.152     2.449 r  pr1_reg[7]_i_5/O
                         net (fo=2, routed)           1.036     3.485    pr1_reg[7]_i_5_n_0
    DSP48_X2Y5           DSP48E1                                      r  pr2_reg[7]/A[4]
  -------------------------------------------------------------------    -------------------

                         (clock aclk rise edge)       6.734     6.734 r  <hidden>
                                                      0.000     6.734 r  aclk
                         net (fo=645, unset)          0.924     7.658    aclk
    DSP48_X2Y5           DSP48E1                                      r  pr2_reg[7]/CLK
                         clock pessimism              0.000     7.658    <hidden>
                         clock uncertainty           -0.035     7.623    <hidden>
    DSP48_X2Y5           DSP48E1 (Setup_dsp48e1_CLK_A[4])
                                                     -3.930     3.693    pr2_reg[7]
  -------------------------------------------------------------------
                         required time                          3.693    <hidden>
                         arrival time                          -3.485    <hidden>
  -------------------------------------------------------------------
                         slack                                  0.208    <hidden>

Slack (MET) :             0.211ns  (required time - arrival time)
  Source:                 g_lb_bram.brow_q_reg/C
                            (rising edge-triggered cell FDRE clocked by aclk  {rise@0.000ns fall@3.367ns period=6.734ns})
  Destination:            pr2_reg[4]/A[1]
                            (rising edge-triggered cell DSP48E1 clocked by aclk  {rise@0.000ns fall@3.367ns period=6.734ns})
  Path Group:             aclk
  Path Type:              Setup (Max at Slow Process Corner)
  Requirement:            6.734ns  (aclk rise@6.734ns - aclk rise@0.000ns)
  Data Path Delay:        2.493ns  (logic 0.606ns (24.308%)  route 1.887ns (75.692%))
  Logic Levels:           1  (LUT3=1)
  Clock Path Skew:        -0.049ns (DCD - SCD + CPR)
    Destination Clock Delay (DCD):    0.924ns = ( 7.658 - 6.734 ) 
    Source Clock Delay      (SCD):    0.973ns
    Clock Pessimism Removal (CPR):    0.000ns
  Clock Uncertainty:      0.035ns  ((TSJ^2 + TIJ^2)^1/2 + DJ) / 2 + PE
    Total System Jitter     (TSJ):    0.071ns
    Total Input Jitter      (TIJ):    0.000ns
    Discrete Jitter          (DJ):    0.000ns
    Phase Error              (PE):    0.000ns

    Location             Delay type                Incr(ns)  Path(ns)    Netlist Resource(s)
  -------------------------------------------------------------------    -------------------
                         (clock aclk rise edge)       0.000     0.000 r  <hidden>
                                                      0.000     0.000 r  aclk
                         net (fo=645, unset)          0.973     0.973    aclk
    SLICE_X23Y8          FDRE                                         r  g_lb_bram.brow_q_reg/C
  -------------------------------------------------------------------    -------------------
    SLICE_X23Y8          FDRE (Prop_fdre_C_Q)         0.456     1.429 r  g_lb_bram.brow_q_reg/Q
                         net (fo=73, routed)          0.785     2.214    brow
    SLICE_X22Y9          LUT3 (Prop_lut3_I2_O)        0.150     2.364 r  pr1_reg[4]_i_8/O
                         net (fo=2, routed)           1.102     3.466    pr1_reg[4]_i_8_n_0
    DSP48_X0Y3           DSP48E1                                      r  pr2_reg[4]/A[1]
  -------------------------------------------------------------------    -------------------

                         (clock aclk rise edge)       6.734     6.734 r  <hidden>
                                                      0.000     6.734 r  aclk
                         net (fo=645, unset)          0.924     7.658    aclk
    DSP48_X0Y3           DSP48E1                                      r  pr2_reg[4]/CLK
                         clock pessimism              0.000     7.658    <hidden>
                         clock uncertainty           -0.035     7.623    <hidden>
    DSP48_X0Y3           DSP48E1 (Setup_dsp48e1_CLK_A[1])
                                                     -3.946     3.677    pr2_reg[4]
  -------------------------------------------------------------------
                         required time                          3.677    <hidden>
                         arrival time                          -3.466    <hidden>
  -------------------------------------------------------------------
                         slack                                  0.211    <hidden>

Slack (MET) :             0.212ns  (required time - arrival time)
  Source:                 t1_t_reg[3]/C
                            (rising edge-triggered cell FDRE clocked by aclk  {rise@0.000ns fall@3.367ns period=6.734ns})
  Destination:            pr2_reg[4]/A[3]
                            (rising edge-triggered cell DSP48E1 clocked by aclk  {rise@0.000ns fall@3.367ns period=6.734ns})
  Path Group:             aclk
  Path Type:              Setup (Max at Slow Process Corner)
  Requirement:            6.734ns  (aclk rise@6.734ns - aclk rise@0.000ns)
  Data Path Delay:        2.508ns  (logic 0.606ns (24.159%)  route 1.902ns (75.841%))
  Logic Levels:           1  (LUT3=1)
  Clock Path Skew:        -0.049ns (DCD - SCD + CPR)
    Destination Clock Delay (DCD):    0.924ns = ( 7.658 - 6.734 ) 
    Source Clock Delay      (SCD):    0.973ns
    Clock Pessimism Removal (CPR):    0.000ns
  Clock Uncertainty:      0.035ns  ((TSJ^2 + TIJ^2)^1/2 + DJ) / 2 + PE
    Total System Jitter     (TSJ):    0.071ns
    Total Input Jitter      (TIJ):    0.000ns
    Discrete Jitter          (DJ):    0.000ns
    Phase Error              (PE):    0.000ns

    Location             Delay type                Incr(ns)  Path(ns)    Netlist Resource(s)
  -------------------------------------------------------------------    -------------------
                         (clock aclk rise edge)       0.000     0.000 r  <hidden>
                                                      0.000     0.000 r  aclk
                         net (fo=645, unset)          0.973     0.973    aclk
    SLICE_X24Y7          FDRE                                         r  t1_t_reg[3]/C
  -------------------------------------------------------------------    -------------------
    SLICE_X24Y7          FDRE (Prop_fdre_C_Q)         0.456     1.429 r  t1_t_reg[3]/Q
                         net (fo=7, routed)           1.006     2.435    t1_t[3]
    SLICE_X21Y6          LUT3 (Prop_lut3_I0_O)        0.150     2.585 r  pr1_reg[4]_i_6/O
                         net (fo=2, routed)           0.896     3.481    pr1_reg[4]_i_6_n_0
    DSP48_X0Y3           DSP48E1                                      r  pr2_reg[4]/A[3]
  -------------------------------------------------------------------    -------------------

                         (clock aclk rise edge)       6.734     6.734 r  <hidden>
                                                      0.000     6.734 r  aclk
                         net (fo=645, unset)          0.924     7.658    aclk
    DSP48_X0Y3           DSP48E1                                      r  pr2_reg[4]/CLK
                         clock pessimism              0.000     7.658    <hidden>
                         clock uncertainty           -0.035     7.623    <hidden>
    DSP48_X0Y3           DSP48E1 (Setup_dsp48e1_CLK_A[3])
                                                     -3.930     3.693    pr2_reg[4]
  -------------------------------------------------------------------
                         required time                          3.693    <hidden>
                         arrival time                          -3.481    <hidden>
  -------------------------------------------------------------------
                         slack                                  0.212    <hidden>

Slack (MET) :             0.212ns  (required time - arrival time)
  Source:                 lrep_q_reg/C
                            (rising edge-triggered cell FDRE clocked by aclk  {rise@0.000ns fall@3.367ns period=6.734ns})
  Destination:            pr1_reg[3]/A[6]
                            (rising edge-triggered cell DSP48E1 clocked by aclk  {rise@0.000ns fall@3.367ns period=6.734ns})
  Path Group:             aclk
  Path Type:              Setup (Max at Slow Process Corner)
  Requirement:            6.734ns  (aclk rise@6.734ns - aclk rise@0.000ns)
  Data Path Delay:        2.716ns  (logic 0.580ns (21.354%)  route 2.136ns (78.646%))
  Logic Levels:           1  (LUT6=1)
  Clock Path Skew:        -0.049ns (DCD - SCD + CPR)
    Destination Clock Delay (DCD):    0.924ns = ( 7.658 - 6.734 ) 
    Source Clock Delay      (SCD):    0.973ns
    Clock Pessimism Removal (CPR):    0.000ns
  Clock Uncertainty:      0.035ns  ((TSJ^2 + TIJ^2)^1/2 + DJ) / 2 + PE
    Total System Jitter     (TSJ):    0.071ns
    Total Input Jitter      (TIJ):    0.000ns
    Discrete Jitter          (DJ):    0.000ns
    Phase Error              (PE):    0.000ns

    Location             Delay type                Incr(ns)  Path(ns)    Netlist Resource(s)
  -------------------------------------------------------------------    -------------------
                         (clock aclk rise edge)       0.000     0.000 r  <hidden>
                                                      0.000     0.000 r  aclk
                         net (fo=645, unset)          0.973     0.973    aclk
    SLICE_X23Y7          FDRE                                         r  lrep_q_reg/C
  -------------------------------------------------------------------    -------------------
    SLICE_X23Y7          FDRE (Prop_fdre_C_Q)         0.456     1.429 r  lrep_q_reg/Q
                         net (fo=25, routed)          1.176     2.605    lrep
    SLICE_X24Y11         LUT6 (Prop_lut6_I4_O)        0.124     2.729 r  pr1_reg[3]_i_2/O
                         net (fo=2, routed)           0.960     3.689    pr1_reg[3]_i_2_n_0
    DSP48_X1Y7           DSP48E1                                      r  pr1_reg[3]/A[6]
  -------------------------------------------------------------------    -------------------

                         (clock aclk rise edge)       6.734     6.734 r  <hidden>
                                                      0.000     6.734 r  aclk
                         net (fo=645, unset)          0.924     7.658    aclk
    DSP48_X1Y7           DSP48E1                                      r  pr1_reg[3]/CLK
                         clock pessimism              0.000     7.658    <hidden>
                         clock uncertainty           -0.035     7.623    <hidden>
    DSP48_X1Y7           DSP48E1 (Setup_dsp48e1_CLK_A[6])
                                                     -3.722     3.901    pr1_reg[3]
  -------------------------------------------------------------------
                         required time                          3.901    <hidden>
                         arrival time                          -3.689    <hidden>
  -------------------------------------------------------------------
                         slack                                  0.212    <hidden>

Slack (MET) :             0.213ns  (required time - arrival time)
  Source:                 g_lb_bram.brow_q_reg/C
                            (rising edge-triggered cell FDRE clocked by aclk  {rise@0.000ns fall@3.367ns period=6.734ns})
  Destination:            pr1_reg[6]/A[1]
                            (rising edge-triggered cell DSP48E1 clocked by aclk  {rise@0.000ns fall@3.367ns period=6.734ns})
  Path Group:             aclk
  Path Type:              Setup (Max at Slow Process Corner)
  Requirement:            6.734ns  (aclk rise@6.734ns - aclk rise@0.000ns)
  Data Path Delay:        2.715ns  (logic 0.580ns (21.365%)  route 2.135ns (78.635%))
  Logic Levels:           1  (LUT6=1)
  Clock Path Skew:        -0.049ns (DCD - SCD + CPR)
    Destination Clock Delay (DCD):    0.924ns = ( 7.658 - 6.734 ) 
    Source Clock Delay      (SCD):    0.973ns
    Clock Pessimism Removal (CPR):    0.000ns
  Clock Uncertainty:      0.035ns  ((TSJ^2 + TIJ^2)^1/2 + DJ) / 2 + PE
    Total System Jitter     (TSJ):    0.071ns
    Total Input Jitter      (TIJ):    0.000ns
    Discrete Jitter          (DJ):    0.000ns
    Phase Error              (PE):    0.000ns

    Location             Delay type                Incr(ns)  Path(ns)    Netlist Resource(s)
  -------------------------------------------------------------------    -------------------
                         (clock aclk rise edge)       0.000     0.000 r  <hidden>
                                                      0.000     0.000 r  aclk
                         net (fo=645, unset)          0.973     0.973    aclk
    SLICE_X23Y8          FDRE                                         r  g_lb_bram.brow_q_reg/C
  -------------------------------------------------------------------    -------------------
    SLICE_X23Y8          FDRE (Prop_fdre_C_Q)         0.456     1.429 r  g_lb_bram.brow_q_reg/Q
                         net (fo=73, routed)          0.994     2.423    brow
    SLICE_X23Y9          LUT6 (Prop_lut6_I2_O)        0.124     2.547 r  pr1_reg[6]_i_7/O
                         net (fo=2, routed)           1.141     3.688    pr1_reg[6]_i_7_n_0
    DSP48_X2Y3           DSP48E1                                      r  pr1_reg[6]/A[1]
  -------------------------------------------------------------------    -------------------

                         (clock aclk rise edge)       6.734     6.734 r  <hidden>
                                                      0.000     6.734 r  aclk
                         net (fo=645, unset)          0.924     7.658    aclk
    DSP48_X2Y3           DSP48E1                                      r  pr1_reg[6]/CLK
                         clock pessimism              0.000     7.658    <hidden>
                         clock uncertainty           -0.035     7.623    <hidden>
    DSP48_X2Y3           DSP48E1 (Setup_dsp48e1_CLK_A[1])
                                                     -3.722     3.901    pr1_reg[6]
  -------------------------------------------------------------------
                         required time                          3.901    <hidden>
                         arrival time                          -3.688    <hidden>
  -------------------------------------------------------------------
                         slack                                  0.213    <hidden>

Slack (MET) :             0.216ns  (required time - arrival time)
  Source:                 g_lb_bram.brow_q_reg/C
                            (rising edge-triggered cell FDRE clocked by aclk  {rise@0.000ns fall@3.367ns period=6.734ns})
  Destination:            pr2_reg[6]/A[7]
                            (rising edge-triggered cell DSP48E1 clocked by aclk  {rise@0.000ns fall@3.367ns period=6.734ns})
  Path Group:             aclk
  Path Type:              Setup (Max at Slow Process Corner)
  Requirement:            6.734ns  (aclk rise@6.734ns - aclk rise@0.000ns)
  Data Path Delay:        2.712ns  (logic 0.580ns (21.383%)  route 2.132ns (78.617%))
  Logic Levels:           1  (LUT6=1)
  Clock Path Skew:        -0.049ns (DCD - SCD + CPR)
    Destination Clock Delay (DCD):    0.924ns = ( 7.658 - 6.734 ) 
    Source Clock Delay      (SCD):    0.973ns
    Clock Pessimism Removal (CPR):    0.000ns
  Clock Uncertainty:      0.035ns  ((TSJ^2 + TIJ^2)^1/2 + DJ) / 2 + PE
    Total System Jitter     (TSJ):    0.071ns
    Total Input Jitter      (TIJ):    0.000ns
    Discrete Jitter          (DJ):    0.000ns
    Phase Error              (PE):    0.000ns

    Location             Delay type                Incr(ns)  Path(ns)    Netlist Resource(s)
  -------------------------------------------------------------------    -------------------
                         (clock aclk rise edge)       0.000     0.000 r  <hidden>
                                                      0.000     0.000 r  aclk
                         net (fo=645, unset)          0.973     0.973    aclk
    SLICE_X23Y8          FDRE                                         r  g_lb_bram.brow_q_reg/C
  -------------------------------------------------------------------    -------------------
    SLICE_X23Y8          FDRE (Prop_fdre_C_Q)         0.456     1.429 r  g_lb_bram.brow_q_reg/Q
                         net (fo=73, routed)          1.248     2.677    brow
    SLICE_X25Y10         LUT6 (Prop_lut6_I2_O)        0.124     2.801 r  pr1_reg[6]_i_1/O
                         net (fo=2, routed)           0.885     3.685    pr1_reg[6]_i_1_n_0
    DSP48_X0Y4           DSP48E1                                      r  pr2_reg[6]/A[7]
  -------------------------------------------------------------------    -------------------

                         (clock aclk rise edge)       6.734     6.734 r  <hidden>
                                                      0.000     6.734 r  aclk
                         net (fo=645, unset)          0.924     7.658    aclk
    DSP48_X0Y4           DSP48E1                                      r  pr2_reg[6]/CLK
                         clock pessimism              0.000     7.658    <hidden>
                         clock uncertainty           -0.035     7.623    <hidden>
    DSP48_X0Y4           DSP48E1 (Setup_dsp48e1_CLK_A[7])
                                                     -3.722     3.901    pr2_reg[6]
  -------------------------------------------------------------------
                         required time                          3.901    <hidden>
                         arrival time                          -3.685    <hidden>
  -------------------------------------------------------------------
                         slack                                  0.216    <hidden>

Slack (MET) :             0.217ns  (required time - arrival time)
  Source:                 g_lb_bram.brow_q_reg/C
                            (rising edge-triggered cell FDRE clocked by aclk  {rise@0.000ns fall@3.367ns period=6.734ns})
  Destination:            pr2_reg[5]/A[4]
                            (rising edge-triggered cell DSP48E1 clocked by aclk  {rise@0.000ns fall@3.367ns period=6.734ns})
  Path Group:             aclk
  Path Type:              Setup (Max at Slow Process Corner)
  Requirement:            6.734ns  (aclk rise@6.734ns - aclk rise@0.000ns)
  Data Path Delay:        2.507ns  (logic 0.602ns (24.015%)  route 1.905ns (75.985%))
  Logic Levels:           1  (LUT3=1)
  Clock Path Skew:        -0.049ns (DCD - SCD + CPR)
    Destination Clock Delay (DCD):    0.924ns = ( 7.658 - 6.734 ) 
    Source Clock Delay      (SCD):    0.973ns
    Clock Pessimism Removal (CPR):    0.000ns
  Clock Uncertainty:      0.035ns  ((TSJ^2 + TIJ^2)^1/2 + DJ) / 2 + PE
    Total System Jitter     (TSJ):    0.071ns
    Total Input Jitter      (TIJ):    0.000ns
    Discrete Jitter          (DJ):    0.000ns
    Phase Error              (PE):    0.000ns

    Location             Delay type                Incr(ns)  Path(ns)    Netlist Resource(s)
  -------------------------------------------------------------------    -------------------
                         (clock aclk rise edge)       0.000     0.000 r  <hidden>
                                                      0.000     0.000 r  aclk
                         net (fo=645, unset)          0.973     0.973    aclk
    SLICE_X23Y8          FDRE                                         r  g_lb_bram.brow_q_reg/C
  -------------------------------------------------------------------    -------------------
    SLICE_X23Y8          FDRE (Prop_fdre_C_Q)         0.456     1.429 r  g_lb_bram.brow_q_reg/Q
                         net (fo=73, routed)          0.989     2.418    brow
    SLICE_X22Y8          LUT3 (Prop_lut3_I2_O)        0.146     2.564 r  pr1_reg[5]_i_4/O
                         net (fo=2, routed)           0.916     3.480    pr1_reg[5]_i_4_n_0
    DSP48_X0Y2           DSP48E1                                      r  pr2_reg[5]/A[4]
  -------------------------------------------------------------------    -------------------

                         (clock aclk rise edge)       6.734     6.734 r  <hidden>
                                                      0.000     6.734 r  aclk
                         net (fo=645, unset)          0.924     7.658    aclk
    DSP48_X0Y2           DSP48E1                                      r  pr2_reg[5]/CLK
                         clock pessimism              0.000     7.658    <hidden>
                         clock uncertainty           -0.035     7.623    <hidden>
    DSP48_X0Y2           DSP48E1 (Setup_dsp48e1_CLK_A[4])
                                                     -3.926     3.697    pr2_reg[5]
  -------------------------------------------------------------------
                         required time                          3.697    <hidden>
                         arrival time                          -3.480    <hidden>
  -------------------------------------------------------------------
                         slack                                  0.217    <hidden>

Slack (MET) :             0.219ns  (required time - arrival time)
  Source:                 t1_m_reg[5]/C
                            (rising edge-triggered cell FDRE clocked by aclk  {rise@0.000ns fall@3.367ns period=6.734ns})
  Destination:            pr2_reg[0]/A[5]
                            (rising edge-triggered cell DSP48E1 clocked by aclk  {rise@0.000ns fall@3.367ns period=6.734ns})
  Path Group:             aclk
  Path Type:              Setup (Max at Slow Process Corner)
  Requirement:            6.734ns  (aclk rise@6.734ns - aclk rise@0.000ns)
  Data Path Delay:        2.709ns  (logic 0.580ns (21.414%)  route 2.129ns (78.586%))
  Logic Levels:           1  (LUT6=1)
  Clock Path Skew:        -0.049ns (DCD - SCD + CPR)
    Destination Clock Delay (DCD):    0.924ns = ( 7.658 - 6.734 ) 
    Source Clock Delay      (SCD):    0.973ns
    Clock Pessimism Removal (CPR):    0.000ns
  Clock Uncertainty:      0.035ns  ((TSJ^2 + TIJ^2)^1/2 + DJ) / 2 + PE
    Total System Jitter     (TSJ):    0.071ns
    Total Input Jitter      (TIJ):    0.000ns
    Discrete Jitter          (DJ):    0.000ns
    Phase Error              (PE):    0.000ns

    Location             Delay type                Incr(ns)  Path(ns)    Netlist Resource(s)
  -------------------------------------------------------------------    -------------------
                         (clock aclk rise edge)       0.000     0.000 r  <hidden>
                                                      0.000     0.000 r  aclk
                         net (fo=645, unset)          0.973     0.973    aclk
    SLICE_X21Y11         FDRE                                         r  t1_m_reg[5]/C
  -------------------------------------------------------------------    -------------------
    SLICE_X21Y11         FDRE (Prop_fdre_C_Q)         0.456     1.429 r  t1_m_reg[5]/Q
                         net (fo=5, routed)           0.980     2.409    t1_m[5]
    SLICE_X21Y11         LUT6 (Prop_lut6_I0_O)        0.124     2.533 r  pr1_reg[0]_i_3/O
                         net (fo=2, routed)           1.148     3.682    p_0_in__0[5]
    DSP48_X2Y2           DSP48E1                                      r  pr2_reg[0]/A[5]
  -------------------------------------------------------------------    -------------------

                         (clock aclk rise edge)       6.734     6.734 r  <hidden>
                                                      0.000     6.734 r  aclk
                         net (fo=645, unset)          0.924     7.658    aclk
    DSP48_X2Y2           DSP48E1                                      r  pr2_reg[0]/CLK
                         clock pessimism              0.000     7.658    <hidden>
                         clock uncertainty           -0.035     7.623    <hidden>
    DSP48_X2Y2           DSP48E1 (Setup_dsp48e1_CLK_A[5])
                                                     -3.722     3.901    pr2_reg[0]
  -------------------------------------------------------------------
                         required time                          3.901    <hidden>
                         arrival time                          -3.682    <hidden>
  -------------------------------------------------------------------
                         slack                                  0.219    <hidden>

Slack (MET) :             0.223ns  (required time - arrival time)
  Source:                 aresetn
                            (input port clocked by aclk  {rise@0.000ns fall@3.367ns period=6.734ns})
  Destination:            col_ff_reg[1]/R
                            (rising edge-triggered cell FDRE clocked by aclk  {rise@0.000ns fall@3.367ns period=6.734ns})
  Path Group:             aclk
  Path Type:              Setup (Max at Slow Process Corner)
  Requirement:            6.734ns  (aclk rise@6.734ns - aclk rise@0.000ns)
  Data Path Delay:        4.769ns  (logic 0.150ns (3.145%)  route 4.619ns (96.855%))
  Logic Levels:           1  (LUT1=1)
  Input Delay:            2.000ns
  Clock Path Skew:        0.924ns (DCD - SCD + CPR)
    Destination Clock Delay (DCD):    0.924ns = ( 7.658 - 6.734 ) 
    Source Clock Delay      (SCD):    0.000ns
    Clock Pessimism Removal (CPR):    0.000ns
  Clock Uncertainty:      0.035ns  ((TSJ^2 + TIJ^2)^1/2 + DJ) / 2 + PE
    Total System Jitter     (TSJ):    0.071ns
    Total Input Jitter      (TIJ):    0.000ns
    Discrete Jitter          (DJ):    0.000ns
    Phase Error              (PE):    0.000ns

    Location             Delay type                Incr(ns)  Path(ns)    Netlist Resource(s)
  -------------------------------------------------------------------    -------------------
                         (clock aclk rise edge)       0.000     0.000 r  <hidden>
                         input delay                  2.000     2.000    <hidden>
                                                      0.000     2.000 f  aresetn
                         net (fo=18, unset)           0.973     2.973    aresetn
    SLICE_X23Y16         LUT1 (Prop_lut1_I0_O)        0.150     3.123 r  m_axis_tdata[7]_i_1/O
                         net (fo=547, routed)         3.646     6.769    m_axis_tdata[7]_i_1_n_0
    SLICE_X9Y5           FDRE                                         r  col_ff_reg[1]/R
  -------------------------------------------------------------------    -------------------

                         (clock aclk rise edge)       6.734     6.734 r  <hidden>
                                                      0.000     6.734 r  aclk
                         net (fo=645, unset)          0.924     7.658    aclk
    SLICE_X9Y5           FDRE                                         r  col_ff_reg[1]/C
                         clock pessimism              0.000     7.658    <hidden>
                         clock uncertainty           -0.035     7.623    <hidden>
    SLICE_X9Y5           FDRE (Setup_fdre_C_R)       -0.631     6.992    col_ff_reg[1]
  -------------------------------------------------------------------
                         required time                          6.992    <hidden>
                         arrival time                          -6.769    <hidden>
  -------------------------------------------------------------------
                         slack                                  0.223    <hidden>

Slack (MET) :             0.227ns  (required time - arrival time)
  Source:                 t1_t_reg[2]/C
                            (rising edge-triggered cell FDRE clocked by aclk  {rise@0.000ns fall@3.367ns period=6.734ns})
  Destination:            pr1_reg[6]/A[2]
                            (rising edge-triggered cell DSP48E1 clocked by aclk  {rise@0.000ns fall@3.367ns period=6.734ns})
  Path Group:             aclk
  Path Type:              Setup (Max at Slow Process Corner)
  Requirement:            6.734ns  (aclk rise@6.734ns - aclk rise@0.000ns)
  Data Path Delay:        2.701ns  (logic 0.642ns (23.765%)  route 2.059ns (76.235%))
  Logic Levels:           1  (LUT6=1)
  Clock Path Skew:        -0.049ns (DCD - SCD + CPR)
    Destination Clock Delay (DCD):    0.924ns = ( 7.658 - 6.734 ) 
    Source Clock Delay      (SCD):    0.973ns
    Clock Pessimism Removal (CPR):    0.000ns
  Clock Uncertainty:      0.035ns  ((TSJ^2 + TIJ^2)^1/2 + DJ) / 2 + PE
    Total System Jitter     (TSJ):    0.071ns
    Total Input Jitter      (TIJ):    0.000ns
    Discrete Jitter          (DJ):    0.000ns
    Phase Error              (PE):    0.000ns

    Location             Delay type                Incr(ns)  Path(ns)    Netlist Resource(s)
  -------------------------------------------------------------------    -------------------
                         (clock aclk rise edge)       0.000     0.000 r  <hidden>
                                                      0.000     0.000 r  aclk
                         net (fo=645, unset)          0.973     0.973    aclk
    SLICE_X22Y9          FDRE                                         r  t1_t_reg[2]/C
  -------------------------------------------------------------------    -------------------
    SLICE_X22Y9          FDRE (Prop_fdre_C_Q)         0.518     1.491 r  t1_t_reg[2]/Q
                         net (fo=7, routed)           0.856     2.347    t1_t[2]
    SLICE_X23Y9          LUT6 (Prop_lut6_I0_O)        0.124     2.471 r  pr1_reg[6]_i_6/O
                         net (fo=2, routed)           1.204     3.674    pr1_reg[6]_i_6_n_0
    DSP48_X2Y3           DSP48E1                                      r  pr1_reg[6]/A[2]
  -------------------------------------------------------------------    -------------------

                         (clock aclk rise edge)       6.734     6.734 r  <hidden>
                                                      0.000     6.734 r  aclk
                         net (fo=645, unset)          0.924     7.658    aclk
    DSP48_X2Y3           DSP48E1                                      r  pr1_reg[6]/CLK
                         clock pessimism              0.000     7.658    <hidden>
                         clock uncertainty           -0.035     7.623    <hidden>
    DSP48_X2Y3           DSP48E1 (Setup_dsp48e1_CLK_A[2])
                                                     -3.722     3.901    pr1_reg[6]
  -------------------------------------------------------------------
                         required time                          3.901    <hidden>
                         arrival time                          -3.674    <hidden>
  -------------------------------------------------------------------
                         slack                                  0.227    <hidden>

Slack (MET) :             0.229ns  (required time - arrival time)
  Source:                 t1_m_reg[4]/C
                            (rising edge-triggered cell FDRE clocked by aclk  {rise@0.000ns fall@3.367ns period=6.734ns})
  Destination:            pr1_reg[0]/A[4]
                            (rising edge-triggered cell DSP48E1 clocked by aclk  {rise@0.000ns fall@3.367ns period=6.734ns})
  Path Group:             aclk
  Path Type:              Setup (Max at Slow Process Corner)
  Requirement:            6.734ns  (aclk rise@6.734ns - aclk rise@0.000ns)
  Data Path Delay:        2.699ns  (logic 0.716ns (26.527%)  route 1.983ns (73.473%))
  Logic Levels:           1  (LUT6=1)
  Clock Path Skew:        -0.049ns (DCD - SCD + CPR)
    Destination Clock Delay (DCD):    0.924ns = ( 7.658 - 6.734 ) 
    Source Clock Delay      (SCD):    0.973ns
    Clock Pessimism Removal (CPR):    0.000ns
  Clock Uncertainty:      0.035ns  ((TSJ^2 + TIJ^2)^1/2 + DJ) / 2 + PE
    Total System Jitter     (TSJ):    0.071ns
    Total Input Jitter      (TIJ):    0.000ns
    Discrete Jitter          (DJ):    0.000ns
    Phase Error              (PE):    0.000ns

    Location             Delay type                Incr(ns)  Path(ns)    Netlist Resource(s)
  -------------------------------------------------------------------    -------------------
                         (clock aclk rise edge)       0.000     0.000 r  <hidden>
                                                      0.000     0.000 r  aclk
                         net (fo=645, unset)          0.973     0.973    aclk
    SLICE_X23Y10         FDRE                                         r  t1_m_reg[4]/C
  -------------------------------------------------------------------    -------------------
    SLICE_X23Y10         FDRE (Prop_fdre_C_Q)         0.419     1.392 r  t1_m_reg[4]/Q
                         net (fo=5, routed)           0.949     2.341    t1_m[4]
    SLICE_X24Y10         LUT6 (Prop_lut6_I0_O)        0.297     2.638 r  pr1_reg[0]_i_4/O
                         net (fo=2, routed)           1.034     3.672    p_0_in__0[4]
    DSP48_X0Y5           DSP48E1                                      r  pr1_reg[0]/A[4]
  -------------------------------------------------------------------    -------------------

                         (clock aclk rise edge)       6.734     6.734 r  <hidden>
                                                      0.000     6.734 r  aclk
                         net (fo=645, unset)          0.924     7.658    aclk
    DSP48_X0Y5           DSP48E1                                      r  pr1_reg[0]/CLK
                         clock pessimism              0.000     7.658    <hidden>
                         clock uncertainty           -0.035     7.623    <hidden>
    DSP48_X0Y5           DSP48E1 (Setup_dsp48e1_CLK_A[4])
                                                     -3.722     3.901    pr1_reg[0]
  -------------------------------------------------------------------
                         required time                          3.901    <hidden>
                         arrival time                          -3.672    <hidden>
  -------------------------------------------------------------------
                         slack                                  0.229    <hidden>

Slack (MET) :             0.237ns  (required time - arrival time)
  Source:                 t1_m_reg[6]/C
                            (rising edge-triggered cell FDRE clocked by aclk  {rise@0.000ns fall@3.367ns period=6.734ns})
  Destination:            pr1_reg[4]/A[6]
                            (rising edge-triggered cell DSP48E1 clocked by aclk  {rise@0.000ns fall@3.367ns period=6.734ns})
  Path Group:             aclk
  Path Type:              Setup (Max at Slow Process Corner)
  Requirement:            6.734ns  (aclk rise@6.734ns - aclk rise@0.000ns)
  Data Path Delay:        2.483ns  (logic 0.606ns (24.406%)  route 1.877ns (75.594%))
  Logic Levels:           1  (LUT3=1)
  Clock Path Skew:        -0.049ns (DCD - SCD + CPR)
    Destination Clock Delay (DCD):    0.924ns = ( 7.658 - 6.734 ) 
    Source Clock Delay      (SCD):    0.973ns
    Clock Pessimism Removal (CPR):    0.000ns
  Clock Uncertainty:      0.035ns  ((TSJ^2 + TIJ^2)^1/2 + DJ) / 2 + PE
    Total System Jitter     (TSJ):    0.071ns
    Total Input Jitter      (TIJ):    0.000ns
    Discrete Jitter          (DJ):    0.000ns
    Phase Error              (PE):    0.000ns

    Location             Delay type                Incr(ns)  Path(ns)    Netlist Resource(s)
  -------------------------------------------------------------------    -------------------
                         (clock aclk rise edge)       0.000     0.000 r  <hidden>
                                                      0.000     0.000 r  aclk
                         net (fo=645, unset)          0.973     0.973    aclk
    SLICE_X27Y10         FDRE                                         r  t1_m_reg[6]/C
  -------------------------------------------------------------------    -------------------
    SLICE_X27Y10         FDRE (Prop_fdre_C_Q)         0.456     1.429 r  t1_m_reg[6]/Q
                         net (fo=5, routed)           0.969     2.398    t1_m[6]
    SLICE_X23Y9          LUT3 (Prop_lut3_I1_O)        0.150     2.548 r  pr1_reg[4]_i_3/O
                         net (fo=2, routed)           0.908     3.456    pr1_reg[4]_i_3_n_0
    DSP48_X1Y0           DSP48E1                                      r  pr1_reg[4]/A[6]
  -------------------------------------------------------------------    -------------------

                         (clock aclk rise edge)       6.734     6.734 r  <hidden>
                                                      0.000     6.734 r  aclk
                         net (fo=645, unset)          0.924     7.658    aclk
    DSP48_X1Y0           DSP48E1                                      r  pr1_reg[4]/CLK
                         clock pessimism              0.000     7.658    <hidden>
                         clock uncertainty           -0.035     7.623    <hidden>
    DSP48_X1Y0           DSP48E1 (Setup_dsp48e1_CLK_A[6])
                                                     -3.930     3.693    pr1_reg[4]
  -------------------------------------------------------------------
                         required time                          3.693    <hidden>
                         arrival time                          -3.456    <hidden>
  -------------------------------------------------------------------
                         slack                                  0.237    <hidden>

Slack (MET) :             0.238ns  (required time - arrival time)
  Source:                 aresetn
                            (input port clocked by aclk  {rise@0.000ns fall@3.367ns period=6.734ns})
  Destination:            pcnt_reg[4]/R
                            (rising edge-triggered cell FDRE clocked by aclk  {rise@0.000ns fall@3.367ns period=6.734ns})
  Path Group:             aclk
  Path Type:              Setup (Max at Slow Process Corner)
  Requirement:            6.734ns  (aclk rise@6.734ns - aclk rise@0.000ns)
  Data Path Delay:        4.659ns  (logic 0.150ns (3.220%)  route 4.509ns (96.780%))
  Logic Levels:           1  (LUT1=1)
  Input Delay:            2.000ns
  Clock Path Skew:        0.924ns (DCD - SCD + CPR)
    Destination Clock Delay (DCD):    0.924ns = ( 7.658 - 6.734 ) 
    Source Clock Delay      (SCD):    0.000ns
    Clock Pessimism Removal (CPR):    0.000ns
  Clock Uncertainty:      0.035ns  ((TSJ^2 + TIJ^2)^1/2 + DJ) / 2 + PE
    Total System Jitter     (TSJ):    0.071ns
    Total Input Jitter      (TIJ):    0.000ns
    Discrete Jitter          (DJ):    0.000ns
    Phase Error              (PE):    0.000ns

    Location             Delay type                Incr(ns)  Path(ns)    Netlist Resource(s)
  -------------------------------------------------------------------    -------------------
                         (clock aclk rise edge)       0.000     0.000 r  <hidden>
                         input delay                  2.000     2.000    <hidden>
                                                      0.000     2.000 f  aresetn
                         net (fo=18, unset)           0.973     2.973    aresetn
    SLICE_X23Y16         LUT1 (Prop_lut1_I0_O)        0.150     3.123 r  m_axis_tdata[7]_i_1/O
                         net (fo=547, routed)         3.536     6.659    m_axis_tdata[7]_i_1_n_0
    SLICE_X22Y1          FDRE                                         r  pcnt_reg[4]/R
  -------------------------------------------------------------------    -------------------

                         (clock aclk rise edge)       6.734     6.734 r  <hidden>
                                                      0.000     6.734 r  aclk
                         net (fo=645, unset)          0.924     7.658    aclk
    SLICE_X22Y1          FDRE                                         r  pcnt_reg[4]/C
                         clock pessimism              0.000     7.658    <hidden>
                         clock uncertainty           -0.035     7.623    <hidden>
    SLICE_X22Y1          FDRE (Setup_fdre_C_R)       -0.726     6.897    pcnt_reg[4]
  -------------------------------------------------------------------
                         required time                          6.897    <hidden>
                         arrival time                          -6.659    <hidden>
  -------------------------------------------------------------------
                         slack                                  0.238    <hidden>

Slack (MET) :             0.238ns  (required time - arrival time)
  Source:                 aresetn
                            (input port clocked by aclk  {rise@0.000ns fall@3.367ns period=6.734ns})
  Destination:            pcnt_reg[5]/R
                            (rising edge-triggered cell FDRE clocked by aclk  {rise@0.000ns fall@3.367ns period=6.734ns})
  Path Group:             aclk
  Path Type:              Setup (Max at Slow Process Corner)
  Requirement:            6.734ns  (aclk rise@6.734ns - aclk rise@0.000ns)
  Data Path Delay:        4.659ns  (logic 0.150ns (3.220%)  route 4.509ns (96.780%))
  Logic Levels:           1  (LUT1=1)
  Input Delay:            2.000ns
  Clock Path Skew:        0.924ns (DCD - SCD + CPR)
    Destination Clock Delay (DCD):    0.924ns = ( 7.658 - 6.734 ) 
    Source Clock Delay      (SCD):    0.000ns
    Clock Pessimism Removal (CPR):    0.000ns
  Clock Uncertainty:      0.035ns  ((TSJ^2 + TIJ^2)^1/2 + DJ) / 2 + PE
    Total System Jitter     (TSJ):    0.071ns
    Total Input Jitter      (TIJ):    0.000ns
    Discrete Jitter          (DJ):    0.000ns
    Phase Error              (PE):    0.000ns

    Location             Delay type                Incr(ns)  Path(ns)    Netlist Resource(s)
  -------------------------------------------------------------------    -------------------
                         (clock aclk rise edge)       0.000     0.000 r  <hidden>
                         input delay                  2.000     2.000    <hidden>
                                                      0.000     2.000 f  aresetn
                         net (fo=18, unset)           0.973     2.973    aresetn
    SLICE_X23Y16         LUT1 (Prop_lut1_I0_O)        0.150     3.123 r  m_axis_tdata[7]_i_1/O
                         net (fo=547, routed)         3.536     6.659    m_axis_tdata[7]_i_1_n_0
    SLICE_X22Y1          FDRE                                         r  pcnt_reg[5]/R
  -------------------------------------------------------------------    -------------------

                         (clock aclk rise edge)       6.734     6.734 r  <hidden>
                                                      0.000     6.734 r  aclk
                         net (fo=645, unset)          0.924     7.658    aclk
    SLICE_X22Y1          FDRE                                         r  pcnt_reg[5]/C
                         clock pessimism              0.000     7.658    <hidden>
                         clock uncertainty           -0.035     7.623    <hidden>
    SLICE_X22Y1          FDRE (Setup_fdre_C_R)       -0.726     6.897    pcnt_reg[5]
  -------------------------------------------------------------------
                         required time                          6.897    <hidden>
                         arrival time                          -6.659    <hidden>
  -------------------------------------------------------------------
                         slack                                  0.238    <hidden>





Min Delay Paths
--------------------------------------------------------------------------------------
Slack (MET) :             0.097ns  (arrival time - required time)
  Source:                 cc1_q_reg[9]/C
                            (rising edge-triggered cell FDRE clocked by aclk  {rise@0.000ns fall@3.367ns period=6.734ns})
  Destination:            ccD_q_reg[9]/D
                            (rising edge-triggered cell FDRE clocked by aclk  {rise@0.000ns fall@3.367ns period=6.734ns})
  Path Group:             aclk
  Path Type:              Hold (Min at Fast Process Corner)
  Requirement:            0.000ns  (aclk rise@0.000ns - aclk rise@0.000ns)
  Data Path Delay:        0.197ns  (logic 0.141ns (71.611%)  route 0.056ns (28.389%))
  Logic Levels:           0  
  Clock Path Skew:        0.022ns (DCD - SCD - CPR)
    Destination Clock Delay (DCD):    0.432ns
    Source Clock Delay      (SCD):    0.410ns
    Clock Pessimism Removal (CPR):    -0.000ns

    Location             Delay type                Incr(ns)  Path(ns)    Netlist Resource(s)
  -------------------------------------------------------------------    -------------------
                         (clock aclk rise edge)       0.000     0.000 r  <hidden>
                                                      0.000     0.000 r  aclk
                         net (fo=645, unset)          0.410     0.410    aclk
    SLICE_X21Y3          FDRE                                         r  cc1_q_reg[9]/C
  -------------------------------------------------------------------    -------------------
    SLICE_X21Y3          FDRE (Prop_fdre_C_Q)         0.141     0.551 r  cc1_q_reg[9]/Q
                         net (fo=1, routed)           0.056     0.607    cc1_q[9]
    SLICE_X21Y3          FDRE                                         r  ccD_q_reg[9]/D
  -------------------------------------------------------------------    -------------------

                         (clock aclk rise edge)       0.000     0.000 r  <hidden>
                                                      0.000     0.000 r  aclk
                         net (fo=645, unset)          0.432     0.432    aclk
    SLICE_X21Y3          FDRE                                         r  ccD_q_reg[9]/C
                         clock pessimism              0.000     0.432    <hidden>
    SLICE_X21Y3          FDRE (Hold_fdre_C_D)         0.078     0.510    ccD_q_reg[9]
  -------------------------------------------------------------------
                         required time                         -0.510    <hidden>
                         arrival time                           0.607    <hidden>
  -------------------------------------------------------------------
                         slack                                  0.097    <hidden>

Slack (MET) :             0.098ns  (arrival time - required time)
  Source:                 rowp_q_reg[11]/C
                            (rising edge-triggered cell FDRE clocked by aclk  {rise@0.000ns fall@3.367ns period=6.734ns})
  Destination:            rowB_q_reg[11]/D
                            (rising edge-triggered cell FDRE clocked by aclk  {rise@0.000ns fall@3.367ns period=6.734ns})
  Path Group:             aclk
  Path Type:              Hold (Min at Fast Process Corner)
  Requirement:            0.000ns  (aclk rise@0.000ns - aclk rise@0.000ns)
  Data Path Delay:        0.195ns  (logic 0.141ns (72.269%)  route 0.054ns (27.731%))
  Logic Levels:           0  
  Clock Path Skew:        0.022ns (DCD - SCD - CPR)
    Destination Clock Delay (DCD):    0.432ns
    Source Clock Delay      (SCD):    0.410ns
    Clock Pessimism Removal (CPR):    -0.000ns

    Location             Delay type                Incr(ns)  Path(ns)    Netlist Resource(s)
  -------------------------------------------------------------------    -------------------
                         (clock aclk rise edge)       0.000     0.000 r  <hidden>
                                                      0.000     0.000 r  aclk
                         net (fo=645, unset)          0.410     0.410    aclk
    SLICE_X17Y3          FDRE                                         r  rowp_q_reg[11]/C
  -------------------------------------------------------------------    -------------------
    SLICE_X17Y3          FDRE (Prop_fdre_C_Q)         0.141     0.551 r  rowp_q_reg[11]/Q
                         net (fo=1, routed)           0.054     0.605    rowp_q[11]
    SLICE_X16Y3          FDRE                                         r  rowB_q_reg[11]/D
  -------------------------------------------------------------------    -------------------

                         (clock aclk rise edge)       0.000     0.000 r  <hidden>
                                                      0.000     0.000 r  aclk
                         net (fo=645, unset)          0.432     0.432    aclk
    SLICE_X16Y3          FDRE                                         r  rowB_q_reg[11]/C
                         clock pessimism              0.000     0.432    <hidden>
    SLICE_X16Y3          FDRE (Hold_fdre_C_D)         0.076     0.508    rowB_q_reg[11]
  -------------------------------------------------------------------
                         required time                         -0.508    <hidden>
                         arrival time                           0.605    <hidden>
  -------------------------------------------------------------------
                         slack                                  0.098    <hidden>

Slack (MET) :             0.099ns  (arrival time - required time)
  Source:                 cc1_q_reg[8]/C
                            (rising edge-triggered cell FDRE clocked by aclk  {rise@0.000ns fall@3.367ns period=6.734ns})
  Destination:            ccD_q_reg[8]/D
                            (rising edge-triggered cell FDRE clocked by aclk  {rise@0.000ns fall@3.367ns period=6.734ns})
  Path Group:             aclk
  Path Type:              Hold (Min at Fast Process Corner)
  Requirement:            0.000ns  (aclk rise@0.000ns - aclk rise@0.000ns)
  Data Path Delay:        0.197ns  (logic 0.141ns (71.611%)  route 0.056ns (28.389%))
  Logic Levels:           0  
  Clock Path Skew:        0.022ns (DCD - SCD - CPR)
    Destination Clock Delay (DCD):    0.432ns
    Source Clock Delay      (SCD):    0.410ns
    Clock Pessimism Removal (CPR):    -0.000ns

    Location             Delay type                Incr(ns)  Path(ns)    Netlist Resource(s)
  -------------------------------------------------------------------    -------------------
                         (clock aclk rise edge)       0.000     0.000 r  <hidden>
                                                      0.000     0.000 r  aclk
                         net (fo=645, unset)          0.410     0.410    aclk
    SLICE_X21Y3          FDRE                                         r  cc1_q_reg[8]/C
  -------------------------------------------------------------------    -------------------
    SLICE_X21Y3          FDRE (Prop_fdre_C_Q)         0.141     0.551 r  cc1_q_reg[8]/Q
                         net (fo=1, routed)           0.056     0.607    cc1_q[8]
    SLICE_X21Y3          FDRE                                         r  ccD_q_reg[8]/D
  -------------------------------------------------------------------    -------------------

                         (clock aclk rise edge)       0.000     0.000 r  <hidden>
                                                      0.000     0.000 r  aclk
                         net (fo=645, unset)          0.432     0.432    aclk
    SLICE_X21Y3          FDRE                                         r  ccD_q_reg[8]/C
                         clock pessimism              0.000     0.432    <hidden>
    SLICE_X21Y3          FDRE (Hold_fdre_C_D)         0.076     0.508    ccD_q_reg[8]
  -------------------------------------------------------------------
                         required time                         -0.508    <hidden>
                         arrival time                           0.607    <hidden>
  -------------------------------------------------------------------
                         slack                                  0.099    <hidden>

Slack (MET) :             0.100ns  (arrival time - required time)
  Source:                 cc1_q_reg[10]/C
                            (rising edge-triggered cell FDRE clocked by aclk  {rise@0.000ns fall@3.367ns period=6.734ns})
  Destination:            ccD_q_reg[10]/D
                            (rising edge-triggered cell FDRE clocked by aclk  {rise@0.000ns fall@3.367ns period=6.734ns})
  Path Group:             aclk
  Path Type:              Hold (Min at Fast Process Corner)
  Requirement:            0.000ns  (aclk rise@0.000ns - aclk rise@0.000ns)
  Data Path Delay:        0.197ns  (logic 0.141ns (71.611%)  route 0.056ns (28.389%))
  Logic Levels:           0  
  Clock Path Skew:        0.022ns (DCD - SCD - CPR)
    Destination Clock Delay (DCD):    0.432ns
    Source Clock Delay      (SCD):    0.410ns
    Clock Pessimism Removal (CPR):    -0.000ns

    Location             Delay type                Incr(ns)  Path(ns)    Netlist Resource(s)
  -------------------------------------------------------------------    -------------------
                         (clock aclk rise edge)       0.000     0.000 r  <hidden>
                                                      0.000     0.000 r  aclk
                         net (fo=645, unset)          0.410     0.410    aclk
    SLICE_X21Y3          FDRE                                         r  cc1_q_reg[10]/C
  -------------------------------------------------------------------    -------------------
    SLICE_X21Y3          FDRE (Prop_fdre_C_Q)         0.141     0.551 r  cc1_q_reg[10]/Q
                         net (fo=1, routed)           0.056     0.607    cc1_q[10]
    SLICE_X21Y3          FDRE                                         r  ccD_q_reg[10]/D
  -------------------------------------------------------------------    -------------------

                         (clock aclk rise edge)       0.000     0.000 r  <hidden>
                                                      0.000     0.000 r  aclk
                         net (fo=645, unset)          0.432     0.432    aclk
    SLICE_X21Y3          FDRE                                         r  ccD_q_reg[10]/C
                         clock pessimism              0.000     0.432    <hidden>
    SLICE_X21Y3          FDRE (Hold_fdre_C_D)         0.075     0.507    ccD_q_reg[10]
  -------------------------------------------------------------------
                         required time                         -0.507    <hidden>
                         arrival time                           0.607    <hidden>
  -------------------------------------------------------------------
                         slack                                  0.100    <hidden>

Slack (MET) :             0.104ns  (arrival time - required time)
  Source:                 cc1_q_reg[2]/C
                            (rising edge-triggered cell FDRE clocked by aclk  {rise@0.000ns fall@3.367ns period=6.734ns})
  Destination:            ccD_q_reg[2]/D
                            (rising edge-triggered cell FDRE clocked by aclk  {rise@0.000ns fall@3.367ns period=6.734ns})
  Path Group:             aclk
  Path Type:              Hold (Min at Fast Process Corner)
  Requirement:            0.000ns  (aclk rise@0.000ns - aclk rise@0.000ns)
  Data Path Delay:        0.197ns  (logic 0.141ns (71.611%)  route 0.056ns (28.389%))
  Logic Levels:           0  
  Clock Path Skew:        0.022ns (DCD - SCD - CPR)
    Destination Clock Delay (DCD):    0.432ns
    Source Clock Delay      (SCD):    0.410ns
    Clock Pessimism Removal (CPR):    -0.000ns

    Location             Delay type                Incr(ns)  Path(ns)    Netlist Resource(s)
  -------------------------------------------------------------------    -------------------
                         (clock aclk rise edge)       0.000     0.000 r  <hidden>
                                                      0.000     0.000 r  aclk
                         net (fo=645, unset)          0.410     0.410    aclk
    SLICE_X21Y1          FDRE                                         r  cc1_q_reg[2]/C
  -------------------------------------------------------------------    -------------------
    SLICE_X21Y1          FDRE (Prop_fdre_C_Q)         0.141     0.551 r  cc1_q_reg[2]/Q
                         net (fo=1, routed)           0.056     0.607    cc1_q[2]
    SLICE_X21Y1          FDRE                                         r  ccD_q_reg[2]/D
  -------------------------------------------------------------------    -------------------

                         (clock aclk rise edge)       0.000     0.000 r  <hidden>
                                                      0.000     0.000 r  aclk
                         net (fo=645, unset)          0.432     0.432    aclk
    SLICE_X21Y1          FDRE                                         r  ccD_q_reg[2]/C
                         clock pessimism              0.000     0.432    <hidden>
    SLICE_X21Y1          FDRE (Hold_fdre_C_D)         0.071     0.503    ccD_q_reg[2]
  -------------------------------------------------------------------
                         required time                         -0.503    <hidden>
                         arrival time                           0.607    <hidden>
  -------------------------------------------------------------------
                         slack                                  0.104    <hidden>

Slack (MET) :             0.104ns  (arrival time - required time)
  Source:                 cc1_q_reg[7]/C
                            (rising edge-triggered cell FDRE clocked by aclk  {rise@0.000ns fall@3.367ns period=6.734ns})
  Destination:            ccD_q_reg[7]/D
                            (rising edge-triggered cell FDRE clocked by aclk  {rise@0.000ns fall@3.367ns period=6.734ns})
  Path Group:             aclk
  Path Type:              Hold (Min at Fast Process Corner)
  Requirement:            0.000ns  (aclk rise@0.000ns - aclk rise@0.000ns)
  Data Path Delay:        0.197ns  (logic 0.141ns (71.611%)  route 0.056ns (28.389%))
  Logic Levels:           0  
  Clock Path Skew:        0.022ns (DCD - SCD - CPR)
    Destination Clock Delay (DCD):    0.432ns
    Source Clock Delay      (SCD):    0.410ns
    Clock Pessimism Removal (CPR):    -0.000ns

    Location             Delay type                Incr(ns)  Path(ns)    Netlist Resource(s)
  -------------------------------------------------------------------    -------------------
                         (clock aclk rise edge)       0.000     0.000 r  <hidden>
                                                      0.000     0.000 r  aclk
                         net (fo=645, unset)          0.410     0.410    aclk
    SLICE_X21Y3          FDRE                                         r  cc1_q_reg[7]/C
  -------------------------------------------------------------------    -------------------
    SLICE_X21Y3          FDRE (Prop_fdre_C_Q)         0.141     0.551 r  cc1_q_reg[7]/Q
                         net (fo=1, routed)           0.056     0.607    cc1_q[7]
    SLICE_X21Y3          FDRE                                         r  ccD_q_reg[7]/D
  -------------------------------------------------------------------    -------------------

                         (clock aclk rise edge)       0.000     0.000 r  <hidden>
                                                      0.000     0.000 r  aclk
                         net (fo=645, unset)          0.432     0.432    aclk
    SLICE_X21Y3          FDRE                                         r  ccD_q_reg[7]/C
                         clock pessimism              0.000     0.432    <hidden>
    SLICE_X21Y3          FDRE (Hold_fdre_C_D)         0.071     0.503    ccD_q_reg[7]
  -------------------------------------------------------------------
                         required time                         -0.503    <hidden>
                         arrival time                           0.607    <hidden>
  -------------------------------------------------------------------
                         slack                                  0.104    <hidden>

Slack (MET) :             0.132ns  (arrival time - required time)
  Source:                 commit_pulse_reg/C
                            (rising edge-triggered cell FDRE clocked by aclk  {rise@0.000ns fall@3.367ns period=6.734ns})
  Destination:            cfg_pending_reg/D
                            (rising edge-triggered cell FDRE clocked by aclk  {rise@0.000ns fall@3.367ns period=6.734ns})
  Path Group:             aclk
  Path Type:              Hold (Min at Fast Process Corner)
  Requirement:            0.000ns  (aclk rise@0.000ns - aclk rise@0.000ns)
  Data Path Delay:        0.273ns  (logic 0.186ns (68.106%)  route 0.087ns (31.894%))
  Logic Levels:           1  (LUT6=1)
  Clock Path Skew:        0.022ns (DCD - SCD - CPR)
    Destination Clock Delay (DCD):    0.432ns
    Source Clock Delay      (SCD):    0.410ns
    Clock Pessimism Removal (CPR):    -0.000ns

    Location             Delay type                Incr(ns)  Path(ns)    Netlist Resource(s)
  -------------------------------------------------------------------    -------------------
                         (clock aclk rise edge)       0.000     0.000 r  <hidden>
                                                      0.000     0.000 r  aclk
                         net (fo=645, unset)          0.410     0.410    aclk
    SLICE_X27Y16         FDRE                                         r  commit_pulse_reg/C
  -------------------------------------------------------------------    -------------------
    SLICE_X27Y16         FDRE (Prop_fdre_C_Q)         0.141     0.551 f  commit_pulse_reg/Q
                         net (fo=1, routed)           0.087     0.638    commit_pulse
    SLICE_X26Y16         LUT6 (Prop_lut6_I0_O)        0.045     0.683 r  cfg_pending_i_1/O
                         net (fo=1, routed)           0.000     0.683    cfg_pending_i_1_n_0
    SLICE_X26Y16         FDRE                                         r  cfg_pending_reg/D
  -------------------------------------------------------------------    -------------------

                         (clock aclk rise edge)       0.000     0.000 r  <hidden>
                                                      0.000     0.000 r  aclk
                         net (fo=645, unset)          0.432     0.432    aclk
    SLICE_X26Y16         FDRE                                         r  cfg_pending_reg/C
                         clock pessimism              0.000     0.432    <hidden>
    SLICE_X26Y16         FDRE (Hold_fdre_C_D)         0.120     0.552    cfg_pending_reg
  -------------------------------------------------------------------
                         required time                         -0.552    <hidden>
                         arrival time                           0.683    <hidden>
  -------------------------------------------------------------------
                         slack                                  0.132    <hidden>

Slack (MET) :             0.134ns  (arrival time - required time)
  Source:                 v1_q_reg/C
                            (rising edge-triggered cell FDRE clocked by aclk  {rise@0.000ns fall@3.367ns period=6.734ns})
  Destination:            vD_q_reg/D
                            (rising edge-triggered cell FDRE clocked by aclk  {rise@0.000ns fall@3.367ns period=6.734ns})
  Path Group:             aclk
  Path Type:              Hold (Min at Fast Process Corner)
  Requirement:            0.000ns  (aclk rise@0.000ns - aclk rise@0.000ns)
  Data Path Delay:        0.220ns  (logic 0.164ns (74.580%)  route 0.056ns (25.420%))
  Logic Levels:           0  
  Clock Path Skew:        0.022ns (DCD - SCD - CPR)
    Destination Clock Delay (DCD):    0.432ns
    Source Clock Delay      (SCD):    0.410ns
    Clock Pessimism Removal (CPR):    -0.000ns

    Location             Delay type                Incr(ns)  Path(ns)    Netlist Resource(s)
  -------------------------------------------------------------------    -------------------
                         (clock aclk rise edge)       0.000     0.000 r  <hidden>
                                                      0.000     0.000 r  aclk
                         net (fo=645, unset)          0.410     0.410    aclk
    SLICE_X22Y3          FDRE                                         r  v1_q_reg/C
  -------------------------------------------------------------------    -------------------
    SLICE_X22Y3          FDRE (Prop_fdre_C_Q)         0.164     0.574 r  v1_q_reg/Q
                         net (fo=1, routed)           0.056     0.630    v1_q
    SLICE_X22Y3          FDRE                                         r  vD_q_reg/D
  -------------------------------------------------------------------    -------------------

                         (clock aclk rise edge)       0.000     0.000 r  <hidden>
                                                      0.000     0.000 r  aclk
                         net (fo=645, unset)          0.432     0.432    aclk
    SLICE_X22Y3          FDRE                                         r  vD_q_reg/C
                         clock pessimism              0.000     0.432    <hidden>
    SLICE_X22Y3          FDRE (Hold_fdre_C_D)         0.064     0.496    vD_q_reg
  -------------------------------------------------------------------
                         required time                         -0.496    <hidden>
                         arrival time                           0.630    <hidden>
  -------------------------------------------------------------------
                         slack                                  0.134    <hidden>

Slack (MET) :             0.145ns  (arrival time - required time)
  Source:                 ccB_q_reg[1]/C
                            (rising edge-triggered cell FDRE clocked by aclk  {rise@0.000ns fall@3.367ns period=6.734ns})
  Destination:            cc1_q_reg[1]/D
                            (rising edge-triggered cell FDRE clocked by aclk  {rise@0.000ns fall@3.367ns period=6.734ns})
  Path Group:             aclk
  Path Type:              Hold (Min at Fast Process Corner)
  Requirement:            0.000ns  (aclk rise@0.000ns - aclk rise@0.000ns)
  Data Path Delay:        0.220ns  (logic 0.164ns (74.580%)  route 0.056ns (25.420%))
  Logic Levels:           0  
  Clock Path Skew:        0.022ns (DCD - SCD - CPR)
    Destination Clock Delay (DCD):    0.432ns
    Source Clock Delay      (SCD):    0.410ns
    Clock Pessimism Removal (CPR):    -0.000ns

    Location             Delay type                Incr(ns)  Path(ns)    Netlist Resource(s)
  -------------------------------------------------------------------    -------------------
                         (clock aclk rise edge)       0.000     0.000 r  <hidden>
                                                      0.000     0.000 r  aclk
                         net (fo=645, unset)          0.410     0.410    aclk
    SLICE_X20Y1          FDRE                                         r  ccB_q_reg[1]/C
  -------------------------------------------------------------------    -------------------
    SLICE_X20Y1          FDRE (Prop_fdre_C_Q)         0.164     0.574 r  ccB_q_reg[1]/Q
                         net (fo=1, routed)           0.056     0.630    ccB_q[1]
    SLICE_X20Y1          FDRE                                         r  cc1_q_reg[1]/D
  -------------------------------------------------------------------    -------------------

                         (clock aclk rise edge)       0.000     0.000 r  <hidden>
                                                      0.000     0.000 r  aclk
                         net (fo=645, unset)          0.432     0.432    aclk
    SLICE_X20Y1          FDRE                                         r  cc1_q_reg[1]/C
                         clock pessimism              0.000     0.432    <hidden>
    SLICE_X20Y1          FDRE (Hold_fdre_C_D)         0.053     0.485    cc1_q_reg[1]
  -------------------------------------------------------------------
                         required time                         -0.485    <hidden>
                         arrival time                           0.630    <hidden>
  -------------------------------------------------------------------
                         slack                                  0.145    <hidden>

Slack (MET) :             0.155ns  (arrival time - required time)
  Source:                 rowB_q_reg[2]/C
                            (rising edge-triggered cell FDRE clocked by aclk  {rise@0.000ns fall@3.367ns period=6.734ns})
  Destination:            row1_q_reg[2]/D
                            (rising edge-triggered cell FDRE clocked by aclk  {rise@0.000ns fall@3.367ns period=6.734ns})
  Path Group:             aclk
  Path Type:              Hold (Min at Fast Process Corner)
  Requirement:            0.000ns  (aclk rise@0.000ns - aclk rise@0.000ns)
  Data Path Delay:        0.252ns  (logic 0.141ns (55.923%)  route 0.111ns (44.077%))
  Logic Levels:           0  
  Clock Path Skew:        0.022ns (DCD - SCD - CPR)
    Destination Clock Delay (DCD):    0.432ns
    Source Clock Delay      (SCD):    0.410ns
    Clock Pessimism Removal (CPR):    -0.000ns

    Location             Delay type                Incr(ns)  Path(ns)    Netlist Resource(s)
  -------------------------------------------------------------------    -------------------
                         (clock aclk rise edge)       0.000     0.000 r  <hidden>
                                                      0.000     0.000 r  aclk
                         net (fo=645, unset)          0.410     0.410    aclk
    SLICE_X15Y1          FDRE                                         r  rowB_q_reg[2]/C
  -------------------------------------------------------------------    -------------------
    SLICE_X15Y1          FDRE (Prop_fdre_C_Q)         0.141     0.551 r  rowB_q_reg[2]/Q
                         net (fo=1, routed)           0.111     0.662    rowB_q[2]
    SLICE_X16Y1          FDRE                                         r  row1_q_reg[2]/D
  -------------------------------------------------------------------    -------------------

                         (clock aclk rise edge)       0.000     0.000 r  <hidden>
                                                      0.000     0.000 r  aclk
                         net (fo=645, unset)          0.432     0.432    aclk
    SLICE_X16Y1          FDRE                                         r  row1_q_reg[2]/C
                         clock pessimism              0.000     0.432    <hidden>
    SLICE_X16Y1          FDRE (Hold_fdre_C_D)         0.076     0.508    row1_q_reg[2]
  -------------------------------------------------------------------
                         required time                         -0.508    <hidden>
                         arrival time                           0.662    <hidden>
  -------------------------------------------------------------------
                         slack                                  0.155    <hidden>

Slack (MET) :             0.157ns  (arrival time - required time)
  Source:                 kB_q_reg[2]/C
                            (rising edge-triggered cell FDRE clocked by aclk  {rise@0.000ns fall@3.367ns period=6.734ns})
  Destination:            kC_q_reg[2]/D
                            (rising edge-triggered cell FDRE clocked by aclk  {rise@0.000ns fall@3.367ns period=6.734ns})
  Path Group:             aclk
  Path Type:              Hold (Min at Fast Process Corner)
  Requirement:            0.000ns  (aclk rise@0.000ns - aclk rise@0.000ns)
  Data Path Delay:        0.251ns  (logic 0.141ns (56.174%)  route 0.110ns (43.826%))
  Logic Levels:           0  
  Clock Path Skew:        0.022ns (DCD - SCD - CPR)
    Destination Clock Delay (DCD):    0.432ns
    Source Clock Delay      (SCD):    0.410ns
    Clock Pessimism Removal (CPR):    -0.000ns

    Location             Delay type                Incr(ns)  Path(ns)    Netlist Resource(s)
  -------------------------------------------------------------------    -------------------
                         (clock aclk rise edge)       0.000     0.000 r  <hidden>
                                                      0.000     0.000 r  aclk
                         net (fo=645, unset)          0.410     0.410    aclk
    SLICE_X23Y16         FDRE                                         r  kB_q_reg[2]/C
  -------------------------------------------------------------------    -------------------
    SLICE_X23Y16         FDRE (Prop_fdre_C_Q)         0.141     0.551 r  kB_q_reg[2]/Q
                         net (fo=1, routed)           0.110     0.661    kB_q_reg_n_0_[2]
    SLICE_X23Y16         FDRE                                         r  kC_q_reg[2]/D
  -------------------------------------------------------------------    -------------------

                         (clock aclk rise edge)       0.000     0.000 r  <hidden>
                                                      0.000     0.000 r  aclk
                         net (fo=645, unset)          0.432     0.432    aclk
    SLICE_X23Y16         FDRE                                         r  kC_q_reg[2]/C
                         clock pessimism              0.000     0.432    <hidden>
    SLICE_X23Y16         FDRE (Hold_fdre_C_D)         0.072     0.504    kC_q_reg[2]
  -------------------------------------------------------------------
                         required time                         -0.504    <hidden>
                         arrival time                           0.661    <hidden>
  -------------------------------------------------------------------
                         slack                                  0.157    <hidden>

Slack (MET) :             0.161ns  (arrival time - required time)
  Source:                 row1_q_reg[12]/C
                            (rising edge-triggered cell FDRE clocked by aclk  {rise@0.000ns fall@3.367ns period=6.734ns})
  Destination:            rowD_q_reg[12]/D
                            (rising edge-triggered cell FDRE clocked by aclk  {rise@0.000ns fall@3.367ns period=6.734ns})
  Path Group:             aclk
  Path Type:              Hold (Min at Fast Process Corner)
  Requirement:            0.000ns  (aclk rise@0.000ns - aclk rise@0.000ns)
  Data Path Delay:        0.253ns  (logic 0.141ns (55.730%)  route 0.112ns (44.270%))
  Logic Levels:           0  
  Clock Path Skew:        0.022ns (DCD - SCD - CPR)
    Destination Clock Delay (DCD):    0.432ns
    Source Clock Delay      (SCD):    0.410ns
    Clock Pessimism Removal (CPR):    -0.000ns

    Location             Delay type                Incr(ns)  Path(ns)    Netlist Resource(s)
  -------------------------------------------------------------------    -------------------
                         (clock aclk rise edge)       0.000     0.000 r  <hidden>
                                                      0.000     0.000 r  aclk
                         net (fo=645, unset)          0.410     0.410    aclk
    SLICE_X15Y4          FDRE                                         r  row1_q_reg[12]/C
  -------------------------------------------------------------------    -------------------
    SLICE_X15Y4          FDRE (Prop_fdre_C_Q)         0.141     0.551 r  row1_q_reg[12]/Q
                         net (fo=1, routed)           0.112     0.663    row1_q[12]
    SLICE_X15Y5          FDRE                                         r  rowD_q_reg[12]/D
  -------------------------------------------------------------------    -------------------

                         (clock aclk rise edge)       0.000     0.000 r  <hidden>
                                                      0.000     0.000 r  aclk
                         net (fo=645, unset)          0.432     0.432    aclk
    SLICE_X15Y5          FDRE                                         r  rowD_q_reg[12]/C
                         clock pessimism              0.000     0.432    <hidden>
    SLICE_X15Y5          FDRE (Hold_fdre_C_D)         0.070     0.502    rowD_q_reg[12]
  -------------------------------------------------------------------
                         required time                         -0.502    <hidden>
                         arrival time                           0.663    <hidden>
  -------------------------------------------------------------------
                         slack                                  0.161    <hidden>

Slack (MET) :             0.164ns  (arrival time - required time)
  Source:                 sh_k1_reg[3][1]/C
                            (rising edge-triggered cell FDSE clocked by aclk  {rise@0.000ns fall@3.367ns period=6.734ns})
  Destination:            k1_q_reg[3][1]/D
                            (rising edge-triggered cell FDSE clocked by aclk  {rise@0.000ns fall@3.367ns period=6.734ns})
  Path Group:             aclk
  Path Type:              Hold (Min at Fast Process Corner)
  Requirement:            0.000ns  (aclk rise@0.000ns - aclk rise@0.000ns)
  Data Path Delay:        0.261ns  (logic 0.141ns (53.946%)  route 0.120ns (46.054%))
  Logic Levels:           0  
  Clock Path Skew:        0.022ns (DCD - SCD - CPR)
    Destination Clock Delay (DCD):    0.432ns
    Source Clock Delay      (SCD):    0.410ns
    Clock Pessimism Removal (CPR):    -0.000ns

    Location             Delay type                Incr(ns)  Path(ns)    Netlist Resource(s)
  -------------------------------------------------------------------    -------------------
                         (clock aclk rise edge)       0.000     0.000 r  <hidden>
                                                      0.000     0.000 r  aclk
                         net (fo=645, unset)          0.410     0.410    aclk
    SLICE_X21Y13         FDSE                                         r  sh_k1_reg[3][1]/C
  -------------------------------------------------------------------    -------------------
    SLICE_X21Y13         FDSE (Prop_fdse_C_Q)         0.141     0.551 r  sh_k1_reg[3][1]/Q
                         net (fo=2, routed)           0.120     0.672    sh_k1_reg_n_0_[3][1]
    SLICE_X20Y12         FDSE                                         r  k1_q_reg[3][1]/D
  -------------------------------------------------------------------    -------------------

                         (clock aclk rise edge)       0.000     0.000 r  <hidden>
                                                      0.000     0.000 r  aclk
                         net (fo=645, unset)          0.432     0.432    aclk
    SLICE_X20Y12         FDSE                                         r  k1_q_reg[3][1]/C
                         clock pessimism              0.000     0.432    <hidden>
    SLICE_X20Y12         FDSE (Hold_fdse_C_D)         0.076     0.508    k1_q_reg[3][1]
  -------------------------------------------------------------------
                         required time                         -0.508    <hidden>
                         arrival time                           0.672    <hidden>
  -------------------------------------------------------------------
                         slack                                  0.164    <hidden>

Slack (MET) :             0.164ns  (arrival time - required time)
  Source:                 rowp_q_reg[6]/C
                            (rising edge-triggered cell FDRE clocked by aclk  {rise@0.000ns fall@3.367ns period=6.734ns})
  Destination:            rowB_q_reg[6]/D
                            (rising edge-triggered cell FDRE clocked by aclk  {rise@0.000ns fall@3.367ns period=6.734ns})
  Path Group:             aclk
  Path Type:              Hold (Min at Fast Process Corner)
  Requirement:            0.000ns  (aclk rise@0.000ns - aclk rise@0.000ns)
  Data Path Delay:        0.261ns  (logic 0.164ns (62.736%)  route 0.097ns (37.264%))
  Logic Levels:           0  
  Clock Path Skew:        0.022ns (DCD - SCD - CPR)
    Destination Clock Delay (DCD):    0.432ns
    Source Clock Delay      (SCD):    0.410ns
    Clock Pessimism Removal (CPR):    -0.000ns

    Location             Delay type                Incr(ns)  Path(ns)    Netlist Resource(s)
  -------------------------------------------------------------------    -------------------
                         (clock aclk rise edge)       0.000     0.000 r  <hidden>
                                                      0.000     0.000 r  aclk
                         net (fo=645, unset)          0.410     0.410    aclk
    SLICE_X16Y2          FDRE                                         r  rowp_q_reg[6]/C
  -------------------------------------------------------------------    -------------------
    SLICE_X16Y2          FDRE (Prop_fdre_C_Q)         0.164     0.574 r  rowp_q_reg[6]/Q
                         net (fo=1, routed)           0.097     0.672    rowp_q[6]
    SLICE_X18Y1          FDRE                                         r  rowB_q_reg[6]/D
  -------------------------------------------------------------------    -------------------

                         (clock aclk rise edge)       0.000     0.000 r  <hidden>
                                                      0.000     0.000 r  aclk
                         net (fo=645, unset)          0.432     0.432    aclk
    SLICE_X18Y1          FDRE                                         r  rowB_q_reg[6]/C
                         clock pessimism              0.000     0.432    <hidden>
    SLICE_X18Y1          FDRE (Hold_fdre_C_D)         0.076     0.508    rowB_q_reg[6]
  -------------------------------------------------------------------
                         required time                         -0.508    <hidden>
                         arrival time                           0.672    <hidden>
  -------------------------------------------------------------------
                         slack                                  0.164    <hidden>

Slack (MET) :             0.170ns  (arrival time - required time)
  Source:                 row1_q_reg[1]/C
                            (rising edge-triggered cell FDRE clocked by aclk  {rise@0.000ns fall@3.367ns period=6.734ns})
  Destination:            rowD_q_reg[1]/D
                            (rising edge-triggered cell FDRE clocked by aclk  {rise@0.000ns fall@3.367ns period=6.734ns})
  Path Group:             aclk
  Path Type:              Hold (Min at Fast Process Corner)
  Requirement:            0.000ns  (aclk rise@0.000ns - aclk rise@0.000ns)
  Data Path Delay:        0.257ns  (logic 0.141ns (54.812%)  route 0.116ns (45.188%))
  Logic Levels:           0  
  Clock Path Skew:        0.022ns (DCD - SCD - CPR)
    Destination Clock Delay (DCD):    0.432ns
    Source Clock Delay      (SCD):    0.410ns
    Clock Pessimism Removal (CPR):    -0.000ns

    Location             Delay type                Incr(ns)  Path(ns)    Netlist Resource(s)
  -------------------------------------------------------------------    -------------------
                         (clock aclk rise edge)       0.000     0.000 r  <hidden>
                                                      0.000     0.000 r  aclk
                         net (fo=645, unset)          0.410     0.410    aclk
    SLICE_X15Y1          FDRE                                         r  row1_q_reg[1]/C
  -------------------------------------------------------------------    -------------------
    SLICE_X15Y1          FDRE (Prop_fdre_C_Q)         0.141     0.551 r  row1_q_reg[1]/Q
                         net (fo=1, routed)           0.116     0.667    row1_q[1]
    SLICE_X15Y0          FDRE                                         r  rowD_q_reg[1]/D
  -------------------------------------------------------------------    -------------------

                         (clock aclk rise edge)       0.000     0.000 r  <hidden>
                                                      0.000     0.000 r  aclk
                         net (fo=645, unset)          0.432     0.432    aclk
    SLICE_X15Y0          FDRE                                         r  rowD_q_reg[1]/C
                         clock pessimism              0.000     0.432    <hidden>
    SLICE_X15Y0          FDRE (Hold_fdre_C_D)         0.066     0.498    rowD_q_reg[1]
  -------------------------------------------------------------------
                         required time                         -0.498    <hidden>
                         arrival time                           0.667    <hidden>
  -------------------------------------------------------------------
                         slack                                  0.170    <hidden>

Slack (MET) :             0.174ns  (arrival time - required time)
  Source:                 sh_k_reg[0]/C
                            (rising edge-triggered cell FDSE clocked by aclk  {rise@0.000ns fall@3.367ns period=6.734ns})
  Destination:            k_q_reg[0]/D
                            (rising edge-triggered cell FDSE clocked by aclk  {rise@0.000ns fall@3.367ns period=6.734ns})
  Path Group:             aclk
  Path Type:              Hold (Min at Fast Process Corner)
  Requirement:            0.000ns  (aclk rise@0.000ns - aclk rise@0.000ns)
  Data Path Delay:        0.265ns  (logic 0.141ns (53.167%)  route 0.124ns (46.833%))
  Logic Levels:           0  
  Clock Path Skew:        0.022ns (DCD - SCD - CPR)
    Destination Clock Delay (DCD):    0.432ns
    Source Clock Delay      (SCD):    0.410ns
    Clock Pessimism Removal (CPR):    -0.000ns

    Location             Delay type                Incr(ns)  Path(ns)    Netlist Resource(s)
  -------------------------------------------------------------------    -------------------
                         (clock aclk rise edge)       0.000     0.000 r  <hidden>
                                                      0.000     0.000 r  aclk
                         net (fo=645, unset)          0.410     0.410    aclk
    SLICE_X27Y13         FDSE                                         r  sh_k_reg[0]/C
  -------------------------------------------------------------------    -------------------
    SLICE_X27Y13         FDSE (Prop_fdse_C_Q)         0.141     0.551 r  sh_k_reg[0]/Q
                         net (fo=2, routed)           0.124     0.675    sh_k_reg_n_0_[0]
    SLICE_X27Y14         FDSE                                         r  k_q_reg[0]/D
  -------------------------------------------------------------------    -------------------

                         (clock aclk rise edge)       0.000     0.000 r  <hidden>
                                                      0.000     0.000 r  aclk
                         net (fo=645, unset)          0.432     0.432    aclk
    SLICE_X27Y14         FDSE                                         r  k_q_reg[0]/C
                         clock pessimism              0.000     0.432    <hidden>
    SLICE_X27Y14         FDSE (Hold_fdse_C_D)         0.070     0.502    k_q_reg[0]
  -------------------------------------------------------------------
                         required time                         -0.502    <hidden>
                         arrival time                           0.675    <hidden>
  -------------------------------------------------------------------
                         slack                                  0.174    <hidden>

Slack (MET) :             0.176ns  (arrival time - required time)
  Source:                 rowB_q_reg[4]/C
                            (rising edge-triggered cell FDRE clocked by aclk  {rise@0.000ns fall@3.367ns period=6.734ns})
  Destination:            row1_q_reg[4]/D
                            (rising edge-triggered cell FDRE clocked by aclk  {rise@0.000ns fall@3.367ns period=6.734ns})
  Path Group:             aclk
  Path Type:              Hold (Min at Fast Process Corner)
  Requirement:            0.000ns  (aclk rise@0.000ns - aclk rise@0.000ns)
  Data Path Delay:        0.257ns  (logic 0.141ns (54.899%)  route 0.116ns (45.101%))
  Logic Levels:           0  
  Clock Path Skew:        0.022ns (DCD - SCD - CPR)
    Destination Clock Delay (DCD):    0.432ns
    Source Clock Delay      (SCD):    0.410ns
    Clock Pessimism Removal (CPR):    -0.000ns

    Location             Delay type                Incr(ns)  Path(ns)    Netlist Resource(s)
  -------------------------------------------------------------------    -------------------
                         (clock aclk rise edge)       0.000     0.000 r  <hidden>
                                                      0.000     0.000 r  aclk
                         net (fo=645, unset)          0.410     0.410    aclk
    SLICE_X15Y0          FDRE                                         r  rowB_q_reg[4]/C
  -------------------------------------------------------------------    -------------------
    SLICE_X15Y0          FDRE (Prop_fdre_C_Q)         0.141     0.551 r  rowB_q_reg[4]/Q
                         net (fo=1, routed)           0.116     0.667    rowB_q[4]
    SLICE_X16Y0          FDRE                                         r  row1_q_reg[4]/D
  -------------------------------------------------------------------    -------------------

                         (clock aclk rise edge)       0.000     0.000 r  <hidden>
                                                      0.000     0.000 r  aclk
                         net (fo=645, unset)          0.432     0.432    aclk
    SLICE_X16Y0          FDRE                                         r  row1_q_reg[4]/C
                         clock pessimism              0.000     0.432    <hidden>
    SLICE_X16Y0          FDRE (Hold_fdre_C_D)         0.059     0.491    row1_q_reg[4]
  -------------------------------------------------------------------
                         required time                         -0.491    <hidden>
                         arrival time                           0.667    <hidden>
  -------------------------------------------------------------------
                         slack                                  0.176    <hidden>

Slack (MET) :             0.179ns  (arrival time - required time)
  Source:                 cc1_q_reg[3]/C
                            (rising edge-triggered cell FDRE clocked by aclk  {rise@0.000ns fall@3.367ns period=6.734ns})
  Destination:            ccD_q_reg[3]/D
                            (rising edge-triggered cell FDRE clocked by aclk  {rise@0.000ns fall@3.367ns period=6.734ns})
  Path Group:             aclk
  Path Type:              Hold (Min at Fast Process Corner)
  Requirement:            0.000ns  (aclk rise@0.000ns - aclk rise@0.000ns)
  Data Path Delay:        0.276ns  (logic 0.164ns (59.339%)  route 0.112ns (40.661%))
  Logic Levels:           0  
  Clock Path Skew:        0.022ns (DCD - SCD - CPR)
    Destination Clock Delay (DCD):    0.432ns
    Source Clock Delay      (SCD):    0.410ns
    Clock Pessimism Removal (CPR):    -0.000ns

    Location             Delay type                Incr(ns)  Path(ns)    Netlist Resource(s)
  -------------------------------------------------------------------    -------------------
                         (clock aclk rise edge)       0.000     0.000 r  <hidden>
                                                      0.000     0.000 r  aclk
                         net (fo=645, unset)          0.410     0.410    aclk
    SLICE_X20Y1          FDRE                                         r  cc1_q_reg[3]/C
  -------------------------------------------------------------------    -------------------
    SLICE_X20Y1          FDRE (Prop_fdre_C_Q)         0.164     0.574 r  cc1_q_reg[3]/Q
                         net (fo=1, routed)           0.112     0.687    cc1_q[3]
    SLICE_X20Y1          FDRE                                         r  ccD_q_reg[3]/D
  -------------------------------------------------------------------    -------------------

                         (clock aclk rise edge)       0.000     0.000 r  <hidden>
                                                      0.000     0.000 r  aclk
                         net (fo=645, unset)          0.432     0.432    aclk
    SLICE_X20Y1          FDRE                                         r  ccD_q_reg[3]/C
                         clock pessimism              0.000     0.432    <hidden>
    SLICE_X20Y1          FDRE (Hold_fdre_C_D)         0.076     0.508    ccD_q_reg[3]
  -------------------------------------------------------------------
                         required time                         -0.508    <hidden>
                         arrival time                           0.687    <hidden>
  -------------------------------------------------------------------
                         slack                                  0.179    <hidden>

Slack (MET) :             0.179ns  (arrival time - required time)
  Source:                 vB_q_reg/C
                            (rising edge-triggered cell FDRE clocked by aclk  {rise@0.000ns fall@3.367ns period=6.734ns})
  Destination:            v1_q_reg/D
                            (rising edge-triggered cell FDRE clocked by aclk  {rise@0.000ns fall@3.367ns period=6.734ns})
  Path Group:             aclk
  Path Type:              Hold (Min at Fast Process Corner)
  Requirement:            0.000ns  (aclk rise@0.000ns - aclk rise@0.000ns)
  Data Path Delay:        0.276ns  (logic 0.164ns (59.339%)  route 0.112ns (40.661%))
  Logic Levels:           0  
  Clock Path Skew:        0.022ns (DCD - SCD - CPR)
    Destination Clock Delay (DCD):    0.432ns
    Source Clock Delay      (SCD):    0.410ns
    Clock Pessimism Removal (CPR):    -0.000ns

    Location             Delay type                Incr(ns)  Path(ns)    Netlist Resource(s)
  -------------------------------------------------------------------    -------------------
                         (clock aclk rise edge)       0.000     0.000 r  <hidden>
                                                      0.000     0.000 r  aclk
                         net (fo=645, unset)          0.410     0.410    aclk
    SLICE_X22Y3          FDRE                                         r  vB_q_reg/C
  -------------------------------------------------------------------    -------------------
    SLICE_X22Y3          FDRE (Prop_fdre_C_Q)         0.164     0.574 r  vB_q_reg/Q
                         net (fo=1, routed)           0.112     0.687    vB_q
    SLICE_X22Y3          FDRE                                         r  v1_q_reg/D
  -------------------------------------------------------------------    -------------------

                         (clock aclk rise edge)       0.000     0.000 r  <hidden>
                                                      0.000     0.000 r  aclk
                         net (fo=645, unset)          0.432     0.432    aclk
    SLICE_X22Y3          FDRE                                         r  v1_q_reg/C
                         clock pessimism              0.000     0.432    <hidden>
    SLICE_X22Y3          FDRE (Hold_fdre_C_D)         0.076     0.508    v1_q_reg
  -------------------------------------------------------------------
                         required time                         -0.508    <hidden>
                         arrival time                           0.687    <hidden>
  -------------------------------------------------------------------
                         slack                                  0.179    <hidden>

Slack (MET) :             0.181ns  (arrival time - required time)
  Source:                 rowB_q_reg[7]/C
                            (rising edge-triggered cell FDRE clocked by aclk  {rise@0.000ns fall@3.367ns period=6.734ns})
  Destination:            row1_q_reg[7]/D
                            (rising edge-triggered cell FDRE clocked by aclk  {rise@0.000ns fall@3.367ns period=6.734ns})
  Path Group:             aclk
  Path Type:              Hold (Min at Fast Process Corner)
  Requirement:            0.000ns  (aclk rise@0.000ns - aclk rise@0.000ns)
  Data Path Delay:        0.278ns  (logic 0.164ns (58.912%)  route 0.114ns (41.088%))
  Logic Levels:           0  
  Clock Path Skew:        0.022ns (DCD - SCD - CPR)
    Destination Clock Delay (DCD):    0.432ns
    Source Clock Delay      (SCD):    0.410ns
    Clock Pessimism Removal (CPR):    -0.000ns

    Location             Delay type                Incr(ns)  Path(ns)    Netlist Resource(s)
  -------------------------------------------------------------------    -------------------
                         (clock aclk rise edge)       0.000     0.000 r  <hidden>
                                                      0.000     0.000 r  aclk
                         net (fo=645, unset)          0.410     0.410    aclk
    SLICE_X18Y1          FDRE                                         r  rowB_q_reg[7]/C
  -------------------------------------------------------------------    -------------------
    SLICE_X18Y1          FDRE (Prop_fdre_C_Q)         0.164     0.574 r  rowB_q_reg[7]/Q
                         net (fo=1, routed)           0.114     0.689    rowB_q[7]
    SLICE_X18Y1          FDRE                                         r  row1_q_reg[7]/D
  -------------------------------------------------------------------    -------------------

                         (clock aclk rise edge)       0.000     0.000 r  <hidden>
                                                      0.000     0.000 r  aclk
                         net (fo=645, unset)          0.432     0.432    aclk
    SLICE_X18Y1          FDRE                                         r  row1_q_reg[7]/C
                         clock pessimism              0.000     0.432    <hidden>
    SLICE_X18Y1          FDRE (Hold_fdre_C_D)         0.076     0.508    row1_q_reg[7]
  -------------------------------------------------------------------
                         required time                         -0.508    <hidden>
                         arrival time                           0.689    <hidden>
  -------------------------------------------------------------------
                         slack                                  0.181    <hidden>

Slack (MET) :             0.182ns  (arrival time - required time)
  Source:                 ccB_q_reg[6]/C
                            (rising edge-triggered cell FDRE clocked by aclk  {rise@0.000ns fall@3.367ns period=6.734ns})
  Destination:            cc1_q_reg[6]/D
                            (rising edge-triggered cell FDRE clocked by aclk  {rise@0.000ns fall@3.367ns period=6.734ns})
  Path Group:             aclk
  Path Type:              Hold (Min at Fast Process Corner)
  Requirement:            0.000ns  (aclk rise@0.000ns - aclk rise@0.000ns)
  Data Path Delay:        0.274ns  (logic 0.164ns (59.853%)  route 0.110ns (40.147%))
  Logic Levels:           0  
  Clock Path Skew:        0.022ns (DCD - SCD - CPR)
    Destination Clock Delay (DCD):    0.432ns
    Source Clock Delay      (SCD):    0.410ns
    Clock Pessimism Removal (CPR):    -0.000ns

    Location             Delay type                Incr(ns)  Path(ns)    Netlist Resource(s)
  -------------------------------------------------------------------    -------------------
                         (clock aclk rise edge)       0.000     0.000 r  <hidden>
                                                      0.000     0.000 r  aclk
                         net (fo=645, unset)          0.410     0.410    aclk
    SLICE_X20Y0          FDRE                                         r  ccB_q_reg[6]/C
  -------------------------------------------------------------------    -------------------
    SLICE_X20Y0          FDRE (Prop_fdre_C_Q)         0.164     0.574 r  ccB_q_reg[6]/Q
                         net (fo=1, routed)           0.110     0.684    ccB_q[6]
    SLICE_X21Y0          FDRE                                         r  cc1_q_reg[6]/D
  -------------------------------------------------------------------    -------------------

                         (clock aclk rise edge)       0.000     0.000 r  <hidden>
                                                      0.000     0.000 r  aclk
                         net (fo=645, unset)          0.432     0.432    aclk
    SLICE_X21Y0          FDRE                                         r  cc1_q_reg[6]/C
                         clock pessimism              0.000     0.432    <hidden>
    SLICE_X21Y0          FDRE (Hold_fdre_C_D)         0.070     0.502    cc1_q_reg[6]
  -------------------------------------------------------------------
                         required time                         -0.502    <hidden>
                         arrival time                           0.684    <hidden>
  -------------------------------------------------------------------
                         slack                                  0.182    <hidden>

Slack (MET) :             0.182ns  (arrival time - required time)
  Source:                 sh_k_reg[2]/C
                            (rising edge-triggered cell FDRE clocked by aclk  {rise@0.000ns fall@3.367ns period=6.734ns})
  Destination:            s_axil_rdata_reg[6]/D
                            (rising edge-triggered cell FDRE clocked by aclk  {rise@0.000ns fall@3.367ns period=6.734ns})
  Path Group:             aclk
  Path Type:              Hold (Min at Fast Process Corner)
  Requirement:            0.000ns  (aclk rise@0.000ns - aclk rise@0.000ns)
  Data Path Delay:        0.295ns  (logic 0.186ns (63.037%)  route 0.109ns (36.963%))
  Logic Levels:           1  (LUT6=1)
  Clock Path Skew:        0.022ns (DCD - SCD - CPR)
    Destination Clock Delay (DCD):    0.432ns
    Source Clock Delay      (SCD):    0.410ns
    Clock Pessimism Removal (CPR):    -0.000ns

    Location             Delay type                Incr(ns)  Path(ns)    Netlist Resource(s)
  -------------------------------------------------------------------    -------------------
                         (clock aclk rise edge)       0.000     0.000 r  <hidden>
                                                      0.000     0.000 r  aclk
                         net (fo=645, unset)          0.410     0.410    aclk
    SLICE_X25Y13         FDRE                                         r  sh_k_reg[2]/C
  -------------------------------------------------------------------    -------------------
    SLICE_X25Y13         FDRE (Prop_fdre_C_Q)         0.141     0.551 r  sh_k_reg[2]/Q
                         net (fo=2, routed)           0.109     0.660    sh_k_reg_n_0_[2]
    SLICE_X24Y13         LUT6 (Prop_lut6_I3_O)        0.045     0.705 r  s_axil_rdata[6]_i_1/O
                         net (fo=1, routed)           0.000     0.705    s_axil_rdata[6]_i_1_n_0
    SLICE_X24Y13         FDRE                                         r  s_axil_rdata_reg[6]/D
  -------------------------------------------------------------------    -------------------

                         (clock aclk rise edge)       0.000     0.000 r  <hidden>
                                                      0.000     0.000 r  aclk
                         net (fo=645, unset)          0.432     0.432    aclk
    SLICE_X24Y13         FDRE                                         r  s_axil_rdata_reg[6]/C
                         clock pessimism              0.000     0.432    <hidden>
    SLICE_X24Y13         FDRE (Hold_fdre_C_D)         0.091     0.523    s_axil_rdata_reg[6]
  -------------------------------------------------------------------
                         required time                         -0.523    <hidden>
                         arrival time                           0.705    <hidden>
  -------------------------------------------------------------------
                         slack                                  0.182    <hidden>

Slack (MET) :             0.183ns  (arrival time - required time)
  Source:                 cc1_q_reg[4]/C
                            (rising edge-triggered cell FDRE clocked by aclk  {rise@0.000ns fall@3.367ns period=6.734ns})
  Destination:            ccD_q_reg[4]/D
                            (rising edge-triggered cell FDRE clocked by aclk  {rise@0.000ns fall@3.367ns period=6.734ns})
  Path Group:             aclk
  Path Type:              Hold (Min at Fast Process Corner)
  Requirement:            0.000ns  (aclk rise@0.000ns - aclk rise@0.000ns)
  Data Path Delay:        0.257ns  (logic 0.141ns (54.828%)  route 0.116ns (45.172%))
  Logic Levels:           0  
  Clock Path Skew:        0.022ns (DCD - SCD - CPR)
    Destination Clock Delay (DCD):    0.432ns
    Source Clock Delay      (SCD):    0.410ns
    Clock Pessimism Removal (CPR):    -0.000ns

    Location             Delay type                Incr(ns)  Path(ns)    Netlist Resource(s)
  -------------------------------------------------------------------    -------------------
                         (clock aclk rise edge)       0.000     0.000 r  <hidden>
                                                      0.000     0.000 r  aclk
                         net (fo=645, unset)          0.410     0.410    aclk
    SLICE_X21Y0          FDRE                                         r  cc1_q_reg[4]/C
  -------------------------------------------------------------------    -------------------
    SLICE_X21Y0          FDRE (Prop_fdre_C_Q)         0.141     0.551 r  cc1_q_reg[4]/Q
                         net (fo=1, routed)           0.116     0.667    cc1_q[4]
    SLICE_X20Y0          FDRE                                         r  ccD_q_reg[4]/D
  -------------------------------------------------------------------    -------------------

                         (clock aclk rise edge)       0.000     0.000 r  <hidden>
                                                      0.000     0.000 r  aclk
                         net (fo=645, unset)          0.432     0.432    aclk
    SLICE_X20Y0          FDRE                                         r  ccD_q_reg[4]/C
                         clock pessimism              0.000     0.432    <hidden>
    SLICE_X20Y0          FDRE (Hold_fdre_C_D)         0.053     0.485    ccD_q_reg[4]
  -------------------------------------------------------------------
                         required time                         -0.485    <hidden>
                         arrival time                           0.667    <hidden>
  -------------------------------------------------------------------
                         slack                                  0.183    <hidden>

Slack (MET) :             0.184ns  (arrival time - required time)
  Source:                 rowB_q_reg[0]/C
                            (rising edge-triggered cell FDRE clocked by aclk  {rise@0.000ns fall@3.367ns period=6.734ns})
  Destination:            row1_q_reg[0]/D
                            (rising edge-triggered cell FDRE clocked by aclk  {rise@0.000ns fall@3.367ns period=6.734ns})
  Path Group:             aclk
  Path Type:              Hold (Min at Fast Process Corner)
  Requirement:            0.000ns  (aclk rise@0.000ns - aclk rise@0.000ns)
  Data Path Delay:        0.280ns  (logic 0.164ns (58.492%)  route 0.116ns (41.508%))
  Logic Levels:           0  
  Clock Path Skew:        0.022ns (DCD - SCD - CPR)
    Destination Clock Delay (DCD):    0.432ns
    Source Clock Delay      (SCD):    0.410ns
    Clock Pessimism Removal (CPR):    -0.000ns

    Location             Delay type                Incr(ns)  Path(ns)    Netlist Resource(s)
  -------------------------------------------------------------------    -------------------
                         (clock aclk rise edge)       0.000     0.000 r  <hidden>
                                                      0.000     0.000 r  aclk
                         net (fo=645, unset)          0.410     0.410    aclk
    SLICE_X16Y1          FDRE                                         r  rowB_q_reg[0]/C
  -------------------------------------------------------------------    -------------------
    SLICE_X16Y1          FDRE (Prop_fdre_C_Q)         0.164     0.574 r  rowB_q_reg[0]/Q
                         net (fo=1, routed)           0.116     0.691    rowB_q[0]
    SLICE_X16Y1          FDRE                                         r  row1_q_reg[0]/D
  -------------------------------------------------------------------    -------------------

                         (clock aclk rise edge)       0.000     0.000 r  <hidden>
                                                      0.000     0.000 r  aclk
                         net (fo=645, unset)          0.432     0.432    aclk
    SLICE_X16Y1          FDRE                                         r  row1_q_reg[0]/C
                         clock pessimism              0.000     0.432    <hidden>
    SLICE_X16Y1          FDRE (Hold_fdre_C_D)         0.075     0.507    row1_q_reg[0]
  -------------------------------------------------------------------
                         required time                         -0.507    <hidden>
                         arrival time                           0.691    <hidden>
  -------------------------------------------------------------------
                         slack                                  0.184    <hidden>

Slack (MET) :             0.184ns  (arrival time - required time)
  Source:                 col_in_reg[0]/C
                            (rising edge-triggered cell FDRE clocked by aclk  {rise@0.000ns fall@3.367ns period=6.734ns})
  Destination:            g_lb_bram.lb1_b_reg/ADDRARDADDR[3]
                            (rising edge-triggered cell RAMB18E1 clocked by aclk  {rise@0.000ns fall@3.367ns period=6.734ns})
  Path Group:             aclk
  Path Type:              Hold (Min at Fast Process Corner)
  Requirement:            0.000ns  (aclk rise@0.000ns - aclk rise@0.000ns)
  Data Path Delay:        0.389ns  (logic 0.141ns (36.285%)  route 0.248ns (63.715%))
  Logic Levels:           0  
  Clock Path Skew:        0.022ns (DCD - SCD - CPR)
    Destination Clock Delay (DCD):    0.432ns
    Source Clock Delay      (SCD):    0.410ns
    Clock Pessimism Removal (CPR):    -0.000ns

    Location             Delay type                Incr(ns)  Path(ns)    Netlist Resource(s)
  -------------------------------------------------------------------    -------------------
                         (clock aclk rise edge)       0.000     0.000 r  <hidden>
                                                      0.000     0.000 r  aclk
                         net (fo=645, unset)          0.410     0.410    aclk
    SLICE_X9Y6           FDRE                                         r  col_in_reg[0]/C
  -------------------------------------------------------------------    -------------------
    SLICE_X9Y6           FDRE (Prop_fdre_C_Q)         0.141     0.551 r  col_in_reg[0]/Q
                         net (fo=10, routed)          0.248     0.799    col_in[0]
    RAMB18_X0Y2          RAMB18E1                                     r  g_lb_bram.lb1_b_reg/ADDRARDADDR[3]
  -------------------------------------------------------------------    -------------------

                         (clock aclk rise edge)       0.000     0.000 r  <hidden>
                                                      0.000     0.000 r  aclk
                         net (fo=645, unset)          0.432     0.432    aclk
    RAMB18_X0Y2          RAMB18E1                                     r  g_lb_bram.lb1_b_reg/CLKARDCLK
                         clock pessimism              0.000     0.432    <hidden>
    RAMB18_X0Y2          RAMB18E1 (Hold_ramb18e1_CLKARDCLK_ADDRARDADDR[3])
                                                      0.183     0.615    g_lb_bram.lb1_b_reg
  -------------------------------------------------------------------
                         required time                         -0.615    <hidden>
                         arrival time                           0.799    <hidden>
  -------------------------------------------------------------------
                         slack                                  0.184    <hidden>





Pulse Width Checks
--------------------------------------------------------------------------------------
Clock Name:         aclk
Waveform(ns):       { 0.000 3.367 }
Period(ns):         6.734
Sources:            { aclk }

Check Type        Corner  Lib Pin             Reference Pin  Required(ns)  Actual(ns)  Slack(ns)  Location      Pin
Min Period        n/a     DSP48E1/CLK         n/a            3.687         6.734       3.047      DSP48_X0Y7    pr1_reg[1]/CLK
Min Period        n/a     DSP48E1/CLK         n/a            3.687         6.734       3.047      DSP48_X1Y0    pr1_reg[4]/CLK
Min Period        n/a     DSP48E1/CLK         n/a            3.687         6.734       3.047      DSP48_X2Y4    pr1_reg[7]/CLK
Min Period        n/a     DSP48E1/CLK         n/a            3.687         6.734       3.047      DSP48_X1Y3    pr2_reg[3]/CLK
Min Period        n/a     DSP48E1/CLK         n/a            3.687         6.734       3.047      DSP48_X0Y3    pr2_reg[4]/CLK
Min Period        n/a     DSP48E1/CLK         n/a            3.687         6.734       3.047      DSP48_X0Y2    pr2_reg[5]/CLK
Min Period        n/a     RAMB18E1/CLKARDCLK  n/a            2.944         6.734       3.790      RAMB18_X0Y2   g_lb_bram.lb1_b_reg/CLKARDCLK
Min Period        n/a     RAMB18E1/CLKARDCLK  n/a            2.944         6.734       3.790      RAMB18_X0Y3   g_lb_bram.lb2_b_reg/CLKARDCLK
Min Period        n/a     RAMB18E1/CLKBWRCLK  n/a            2.576         6.734       4.158      RAMB18_X0Y2   g_lb_bram.lb1_b_reg/CLKBWRCLK
Min Period        n/a     RAMB18E1/CLKBWRCLK  n/a            2.576         6.734       4.158      RAMB18_X0Y3   g_lb_bram.lb2_b_reg/CLKBWRCLK
Min Period        n/a     DSP48E1/CLK         n/a            2.154         6.734       4.580      DSP48_X0Y5    pr1_reg[0]/CLK
Min Period        n/a     DSP48E1/CLK         n/a            2.154         6.734       4.580      DSP48_X1Y4    pr1_reg[2]/CLK
Min Period        n/a     DSP48E1/CLK         n/a            2.154         6.734       4.580      DSP48_X1Y7    pr1_reg[3]/CLK
Min Period        n/a     DSP48E1/CLK         n/a            2.154         6.734       4.580      DSP48_X1Y1    pr1_reg[5]/CLK
Min Period        n/a     DSP48E1/CLK         n/a            2.154         6.734       4.580      DSP48_X2Y3    pr1_reg[6]/CLK
Min Period        n/a     DSP48E1/CLK         n/a            2.154         6.734       4.580      DSP48_X1Y5    pr1_reg[8]/CLK
Min Period        n/a     DSP48E1/CLK         n/a            2.154         6.734       4.580      DSP48_X2Y2    pr2_reg[0]/CLK
Min Period        n/a     DSP48E1/CLK         n/a            2.154         6.734       4.580      DSP48_X0Y6    pr2_reg[1]/CLK
Min Period        n/a     DSP48E1/CLK         n/a            2.154         6.734       4.580      DSP48_X1Y6    pr2_reg[2]/CLK
Min Period        n/a     DSP48E1/CLK         n/a            2.154         6.734       4.580      DSP48_X0Y4    pr2_reg[6]/CLK
Min Period        n/a     DSP48E1/CLK         n/a            2.154         6.734       4.580      DSP48_X2Y5    pr2_reg[7]/CLK
Min Period        n/a     DSP48E1/CLK         n/a            2.154         6.734       4.580      DSP48_X1Y2    pr2_reg[8]/CLK
Min Period        n/a     FDRE/C              n/a            1.000         6.734       5.734      SLICE_X12Y3   FSM_onehot_state_reg[0]/C
Min Period        n/a     FDSE/C              n/a            1.000         6.734       5.734      SLICE_X12Y3   FSM_onehot_state_reg[1]/C
Min Period        n/a     FDRE/C              n/a            1.000         6.734       5.734      SLICE_X12Y3   FSM_onehot_state_reg[2]/C
Low Pulse Width   Slow    FDRE/C              n/a            0.500         3.367       2.867      SLICE_X12Y3   FSM_onehot_state_reg[0]/C
Low Pulse Width   Fast    FDRE/C              n/a            0.500         3.367       2.867      SLICE_X12Y3   FSM_onehot_state_reg[0]/C
Low Pulse Width   Slow    FDSE/C              n/a            0.500         3.367       2.867      SLICE_X12Y3   FSM_onehot_state_reg[1]/C
Low Pulse Width   Fast    FDSE/C              n/a            0.500         3.367       2.867      SLICE_X12Y3   FSM_onehot_state_reg[1]/C
Low Pulse Width   Slow    FDRE/C              n/a            0.500         3.367       2.867      SLICE_X12Y3   FSM_onehot_state_reg[2]/C
Low Pulse Width   Fast    FDRE/C              n/a            0.500         3.367       2.867      SLICE_X12Y3   FSM_onehot_state_reg[2]/C
Low Pulse Width   Slow    FDRE/C              n/a            0.500         3.367       2.867      SLICE_X12Y3   FSM_onehot_state_reg[3]/C
Low Pulse Width   Fast    FDRE/C              n/a            0.500         3.367       2.867      SLICE_X12Y3   FSM_onehot_state_reg[3]/C
Low Pulse Width   Slow    FDRE/C              n/a            0.500         3.367       2.867      SLICE_X18Y7   acc1_q_reg[0]/C
Low Pulse Width   Fast    FDRE/C              n/a            0.500         3.367       2.867      SLICE_X18Y7   acc1_q_reg[0]/C
Low Pulse Width   Slow    FDRE/C              n/a            0.500         3.367       2.867      SLICE_X18Y9   acc1_q_reg[10]/C
Low Pulse Width   Fast    FDRE/C              n/a            0.500         3.367       2.867      SLICE_X18Y9   acc1_q_reg[10]/C
Low Pulse Width   Slow    FDRE/C              n/a            0.500         3.367       2.867      SLICE_X18Y9   acc1_q_reg[11]/C
Low Pulse Width   Fast    FDRE/C              n/a            0.500         3.367       2.867      SLICE_X18Y9   acc1_q_reg[11]/C
Low Pulse Width   Slow    FDRE/C              n/a            0.500         3.367       2.867      SLICE_X18Y10  acc1_q_reg[12]/C
Low Pulse Width   Fast    FDRE/C              n/a            0.500         3.367       2.867      SLICE_X18Y10  acc1_q_reg[12]/C
Low Pulse Width   Slow    FDRE/C              n/a            0.500         3.367       2.867      SLICE_X18Y10  acc1_q_reg[13]/C
Low Pulse Width   Fast    FDRE/C              n/a            0.500         3.367       2.867      SLICE_X18Y10  acc1_q_reg[13]/C
Low Pulse Width   Slow    FDRE/C              n/a            0.500         3.367       2.867      SLICE_X18Y10  acc1_q_reg[14]/C
Low Pulse Width   Fast    FDRE/C              n/a            0.500         3.367       2.867      SLICE_X18Y10  acc1_q_reg[14]/C
Low Pulse Width   Slow    FDRE/C              n/a            0.500         3.367       2.867      SLICE_X18Y10  acc1_q_reg[15]/C
Low Pulse Width   Fast    FDRE/C              n/a            0.500         3.367       2.867      SLICE_X18Y10  acc1_q_reg[15]/C
Low Pulse Width   Slow    FDRE/C              n/a            0.500         3.367       2.867      SLICE_X18Y11  acc1_q_reg[16]/C
Low Pulse Width   Fast    FDRE/C              n/a            0.500         3.367       2.867      SLICE_X18Y11  acc1_q_reg[16]/C
Low Pulse Width   Slow    FDRE/C              n/a            0.500         3.367       2.867      SLICE_X18Y11  acc1_q_reg[17]/C
High Pulse Width  Slow    FDRE/C              n/a            0.500         3.367       2.867      SLICE_X12Y3   FSM_onehot_state_reg[0]/C
High Pulse Width  Fast    FDRE/C              n/a            0.500         3.367       2.867      SLICE_X12Y3   FSM_onehot_state_reg[0]/C
High Pulse Width  Slow    FDSE/C              n/a            0.500         3.367       2.867      SLICE_X12Y3   FSM_onehot_state_reg[1]/C
High Pulse Width  Fast    FDSE/C              n/a            0.500         3.367       2.867      SLICE_X12Y3   FSM_onehot_state_reg[1]/C
High Pulse Width  Slow    FDRE/C              n/a            0.500         3.367       2.867      SLICE_X12Y3   FSM_onehot_state_reg[2]/C
High Pulse Width  Fast    FDRE/C              n/a            0.500         3.367       2.867      SLICE_X12Y3   FSM_onehot_state_reg[2]/C
High Pulse Width  Slow    FDRE/C              n/a            0.500         3.367       2.867      SLICE_X12Y3   FSM_onehot_state_reg[3]/C
High Pulse Width  Fast    FDRE/C              n/a            0.500         3.367       2.867      SLICE_X12Y3   FSM_onehot_state_reg[3]/C
High Pulse Width  Slow    FDRE/C              n/a            0.500         3.367       2.867      SLICE_X18Y7   acc1_q_reg[0]/C
High Pulse Width  Fast    FDRE/C              n/a            0.500         3.367       2.867      SLICE_X18Y7   acc1_q_reg[0]/C
High Pulse Width  Slow    FDRE/C              n/a            0.500         3.367       2.867      SLICE_X18Y9   acc1_q_reg[10]/C
High Pulse Width  Fast    FDRE/C              n/a            0.500         3.367       2.867      SLICE_X18Y9   acc1_q_reg[10]/C
High Pulse Width  Slow    FDRE/C              n/a            0.500         3.367       2.867      SLICE_X18Y9   acc1_q_reg[11]/C
High Pulse Width  Fast    FDRE/C              n/a            0.500         3.367       2.867      SLICE_X18Y9   acc1_q_reg[11]/C
High Pulse Width  Slow    FDRE/C              n/a            0.500         3.367       2.867      SLICE_X18Y10  acc1_q_reg[12]/C
High Pulse Width  Fast    FDRE/C              n/a            0.500         3.367       2.867      SLICE_X18Y10  acc1_q_reg[12]/C
High Pulse Width  Slow    FDRE/C              n/a            0.500         3.367       2.867      SLICE_X18Y10  acc1_q_reg[13]/C
High Pulse Width  Fast    FDRE/C              n/a            0.500         3.367       2.867      SLICE_X18Y10  acc1_q_reg[13]/C
High Pulse Width  Slow    FDRE/C              n/a            0.500         3.367       2.867      SLICE_X18Y10  acc1_q_reg[14]/C
High Pulse Width  Fast    FDRE/C              n/a            0.500         3.367       2.867      SLICE_X18Y10  acc1_q_reg[14]/C
High Pulse Width  Slow    FDRE/C              n/a            0.500         3.367       2.867      SLICE_X18Y10  acc1_q_reg[15]/C
High Pulse Width  Fast    FDRE/C              n/a            0.500         3.367       2.867      SLICE_X18Y10  acc1_q_reg[15]/C
High Pulse Width  Slow    FDRE/C              n/a            0.500         3.367       2.867      SLICE_X18Y11  acc1_q_reg[16]/C
High Pulse Width  Fast    FDRE/C              n/a            0.500         3.367       2.867      SLICE_X18Y11  acc1_q_reg[16]/C
High Pulse Width  Slow    FDRE/C              n/a            0.500         3.367       2.867      SLICE_X18Y11  acc1_q_reg[17]/C



