Copyright 1986-2022 Xilinx, Inc. All Rights Reserved. Copyright 2022-2026 Advanced Micro Devices, Inc. All Rights Reserved.
---------------------------------------------------------------------------------------------------------------------------------------------
| Tool Version : Vivado v.2026.1 (win64) Build 6511674 Tue Jun 16 11:02:23 MDT 2026
| Date         : Wed Sep 30 02:03:08 2026
| Host         : <redacted> running 64-bit major release  (build 9200)
| Command      : report_timing_summary -delay_type min_max -max_paths 25 -file conv3x3_engine_W1920_extratiming_tim_impl.rpt
| Design       : conv3x3_engine
| Device       : 7z020-clg400
| Speed File   : -1  PRODUCTION 1.12 2019-11-22
| Design State : Physopt postRoute
---------------------------------------------------------------------------------------------------------------------------------------------

Timing Summary Report

------------------------------------------------------------------------------------------------
| Timer Settings
| --------------
------------------------------------------------------------------------------------------------

  Enable Multi Corner Analysis               :  Yes
  Enable Pessimism Removal                   :  Yes
  Pessimism Removal Resolution               :  Nearest Common Node
  Enable Input Delay Default Clock           :  No
  Enable Preset / Clear Arcs                 :  No
  Disable Flight Delays                      :  No
  Ignore I/O Paths                           :  No
  Timing Early Launch at Borrowing Latches   :  No
  Borrow Time for Max Delay Exceptions       :  Yes
  Merge Timing Exceptions                    :  Yes
  Inter-SLR Compensation                     :  Conservative

  Corner  Analyze    Analyze    
  Name    Max Paths  Min Paths  
  ------  ---------  ---------  
  Slow    Yes        Yes        
  Fast    Yes        Yes        


------------------------------------------------------------------------------------------------
| Report Methodology
| ------------------
------------------------------------------------------------------------------------------------

No report available as report_methodology has not been run prior. Run report_methodology on the current design for the summary of methodology violations.



check_timing report

Table of Contents
-----------------
1. checking no_clock (0)
2. checking constant_clock (0)
3. checking pulse_width_clock (0)
4. checking unconstrained_internal_endpoints (0)
5. checking no_input_delay (0)
6. checking no_output_delay (0)
7. checking multiple_clock (0)
8. checking generated_clocks (0)
9. checking loops (0)
10. checking partial_input_delay (0)
11. checking partial_output_delay (0)
12. checking latch_loops (0)

1. checking no_clock (0)
------------------------
 There are 0 register/latch pins with no clock.


2. checking constant_clock (0)
------------------------------
 There are 0 register/latch pins with constant_clock.


3. checking pulse_width_clock (0)
---------------------------------
 There are 0 register/latch pins which need pulse_width check


4. checking unconstrained_internal_endpoints (0)
------------------------------------------------
 There are 0 pins that are not constrained for maximum delay.

 There are 0 pins that are not constrained for maximum delay due to constant clock.


5. checking no_input_delay (0)
------------------------------
 There are 0 input ports with no input delay specified.

 There are 0 input ports with no input delay but user has a false path constraint.


6. checking no_output_delay (0)
-------------------------------
 There are 0 ports with no output delay specified.

 There are 0 ports with no output delay but user has a false path constraint

 There are 0 ports with no output delay but with a timing clock defined on it or propagating through it


7. checking multiple_clock (0)
------------------------------
 There are 0 register/latch pins with multiple clocks.


8. checking generated_clocks (0)
--------------------------------
 There are 0 generated clocks that are not connected to a clock source.


9. checking loops (0)
---------------------
 There are 0 combinational loops in the design.


10. checking partial_input_delay (0)
------------------------------------
 There are 0 input ports with partial input delay specified.


11. checking partial_output_delay (0)
-------------------------------------
 There are 0 ports with partial output delay specified.


12. checking latch_loops (0)
----------------------------
 There are 0 combinational latch loops in the design through latch input



------------------------------------------------------------------------------------------------
| Design Timing Summary
| ---------------------
------------------------------------------------------------------------------------------------

    WNS(ns)      TNS(ns)  TNS Failing Endpoints  TNS Total Endpoints      WHS(ns)      THS(ns)  THS Failing Endpoints  THS Total Endpoints     WPWS(ns)     TPWS(ns)  TPWS Failing Endpoints  TPWS Total Endpoints  
    -------      -------  ---------------------  -------------------      -------      -------  ---------------------  -------------------     --------     --------  ----------------------  --------------------  
      0.066        0.000                      0                12030        0.102        0.000                      0                12030        2.117        0.000                       0                  1856  


All user specified timing constraints are met.


------------------------------------------------------------------------------------------------
| Clock Summary
| -------------
------------------------------------------------------------------------------------------------

Clock  Waveform(ns)         Period(ns)      Frequency(MHz)
-----  ------------         ----------      --------------
aclk   {0.000 3.367}        6.734           148.500         


------------------------------------------------------------------------------------------------
| Intra Clock Table
| -----------------
------------------------------------------------------------------------------------------------

Clock             WNS(ns)      TNS(ns)  TNS Failing Endpoints  TNS Total Endpoints      WHS(ns)      THS(ns)  THS Failing Endpoints  THS Total Endpoints     WPWS(ns)     TPWS(ns)  TPWS Failing Endpoints  TPWS Total Endpoints  
-----             -------      -------  ---------------------  -------------------      -------      -------  ---------------------  -------------------     --------     --------  ----------------------  --------------------  
aclk                0.066        0.000                      0                12030        0.102        0.000                      0                12030        2.117        0.000                       0                  1856  


------------------------------------------------------------------------------------------------
| Inter Clock Table
| -----------------
------------------------------------------------------------------------------------------------

From Clock    To Clock          WNS(ns)      TNS(ns)  TNS Failing Endpoints  TNS Total Endpoints      WHS(ns)      THS(ns)  THS Failing Endpoints  THS Total Endpoints  
----------    --------          -------      -------  ---------------------  -------------------      -------      -------  ---------------------  -------------------  


------------------------------------------------------------------------------------------------
| Other Path Groups Table
| -----------------------
------------------------------------------------------------------------------------------------

Path Group    From Clock    To Clock          WNS(ns)      TNS(ns)  TNS Failing Endpoints  TNS Total Endpoints      WHS(ns)      THS(ns)  THS Failing Endpoints  THS Total Endpoints  
----------    ----------    --------          -------      -------  ---------------------  -------------------      -------      -------  ---------------------  -------------------  


------------------------------------------------------------------------------------------------
| Timing Details
| --------------
------------------------------------------------------------------------------------------------


---------------------------------------------------------------------------------------------------
From Clock:  aclk
  To Clock:  aclk

Setup :            0  Failing Endpoints,  Worst Slack        0.066ns,  Total Violation        0.000ns
Hold  :            0  Failing Endpoints,  Worst Slack        0.102ns,  Total Violation        0.000ns
PW    :            0  Failing Endpoints,  Worst Slack        2.117ns,  Total Violation        0.000ns
---------------------------------------------------------------------------------------------------


Max Delay Paths
--------------------------------------------------------------------------------------
Slack (MET) :             0.066ns  (required time - arrival time)
  Source:                 pcnt_q_reg[2]_replica/C
                            (rising edge-triggered cell FDRE clocked by aclk  {rise@0.000ns fall@3.367ns period=6.734ns})
  Destination:            pr1_reg[6]/A[2]
                            (rising edge-triggered cell DSP48E1 clocked by aclk  {rise@0.000ns fall@3.367ns period=6.734ns})
  Path Group:             aclk
  Path Type:              Setup (Max at Slow Process Corner)
  Requirement:            6.734ns  (aclk rise@6.734ns - aclk rise@0.000ns)
  Data Path Delay:        2.862ns  (logic 0.890ns (31.098%)  route 1.972ns (68.902%))
  Logic Levels:           3  (LUT3=1 LUT6=2)
  Clock Path Skew:        -0.049ns (DCD - SCD + CPR)
    Destination Clock Delay (DCD):    0.924ns = ( 7.658 - 6.734 ) 
    Source Clock Delay      (SCD):    0.973ns
    Clock Pessimism Removal (CPR):    0.000ns
  Clock Uncertainty:      0.035ns  ((TSJ^2 + TIJ^2)^1/2 + DJ) / 2 + PE
    Total System Jitter     (TSJ):    0.071ns
    Total Input Jitter      (TIJ):    0.000ns
    Discrete Jitter          (DJ):    0.000ns
    Phase Error              (PE):    0.000ns

    Location             Delay type                Incr(ns)  Path(ns)    Netlist Resource(s)
  -------------------------------------------------------------------    -------------------
                         (clock aclk rise edge)       0.000     0.000 r  <hidden>
                                                      0.000     0.000 r  aclk
                         net (fo=1855, unset)         0.973     0.973    aclk
    SLICE_X16Y8          FDRE                                         r  pcnt_q_reg[2]_replica/C
  -------------------------------------------------------------------    -------------------
    SLICE_X16Y8          FDRE (Prop_fdre_C_Q)         0.518     1.491 f  pcnt_q_reg[2]_replica/Q
                         net (fo=1, routed)           0.667     2.158    pcnt_q[2]_repN
    SLICE_X17Y8          LUT6 (Prop_lut6_I0_O)        0.124     2.282 f  pr2_reg[3]_i_11/O
                         net (fo=1, routed)           0.149     2.431    pr2_reg[3]_i_11_n_0
    SLICE_X17Y8          LUT6 (Prop_lut6_I5_O)        0.124     2.555 r  pr2_reg[3]_i_10/O
                         net (fo=24, routed)          0.603     3.158    lrep
    SLICE_X13Y7          LUT3 (Prop_lut3_I2_O)        0.124     3.282 r  pr2_reg[6]_i_6/O
                         net (fo=2, routed)           0.553     3.835    pr2_reg[6]_i_6_n_0
    DSP48_X0Y2           DSP48E1                                      r  pr1_reg[6]/A[2]
  -------------------------------------------------------------------    -------------------

                         (clock aclk rise edge)       6.734     6.734 r  <hidden>
                                                      0.000     6.734 r  aclk
                         net (fo=1855, unset)         0.924     7.658    aclk
    DSP48_X0Y2           DSP48E1                                      r  pr1_reg[6]/CLK
                         clock pessimism              0.000     7.658    <hidden>
                         clock uncertainty           -0.035     7.623    <hidden>
    DSP48_X0Y2           DSP48E1 (Setup_dsp48e1_CLK_A[2])
                                                     -3.722     3.901    pr1_reg[6]
  -------------------------------------------------------------------
                         required time                          3.901    <hidden>
                         arrival time                          -3.835    <hidden>
  -------------------------------------------------------------------
                         slack                                  0.066    <hidden>

Slack (MET) :             0.066ns  (required time - arrival time)
  Source:                 pcnt_q_reg[2]_replica/C
                            (rising edge-triggered cell FDRE clocked by aclk  {rise@0.000ns fall@3.367ns period=6.734ns})
  Destination:            pr2_reg[6]/A[2]
                            (rising edge-triggered cell DSP48E1 clocked by aclk  {rise@0.000ns fall@3.367ns period=6.734ns})
  Path Group:             aclk
  Path Type:              Setup (Max at Slow Process Corner)
  Requirement:            6.734ns  (aclk rise@6.734ns - aclk rise@0.000ns)
  Data Path Delay:        2.862ns  (logic 0.890ns (31.098%)  route 1.972ns (68.902%))
  Logic Levels:           3  (LUT3=1 LUT6=2)
  Clock Path Skew:        -0.049ns (DCD - SCD + CPR)
    Destination Clock Delay (DCD):    0.924ns = ( 7.658 - 6.734 ) 
    Source Clock Delay      (SCD):    0.973ns
    Clock Pessimism Removal (CPR):    0.000ns
  Clock Uncertainty:      0.035ns  ((TSJ^2 + TIJ^2)^1/2 + DJ) / 2 + PE
    Total System Jitter     (TSJ):    0.071ns
    Total Input Jitter      (TIJ):    0.000ns
    Discrete Jitter          (DJ):    0.000ns
    Phase Error              (PE):    0.000ns

    Location             Delay type                Incr(ns)  Path(ns)    Netlist Resource(s)
  -------------------------------------------------------------------    -------------------
                         (clock aclk rise edge)       0.000     0.000 r  <hidden>
                                                      0.000     0.000 r  aclk
                         net (fo=1855, unset)         0.973     0.973    aclk
    SLICE_X16Y8          FDRE                                         r  pcnt_q_reg[2]_replica/C
  -------------------------------------------------------------------    -------------------
    SLICE_X16Y8          FDRE (Prop_fdre_C_Q)         0.518     1.491 f  pcnt_q_reg[2]_replica/Q
                         net (fo=1, routed)           0.667     2.158    pcnt_q[2]_repN
    SLICE_X17Y8          LUT6 (Prop_lut6_I0_O)        0.124     2.282 f  pr2_reg[3]_i_11/O
                         net (fo=1, routed)           0.149     2.431    pr2_reg[3]_i_11_n_0
    SLICE_X17Y8          LUT6 (Prop_lut6_I5_O)        0.124     2.555 r  pr2_reg[3]_i_10/O
                         net (fo=24, routed)          0.603     3.158    lrep
    SLICE_X13Y7          LUT3 (Prop_lut3_I2_O)        0.124     3.282 r  pr2_reg[6]_i_6/O
                         net (fo=2, routed)           0.553     3.835    pr2_reg[6]_i_6_n_0
    DSP48_X0Y3           DSP48E1                                      r  pr2_reg[6]/A[2]
  -------------------------------------------------------------------    -------------------

                         (clock aclk rise edge)       6.734     6.734 r  <hidden>
                                                      0.000     6.734 r  aclk
                         net (fo=1855, unset)         0.924     7.658    aclk
    DSP48_X0Y3           DSP48E1                                      r  pr2_reg[6]/CLK
                         clock pessimism              0.000     7.658    <hidden>
                         clock uncertainty           -0.035     7.623    <hidden>
    DSP48_X0Y3           DSP48E1 (Setup_dsp48e1_CLK_A[2])
                                                     -3.722     3.901    pr2_reg[6]
  -------------------------------------------------------------------
                         required time                          3.901    <hidden>
                         arrival time                          -3.835    <hidden>
  -------------------------------------------------------------------
                         slack                                  0.066    <hidden>

Slack (MET) :             0.069ns  (required time - arrival time)
  Source:                 aresetn
                            (input port clocked by aclk  {rise@0.000ns fall@3.367ns period=6.734ns})
  Destination:            rowB_q_reg[8]/R
                            (rising edge-triggered cell FDRE clocked by aclk  {rise@0.000ns fall@3.367ns period=6.734ns})
  Path Group:             aclk
  Path Type:              Setup (Max at Slow Process Corner)
  Requirement:            6.734ns  (aclk rise@6.734ns - aclk rise@0.000ns)
  Data Path Delay:        5.125ns  (logic 0.124ns (2.419%)  route 5.001ns (97.581%))
  Logic Levels:           1  (LUT1=1)
  Input Delay:            2.000ns
  Clock Path Skew:        0.924ns (DCD - SCD + CPR)
    Destination Clock Delay (DCD):    0.924ns = ( 7.658 - 6.734 ) 
    Source Clock Delay      (SCD):    0.000ns
    Clock Pessimism Removal (CPR):    0.000ns
  Clock Uncertainty:      0.035ns  ((TSJ^2 + TIJ^2)^1/2 + DJ) / 2 + PE
    Total System Jitter     (TSJ):    0.071ns
    Total Input Jitter      (TIJ):    0.000ns
    Discrete Jitter          (DJ):    0.000ns
    Phase Error              (PE):    0.000ns

    Location             Delay type                Incr(ns)  Path(ns)    Netlist Resource(s)
  -------------------------------------------------------------------    -------------------
                         (clock aclk rise edge)       0.000     0.000 r  <hidden>
                         input delay                  2.000     2.000    <hidden>
                                                      0.000     2.000 f  aresetn
                         net (fo=18, unset)           0.973     2.973    aresetn
    SLICE_X36Y16         LUT1 (Prop_lut1_I0_O)        0.124     3.097 r  m_axis_tdata[7]_i_1_replica_1/O
                         net (fo=410, routed)         4.028     7.125    m_axis_tdata[7]_i_1_n_0_repN_1
    SLICE_X51Y19         FDRE                                         r  rowB_q_reg[8]/R
  -------------------------------------------------------------------    -------------------

                         (clock aclk rise edge)       6.734     6.734 r  <hidden>
                                                      0.000     6.734 r  aclk
                         net (fo=1855, unset)         0.924     7.658    aclk
    SLICE_X51Y19         FDRE                                         r  rowB_q_reg[8]/C
                         clock pessimism              0.000     7.658    <hidden>
                         clock uncertainty           -0.035     7.623    <hidden>
    SLICE_X51Y19         FDRE (Setup_fdre_C_R)       -0.429     7.194    rowB_q_reg[8]
  -------------------------------------------------------------------
                         required time                          7.194    <hidden>
                         arrival time                          -7.125    <hidden>
  -------------------------------------------------------------------
                         slack                                  0.069    <hidden>

Slack (MET) :             0.069ns  (required time - arrival time)
  Source:                 aresetn
                            (input port clocked by aclk  {rise@0.000ns fall@3.367ns period=6.734ns})
  Destination:            rowD_q_reg[11]/R
                            (rising edge-triggered cell FDRE clocked by aclk  {rise@0.000ns fall@3.367ns period=6.734ns})
  Path Group:             aclk
  Path Type:              Setup (Max at Slow Process Corner)
  Requirement:            6.734ns  (aclk rise@6.734ns - aclk rise@0.000ns)
  Data Path Delay:        5.125ns  (logic 0.124ns (2.419%)  route 5.001ns (97.581%))
  Logic Levels:           1  (LUT1=1)
  Input Delay:            2.000ns
  Clock Path Skew:        0.924ns (DCD - SCD + CPR)
    Destination Clock Delay (DCD):    0.924ns = ( 7.658 - 6.734 ) 
    Source Clock Delay      (SCD):    0.000ns
    Clock Pessimism Removal (CPR):    0.000ns
  Clock Uncertainty:      0.035ns  ((TSJ^2 + TIJ^2)^1/2 + DJ) / 2 + PE
    Total System Jitter     (TSJ):    0.071ns
    Total Input Jitter      (TIJ):    0.000ns
    Discrete Jitter          (DJ):    0.000ns
    Phase Error              (PE):    0.000ns

    Location             Delay type                Incr(ns)  Path(ns)    Netlist Resource(s)
  -------------------------------------------------------------------    -------------------
                         (clock aclk rise edge)       0.000     0.000 r  <hidden>
                         input delay                  2.000     2.000    <hidden>
                                                      0.000     2.000 f  aresetn
                         net (fo=18, unset)           0.973     2.973    aresetn
    SLICE_X36Y16         LUT1 (Prop_lut1_I0_O)        0.124     3.097 r  m_axis_tdata[7]_i_1_replica_1/O
                         net (fo=410, routed)         4.028     7.125    m_axis_tdata[7]_i_1_n_0_repN_1
    SLICE_X51Y19         FDRE                                         r  rowD_q_reg[11]/R
  -------------------------------------------------------------------    -------------------

                         (clock aclk rise edge)       6.734     6.734 r  <hidden>
                                                      0.000     6.734 r  aclk
                         net (fo=1855, unset)         0.924     7.658    aclk
    SLICE_X51Y19         FDRE                                         r  rowD_q_reg[11]/C
                         clock pessimism              0.000     7.658    <hidden>
                         clock uncertainty           -0.035     7.623    <hidden>
    SLICE_X51Y19         FDRE (Setup_fdre_C_R)       -0.429     7.194    rowD_q_reg[11]
  -------------------------------------------------------------------
                         required time                          7.194    <hidden>
                         arrival time                          -7.125    <hidden>
  -------------------------------------------------------------------
                         slack                                  0.069    <hidden>

Slack (MET) :             0.069ns  (required time - arrival time)
  Source:                 aresetn
                            (input port clocked by aclk  {rise@0.000ns fall@3.367ns period=6.734ns})
  Destination:            rowD_q_reg[12]/R
                            (rising edge-triggered cell FDRE clocked by aclk  {rise@0.000ns fall@3.367ns period=6.734ns})
  Path Group:             aclk
  Path Type:              Setup (Max at Slow Process Corner)
  Requirement:            6.734ns  (aclk rise@6.734ns - aclk rise@0.000ns)
  Data Path Delay:        5.125ns  (logic 0.124ns (2.419%)  route 5.001ns (97.581%))
  Logic Levels:           1  (LUT1=1)
  Input Delay:            2.000ns
  Clock Path Skew:        0.924ns (DCD - SCD + CPR)
    Destination Clock Delay (DCD):    0.924ns = ( 7.658 - 6.734 ) 
    Source Clock Delay      (SCD):    0.000ns
    Clock Pessimism Removal (CPR):    0.000ns
  Clock Uncertainty:      0.035ns  ((TSJ^2 + TIJ^2)^1/2 + DJ) / 2 + PE
    Total System Jitter     (TSJ):    0.071ns
    Total Input Jitter      (TIJ):    0.000ns
    Discrete Jitter          (DJ):    0.000ns
    Phase Error              (PE):    0.000ns

    Location             Delay type                Incr(ns)  Path(ns)    Netlist Resource(s)
  -------------------------------------------------------------------    -------------------
                         (clock aclk rise edge)       0.000     0.000 r  <hidden>
                         input delay                  2.000     2.000    <hidden>
                                                      0.000     2.000 f  aresetn
                         net (fo=18, unset)           0.973     2.973    aresetn
    SLICE_X36Y16         LUT1 (Prop_lut1_I0_O)        0.124     3.097 r  m_axis_tdata[7]_i_1_replica_1/O
                         net (fo=410, routed)         4.028     7.125    m_axis_tdata[7]_i_1_n_0_repN_1
    SLICE_X51Y19         FDRE                                         r  rowD_q_reg[12]/R
  -------------------------------------------------------------------    -------------------

                         (clock aclk rise edge)       6.734     6.734 r  <hidden>
                                                      0.000     6.734 r  aclk
                         net (fo=1855, unset)         0.924     7.658    aclk
    SLICE_X51Y19         FDRE                                         r  rowD_q_reg[12]/C
                         clock pessimism              0.000     7.658    <hidden>
                         clock uncertainty           -0.035     7.623    <hidden>
    SLICE_X51Y19         FDRE (Setup_fdre_C_R)       -0.429     7.194    rowD_q_reg[12]
  -------------------------------------------------------------------
                         required time                          7.194    <hidden>
                         arrival time                          -7.125    <hidden>
  -------------------------------------------------------------------
                         slack                                  0.069    <hidden>

Slack (MET) :             0.069ns  (required time - arrival time)
  Source:                 aresetn
                            (input port clocked by aclk  {rise@0.000ns fall@3.367ns period=6.734ns})
  Destination:            rowD_q_reg[13]/R
                            (rising edge-triggered cell FDRE clocked by aclk  {rise@0.000ns fall@3.367ns period=6.734ns})
  Path Group:             aclk
  Path Type:              Setup (Max at Slow Process Corner)
  Requirement:            6.734ns  (aclk rise@6.734ns - aclk rise@0.000ns)
  Data Path Delay:        5.125ns  (logic 0.124ns (2.419%)  route 5.001ns (97.581%))
  Logic Levels:           1  (LUT1=1)
  Input Delay:            2.000ns
  Clock Path Skew:        0.924ns (DCD - SCD + CPR)
    Destination Clock Delay (DCD):    0.924ns = ( 7.658 - 6.734 ) 
    Source Clock Delay      (SCD):    0.000ns
    Clock Pessimism Removal (CPR):    0.000ns
  Clock Uncertainty:      0.035ns  ((TSJ^2 + TIJ^2)^1/2 + DJ) / 2 + PE
    Total System Jitter     (TSJ):    0.071ns
    Total Input Jitter      (TIJ):    0.000ns
    Discrete Jitter          (DJ):    0.000ns
    Phase Error              (PE):    0.000ns

    Location             Delay type                Incr(ns)  Path(ns)    Netlist Resource(s)
  -------------------------------------------------------------------    -------------------
                         (clock aclk rise edge)       0.000     0.000 r  <hidden>
                         input delay                  2.000     2.000    <hidden>
                                                      0.000     2.000 f  aresetn
                         net (fo=18, unset)           0.973     2.973    aresetn
    SLICE_X36Y16         LUT1 (Prop_lut1_I0_O)        0.124     3.097 r  m_axis_tdata[7]_i_1_replica_1/O
                         net (fo=410, routed)         4.028     7.125    m_axis_tdata[7]_i_1_n_0_repN_1
    SLICE_X51Y19         FDRE                                         r  rowD_q_reg[13]/R
  -------------------------------------------------------------------    -------------------

                         (clock aclk rise edge)       6.734     6.734 r  <hidden>
                                                      0.000     6.734 r  aclk
                         net (fo=1855, unset)         0.924     7.658    aclk
    SLICE_X51Y19         FDRE                                         r  rowD_q_reg[13]/C
                         clock pessimism              0.000     7.658    <hidden>
                         clock uncertainty           -0.035     7.623    <hidden>
    SLICE_X51Y19         FDRE (Setup_fdre_C_R)       -0.429     7.194    rowD_q_reg[13]
  -------------------------------------------------------------------
                         required time                          7.194    <hidden>
                         arrival time                          -7.125    <hidden>
  -------------------------------------------------------------------
                         slack                                  0.069    <hidden>

Slack (MET) :             0.069ns  (required time - arrival time)
  Source:                 aresetn
                            (input port clocked by aclk  {rise@0.000ns fall@3.367ns period=6.734ns})
  Destination:            rowD_q_reg[15]/R
                            (rising edge-triggered cell FDRE clocked by aclk  {rise@0.000ns fall@3.367ns period=6.734ns})
  Path Group:             aclk
  Path Type:              Setup (Max at Slow Process Corner)
  Requirement:            6.734ns  (aclk rise@6.734ns - aclk rise@0.000ns)
  Data Path Delay:        5.125ns  (logic 0.124ns (2.419%)  route 5.001ns (97.581%))
  Logic Levels:           1  (LUT1=1)
  Input Delay:            2.000ns
  Clock Path Skew:        0.924ns (DCD - SCD + CPR)
    Destination Clock Delay (DCD):    0.924ns = ( 7.658 - 6.734 ) 
    Source Clock Delay      (SCD):    0.000ns
    Clock Pessimism Removal (CPR):    0.000ns
  Clock Uncertainty:      0.035ns  ((TSJ^2 + TIJ^2)^1/2 + DJ) / 2 + PE
    Total System Jitter     (TSJ):    0.071ns
    Total Input Jitter      (TIJ):    0.000ns
    Discrete Jitter          (DJ):    0.000ns
    Phase Error              (PE):    0.000ns

    Location             Delay type                Incr(ns)  Path(ns)    Netlist Resource(s)
  -------------------------------------------------------------------    -------------------
                         (clock aclk rise edge)       0.000     0.000 r  <hidden>
                         input delay                  2.000     2.000    <hidden>
                                                      0.000     2.000 f  aresetn
                         net (fo=18, unset)           0.973     2.973    aresetn
    SLICE_X36Y16         LUT1 (Prop_lut1_I0_O)        0.124     3.097 r  m_axis_tdata[7]_i_1_replica_1/O
                         net (fo=410, routed)         4.028     7.125    m_axis_tdata[7]_i_1_n_0_repN_1
    SLICE_X51Y19         FDRE                                         r  rowD_q_reg[15]/R
  -------------------------------------------------------------------    -------------------

                         (clock aclk rise edge)       6.734     6.734 r  <hidden>
                                                      0.000     6.734 r  aclk
                         net (fo=1855, unset)         0.924     7.658    aclk
    SLICE_X51Y19         FDRE                                         r  rowD_q_reg[15]/C
                         clock pessimism              0.000     7.658    <hidden>
                         clock uncertainty           -0.035     7.623    <hidden>
    SLICE_X51Y19         FDRE (Setup_fdre_C_R)       -0.429     7.194    rowD_q_reg[15]
  -------------------------------------------------------------------
                         required time                          7.194    <hidden>
                         arrival time                          -7.125    <hidden>
  -------------------------------------------------------------------
                         slack                                  0.069    <hidden>

Slack (MET) :             0.069ns  (required time - arrival time)
  Source:                 aresetn
                            (input port clocked by aclk  {rise@0.000ns fall@3.367ns period=6.734ns})
  Destination:            rowD_q_reg[9]/R
                            (rising edge-triggered cell FDRE clocked by aclk  {rise@0.000ns fall@3.367ns period=6.734ns})
  Path Group:             aclk
  Path Type:              Setup (Max at Slow Process Corner)
  Requirement:            6.734ns  (aclk rise@6.734ns - aclk rise@0.000ns)
  Data Path Delay:        5.125ns  (logic 0.124ns (2.419%)  route 5.001ns (97.581%))
  Logic Levels:           1  (LUT1=1)
  Input Delay:            2.000ns
  Clock Path Skew:        0.924ns (DCD - SCD + CPR)
    Destination Clock Delay (DCD):    0.924ns = ( 7.658 - 6.734 ) 
    Source Clock Delay      (SCD):    0.000ns
    Clock Pessimism Removal (CPR):    0.000ns
  Clock Uncertainty:      0.035ns  ((TSJ^2 + TIJ^2)^1/2 + DJ) / 2 + PE
    Total System Jitter     (TSJ):    0.071ns
    Total Input Jitter      (TIJ):    0.000ns
    Discrete Jitter          (DJ):    0.000ns
    Phase Error              (PE):    0.000ns

    Location             Delay type                Incr(ns)  Path(ns)    Netlist Resource(s)
  -------------------------------------------------------------------    -------------------
                         (clock aclk rise edge)       0.000     0.000 r  <hidden>
                         input delay                  2.000     2.000    <hidden>
                                                      0.000     2.000 f  aresetn
                         net (fo=18, unset)           0.973     2.973    aresetn
    SLICE_X36Y16         LUT1 (Prop_lut1_I0_O)        0.124     3.097 r  m_axis_tdata[7]_i_1_replica_1/O
                         net (fo=410, routed)         4.028     7.125    m_axis_tdata[7]_i_1_n_0_repN_1
    SLICE_X51Y19         FDRE                                         r  rowD_q_reg[9]/R
  -------------------------------------------------------------------    -------------------

                         (clock aclk rise edge)       6.734     6.734 r  <hidden>
                                                      0.000     6.734 r  aclk
                         net (fo=1855, unset)         0.924     7.658    aclk
    SLICE_X51Y19         FDRE                                         r  rowD_q_reg[9]/C
                         clock pessimism              0.000     7.658    <hidden>
                         clock uncertainty           -0.035     7.623    <hidden>
    SLICE_X51Y19         FDRE (Setup_fdre_C_R)       -0.429     7.194    rowD_q_reg[9]
  -------------------------------------------------------------------
                         required time                          7.194    <hidden>
                         arrival time                          -7.125    <hidden>
  -------------------------------------------------------------------
                         slack                                  0.069    <hidden>

Slack (MET) :             0.122ns  (required time - arrival time)
  Source:                 k1_q_reg[6][7]/C
                            (rising edge-triggered cell FDSE clocked by aclk  {rise@0.000ns fall@3.367ns period=6.734ns})
  Destination:            pr1_reg[6]/B[7]
                            (rising edge-triggered cell DSP48E1 clocked by aclk  {rise@0.000ns fall@3.367ns period=6.734ns})
  Path Group:             aclk
  Path Type:              Setup (Max at Slow Process Corner)
  Requirement:            6.734ns  (aclk rise@6.734ns - aclk rise@0.000ns)
  Data Path Delay:        2.815ns  (logic 0.478ns (16.983%)  route 2.337ns (83.017%))
  Logic Levels:           0  
  Clock Path Skew:        -0.049ns (DCD - SCD + CPR)
    Destination Clock Delay (DCD):    0.924ns = ( 7.658 - 6.734 ) 
    Source Clock Delay      (SCD):    0.973ns
    Clock Pessimism Removal (CPR):    0.000ns
  Clock Uncertainty:      0.035ns  ((TSJ^2 + TIJ^2)^1/2 + DJ) / 2 + PE
    Total System Jitter     (TSJ):    0.071ns
    Total Input Jitter      (TIJ):    0.000ns
    Discrete Jitter          (DJ):    0.000ns
    Phase Error              (PE):    0.000ns

    Location             Delay type                Incr(ns)  Path(ns)    Netlist Resource(s)
  -------------------------------------------------------------------    -------------------
                         (clock aclk rise edge)       0.000     0.000 r  <hidden>
                                                      0.000     0.000 r  aclk
                         net (fo=1855, unset)         0.973     0.973    aclk
    SLICE_X26Y6          FDSE                                         r  k1_q_reg[6][7]/C
  -------------------------------------------------------------------    -------------------
    SLICE_X26Y6          FDSE (Prop_fdse_C_Q)         0.478     1.451 r  k1_q_reg[6][7]/Q
                         net (fo=11, routed)          2.337     3.788    k1_q_reg[6][7]
    DSP48_X0Y2           DSP48E1                                      r  pr1_reg[6]/B[7]
  -------------------------------------------------------------------    -------------------

                         (clock aclk rise edge)       6.734     6.734 r  <hidden>
                                                      0.000     6.734 r  aclk
                         net (fo=1855, unset)         0.924     7.658    aclk
    DSP48_X0Y2           DSP48E1                                      r  pr1_reg[6]/CLK
                         clock pessimism              0.000     7.658    <hidden>
                         clock uncertainty           -0.035     7.623    <hidden>
    DSP48_X0Y2           DSP48E1 (Setup_dsp48e1_CLK_B[7])
                                                     -3.713     3.910    pr1_reg[6]
  -------------------------------------------------------------------
                         required time                          3.910    <hidden>
                         arrival time                          -3.788    <hidden>
  -------------------------------------------------------------------
                         slack                                  0.122    <hidden>

Slack (MET) :             0.142ns  (required time - arrival time)
  Source:                 k1_q_reg[6][7]/C
                            (rising edge-triggered cell FDSE clocked by aclk  {rise@0.000ns fall@3.367ns period=6.734ns})
  Destination:            pr1_reg[6]/B[10]
                            (rising edge-triggered cell DSP48E1 clocked by aclk  {rise@0.000ns fall@3.367ns period=6.734ns})
  Path Group:             aclk
  Path Type:              Setup (Max at Slow Process Corner)
  Requirement:            6.734ns  (aclk rise@6.734ns - aclk rise@0.000ns)
  Data Path Delay:        2.795ns  (logic 0.478ns (17.104%)  route 2.317ns (82.896%))
  Logic Levels:           0  
  Clock Path Skew:        -0.049ns (DCD - SCD + CPR)
    Destination Clock Delay (DCD):    0.924ns = ( 7.658 - 6.734 ) 
    Source Clock Delay      (SCD):    0.973ns
    Clock Pessimism Removal (CPR):    0.000ns
  Clock Uncertainty:      0.035ns  ((TSJ^2 + TIJ^2)^1/2 + DJ) / 2 + PE
    Total System Jitter     (TSJ):    0.071ns
    Total Input Jitter      (TIJ):    0.000ns
    Discrete Jitter          (DJ):    0.000ns
    Phase Error              (PE):    0.000ns

    Location             Delay type                Incr(ns)  Path(ns)    Netlist Resource(s)
  -------------------------------------------------------------------    -------------------
                         (clock aclk rise edge)       0.000     0.000 r  <hidden>
                                                      0.000     0.000 r  aclk
                         net (fo=1855, unset)         0.973     0.973    aclk
    SLICE_X26Y6          FDSE                                         r  k1_q_reg[6][7]/C
  -------------------------------------------------------------------    -------------------
    SLICE_X26Y6          FDSE (Prop_fdse_C_Q)         0.478     1.451 r  k1_q_reg[6][7]/Q
                         net (fo=11, routed)          2.317     3.768    k1_q_reg[6][7]
    DSP48_X0Y2           DSP48E1                                      r  pr1_reg[6]/B[10]
  -------------------------------------------------------------------    -------------------

                         (clock aclk rise edge)       6.734     6.734 r  <hidden>
                                                      0.000     6.734 r  aclk
                         net (fo=1855, unset)         0.924     7.658    aclk
    DSP48_X0Y2           DSP48E1                                      r  pr1_reg[6]/CLK
                         clock pessimism              0.000     7.658    <hidden>
                         clock uncertainty           -0.035     7.623    <hidden>
    DSP48_X0Y2           DSP48E1 (Setup_dsp48e1_CLK_B[10])
                                                     -3.713     3.910    pr1_reg[6]
  -------------------------------------------------------------------
                         required time                          3.910    <hidden>
                         arrival time                          -3.768    <hidden>
  -------------------------------------------------------------------
                         slack                                  0.142    <hidden>

Slack (MET) :             0.142ns  (required time - arrival time)
  Source:                 k1_q_reg[6][7]/C
                            (rising edge-triggered cell FDSE clocked by aclk  {rise@0.000ns fall@3.367ns period=6.734ns})
  Destination:            pr1_reg[6]/B[14]
                            (rising edge-triggered cell DSP48E1 clocked by aclk  {rise@0.000ns fall@3.367ns period=6.734ns})
  Path Group:             aclk
  Path Type:              Setup (Max at Slow Process Corner)
  Requirement:            6.734ns  (aclk rise@6.734ns - aclk rise@0.000ns)
  Data Path Delay:        2.795ns  (logic 0.478ns (17.104%)  route 2.317ns (82.896%))
  Logic Levels:           0  
  Clock Path Skew:        -0.049ns (DCD - SCD + CPR)
    Destination Clock Delay (DCD):    0.924ns = ( 7.658 - 6.734 ) 
    Source Clock Delay      (SCD):    0.973ns
    Clock Pessimism Removal (CPR):    0.000ns
  Clock Uncertainty:      0.035ns  ((TSJ^2 + TIJ^2)^1/2 + DJ) / 2 + PE
    Total System Jitter     (TSJ):    0.071ns
    Total Input Jitter      (TIJ):    0.000ns
    Discrete Jitter          (DJ):    0.000ns
    Phase Error              (PE):    0.000ns

    Location             Delay type                Incr(ns)  Path(ns)    Netlist Resource(s)
  -------------------------------------------------------------------    -------------------
                         (clock aclk rise edge)       0.000     0.000 r  <hidden>
                                                      0.000     0.000 r  aclk
                         net (fo=1855, unset)         0.973     0.973    aclk
    SLICE_X26Y6          FDSE                                         r  k1_q_reg[6][7]/C
  -------------------------------------------------------------------    -------------------
    SLICE_X26Y6          FDSE (Prop_fdse_C_Q)         0.478     1.451 r  k1_q_reg[6][7]/Q
                         net (fo=11, routed)          2.317     3.768    k1_q_reg[6][7]
    DSP48_X0Y2           DSP48E1                                      r  pr1_reg[6]/B[14]
  -------------------------------------------------------------------    -------------------

                         (clock aclk rise edge)       6.734     6.734 r  <hidden>
                                                      0.000     6.734 r  aclk
                         net (fo=1855, unset)         0.924     7.658    aclk
    DSP48_X0Y2           DSP48E1                                      r  pr1_reg[6]/CLK
                         clock pessimism              0.000     7.658    <hidden>
                         clock uncertainty           -0.035     7.623    <hidden>
    DSP48_X0Y2           DSP48E1 (Setup_dsp48e1_CLK_B[14])
                                                     -3.713     3.910    pr1_reg[6]
  -------------------------------------------------------------------
                         required time                          3.910    <hidden>
                         arrival time                          -3.768    <hidden>
  -------------------------------------------------------------------
                         slack                                  0.142    <hidden>

Slack (MET) :             0.142ns  (required time - arrival time)
  Source:                 k1_q_reg[6][7]/C
                            (rising edge-triggered cell FDSE clocked by aclk  {rise@0.000ns fall@3.367ns period=6.734ns})
  Destination:            pr1_reg[6]/B[15]
                            (rising edge-triggered cell DSP48E1 clocked by aclk  {rise@0.000ns fall@3.367ns period=6.734ns})
  Path Group:             aclk
  Path Type:              Setup (Max at Slow Process Corner)
  Requirement:            6.734ns  (aclk rise@6.734ns - aclk rise@0.000ns)
  Data Path Delay:        2.795ns  (logic 0.478ns (17.104%)  route 2.317ns (82.896%))
  Logic Levels:           0  
  Clock Path Skew:        -0.049ns (DCD - SCD + CPR)
    Destination Clock Delay (DCD):    0.924ns = ( 7.658 - 6.734 ) 
    Source Clock Delay      (SCD):    0.973ns
    Clock Pessimism Removal (CPR):    0.000ns
  Clock Uncertainty:      0.035ns  ((TSJ^2 + TIJ^2)^1/2 + DJ) / 2 + PE
    Total System Jitter     (TSJ):    0.071ns
    Total Input Jitter      (TIJ):    0.000ns
    Discrete Jitter          (DJ):    0.000ns
    Phase Error              (PE):    0.000ns

    Location             Delay type                Incr(ns)  Path(ns)    Netlist Resource(s)
  -------------------------------------------------------------------    -------------------
                         (clock aclk rise edge)       0.000     0.000 r  <hidden>
                                                      0.000     0.000 r  aclk
                         net (fo=1855, unset)         0.973     0.973    aclk
    SLICE_X26Y6          FDSE                                         r  k1_q_reg[6][7]/C
  -------------------------------------------------------------------    -------------------
    SLICE_X26Y6          FDSE (Prop_fdse_C_Q)         0.478     1.451 r  k1_q_reg[6][7]/Q
                         net (fo=11, routed)          2.317     3.768    k1_q_reg[6][7]
    DSP48_X0Y2           DSP48E1                                      r  pr1_reg[6]/B[15]
  -------------------------------------------------------------------    -------------------

                         (clock aclk rise edge)       6.734     6.734 r  <hidden>
                                                      0.000     6.734 r  aclk
                         net (fo=1855, unset)         0.924     7.658    aclk
    DSP48_X0Y2           DSP48E1                                      r  pr1_reg[6]/CLK
                         clock pessimism              0.000     7.658    <hidden>
                         clock uncertainty           -0.035     7.623    <hidden>
    DSP48_X0Y2           DSP48E1 (Setup_dsp48e1_CLK_B[15])
                                                     -3.713     3.910    pr1_reg[6]
  -------------------------------------------------------------------
                         required time                          3.910    <hidden>
                         arrival time                          -3.768    <hidden>
  -------------------------------------------------------------------
                         slack                                  0.142    <hidden>

Slack (MET) :             0.142ns  (required time - arrival time)
  Source:                 k1_q_reg[6][7]/C
                            (rising edge-triggered cell FDSE clocked by aclk  {rise@0.000ns fall@3.367ns period=6.734ns})
  Destination:            pr1_reg[6]/B[9]
                            (rising edge-triggered cell DSP48E1 clocked by aclk  {rise@0.000ns fall@3.367ns period=6.734ns})
  Path Group:             aclk
  Path Type:              Setup (Max at Slow Process Corner)
  Requirement:            6.734ns  (aclk rise@6.734ns - aclk rise@0.000ns)
  Data Path Delay:        2.795ns  (logic 0.478ns (17.104%)  route 2.317ns (82.896%))
  Logic Levels:           0  
  Clock Path Skew:        -0.049ns (DCD - SCD + CPR)
    Destination Clock Delay (DCD):    0.924ns = ( 7.658 - 6.734 ) 
    Source Clock Delay      (SCD):    0.973ns
    Clock Pessimism Removal (CPR):    0.000ns
  Clock Uncertainty:      0.035ns  ((TSJ^2 + TIJ^2)^1/2 + DJ) / 2 + PE
    Total System Jitter     (TSJ):    0.071ns
    Total Input Jitter      (TIJ):    0.000ns
    Discrete Jitter          (DJ):    0.000ns
    Phase Error              (PE):    0.000ns

    Location             Delay type                Incr(ns)  Path(ns)    Netlist Resource(s)
  -------------------------------------------------------------------    -------------------
                         (clock aclk rise edge)       0.000     0.000 r  <hidden>
                                                      0.000     0.000 r  aclk
                         net (fo=1855, unset)         0.973     0.973    aclk
    SLICE_X26Y6          FDSE                                         r  k1_q_reg[6][7]/C
  -------------------------------------------------------------------    -------------------
    SLICE_X26Y6          FDSE (Prop_fdse_C_Q)         0.478     1.451 r  k1_q_reg[6][7]/Q
                         net (fo=11, routed)          2.317     3.768    k1_q_reg[6][7]
    DSP48_X0Y2           DSP48E1                                      r  pr1_reg[6]/B[9]
  -------------------------------------------------------------------    -------------------

                         (clock aclk rise edge)       6.734     6.734 r  <hidden>
                                                      0.000     6.734 r  aclk
                         net (fo=1855, unset)         0.924     7.658    aclk
    DSP48_X0Y2           DSP48E1                                      r  pr1_reg[6]/CLK
                         clock pessimism              0.000     7.658    <hidden>
                         clock uncertainty           -0.035     7.623    <hidden>
    DSP48_X0Y2           DSP48E1 (Setup_dsp48e1_CLK_B[9])
                                                     -3.713     3.910    pr1_reg[6]
  -------------------------------------------------------------------
                         required time                          3.910    <hidden>
                         arrival time                          -3.768    <hidden>
  -------------------------------------------------------------------
                         slack                                  0.142    <hidden>

Slack (MET) :             0.169ns  (required time - arrival time)
  Source:                 pcnt_q_reg[2]_replica/C
                            (rising edge-triggered cell FDRE clocked by aclk  {rise@0.000ns fall@3.367ns period=6.734ns})
  Destination:            pr1_reg[0]/A[4]
                            (rising edge-triggered cell DSP48E1 clocked by aclk  {rise@0.000ns fall@3.367ns period=6.734ns})
  Path Group:             aclk
  Path Type:              Setup (Max at Slow Process Corner)
  Requirement:            6.734ns  (aclk rise@6.734ns - aclk rise@0.000ns)
  Data Path Delay:        2.759ns  (logic 0.890ns (32.260%)  route 1.869ns (67.740%))
  Logic Levels:           3  (LUT3=1 LUT6=2)
  Clock Path Skew:        -0.049ns (DCD - SCD + CPR)
    Destination Clock Delay (DCD):    0.924ns = ( 7.658 - 6.734 ) 
    Source Clock Delay      (SCD):    0.973ns
    Clock Pessimism Removal (CPR):    0.000ns
  Clock Uncertainty:      0.035ns  ((TSJ^2 + TIJ^2)^1/2 + DJ) / 2 + PE
    Total System Jitter     (TSJ):    0.071ns
    Total Input Jitter      (TIJ):    0.000ns
    Discrete Jitter          (DJ):    0.000ns
    Phase Error              (PE):    0.000ns

    Location             Delay type                Incr(ns)  Path(ns)    Netlist Resource(s)
  -------------------------------------------------------------------    -------------------
                         (clock aclk rise edge)       0.000     0.000 r  <hidden>
                                                      0.000     0.000 r  aclk
                         net (fo=1855, unset)         0.973     0.973    aclk
    SLICE_X16Y8          FDRE                                         r  pcnt_q_reg[2]_replica/C
  -------------------------------------------------------------------    -------------------
    SLICE_X16Y8          FDRE (Prop_fdre_C_Q)         0.518     1.491 f  pcnt_q_reg[2]_replica/Q
                         net (fo=1, routed)           0.667     2.158    pcnt_q[2]_repN
    SLICE_X17Y8          LUT6 (Prop_lut6_I0_O)        0.124     2.282 f  pr2_reg[3]_i_11/O
                         net (fo=1, routed)           0.149     2.431    pr2_reg[3]_i_11_n_0
    SLICE_X17Y8          LUT6 (Prop_lut6_I5_O)        0.124     2.555 r  pr2_reg[3]_i_10/O
                         net (fo=24, routed)          0.651     3.206    lrep
    SLICE_X10Y10         LUT3 (Prop_lut3_I2_O)        0.124     3.330 r  pr2_reg[0]_i_4/O
                         net (fo=2, routed)           0.402     3.732    p_0_in[4]
    DSP48_X0Y4           DSP48E1                                      r  pr1_reg[0]/A[4]
  -------------------------------------------------------------------    -------------------

                         (clock aclk rise edge)       6.734     6.734 r  <hidden>
                                                      0.000     6.734 r  aclk
                         net (fo=1855, unset)         0.924     7.658    aclk
    DSP48_X0Y4           DSP48E1                                      r  pr1_reg[0]/CLK
                         clock pessimism              0.000     7.658    <hidden>
                         clock uncertainty           -0.035     7.623    <hidden>
    DSP48_X0Y4           DSP48E1 (Setup_dsp48e1_CLK_A[4])
                                                     -3.722     3.901    pr1_reg[0]
  -------------------------------------------------------------------
                         required time                          3.901    <hidden>
                         arrival time                          -3.732    <hidden>
  -------------------------------------------------------------------
                         slack                                  0.169    <hidden>

Slack (MET) :             0.169ns  (required time - arrival time)
  Source:                 pcnt_q_reg[2]_replica/C
                            (rising edge-triggered cell FDRE clocked by aclk  {rise@0.000ns fall@3.367ns period=6.734ns})
  Destination:            pr2_reg[0]/A[4]
                            (rising edge-triggered cell DSP48E1 clocked by aclk  {rise@0.000ns fall@3.367ns period=6.734ns})
  Path Group:             aclk
  Path Type:              Setup (Max at Slow Process Corner)
  Requirement:            6.734ns  (aclk rise@6.734ns - aclk rise@0.000ns)
  Data Path Delay:        2.759ns  (logic 0.890ns (32.260%)  route 1.869ns (67.740%))
  Logic Levels:           3  (LUT3=1 LUT6=2)
  Clock Path Skew:        -0.049ns (DCD - SCD + CPR)
    Destination Clock Delay (DCD):    0.924ns = ( 7.658 - 6.734 ) 
    Source Clock Delay      (SCD):    0.973ns
    Clock Pessimism Removal (CPR):    0.000ns
  Clock Uncertainty:      0.035ns  ((TSJ^2 + TIJ^2)^1/2 + DJ) / 2 + PE
    Total System Jitter     (TSJ):    0.071ns
    Total Input Jitter      (TIJ):    0.000ns
    Discrete Jitter          (DJ):    0.000ns
    Phase Error              (PE):    0.000ns

    Location             Delay type                Incr(ns)  Path(ns)    Netlist Resource(s)
  -------------------------------------------------------------------    -------------------
                         (clock aclk rise edge)       0.000     0.000 r  <hidden>
                                                      0.000     0.000 r  aclk
                         net (fo=1855, unset)         0.973     0.973    aclk
    SLICE_X16Y8          FDRE                                         r  pcnt_q_reg[2]_replica/C
  -------------------------------------------------------------------    -------------------
    SLICE_X16Y8          FDRE (Prop_fdre_C_Q)         0.518     1.491 f  pcnt_q_reg[2]_replica/Q
                         net (fo=1, routed)           0.667     2.158    pcnt_q[2]_repN
    SLICE_X17Y8          LUT6 (Prop_lut6_I0_O)        0.124     2.282 f  pr2_reg[3]_i_11/O
                         net (fo=1, routed)           0.149     2.431    pr2_reg[3]_i_11_n_0
    SLICE_X17Y8          LUT6 (Prop_lut6_I5_O)        0.124     2.555 r  pr2_reg[3]_i_10/O
                         net (fo=24, routed)          0.651     3.206    lrep
    SLICE_X10Y10         LUT3 (Prop_lut3_I2_O)        0.124     3.330 r  pr2_reg[0]_i_4/O
                         net (fo=2, routed)           0.402     3.732    p_0_in[4]
    DSP48_X0Y5           DSP48E1                                      r  pr2_reg[0]/A[4]
  -------------------------------------------------------------------    -------------------

                         (clock aclk rise edge)       6.734     6.734 r  <hidden>
                                                      0.000     6.734 r  aclk
                         net (fo=1855, unset)         0.924     7.658    aclk
    DSP48_X0Y5           DSP48E1                                      r  pr2_reg[0]/CLK
                         clock pessimism              0.000     7.658    <hidden>
                         clock uncertainty           -0.035     7.623    <hidden>
    DSP48_X0Y5           DSP48E1 (Setup_dsp48e1_CLK_A[4])
                                                     -3.722     3.901    pr2_reg[0]
  -------------------------------------------------------------------
                         required time                          3.901    <hidden>
                         arrival time                          -3.732    <hidden>
  -------------------------------------------------------------------
                         slack                                  0.169    <hidden>

Slack (MET) :             0.172ns  (required time - arrival time)
  Source:                 pcnt_q_reg[2]_replica/C
                            (rising edge-triggered cell FDRE clocked by aclk  {rise@0.000ns fall@3.367ns period=6.734ns})
  Destination:            pr1_reg[0]/A[5]
                            (rising edge-triggered cell DSP48E1 clocked by aclk  {rise@0.000ns fall@3.367ns period=6.734ns})
  Path Group:             aclk
  Path Type:              Setup (Max at Slow Process Corner)
  Requirement:            6.734ns  (aclk rise@6.734ns - aclk rise@0.000ns)
  Data Path Delay:        2.756ns  (logic 0.890ns (32.296%)  route 1.866ns (67.704%))
  Logic Levels:           3  (LUT3=1 LUT6=2)
  Clock Path Skew:        -0.049ns (DCD - SCD + CPR)
    Destination Clock Delay (DCD):    0.924ns = ( 7.658 - 6.734 ) 
    Source Clock Delay      (SCD):    0.973ns
    Clock Pessimism Removal (CPR):    0.000ns
  Clock Uncertainty:      0.035ns  ((TSJ^2 + TIJ^2)^1/2 + DJ) / 2 + PE
    Total System Jitter     (TSJ):    0.071ns
    Total Input Jitter      (TIJ):    0.000ns
    Discrete Jitter          (DJ):    0.000ns
    Phase Error              (PE):    0.000ns

    Location             Delay type                Incr(ns)  Path(ns)    Netlist Resource(s)
  -------------------------------------------------------------------    -------------------
                         (clock aclk rise edge)       0.000     0.000 r  <hidden>
                                                      0.000     0.000 r  aclk
                         net (fo=1855, unset)         0.973     0.973    aclk
    SLICE_X16Y8          FDRE                                         r  pcnt_q_reg[2]_replica/C
  -------------------------------------------------------------------    -------------------
    SLICE_X16Y8          FDRE (Prop_fdre_C_Q)         0.518     1.491 f  pcnt_q_reg[2]_replica/Q
                         net (fo=1, routed)           0.667     2.158    pcnt_q[2]_repN
    SLICE_X17Y8          LUT6 (Prop_lut6_I0_O)        0.124     2.282 f  pr2_reg[3]_i_11/O
                         net (fo=1, routed)           0.149     2.431    pr2_reg[3]_i_11_n_0
    SLICE_X17Y8          LUT6 (Prop_lut6_I5_O)        0.124     2.555 r  pr2_reg[3]_i_10/O
                         net (fo=24, routed)          0.638     3.193    lrep
    SLICE_X13Y11         LUT3 (Prop_lut3_I2_O)        0.124     3.317 r  pr2_reg[0]_i_3/O
                         net (fo=2, routed)           0.412     3.729    p_0_in[5]
    DSP48_X0Y4           DSP48E1                                      r  pr1_reg[0]/A[5]
  -------------------------------------------------------------------    -------------------

                         (clock aclk rise edge)       6.734     6.734 r  <hidden>
                                                      0.000     6.734 r  aclk
                         net (fo=1855, unset)         0.924     7.658    aclk
    DSP48_X0Y4           DSP48E1                                      r  pr1_reg[0]/CLK
                         clock pessimism              0.000     7.658    <hidden>
                         clock uncertainty           -0.035     7.623    <hidden>
    DSP48_X0Y4           DSP48E1 (Setup_dsp48e1_CLK_A[5])
                                                     -3.722     3.901    pr1_reg[0]
  -------------------------------------------------------------------
                         required time                          3.901    <hidden>
                         arrival time                          -3.729    <hidden>
  -------------------------------------------------------------------
                         slack                                  0.172    <hidden>

Slack (MET) :             0.172ns  (required time - arrival time)
  Source:                 pcnt_q_reg[2]_replica/C
                            (rising edge-triggered cell FDRE clocked by aclk  {rise@0.000ns fall@3.367ns period=6.734ns})
  Destination:            pr2_reg[0]/A[5]
                            (rising edge-triggered cell DSP48E1 clocked by aclk  {rise@0.000ns fall@3.367ns period=6.734ns})
  Path Group:             aclk
  Path Type:              Setup (Max at Slow Process Corner)
  Requirement:            6.734ns  (aclk rise@6.734ns - aclk rise@0.000ns)
  Data Path Delay:        2.756ns  (logic 0.890ns (32.296%)  route 1.866ns (67.704%))
  Logic Levels:           3  (LUT3=1 LUT6=2)
  Clock Path Skew:        -0.049ns (DCD - SCD + CPR)
    Destination Clock Delay (DCD):    0.924ns = ( 7.658 - 6.734 ) 
    Source Clock Delay      (SCD):    0.973ns
    Clock Pessimism Removal (CPR):    0.000ns
  Clock Uncertainty:      0.035ns  ((TSJ^2 + TIJ^2)^1/2 + DJ) / 2 + PE
    Total System Jitter     (TSJ):    0.071ns
    Total Input Jitter      (TIJ):    0.000ns
    Discrete Jitter          (DJ):    0.000ns
    Phase Error              (PE):    0.000ns

    Location             Delay type                Incr(ns)  Path(ns)    Netlist Resource(s)
  -------------------------------------------------------------------    -------------------
                         (clock aclk rise edge)       0.000     0.000 r  <hidden>
                                                      0.000     0.000 r  aclk
                         net (fo=1855, unset)         0.973     0.973    aclk
    SLICE_X16Y8          FDRE                                         r  pcnt_q_reg[2]_replica/C
  -------------------------------------------------------------------    -------------------
    SLICE_X16Y8          FDRE (Prop_fdre_C_Q)         0.518     1.491 f  pcnt_q_reg[2]_replica/Q
                         net (fo=1, routed)           0.667     2.158    pcnt_q[2]_repN
    SLICE_X17Y8          LUT6 (Prop_lut6_I0_O)        0.124     2.282 f  pr2_reg[3]_i_11/O
                         net (fo=1, routed)           0.149     2.431    pr2_reg[3]_i_11_n_0
    SLICE_X17Y8          LUT6 (Prop_lut6_I5_O)        0.124     2.555 r  pr2_reg[3]_i_10/O
                         net (fo=24, routed)          0.638     3.193    lrep
    SLICE_X13Y11         LUT3 (Prop_lut3_I2_O)        0.124     3.317 r  pr2_reg[0]_i_3/O
                         net (fo=2, routed)           0.412     3.729    p_0_in[5]
    DSP48_X0Y5           DSP48E1                                      r  pr2_reg[0]/A[5]
  -------------------------------------------------------------------    -------------------

                         (clock aclk rise edge)       6.734     6.734 r  <hidden>
                                                      0.000     6.734 r  aclk
                         net (fo=1855, unset)         0.924     7.658    aclk
    DSP48_X0Y5           DSP48E1                                      r  pr2_reg[0]/CLK
                         clock pessimism              0.000     7.658    <hidden>
                         clock uncertainty           -0.035     7.623    <hidden>
    DSP48_X0Y5           DSP48E1 (Setup_dsp48e1_CLK_A[5])
                                                     -3.722     3.901    pr2_reg[0]
  -------------------------------------------------------------------
                         required time                          3.901    <hidden>
                         arrival time                          -3.729    <hidden>
  -------------------------------------------------------------------
                         slack                                  0.172    <hidden>

Slack (MET) :             0.176ns  (required time - arrival time)
  Source:                 pcnt_q_reg[2]_replica/C
                            (rising edge-triggered cell FDRE clocked by aclk  {rise@0.000ns fall@3.367ns period=6.734ns})
  Destination:            pr1_reg[0]/A[6]
                            (rising edge-triggered cell DSP48E1 clocked by aclk  {rise@0.000ns fall@3.367ns period=6.734ns})
  Path Group:             aclk
  Path Type:              Setup (Max at Slow Process Corner)
  Requirement:            6.734ns  (aclk rise@6.734ns - aclk rise@0.000ns)
  Data Path Delay:        2.752ns  (logic 0.890ns (32.345%)  route 1.862ns (67.655%))
  Logic Levels:           3  (LUT3=1 LUT6=2)
  Clock Path Skew:        -0.049ns (DCD - SCD + CPR)
    Destination Clock Delay (DCD):    0.924ns = ( 7.658 - 6.734 ) 
    Source Clock Delay      (SCD):    0.973ns
    Clock Pessimism Removal (CPR):    0.000ns
  Clock Uncertainty:      0.035ns  ((TSJ^2 + TIJ^2)^1/2 + DJ) / 2 + PE
    Total System Jitter     (TSJ):    0.071ns
    Total Input Jitter      (TIJ):    0.000ns
    Discrete Jitter          (DJ):    0.000ns
    Phase Error              (PE):    0.000ns

    Location             Delay type                Incr(ns)  Path(ns)    Netlist Resource(s)
  -------------------------------------------------------------------    -------------------
                         (clock aclk rise edge)       0.000     0.000 r  <hidden>
                                                      0.000     0.000 r  aclk
                         net (fo=1855, unset)         0.973     0.973    aclk
    SLICE_X16Y8          FDRE                                         r  pcnt_q_reg[2]_replica/C
  -------------------------------------------------------------------    -------------------
    SLICE_X16Y8          FDRE (Prop_fdre_C_Q)         0.518     1.491 f  pcnt_q_reg[2]_replica/Q
                         net (fo=1, routed)           0.667     2.158    pcnt_q[2]_repN
    SLICE_X17Y8          LUT6 (Prop_lut6_I0_O)        0.124     2.282 f  pr2_reg[3]_i_11/O
                         net (fo=1, routed)           0.149     2.431    pr2_reg[3]_i_11_n_0
    SLICE_X17Y8          LUT6 (Prop_lut6_I5_O)        0.124     2.555 r  pr2_reg[3]_i_10/O
                         net (fo=24, routed)          0.444     2.999    lrep
    SLICE_X17Y7          LUT3 (Prop_lut3_I2_O)        0.124     3.123 r  pr2_reg[0]_i_2/O
                         net (fo=2, routed)           0.602     3.725    p_0_in[6]
    DSP48_X0Y4           DSP48E1                                      r  pr1_reg[0]/A[6]
  -------------------------------------------------------------------    -------------------

                         (clock aclk rise edge)       6.734     6.734 r  <hidden>
                                                      0.000     6.734 r  aclk
                         net (fo=1855, unset)         0.924     7.658    aclk
    DSP48_X0Y4           DSP48E1                                      r  pr1_reg[0]/CLK
                         clock pessimism              0.000     7.658    <hidden>
                         clock uncertainty           -0.035     7.623    <hidden>
    DSP48_X0Y4           DSP48E1 (Setup_dsp48e1_CLK_A[6])
                                                     -3.722     3.901    pr1_reg[0]
  -------------------------------------------------------------------
                         required time                          3.901    <hidden>
                         arrival time                          -3.725    <hidden>
  -------------------------------------------------------------------
                         slack                                  0.176    <hidden>

Slack (MET) :             0.176ns  (required time - arrival time)
  Source:                 pcnt_q_reg[2]_replica/C
                            (rising edge-triggered cell FDRE clocked by aclk  {rise@0.000ns fall@3.367ns period=6.734ns})
  Destination:            pr2_reg[0]/A[6]
                            (rising edge-triggered cell DSP48E1 clocked by aclk  {rise@0.000ns fall@3.367ns period=6.734ns})
  Path Group:             aclk
  Path Type:              Setup (Max at Slow Process Corner)
  Requirement:            6.734ns  (aclk rise@6.734ns - aclk rise@0.000ns)
  Data Path Delay:        2.752ns  (logic 0.890ns (32.345%)  route 1.862ns (67.655%))
  Logic Levels:           3  (LUT3=1 LUT6=2)
  Clock Path Skew:        -0.049ns (DCD - SCD + CPR)
    Destination Clock Delay (DCD):    0.924ns = ( 7.658 - 6.734 ) 
    Source Clock Delay      (SCD):    0.973ns
    Clock Pessimism Removal (CPR):    0.000ns
  Clock Uncertainty:      0.035ns  ((TSJ^2 + TIJ^2)^1/2 + DJ) / 2 + PE
    Total System Jitter     (TSJ):    0.071ns
    Total Input Jitter      (TIJ):    0.000ns
    Discrete Jitter          (DJ):    0.000ns
    Phase Error              (PE):    0.000ns

    Location             Delay type                Incr(ns)  Path(ns)    Netlist Resource(s)
  -------------------------------------------------------------------    -------------------
                         (clock aclk rise edge)       0.000     0.000 r  <hidden>
                                                      0.000     0.000 r  aclk
                         net (fo=1855, unset)         0.973     0.973    aclk
    SLICE_X16Y8          FDRE                                         r  pcnt_q_reg[2]_replica/C
  -------------------------------------------------------------------    -------------------
    SLICE_X16Y8          FDRE (Prop_fdre_C_Q)         0.518     1.491 f  pcnt_q_reg[2]_replica/Q
                         net (fo=1, routed)           0.667     2.158    pcnt_q[2]_repN
    SLICE_X17Y8          LUT6 (Prop_lut6_I0_O)        0.124     2.282 f  pr2_reg[3]_i_11/O
                         net (fo=1, routed)           0.149     2.431    pr2_reg[3]_i_11_n_0
    SLICE_X17Y8          LUT6 (Prop_lut6_I5_O)        0.124     2.555 r  pr2_reg[3]_i_10/O
                         net (fo=24, routed)          0.444     2.999    lrep
    SLICE_X17Y7          LUT3 (Prop_lut3_I2_O)        0.124     3.123 r  pr2_reg[0]_i_2/O
                         net (fo=2, routed)           0.602     3.725    p_0_in[6]
    DSP48_X0Y5           DSP48E1                                      r  pr2_reg[0]/A[6]
  -------------------------------------------------------------------    -------------------

                         (clock aclk rise edge)       6.734     6.734 r  <hidden>
                                                      0.000     6.734 r  aclk
                         net (fo=1855, unset)         0.924     7.658    aclk
    DSP48_X0Y5           DSP48E1                                      r  pr2_reg[0]/CLK
                         clock pessimism              0.000     7.658    <hidden>
                         clock uncertainty           -0.035     7.623    <hidden>
    DSP48_X0Y5           DSP48E1 (Setup_dsp48e1_CLK_A[6])
                                                     -3.722     3.901    pr2_reg[0]
  -------------------------------------------------------------------
                         required time                          3.901    <hidden>
                         arrival time                          -3.725    <hidden>
  -------------------------------------------------------------------
                         slack                                  0.176    <hidden>

Slack (MET) :             0.177ns  (required time - arrival time)
  Source:                 pcnt_q_reg[2]_replica/C
                            (rising edge-triggered cell FDRE clocked by aclk  {rise@0.000ns fall@3.367ns period=6.734ns})
  Destination:            pr1_reg[3]/A[1]
                            (rising edge-triggered cell DSP48E1 clocked by aclk  {rise@0.000ns fall@3.367ns period=6.734ns})
  Path Group:             aclk
  Path Type:              Setup (Max at Slow Process Corner)
  Requirement:            6.734ns  (aclk rise@6.734ns - aclk rise@0.000ns)
  Data Path Delay:        2.751ns  (logic 0.890ns (32.352%)  route 1.861ns (67.648%))
  Logic Levels:           3  (LUT3=1 LUT6=2)
  Clock Path Skew:        -0.049ns (DCD - SCD + CPR)
    Destination Clock Delay (DCD):    0.924ns = ( 7.658 - 6.734 ) 
    Source Clock Delay      (SCD):    0.973ns
    Clock Pessimism Removal (CPR):    0.000ns
  Clock Uncertainty:      0.035ns  ((TSJ^2 + TIJ^2)^1/2 + DJ) / 2 + PE
    Total System Jitter     (TSJ):    0.071ns
    Total Input Jitter      (TIJ):    0.000ns
    Discrete Jitter          (DJ):    0.000ns
    Phase Error              (PE):    0.000ns

    Location             Delay type                Incr(ns)  Path(ns)    Netlist Resource(s)
  -------------------------------------------------------------------    -------------------
                         (clock aclk rise edge)       0.000     0.000 r  <hidden>
                                                      0.000     0.000 r  aclk
                         net (fo=1855, unset)         0.973     0.973    aclk
    SLICE_X16Y8          FDRE                                         r  pcnt_q_reg[2]_replica/C
  -------------------------------------------------------------------    -------------------
    SLICE_X16Y8          FDRE (Prop_fdre_C_Q)         0.518     1.491 f  pcnt_q_reg[2]_replica/Q
                         net (fo=1, routed)           0.667     2.158    pcnt_q[2]_repN
    SLICE_X17Y8          LUT6 (Prop_lut6_I0_O)        0.124     2.282 f  pr2_reg[3]_i_11/O
                         net (fo=1, routed)           0.149     2.431    pr2_reg[3]_i_11_n_0
    SLICE_X17Y8          LUT6 (Prop_lut6_I5_O)        0.124     2.555 r  pr2_reg[3]_i_10/O
                         net (fo=24, routed)          0.659     3.214    lrep
    SLICE_X21Y5          LUT3 (Prop_lut3_I2_O)        0.124     3.338 r  pr2_reg[3]_i_8/O
                         net (fo=2, routed)           0.386     3.724    pr2_reg[3]_i_8_n_0
    DSP48_X1Y2           DSP48E1                                      r  pr1_reg[3]/A[1]
  -------------------------------------------------------------------    -------------------

                         (clock aclk rise edge)       6.734     6.734 r  <hidden>
                                                      0.000     6.734 r  aclk
                         net (fo=1855, unset)         0.924     7.658    aclk
    DSP48_X1Y2           DSP48E1                                      r  pr1_reg[3]/CLK
                         clock pessimism              0.000     7.658    <hidden>
                         clock uncertainty           -0.035     7.623    <hidden>
    DSP48_X1Y2           DSP48E1 (Setup_dsp48e1_CLK_A[1])
                                                     -3.722     3.901    pr1_reg[3]
  -------------------------------------------------------------------
                         required time                          3.901    <hidden>
                         arrival time                          -3.724    <hidden>
  -------------------------------------------------------------------
                         slack                                  0.177    <hidden>

Slack (MET) :             0.177ns  (required time - arrival time)
  Source:                 pcnt_q_reg[2]_replica/C
                            (rising edge-triggered cell FDRE clocked by aclk  {rise@0.000ns fall@3.367ns period=6.734ns})
  Destination:            pr2_reg[3]/A[1]
                            (rising edge-triggered cell DSP48E1 clocked by aclk  {rise@0.000ns fall@3.367ns period=6.734ns})
  Path Group:             aclk
  Path Type:              Setup (Max at Slow Process Corner)
  Requirement:            6.734ns  (aclk rise@6.734ns - aclk rise@0.000ns)
  Data Path Delay:        2.751ns  (logic 0.890ns (32.352%)  route 1.861ns (67.648%))
  Logic Levels:           3  (LUT3=1 LUT6=2)
  Clock Path Skew:        -0.049ns (DCD - SCD + CPR)
    Destination Clock Delay (DCD):    0.924ns = ( 7.658 - 6.734 ) 
    Source Clock Delay      (SCD):    0.973ns
    Clock Pessimism Removal (CPR):    0.000ns
  Clock Uncertainty:      0.035ns  ((TSJ^2 + TIJ^2)^1/2 + DJ) / 2 + PE
    Total System Jitter     (TSJ):    0.071ns
    Total Input Jitter      (TIJ):    0.000ns
    Discrete Jitter          (DJ):    0.000ns
    Phase Error              (PE):    0.000ns

    Location             Delay type                Incr(ns)  Path(ns)    Netlist Resource(s)
  -------------------------------------------------------------------    -------------------
                         (clock aclk rise edge)       0.000     0.000 r  <hidden>
                                                      0.000     0.000 r  aclk
                         net (fo=1855, unset)         0.973     0.973    aclk
    SLICE_X16Y8          FDRE                                         r  pcnt_q_reg[2]_replica/C
  -------------------------------------------------------------------    -------------------
    SLICE_X16Y8          FDRE (Prop_fdre_C_Q)         0.518     1.491 f  pcnt_q_reg[2]_replica/Q
                         net (fo=1, routed)           0.667     2.158    pcnt_q[2]_repN
    SLICE_X17Y8          LUT6 (Prop_lut6_I0_O)        0.124     2.282 f  pr2_reg[3]_i_11/O
                         net (fo=1, routed)           0.149     2.431    pr2_reg[3]_i_11_n_0
    SLICE_X17Y8          LUT6 (Prop_lut6_I5_O)        0.124     2.555 r  pr2_reg[3]_i_10/O
                         net (fo=24, routed)          0.659     3.214    lrep
    SLICE_X21Y5          LUT3 (Prop_lut3_I2_O)        0.124     3.338 r  pr2_reg[3]_i_8/O
                         net (fo=2, routed)           0.386     3.724    pr2_reg[3]_i_8_n_0
    DSP48_X1Y3           DSP48E1                                      r  pr2_reg[3]/A[1]
  -------------------------------------------------------------------    -------------------

                         (clock aclk rise edge)       6.734     6.734 r  <hidden>
                                                      0.000     6.734 r  aclk
                         net (fo=1855, unset)         0.924     7.658    aclk
    DSP48_X1Y3           DSP48E1                                      r  pr2_reg[3]/CLK
                         clock pessimism              0.000     7.658    <hidden>
                         clock uncertainty           -0.035     7.623    <hidden>
    DSP48_X1Y3           DSP48E1 (Setup_dsp48e1_CLK_A[1])
                                                     -3.722     3.901    pr2_reg[3]
  -------------------------------------------------------------------
                         required time                          3.901    <hidden>
                         arrival time                          -3.724    <hidden>
  -------------------------------------------------------------------
                         slack                                  0.177    <hidden>

Slack (MET) :             0.179ns  (required time - arrival time)
  Source:                 pcnt_q_reg[2]_replica/C
                            (rising edge-triggered cell FDRE clocked by aclk  {rise@0.000ns fall@3.367ns period=6.734ns})
  Destination:            pr1_reg[6]/A[6]
                            (rising edge-triggered cell DSP48E1 clocked by aclk  {rise@0.000ns fall@3.367ns period=6.734ns})
  Path Group:             aclk
  Path Type:              Setup (Max at Slow Process Corner)
  Requirement:            6.734ns  (aclk rise@6.734ns - aclk rise@0.000ns)
  Data Path Delay:        2.749ns  (logic 0.890ns (32.379%)  route 1.859ns (67.621%))
  Logic Levels:           3  (LUT3=1 LUT6=2)
  Clock Path Skew:        -0.049ns (DCD - SCD + CPR)
    Destination Clock Delay (DCD):    0.924ns = ( 7.658 - 6.734 ) 
    Source Clock Delay      (SCD):    0.973ns
    Clock Pessimism Removal (CPR):    0.000ns
  Clock Uncertainty:      0.035ns  ((TSJ^2 + TIJ^2)^1/2 + DJ) / 2 + PE
    Total System Jitter     (TSJ):    0.071ns
    Total Input Jitter      (TIJ):    0.000ns
    Discrete Jitter          (DJ):    0.000ns
    Phase Error              (PE):    0.000ns

    Location             Delay type                Incr(ns)  Path(ns)    Netlist Resource(s)
  -------------------------------------------------------------------    -------------------
                         (clock aclk rise edge)       0.000     0.000 r  <hidden>
                                                      0.000     0.000 r  aclk
                         net (fo=1855, unset)         0.973     0.973    aclk
    SLICE_X16Y8          FDRE                                         r  pcnt_q_reg[2]_replica/C
  -------------------------------------------------------------------    -------------------
    SLICE_X16Y8          FDRE (Prop_fdre_C_Q)         0.518     1.491 f  pcnt_q_reg[2]_replica/Q
                         net (fo=1, routed)           0.667     2.158    pcnt_q[2]_repN
    SLICE_X17Y8          LUT6 (Prop_lut6_I0_O)        0.124     2.282 f  pr2_reg[3]_i_11/O
                         net (fo=1, routed)           0.149     2.431    pr2_reg[3]_i_11_n_0
    SLICE_X17Y8          LUT6 (Prop_lut6_I5_O)        0.124     2.555 r  pr2_reg[3]_i_10/O
                         net (fo=24, routed)          0.622     3.177    lrep
    SLICE_X14Y6          LUT3 (Prop_lut3_I2_O)        0.124     3.301 r  pr2_reg[6]_i_2/O
                         net (fo=2, routed)           0.421     3.722    pr2_reg[6]_i_2_n_0
    DSP48_X0Y2           DSP48E1                                      r  pr1_reg[6]/A[6]
  -------------------------------------------------------------------    -------------------

                         (clock aclk rise edge)       6.734     6.734 r  <hidden>
                                                      0.000     6.734 r  aclk
                         net (fo=1855, unset)         0.924     7.658    aclk
    DSP48_X0Y2           DSP48E1                                      r  pr1_reg[6]/CLK
                         clock pessimism              0.000     7.658    <hidden>
                         clock uncertainty           -0.035     7.623    <hidden>
    DSP48_X0Y2           DSP48E1 (Setup_dsp48e1_CLK_A[6])
                                                     -3.722     3.901    pr1_reg[6]
  -------------------------------------------------------------------
                         required time                          3.901    <hidden>
                         arrival time                          -3.722    <hidden>
  -------------------------------------------------------------------
                         slack                                  0.179    <hidden>

Slack (MET) :             0.179ns  (required time - arrival time)
  Source:                 pcnt_q_reg[2]_replica/C
                            (rising edge-triggered cell FDRE clocked by aclk  {rise@0.000ns fall@3.367ns period=6.734ns})
  Destination:            pr2_reg[6]/A[6]
                            (rising edge-triggered cell DSP48E1 clocked by aclk  {rise@0.000ns fall@3.367ns period=6.734ns})
  Path Group:             aclk
  Path Type:              Setup (Max at Slow Process Corner)
  Requirement:            6.734ns  (aclk rise@6.734ns - aclk rise@0.000ns)
  Data Path Delay:        2.749ns  (logic 0.890ns (32.379%)  route 1.859ns (67.621%))
  Logic Levels:           3  (LUT3=1 LUT6=2)
  Clock Path Skew:        -0.049ns (DCD - SCD + CPR)
    Destination Clock Delay (DCD):    0.924ns = ( 7.658 - 6.734 ) 
    Source Clock Delay      (SCD):    0.973ns
    Clock Pessimism Removal (CPR):    0.000ns
  Clock Uncertainty:      0.035ns  ((TSJ^2 + TIJ^2)^1/2 + DJ) / 2 + PE
    Total System Jitter     (TSJ):    0.071ns
    Total Input Jitter      (TIJ):    0.000ns
    Discrete Jitter          (DJ):    0.000ns
    Phase Error              (PE):    0.000ns

    Location             Delay type                Incr(ns)  Path(ns)    Netlist Resource(s)
  -------------------------------------------------------------------    -------------------
                         (clock aclk rise edge)       0.000     0.000 r  <hidden>
                                                      0.000     0.000 r  aclk
                         net (fo=1855, unset)         0.973     0.973    aclk
    SLICE_X16Y8          FDRE                                         r  pcnt_q_reg[2]_replica/C
  -------------------------------------------------------------------    -------------------
    SLICE_X16Y8          FDRE (Prop_fdre_C_Q)         0.518     1.491 f  pcnt_q_reg[2]_replica/Q
                         net (fo=1, routed)           0.667     2.158    pcnt_q[2]_repN
    SLICE_X17Y8          LUT6 (Prop_lut6_I0_O)        0.124     2.282 f  pr2_reg[3]_i_11/O
                         net (fo=1, routed)           0.149     2.431    pr2_reg[3]_i_11_n_0
    SLICE_X17Y8          LUT6 (Prop_lut6_I5_O)        0.124     2.555 r  pr2_reg[3]_i_10/O
                         net (fo=24, routed)          0.622     3.177    lrep
    SLICE_X14Y6          LUT3 (Prop_lut3_I2_O)        0.124     3.301 r  pr2_reg[6]_i_2/O
                         net (fo=2, routed)           0.421     3.722    pr2_reg[6]_i_2_n_0
    DSP48_X0Y3           DSP48E1                                      r  pr2_reg[6]/A[6]
  -------------------------------------------------------------------    -------------------

                         (clock aclk rise edge)       6.734     6.734 r  <hidden>
                                                      0.000     6.734 r  aclk
                         net (fo=1855, unset)         0.924     7.658    aclk
    DSP48_X0Y3           DSP48E1                                      r  pr2_reg[6]/CLK
                         clock pessimism              0.000     7.658    <hidden>
                         clock uncertainty           -0.035     7.623    <hidden>
    DSP48_X0Y3           DSP48E1 (Setup_dsp48e1_CLK_A[6])
                                                     -3.722     3.901    pr2_reg[6]
  -------------------------------------------------------------------
                         required time                          3.901    <hidden>
                         arrival time                          -3.722    <hidden>
  -------------------------------------------------------------------
                         slack                                  0.179    <hidden>

Slack (MET) :             0.185ns  (required time - arrival time)
  Source:                 pcnt_q_reg[2]_replica/C
                            (rising edge-triggered cell FDRE clocked by aclk  {rise@0.000ns fall@3.367ns period=6.734ns})
  Destination:            pr1_reg[6]/A[3]
                            (rising edge-triggered cell DSP48E1 clocked by aclk  {rise@0.000ns fall@3.367ns period=6.734ns})
  Path Group:             aclk
  Path Type:              Setup (Max at Slow Process Corner)
  Requirement:            6.734ns  (aclk rise@6.734ns - aclk rise@0.000ns)
  Data Path Delay:        2.743ns  (logic 0.890ns (32.451%)  route 1.853ns (67.549%))
  Logic Levels:           3  (LUT3=1 LUT6=2)
  Clock Path Skew:        -0.049ns (DCD - SCD + CPR)
    Destination Clock Delay (DCD):    0.924ns = ( 7.658 - 6.734 ) 
    Source Clock Delay      (SCD):    0.973ns
    Clock Pessimism Removal (CPR):    0.000ns
  Clock Uncertainty:      0.035ns  ((TSJ^2 + TIJ^2)^1/2 + DJ) / 2 + PE
    Total System Jitter     (TSJ):    0.071ns
    Total Input Jitter      (TIJ):    0.000ns
    Discrete Jitter          (DJ):    0.000ns
    Phase Error              (PE):    0.000ns

    Location             Delay type                Incr(ns)  Path(ns)    Netlist Resource(s)
  -------------------------------------------------------------------    -------------------
                         (clock aclk rise edge)       0.000     0.000 r  <hidden>
                                                      0.000     0.000 r  aclk
                         net (fo=1855, unset)         0.973     0.973    aclk
    SLICE_X16Y8          FDRE                                         r  pcnt_q_reg[2]_replica/C
  -------------------------------------------------------------------    -------------------
    SLICE_X16Y8          FDRE (Prop_fdre_C_Q)         0.518     1.491 f  pcnt_q_reg[2]_replica/Q
                         net (fo=1, routed)           0.667     2.158    pcnt_q[2]_repN
    SLICE_X17Y8          LUT6 (Prop_lut6_I0_O)        0.124     2.282 f  pr2_reg[3]_i_11/O
                         net (fo=1, routed)           0.149     2.431    pr2_reg[3]_i_11_n_0
    SLICE_X17Y8          LUT6 (Prop_lut6_I5_O)        0.124     2.555 r  pr2_reg[3]_i_10/O
                         net (fo=24, routed)          0.468     3.023    lrep
    SLICE_X13Y8          LUT3 (Prop_lut3_I2_O)        0.124     3.147 r  pr2_reg[6]_i_5/O
                         net (fo=2, routed)           0.569     3.716    pr2_reg[6]_i_5_n_0
    DSP48_X0Y2           DSP48E1                                      r  pr1_reg[6]/A[3]
  -------------------------------------------------------------------    -------------------

                         (clock aclk rise edge)       6.734     6.734 r  <hidden>
                                                      0.000     6.734 r  aclk
                         net (fo=1855, unset)         0.924     7.658    aclk
    DSP48_X0Y2           DSP48E1                                      r  pr1_reg[6]/CLK
                         clock pessimism              0.000     7.658    <hidden>
                         clock uncertainty           -0.035     7.623    <hidden>
    DSP48_X0Y2           DSP48E1 (Setup_dsp48e1_CLK_A[3])
                                                     -3.722     3.901    pr1_reg[6]
  -------------------------------------------------------------------
                         required time                          3.901    <hidden>
                         arrival time                          -3.716    <hidden>
  -------------------------------------------------------------------
                         slack                                  0.185    <hidden>

Slack (MET) :             0.185ns  (required time - arrival time)
  Source:                 pcnt_q_reg[2]_replica/C
                            (rising edge-triggered cell FDRE clocked by aclk  {rise@0.000ns fall@3.367ns period=6.734ns})
  Destination:            pr2_reg[6]/A[3]
                            (rising edge-triggered cell DSP48E1 clocked by aclk  {rise@0.000ns fall@3.367ns period=6.734ns})
  Path Group:             aclk
  Path Type:              Setup (Max at Slow Process Corner)
  Requirement:            6.734ns  (aclk rise@6.734ns - aclk rise@0.000ns)
  Data Path Delay:        2.743ns  (logic 0.890ns (32.451%)  route 1.853ns (67.549%))
  Logic Levels:           3  (LUT3=1 LUT6=2)
  Clock Path Skew:        -0.049ns (DCD - SCD + CPR)
    Destination Clock Delay (DCD):    0.924ns = ( 7.658 - 6.734 ) 
    Source Clock Delay      (SCD):    0.973ns
    Clock Pessimism Removal (CPR):    0.000ns
  Clock Uncertainty:      0.035ns  ((TSJ^2 + TIJ^2)^1/2 + DJ) / 2 + PE
    Total System Jitter     (TSJ):    0.071ns
    Total Input Jitter      (TIJ):    0.000ns
    Discrete Jitter          (DJ):    0.000ns
    Phase Error              (PE):    0.000ns

    Location             Delay type                Incr(ns)  Path(ns)    Netlist Resource(s)
  -------------------------------------------------------------------    -------------------
                         (clock aclk rise edge)       0.000     0.000 r  <hidden>
                                                      0.000     0.000 r  aclk
                         net (fo=1855, unset)         0.973     0.973    aclk
    SLICE_X16Y8          FDRE                                         r  pcnt_q_reg[2]_replica/C
  -------------------------------------------------------------------    -------------------
    SLICE_X16Y8          FDRE (Prop_fdre_C_Q)         0.518     1.491 f  pcnt_q_reg[2]_replica/Q
                         net (fo=1, routed)           0.667     2.158    pcnt_q[2]_repN
    SLICE_X17Y8          LUT6 (Prop_lut6_I0_O)        0.124     2.282 f  pr2_reg[3]_i_11/O
                         net (fo=1, routed)           0.149     2.431    pr2_reg[3]_i_11_n_0
    SLICE_X17Y8          LUT6 (Prop_lut6_I5_O)        0.124     2.555 r  pr2_reg[3]_i_10/O
                         net (fo=24, routed)          0.468     3.023    lrep
    SLICE_X13Y8          LUT3 (Prop_lut3_I2_O)        0.124     3.147 r  pr2_reg[6]_i_5/O
                         net (fo=2, routed)           0.569     3.716    pr2_reg[6]_i_5_n_0
    DSP48_X0Y3           DSP48E1                                      r  pr2_reg[6]/A[3]
  -------------------------------------------------------------------    -------------------

                         (clock aclk rise edge)       6.734     6.734 r  <hidden>
                                                      0.000     6.734 r  aclk
                         net (fo=1855, unset)         0.924     7.658    aclk
    DSP48_X0Y3           DSP48E1                                      r  pr2_reg[6]/CLK
                         clock pessimism              0.000     7.658    <hidden>
                         clock uncertainty           -0.035     7.623    <hidden>
    DSP48_X0Y3           DSP48E1 (Setup_dsp48e1_CLK_A[3])
                                                     -3.722     3.901    pr2_reg[6]
  -------------------------------------------------------------------
                         required time                          3.901    <hidden>
                         arrival time                          -3.716    <hidden>
  -------------------------------------------------------------------
                         slack                                  0.185    <hidden>





Min Delay Paths
--------------------------------------------------------------------------------------
Slack (MET) :             0.102ns  (arrival time - required time)
  Source:                 col_in_reg[3]_rep__1/C
                            (rising edge-triggered cell FDRE clocked by aclk  {rise@0.000ns fall@3.367ns period=6.734ns})
  Destination:            lb1_reg_0_127_7_7/DP.HIGH/WADR3
                            (rising edge-triggered cell RAMD64E clocked by aclk  {rise@0.000ns fall@3.367ns period=6.734ns})
  Path Group:             aclk
  Path Type:              Hold (Min at Fast Process Corner)
  Requirement:            0.000ns  (aclk rise@0.000ns - aclk rise@0.000ns)
  Data Path Delay:        0.364ns  (logic 0.141ns (38.764%)  route 0.223ns (61.236%))
  Logic Levels:           0  
  Clock Path Skew:        0.022ns (DCD - SCD - CPR)
    Destination Clock Delay (DCD):    0.432ns
    Source Clock Delay      (SCD):    0.410ns
    Clock Pessimism Removal (CPR):    -0.000ns

    Location             Delay type                Incr(ns)  Path(ns)    Netlist Resource(s)
  -------------------------------------------------------------------    -------------------
                         (clock aclk rise edge)       0.000     0.000 r  <hidden>
                                                      0.000     0.000 r  aclk
                         net (fo=1855, unset)         0.410     0.410    aclk
    SLICE_X11Y26         FDRE                                         r  col_in_reg[3]_rep__1/C
  -------------------------------------------------------------------    -------------------
    SLICE_X11Y26         FDRE (Prop_fdre_C_Q)         0.141     0.551 r  col_in_reg[3]_rep__1/Q
                         net (fo=222, routed)         0.223     0.774    lb1_reg_0_127_7_7/A3
    SLICE_X10Y26         RAMD64E                                      r  lb1_reg_0_127_7_7/DP.HIGH/WADR3
  -------------------------------------------------------------------    -------------------

                         (clock aclk rise edge)       0.000     0.000 r  <hidden>
                                                      0.000     0.000 r  aclk
                         net (fo=1855, unset)         0.432     0.432    lb1_reg_0_127_7_7/WCLK
    SLICE_X10Y26         RAMD64E                                      r  lb1_reg_0_127_7_7/DP.HIGH/CLK
                         clock pessimism              0.000     0.432    <hidden>
    SLICE_X10Y26         RAMD64E (Hold_ramd64e_CLK_WADR3)
                                                      0.240     0.672    lb1_reg_0_127_7_7/DP.HIGH
  -------------------------------------------------------------------
                         required time                         -0.672    <hidden>
                         arrival time                           0.774    <hidden>
  -------------------------------------------------------------------
                         slack                                  0.102    <hidden>

Slack (MET) :             0.102ns  (arrival time - required time)
  Source:                 col_in_reg[3]_rep__1/C
                            (rising edge-triggered cell FDRE clocked by aclk  {rise@0.000ns fall@3.367ns period=6.734ns})
  Destination:            lb1_reg_0_127_7_7/DP.LOW/WADR3
                            (rising edge-triggered cell RAMD64E clocked by aclk  {rise@0.000ns fall@3.367ns period=6.734ns})
  Path Group:             aclk
  Path Type:              Hold (Min at Fast Process Corner)
  Requirement:            0.000ns  (aclk rise@0.000ns - aclk rise@0.000ns)
  Data Path Delay:        0.364ns  (logic 0.141ns (38.764%)  route 0.223ns (61.236%))
  Logic Levels:           0  
  Clock Path Skew:        0.022ns (DCD - SCD - CPR)
    Destination Clock Delay (DCD):    0.432ns
    Source Clock Delay      (SCD):    0.410ns
    Clock Pessimism Removal (CPR):    -0.000ns

    Location             Delay type                Incr(ns)  Path(ns)    Netlist Resource(s)
  -------------------------------------------------------------------    -------------------
                         (clock aclk rise edge)       0.000     0.000 r  <hidden>
                                                      0.000     0.000 r  aclk
                         net (fo=1855, unset)         0.410     0.410    aclk
    SLICE_X11Y26         FDRE                                         r  col_in_reg[3]_rep__1/C
  -------------------------------------------------------------------    -------------------
    SLICE_X11Y26         FDRE (Prop_fdre_C_Q)         0.141     0.551 r  col_in_reg[3]_rep__1/Q
                         net (fo=222, routed)         0.223     0.774    lb1_reg_0_127_7_7/A3
    SLICE_X10Y26         RAMD64E                                      r  lb1_reg_0_127_7_7/DP.LOW/WADR3
  -------------------------------------------------------------------    -------------------

                         (clock aclk rise edge)       0.000     0.000 r  <hidden>
                                                      0.000     0.000 r  aclk
                         net (fo=1855, unset)         0.432     0.432    lb1_reg_0_127_7_7/WCLK
    SLICE_X10Y26         RAMD64E                                      r  lb1_reg_0_127_7_7/DP.LOW/CLK
                         clock pessimism              0.000     0.432    <hidden>
    SLICE_X10Y26         RAMD64E (Hold_ramd64e_CLK_WADR3)
                                                      0.240     0.672    lb1_reg_0_127_7_7/DP.LOW
  -------------------------------------------------------------------
                         required time                         -0.672    <hidden>
                         arrival time                           0.774    <hidden>
  -------------------------------------------------------------------
                         slack                                  0.102    <hidden>

Slack (MET) :             0.102ns  (arrival time - required time)
  Source:                 col_in_reg[3]_rep__1/C
                            (rising edge-triggered cell FDRE clocked by aclk  {rise@0.000ns fall@3.367ns period=6.734ns})
  Destination:            lb1_reg_0_127_7_7/SP.HIGH/WADR3
                            (rising edge-triggered cell RAMD64E clocked by aclk  {rise@0.000ns fall@3.367ns period=6.734ns})
  Path Group:             aclk
  Path Type:              Hold (Min at Fast Process Corner)
  Requirement:            0.000ns  (aclk rise@0.000ns - aclk rise@0.000ns)
  Data Path Delay:        0.364ns  (logic 0.141ns (38.764%)  route 0.223ns (61.236%))
  Logic Levels:           0  
  Clock Path Skew:        0.022ns (DCD - SCD - CPR)
    Destination Clock Delay (DCD):    0.432ns
    Source Clock Delay      (SCD):    0.410ns
    Clock Pessimism Removal (CPR):    -0.000ns

    Location             Delay type                Incr(ns)  Path(ns)    Netlist Resource(s)
  -------------------------------------------------------------------    -------------------
                         (clock aclk rise edge)       0.000     0.000 r  <hidden>
                                                      0.000     0.000 r  aclk
                         net (fo=1855, unset)         0.410     0.410    aclk
    SLICE_X11Y26         FDRE                                         r  col_in_reg[3]_rep__1/C
  -------------------------------------------------------------------    -------------------
    SLICE_X11Y26         FDRE (Prop_fdre_C_Q)         0.141     0.551 r  col_in_reg[3]_rep__1/Q
                         net (fo=222, routed)         0.223     0.774    lb1_reg_0_127_7_7/A3
    SLICE_X10Y26         RAMD64E                                      r  lb1_reg_0_127_7_7/SP.HIGH/WADR3
  -------------------------------------------------------------------    -------------------

                         (clock aclk rise edge)       0.000     0.000 r  <hidden>
                                                      0.000     0.000 r  aclk
                         net (fo=1855, unset)         0.432     0.432    lb1_reg_0_127_7_7/WCLK
    SLICE_X10Y26         RAMD64E                                      r  lb1_reg_0_127_7_7/SP.HIGH/CLK
                         clock pessimism              0.000     0.432    <hidden>
    SLICE_X10Y26         RAMD64E (Hold_ramd64e_CLK_WADR3)
                                                      0.240     0.672    lb1_reg_0_127_7_7/SP.HIGH
  -------------------------------------------------------------------
                         required time                         -0.672    <hidden>
                         arrival time                           0.774    <hidden>
  -------------------------------------------------------------------
                         slack                                  0.102    <hidden>

Slack (MET) :             0.102ns  (arrival time - required time)
  Source:                 col_in_reg[3]_rep__1/C
                            (rising edge-triggered cell FDRE clocked by aclk  {rise@0.000ns fall@3.367ns period=6.734ns})
  Destination:            lb1_reg_0_127_7_7/SP.LOW/WADR3
                            (rising edge-triggered cell RAMD64E clocked by aclk  {rise@0.000ns fall@3.367ns period=6.734ns})
  Path Group:             aclk
  Path Type:              Hold (Min at Fast Process Corner)
  Requirement:            0.000ns  (aclk rise@0.000ns - aclk rise@0.000ns)
  Data Path Delay:        0.364ns  (logic 0.141ns (38.764%)  route 0.223ns (61.236%))
  Logic Levels:           0  
  Clock Path Skew:        0.022ns (DCD - SCD - CPR)
    Destination Clock Delay (DCD):    0.432ns
    Source Clock Delay      (SCD):    0.410ns
    Clock Pessimism Removal (CPR):    -0.000ns

    Location             Delay type                Incr(ns)  Path(ns)    Netlist Resource(s)
  -------------------------------------------------------------------    -------------------
                         (clock aclk rise edge)       0.000     0.000 r  <hidden>
                                                      0.000     0.000 r  aclk
                         net (fo=1855, unset)         0.410     0.410    aclk
    SLICE_X11Y26         FDRE                                         r  col_in_reg[3]_rep__1/C
  -------------------------------------------------------------------    -------------------
    SLICE_X11Y26         FDRE (Prop_fdre_C_Q)         0.141     0.551 r  col_in_reg[3]_rep__1/Q
                         net (fo=222, routed)         0.223     0.774    lb1_reg_0_127_7_7/A3
    SLICE_X10Y26         RAMD64E                                      r  lb1_reg_0_127_7_7/SP.LOW/WADR3
  -------------------------------------------------------------------    -------------------

                         (clock aclk rise edge)       0.000     0.000 r  <hidden>
                                                      0.000     0.000 r  aclk
                         net (fo=1855, unset)         0.432     0.432    lb1_reg_0_127_7_7/WCLK
    SLICE_X10Y26         RAMD64E                                      r  lb1_reg_0_127_7_7/SP.LOW/CLK
                         clock pessimism              0.000     0.432    <hidden>
    SLICE_X10Y26         RAMD64E (Hold_ramd64e_CLK_WADR3)
                                                      0.240     0.672    lb1_reg_0_127_7_7/SP.LOW
  -------------------------------------------------------------------
                         required time                         -0.672    <hidden>
                         arrival time                           0.774    <hidden>
  -------------------------------------------------------------------
                         slack                                  0.102    <hidden>

Slack (MET) :             0.106ns  (arrival time - required time)
  Source:                 col_in_reg[0]/C
                            (rising edge-triggered cell FDRE clocked by aclk  {rise@0.000ns fall@3.367ns period=6.734ns})
  Destination:            lb2_reg_1920_2047_6_6/DP.HIGH/WADR0
                            (rising edge-triggered cell RAMD64E clocked by aclk  {rise@0.000ns fall@3.367ns period=6.734ns})
  Path Group:             aclk
  Path Type:              Hold (Min at Fast Process Corner)
  Requirement:            0.000ns  (aclk rise@0.000ns - aclk rise@0.000ns)
  Data Path Delay:        0.438ns  (logic 0.141ns (32.198%)  route 0.297ns (67.802%))
  Logic Levels:           0  
  Clock Path Skew:        0.022ns (DCD - SCD - CPR)
    Destination Clock Delay (DCD):    0.432ns
    Source Clock Delay      (SCD):    0.410ns
    Clock Pessimism Removal (CPR):    -0.000ns

    Location             Delay type                Incr(ns)  Path(ns)    Netlist Resource(s)
  -------------------------------------------------------------------    -------------------
                         (clock aclk rise edge)       0.000     0.000 r  <hidden>
                                                      0.000     0.000 r  aclk
                         net (fo=1855, unset)         0.410     0.410    aclk
    SLICE_X19Y27         FDRE                                         r  col_in_reg[0]/C
  -------------------------------------------------------------------    -------------------
    SLICE_X19Y27         FDRE (Prop_fdre_C_Q)         0.141     0.551 r  col_in_reg[0]/Q
                         net (fo=230, routed)         0.297     0.848    lb2_reg_1920_2047_6_6/A0
    SLICE_X18Y27         RAMD64E                                      r  lb2_reg_1920_2047_6_6/DP.HIGH/WADR0
  -------------------------------------------------------------------    -------------------

                         (clock aclk rise edge)       0.000     0.000 r  <hidden>
                                                      0.000     0.000 r  aclk
                         net (fo=1855, unset)         0.432     0.432    lb2_reg_1920_2047_6_6/WCLK
    SLICE_X18Y27         RAMD64E                                      r  lb2_reg_1920_2047_6_6/DP.HIGH/CLK
                         clock pessimism              0.000     0.432    <hidden>
    SLICE_X18Y27         RAMD64E (Hold_ramd64e_CLK_WADR0)
                                                      0.310     0.742    lb2_reg_1920_2047_6_6/DP.HIGH
  -------------------------------------------------------------------
                         required time                         -0.742    <hidden>
                         arrival time                           0.848    <hidden>
  -------------------------------------------------------------------
                         slack                                  0.106    <hidden>

Slack (MET) :             0.106ns  (arrival time - required time)
  Source:                 col_in_reg[0]/C
                            (rising edge-triggered cell FDRE clocked by aclk  {rise@0.000ns fall@3.367ns period=6.734ns})
  Destination:            lb2_reg_1920_2047_6_6/DP.LOW/WADR0
                            (rising edge-triggered cell RAMD64E clocked by aclk  {rise@0.000ns fall@3.367ns period=6.734ns})
  Path Group:             aclk
  Path Type:              Hold (Min at Fast Process Corner)
  Requirement:            0.000ns  (aclk rise@0.000ns - aclk rise@0.000ns)
  Data Path Delay:        0.438ns  (logic 0.141ns (32.198%)  route 0.297ns (67.802%))
  Logic Levels:           0  
  Clock Path Skew:        0.022ns (DCD - SCD - CPR)
    Destination Clock Delay (DCD):    0.432ns
    Source Clock Delay      (SCD):    0.410ns
    Clock Pessimism Removal (CPR):    -0.000ns

    Location             Delay type                Incr(ns)  Path(ns)    Netlist Resource(s)
  -------------------------------------------------------------------    -------------------
                         (clock aclk rise edge)       0.000     0.000 r  <hidden>
                                                      0.000     0.000 r  aclk
                         net (fo=1855, unset)         0.410     0.410    aclk
    SLICE_X19Y27         FDRE                                         r  col_in_reg[0]/C
  -------------------------------------------------------------------    -------------------
    SLICE_X19Y27         FDRE (Prop_fdre_C_Q)         0.141     0.551 r  col_in_reg[0]/Q
                         net (fo=230, routed)         0.297     0.848    lb2_reg_1920_2047_6_6/A0
    SLICE_X18Y27         RAMD64E                                      r  lb2_reg_1920_2047_6_6/DP.LOW/WADR0
  -------------------------------------------------------------------    -------------------

                         (clock aclk rise edge)       0.000     0.000 r  <hidden>
                                                      0.000     0.000 r  aclk
                         net (fo=1855, unset)         0.432     0.432    lb2_reg_1920_2047_6_6/WCLK
    SLICE_X18Y27         RAMD64E                                      r  lb2_reg_1920_2047_6_6/DP.LOW/CLK
                         clock pessimism              0.000     0.432    <hidden>
    SLICE_X18Y27         RAMD64E (Hold_ramd64e_CLK_WADR0)
                                                      0.310     0.742    lb2_reg_1920_2047_6_6/DP.LOW
  -------------------------------------------------------------------
                         required time                         -0.742    <hidden>
                         arrival time                           0.848    <hidden>
  -------------------------------------------------------------------
                         slack                                  0.106    <hidden>

Slack (MET) :             0.106ns  (arrival time - required time)
  Source:                 col_in_reg[0]/C
                            (rising edge-triggered cell FDRE clocked by aclk  {rise@0.000ns fall@3.367ns period=6.734ns})
  Destination:            lb2_reg_1920_2047_6_6/SP.HIGH/WADR0
                            (rising edge-triggered cell RAMD64E clocked by aclk  {rise@0.000ns fall@3.367ns period=6.734ns})
  Path Group:             aclk
  Path Type:              Hold (Min at Fast Process Corner)
  Requirement:            0.000ns  (aclk rise@0.000ns - aclk rise@0.000ns)
  Data Path Delay:        0.438ns  (logic 0.141ns (32.198%)  route 0.297ns (67.802%))
  Logic Levels:           0  
  Clock Path Skew:        0.022ns (DCD - SCD - CPR)
    Destination Clock Delay (DCD):    0.432ns
    Source Clock Delay      (SCD):    0.410ns
    Clock Pessimism Removal (CPR):    -0.000ns

    Location             Delay type                Incr(ns)  Path(ns)    Netlist Resource(s)
  -------------------------------------------------------------------    -------------------
                         (clock aclk rise edge)       0.000     0.000 r  <hidden>
                                                      0.000     0.000 r  aclk
                         net (fo=1855, unset)         0.410     0.410    aclk
    SLICE_X19Y27         FDRE                                         r  col_in_reg[0]/C
  -------------------------------------------------------------------    -------------------
    SLICE_X19Y27         FDRE (Prop_fdre_C_Q)         0.141     0.551 r  col_in_reg[0]/Q
                         net (fo=230, routed)         0.297     0.848    lb2_reg_1920_2047_6_6/A0
    SLICE_X18Y27         RAMD64E                                      r  lb2_reg_1920_2047_6_6/SP.HIGH/WADR0
  -------------------------------------------------------------------    -------------------

                         (clock aclk rise edge)       0.000     0.000 r  <hidden>
                                                      0.000     0.000 r  aclk
                         net (fo=1855, unset)         0.432     0.432    lb2_reg_1920_2047_6_6/WCLK
    SLICE_X18Y27         RAMD64E                                      r  lb2_reg_1920_2047_6_6/SP.HIGH/CLK
                         clock pessimism              0.000     0.432    <hidden>
    SLICE_X18Y27         RAMD64E (Hold_ramd64e_CLK_WADR0)
                                                      0.310     0.742    lb2_reg_1920_2047_6_6/SP.HIGH
  -------------------------------------------------------------------
                         required time                         -0.742    <hidden>
                         arrival time                           0.848    <hidden>
  -------------------------------------------------------------------
                         slack                                  0.106    <hidden>

Slack (MET) :             0.106ns  (arrival time - required time)
  Source:                 col_in_reg[0]/C
                            (rising edge-triggered cell FDRE clocked by aclk  {rise@0.000ns fall@3.367ns period=6.734ns})
  Destination:            lb2_reg_1920_2047_6_6/SP.LOW/WADR0
                            (rising edge-triggered cell RAMD64E clocked by aclk  {rise@0.000ns fall@3.367ns period=6.734ns})
  Path Group:             aclk
  Path Type:              Hold (Min at Fast Process Corner)
  Requirement:            0.000ns  (aclk rise@0.000ns - aclk rise@0.000ns)
  Data Path Delay:        0.438ns  (logic 0.141ns (32.198%)  route 0.297ns (67.802%))
  Logic Levels:           0  
  Clock Path Skew:        0.022ns (DCD - SCD - CPR)
    Destination Clock Delay (DCD):    0.432ns
    Source Clock Delay      (SCD):    0.410ns
    Clock Pessimism Removal (CPR):    -0.000ns

    Location             Delay type                Incr(ns)  Path(ns)    Netlist Resource(s)
  -------------------------------------------------------------------    -------------------
                         (clock aclk rise edge)       0.000     0.000 r  <hidden>
                                                      0.000     0.000 r  aclk
                         net (fo=1855, unset)         0.410     0.410    aclk
    SLICE_X19Y27         FDRE                                         r  col_in_reg[0]/C
  -------------------------------------------------------------------    -------------------
    SLICE_X19Y27         FDRE (Prop_fdre_C_Q)         0.141     0.551 r  col_in_reg[0]/Q
                         net (fo=230, routed)         0.297     0.848    lb2_reg_1920_2047_6_6/A0
    SLICE_X18Y27         RAMD64E                                      r  lb2_reg_1920_2047_6_6/SP.LOW/WADR0
  -------------------------------------------------------------------    -------------------

                         (clock aclk rise edge)       0.000     0.000 r  <hidden>
                                                      0.000     0.000 r  aclk
                         net (fo=1855, unset)         0.432     0.432    lb2_reg_1920_2047_6_6/WCLK
    SLICE_X18Y27         RAMD64E                                      r  lb2_reg_1920_2047_6_6/SP.LOW/CLK
                         clock pessimism              0.000     0.432    <hidden>
    SLICE_X18Y27         RAMD64E (Hold_ramd64e_CLK_WADR0)
                                                      0.310     0.742    lb2_reg_1920_2047_6_6/SP.LOW
  -------------------------------------------------------------------
                         required time                         -0.742    <hidden>
                         arrival time                           0.848    <hidden>
  -------------------------------------------------------------------
                         slack                                  0.106    <hidden>

Slack (MET) :             0.110ns  (arrival time - required time)
  Source:                 sh_k1_reg[0][6]/C
                            (rising edge-triggered cell FDSE clocked by aclk  {rise@0.000ns fall@3.367ns period=6.734ns})
  Destination:            k1_q_reg[0][6]/D
                            (rising edge-triggered cell FDSE clocked by aclk  {rise@0.000ns fall@3.367ns period=6.734ns})
  Path Group:             aclk
  Path Type:              Hold (Min at Fast Process Corner)
  Requirement:            0.000ns  (aclk rise@0.000ns - aclk rise@0.000ns)
  Data Path Delay:        0.207ns  (logic 0.141ns (68.017%)  route 0.066ns (31.983%))
  Logic Levels:           0  
  Clock Path Skew:        0.022ns (DCD - SCD - CPR)
    Destination Clock Delay (DCD):    0.432ns
    Source Clock Delay      (SCD):    0.410ns
    Clock Pessimism Removal (CPR):    -0.000ns

    Location             Delay type                Incr(ns)  Path(ns)    Netlist Resource(s)
  -------------------------------------------------------------------    -------------------
                         (clock aclk rise edge)       0.000     0.000 r  <hidden>
                                                      0.000     0.000 r  aclk
                         net (fo=1855, unset)         0.410     0.410    aclk
    SLICE_X35Y7          FDSE                                         r  sh_k1_reg[0][6]/C
  -------------------------------------------------------------------    -------------------
    SLICE_X35Y7          FDSE (Prop_fdse_C_Q)         0.141     0.551 r  sh_k1_reg[0][6]/Q
                         net (fo=2, routed)           0.066     0.617    sh_k1_reg_n_0_[0][6]
    SLICE_X34Y7          FDSE                                         r  k1_q_reg[0][6]/D
  -------------------------------------------------------------------    -------------------

                         (clock aclk rise edge)       0.000     0.000 r  <hidden>
                                                      0.000     0.000 r  aclk
                         net (fo=1855, unset)         0.432     0.432    aclk
    SLICE_X34Y7          FDSE                                         r  k1_q_reg[0][6]/C
                         clock pessimism              0.000     0.432    <hidden>
    SLICE_X34Y7          FDSE (Hold_fdse_C_D)         0.076     0.508    k1_q_reg[0][6]
  -------------------------------------------------------------------
                         required time                         -0.508    <hidden>
                         arrival time                           0.617    <hidden>
  -------------------------------------------------------------------
                         slack                                  0.110    <hidden>

Slack (MET) :             0.129ns  (arrival time - required time)
  Source:                 col_in_reg[2]_rep__2/C
                            (rising edge-triggered cell FDRE clocked by aclk  {rise@0.000ns fall@3.367ns period=6.734ns})
  Destination:            lb2_reg_1920_2047_3_3/DP.HIGH/WADR2
                            (rising edge-triggered cell RAMD64E clocked by aclk  {rise@0.000ns fall@3.367ns period=6.734ns})
  Path Group:             aclk
  Path Type:              Hold (Min at Fast Process Corner)
  Requirement:            0.000ns  (aclk rise@0.000ns - aclk rise@0.000ns)
  Data Path Delay:        0.404ns  (logic 0.141ns (34.883%)  route 0.263ns (65.117%))
  Logic Levels:           0  
  Clock Path Skew:        0.022ns (DCD - SCD - CPR)
    Destination Clock Delay (DCD):    0.432ns
    Source Clock Delay      (SCD):    0.410ns
    Clock Pessimism Removal (CPR):    -0.000ns

    Location             Delay type                Incr(ns)  Path(ns)    Netlist Resource(s)
  -------------------------------------------------------------------    -------------------
                         (clock aclk rise edge)       0.000     0.000 r  <hidden>
                                                      0.000     0.000 r  aclk
                         net (fo=1855, unset)         0.410     0.410    aclk
    SLICE_X27Y27         FDRE                                         r  col_in_reg[2]_rep__2/C
  -------------------------------------------------------------------    -------------------
    SLICE_X27Y27         FDRE (Prop_fdre_C_Q)         0.141     0.551 r  col_in_reg[2]_rep__2/Q
                         net (fo=222, routed)         0.263     0.814    lb2_reg_1920_2047_3_3/A2
    SLICE_X26Y27         RAMD64E                                      r  lb2_reg_1920_2047_3_3/DP.HIGH/WADR2
  -------------------------------------------------------------------    -------------------

                         (clock aclk rise edge)       0.000     0.000 r  <hidden>
                                                      0.000     0.000 r  aclk
                         net (fo=1855, unset)         0.432     0.432    lb2_reg_1920_2047_3_3/WCLK
    SLICE_X26Y27         RAMD64E                                      r  lb2_reg_1920_2047_3_3/DP.HIGH/CLK
                         clock pessimism              0.000     0.432    <hidden>
    SLICE_X26Y27         RAMD64E (Hold_ramd64e_CLK_WADR2)
                                                      0.254     0.686    lb2_reg_1920_2047_3_3/DP.HIGH
  -------------------------------------------------------------------
                         required time                         -0.686    <hidden>
                         arrival time                           0.814    <hidden>
  -------------------------------------------------------------------
                         slack                                  0.129    <hidden>

Slack (MET) :             0.129ns  (arrival time - required time)
  Source:                 col_in_reg[2]_rep__2/C
                            (rising edge-triggered cell FDRE clocked by aclk  {rise@0.000ns fall@3.367ns period=6.734ns})
  Destination:            lb2_reg_1920_2047_3_3/DP.LOW/WADR2
                            (rising edge-triggered cell RAMD64E clocked by aclk  {rise@0.000ns fall@3.367ns period=6.734ns})
  Path Group:             aclk
  Path Type:              Hold (Min at Fast Process Corner)
  Requirement:            0.000ns  (aclk rise@0.000ns - aclk rise@0.000ns)
  Data Path Delay:        0.404ns  (logic 0.141ns (34.883%)  route 0.263ns (65.117%))
  Logic Levels:           0  
  Clock Path Skew:        0.022ns (DCD - SCD - CPR)
    Destination Clock Delay (DCD):    0.432ns
    Source Clock Delay      (SCD):    0.410ns
    Clock Pessimism Removal (CPR):    -0.000ns

    Location             Delay type                Incr(ns)  Path(ns)    Netlist Resource(s)
  -------------------------------------------------------------------    -------------------
                         (clock aclk rise edge)       0.000     0.000 r  <hidden>
                                                      0.000     0.000 r  aclk
                         net (fo=1855, unset)         0.410     0.410    aclk
    SLICE_X27Y27         FDRE                                         r  col_in_reg[2]_rep__2/C
  -------------------------------------------------------------------    -------------------
    SLICE_X27Y27         FDRE (Prop_fdre_C_Q)         0.141     0.551 r  col_in_reg[2]_rep__2/Q
                         net (fo=222, routed)         0.263     0.814    lb2_reg_1920_2047_3_3/A2
    SLICE_X26Y27         RAMD64E                                      r  lb2_reg_1920_2047_3_3/DP.LOW/WADR2
  -------------------------------------------------------------------    -------------------

                         (clock aclk rise edge)       0.000     0.000 r  <hidden>
                                                      0.000     0.000 r  aclk
                         net (fo=1855, unset)         0.432     0.432    lb2_reg_1920_2047_3_3/WCLK
    SLICE_X26Y27         RAMD64E                                      r  lb2_reg_1920_2047_3_3/DP.LOW/CLK
                         clock pessimism              0.000     0.432    <hidden>
    SLICE_X26Y27         RAMD64E (Hold_ramd64e_CLK_WADR2)
                                                      0.254     0.686    lb2_reg_1920_2047_3_3/DP.LOW
  -------------------------------------------------------------------
                         required time                         -0.686    <hidden>
                         arrival time                           0.814    <hidden>
  -------------------------------------------------------------------
                         slack                                  0.129    <hidden>

Slack (MET) :             0.129ns  (arrival time - required time)
  Source:                 col_in_reg[2]_rep__2/C
                            (rising edge-triggered cell FDRE clocked by aclk  {rise@0.000ns fall@3.367ns period=6.734ns})
  Destination:            lb2_reg_1920_2047_3_3/SP.HIGH/WADR2
                            (rising edge-triggered cell RAMD64E clocked by aclk  {rise@0.000ns fall@3.367ns period=6.734ns})
  Path Group:             aclk
  Path Type:              Hold (Min at Fast Process Corner)
  Requirement:            0.000ns  (aclk rise@0.000ns - aclk rise@0.000ns)
  Data Path Delay:        0.404ns  (logic 0.141ns (34.883%)  route 0.263ns (65.117%))
  Logic Levels:           0  
  Clock Path Skew:        0.022ns (DCD - SCD - CPR)
    Destination Clock Delay (DCD):    0.432ns
    Source Clock Delay      (SCD):    0.410ns
    Clock Pessimism Removal (CPR):    -0.000ns

    Location             Delay type                Incr(ns)  Path(ns)    Netlist Resource(s)
  -------------------------------------------------------------------    -------------------
                         (clock aclk rise edge)       0.000     0.000 r  <hidden>
                                                      0.000     0.000 r  aclk
                         net (fo=1855, unset)         0.410     0.410    aclk
    SLICE_X27Y27         FDRE                                         r  col_in_reg[2]_rep__2/C
  -------------------------------------------------------------------    -------------------
    SLICE_X27Y27         FDRE (Prop_fdre_C_Q)         0.141     0.551 r  col_in_reg[2]_rep__2/Q
                         net (fo=222, routed)         0.263     0.814    lb2_reg_1920_2047_3_3/A2
    SLICE_X26Y27         RAMD64E                                      r  lb2_reg_1920_2047_3_3/SP.HIGH/WADR2
  -------------------------------------------------------------------    -------------------

                         (clock aclk rise edge)       0.000     0.000 r  <hidden>
                                                      0.000     0.000 r  aclk
                         net (fo=1855, unset)         0.432     0.432    lb2_reg_1920_2047_3_3/WCLK
    SLICE_X26Y27         RAMD64E                                      r  lb2_reg_1920_2047_3_3/SP.HIGH/CLK
                         clock pessimism              0.000     0.432    <hidden>
    SLICE_X26Y27         RAMD64E (Hold_ramd64e_CLK_WADR2)
                                                      0.254     0.686    lb2_reg_1920_2047_3_3/SP.HIGH
  -------------------------------------------------------------------
                         required time                         -0.686    <hidden>
                         arrival time                           0.814    <hidden>
  -------------------------------------------------------------------
                         slack                                  0.129    <hidden>

Slack (MET) :             0.129ns  (arrival time - required time)
  Source:                 col_in_reg[2]_rep__2/C
                            (rising edge-triggered cell FDRE clocked by aclk  {rise@0.000ns fall@3.367ns period=6.734ns})
  Destination:            lb2_reg_1920_2047_3_3/SP.LOW/WADR2
                            (rising edge-triggered cell RAMD64E clocked by aclk  {rise@0.000ns fall@3.367ns period=6.734ns})
  Path Group:             aclk
  Path Type:              Hold (Min at Fast Process Corner)
  Requirement:            0.000ns  (aclk rise@0.000ns - aclk rise@0.000ns)
  Data Path Delay:        0.404ns  (logic 0.141ns (34.883%)  route 0.263ns (65.117%))
  Logic Levels:           0  
  Clock Path Skew:        0.022ns (DCD - SCD - CPR)
    Destination Clock Delay (DCD):    0.432ns
    Source Clock Delay      (SCD):    0.410ns
    Clock Pessimism Removal (CPR):    -0.000ns

    Location             Delay type                Incr(ns)  Path(ns)    Netlist Resource(s)
  -------------------------------------------------------------------    -------------------
                         (clock aclk rise edge)       0.000     0.000 r  <hidden>
                                                      0.000     0.000 r  aclk
                         net (fo=1855, unset)         0.410     0.410    aclk
    SLICE_X27Y27         FDRE                                         r  col_in_reg[2]_rep__2/C
  -------------------------------------------------------------------    -------------------
    SLICE_X27Y27         FDRE (Prop_fdre_C_Q)         0.141     0.551 r  col_in_reg[2]_rep__2/Q
                         net (fo=222, routed)         0.263     0.814    lb2_reg_1920_2047_3_3/A2
    SLICE_X26Y27         RAMD64E                                      r  lb2_reg_1920_2047_3_3/SP.LOW/WADR2
  -------------------------------------------------------------------    -------------------

                         (clock aclk rise edge)       0.000     0.000 r  <hidden>
                                                      0.000     0.000 r  aclk
                         net (fo=1855, unset)         0.432     0.432    lb2_reg_1920_2047_3_3/WCLK
    SLICE_X26Y27         RAMD64E                                      r  lb2_reg_1920_2047_3_3/SP.LOW/CLK
                         clock pessimism              0.000     0.432    <hidden>
    SLICE_X26Y27         RAMD64E (Hold_ramd64e_CLK_WADR2)
                                                      0.254     0.686    lb2_reg_1920_2047_3_3/SP.LOW
  -------------------------------------------------------------------
                         required time                         -0.686    <hidden>
                         arrival time                           0.814    <hidden>
  -------------------------------------------------------------------
                         slack                                  0.129    <hidden>

Slack (MET) :             0.138ns  (arrival time - required time)
  Source:                 cc1_q_reg[5]/C
                            (rising edge-triggered cell FDRE clocked by aclk  {rise@0.000ns fall@3.367ns period=6.734ns})
  Destination:            ccD_q_reg[5]/D
                            (rising edge-triggered cell FDRE clocked by aclk  {rise@0.000ns fall@3.367ns period=6.734ns})
  Path Group:             aclk
  Path Type:              Hold (Min at Fast Process Corner)
  Requirement:            0.000ns  (aclk rise@0.000ns - aclk rise@0.000ns)
  Data Path Delay:        0.220ns  (logic 0.164ns (74.580%)  route 0.056ns (25.420%))
  Logic Levels:           0  
  Clock Path Skew:        0.022ns (DCD - SCD - CPR)
    Destination Clock Delay (DCD):    0.432ns
    Source Clock Delay      (SCD):    0.410ns
    Clock Pessimism Removal (CPR):    -0.000ns

    Location             Delay type                Incr(ns)  Path(ns)    Netlist Resource(s)
  -------------------------------------------------------------------    -------------------
                         (clock aclk rise edge)       0.000     0.000 r  <hidden>
                                                      0.000     0.000 r  aclk
                         net (fo=1855, unset)         0.410     0.410    aclk
    SLICE_X42Y8          FDRE                                         r  cc1_q_reg[5]/C
  -------------------------------------------------------------------    -------------------
    SLICE_X42Y8          FDRE (Prop_fdre_C_Q)         0.164     0.574 r  cc1_q_reg[5]/Q
                         net (fo=1, routed)           0.056     0.630    cc1_q[5]
    SLICE_X42Y8          FDRE                                         r  ccD_q_reg[5]/D
  -------------------------------------------------------------------    -------------------

                         (clock aclk rise edge)       0.000     0.000 r  <hidden>
                                                      0.000     0.000 r  aclk
                         net (fo=1855, unset)         0.432     0.432    aclk
    SLICE_X42Y8          FDRE                                         r  ccD_q_reg[5]/C
                         clock pessimism              0.000     0.432    <hidden>
    SLICE_X42Y8          FDRE (Hold_fdre_C_D)         0.060     0.492    ccD_q_reg[5]
  -------------------------------------------------------------------
                         required time                         -0.492    <hidden>
                         arrival time                           0.630    <hidden>
  -------------------------------------------------------------------
                         slack                                  0.138    <hidden>

Slack (MET) :             0.139ns  (arrival time - required time)
  Source:                 col_in_reg[0]_rep/C
                            (rising edge-triggered cell FDRE clocked by aclk  {rise@0.000ns fall@3.367ns period=6.734ns})
  Destination:            lb1_reg_1792_1919_2_2/DP.HIGH/WADR0
                            (rising edge-triggered cell RAMD64E clocked by aclk  {rise@0.000ns fall@3.367ns period=6.734ns})
  Path Group:             aclk
  Path Type:              Hold (Min at Fast Process Corner)
  Requirement:            0.000ns  (aclk rise@0.000ns - aclk rise@0.000ns)
  Data Path Delay:        0.471ns  (logic 0.141ns (29.953%)  route 0.330ns (70.047%))
  Logic Levels:           0  
  Clock Path Skew:        0.022ns (DCD - SCD - CPR)
    Destination Clock Delay (DCD):    0.432ns
    Source Clock Delay      (SCD):    0.410ns
    Clock Pessimism Removal (CPR):    -0.000ns

    Location             Delay type                Incr(ns)  Path(ns)    Netlist Resource(s)
  -------------------------------------------------------------------    -------------------
                         (clock aclk rise edge)       0.000     0.000 r  <hidden>
                                                      0.000     0.000 r  aclk
                         net (fo=1855, unset)         0.410     0.410    aclk
    SLICE_X21Y20         FDRE                                         r  col_in_reg[0]_rep/C
  -------------------------------------------------------------------    -------------------
    SLICE_X21Y20         FDRE (Prop_fdre_C_Q)         0.141     0.551 r  col_in_reg[0]_rep/Q
                         net (fo=219, routed)         0.330     0.881    lb1_reg_1792_1919_2_2/A0
    SLICE_X20Y20         RAMD64E                                      r  lb1_reg_1792_1919_2_2/DP.HIGH/WADR0
  -------------------------------------------------------------------    -------------------

                         (clock aclk rise edge)       0.000     0.000 r  <hidden>
                                                      0.000     0.000 r  aclk
                         net (fo=1855, unset)         0.432     0.432    lb1_reg_1792_1919_2_2/WCLK
    SLICE_X20Y20         RAMD64E                                      r  lb1_reg_1792_1919_2_2/DP.HIGH/CLK
                         clock pessimism              0.000     0.432    <hidden>
    SLICE_X20Y20         RAMD64E (Hold_ramd64e_CLK_WADR0)
                                                      0.310     0.742    lb1_reg_1792_1919_2_2/DP.HIGH
  -------------------------------------------------------------------
                         required time                         -0.742    <hidden>
                         arrival time                           0.881    <hidden>
  -------------------------------------------------------------------
                         slack                                  0.139    <hidden>

Slack (MET) :             0.139ns  (arrival time - required time)
  Source:                 col_in_reg[0]_rep/C
                            (rising edge-triggered cell FDRE clocked by aclk  {rise@0.000ns fall@3.367ns period=6.734ns})
  Destination:            lb1_reg_1792_1919_2_2/DP.LOW/WADR0
                            (rising edge-triggered cell RAMD64E clocked by aclk  {rise@0.000ns fall@3.367ns period=6.734ns})
  Path Group:             aclk
  Path Type:              Hold (Min at Fast Process Corner)
  Requirement:            0.000ns  (aclk rise@0.000ns - aclk rise@0.000ns)
  Data Path Delay:        0.471ns  (logic 0.141ns (29.953%)  route 0.330ns (70.047%))
  Logic Levels:           0  
  Clock Path Skew:        0.022ns (DCD - SCD - CPR)
    Destination Clock Delay (DCD):    0.432ns
    Source Clock Delay      (SCD):    0.410ns
    Clock Pessimism Removal (CPR):    -0.000ns

    Location             Delay type                Incr(ns)  Path(ns)    Netlist Resource(s)
  -------------------------------------------------------------------    -------------------
                         (clock aclk rise edge)       0.000     0.000 r  <hidden>
                                                      0.000     0.000 r  aclk
                         net (fo=1855, unset)         0.410     0.410    aclk
    SLICE_X21Y20         FDRE                                         r  col_in_reg[0]_rep/C
  -------------------------------------------------------------------    -------------------
    SLICE_X21Y20         FDRE (Prop_fdre_C_Q)         0.141     0.551 r  col_in_reg[0]_rep/Q
                         net (fo=219, routed)         0.330     0.881    lb1_reg_1792_1919_2_2/A0
    SLICE_X20Y20         RAMD64E                                      r  lb1_reg_1792_1919_2_2/DP.LOW/WADR0
  -------------------------------------------------------------------    -------------------

                         (clock aclk rise edge)       0.000     0.000 r  <hidden>
                                                      0.000     0.000 r  aclk
                         net (fo=1855, unset)         0.432     0.432    lb1_reg_1792_1919_2_2/WCLK
    SLICE_X20Y20         RAMD64E                                      r  lb1_reg_1792_1919_2_2/DP.LOW/CLK
                         clock pessimism              0.000     0.432    <hidden>
    SLICE_X20Y20         RAMD64E (Hold_ramd64e_CLK_WADR0)
                                                      0.310     0.742    lb1_reg_1792_1919_2_2/DP.LOW
  -------------------------------------------------------------------
                         required time                         -0.742    <hidden>
                         arrival time                           0.881    <hidden>
  -------------------------------------------------------------------
                         slack                                  0.139    <hidden>

Slack (MET) :             0.139ns  (arrival time - required time)
  Source:                 col_in_reg[0]_rep/C
                            (rising edge-triggered cell FDRE clocked by aclk  {rise@0.000ns fall@3.367ns period=6.734ns})
  Destination:            lb1_reg_1792_1919_2_2/SP.HIGH/WADR0
                            (rising edge-triggered cell RAMD64E clocked by aclk  {rise@0.000ns fall@3.367ns period=6.734ns})
  Path Group:             aclk
  Path Type:              Hold (Min at Fast Process Corner)
  Requirement:            0.000ns  (aclk rise@0.000ns - aclk rise@0.000ns)
  Data Path Delay:        0.471ns  (logic 0.141ns (29.953%)  route 0.330ns (70.047%))
  Logic Levels:           0  
  Clock Path Skew:        0.022ns (DCD - SCD - CPR)
    Destination Clock Delay (DCD):    0.432ns
    Source Clock Delay      (SCD):    0.410ns
    Clock Pessimism Removal (CPR):    -0.000ns

    Location             Delay type                Incr(ns)  Path(ns)    Netlist Resource(s)
  -------------------------------------------------------------------    -------------------
                         (clock aclk rise edge)       0.000     0.000 r  <hidden>
                                                      0.000     0.000 r  aclk
                         net (fo=1855, unset)         0.410     0.410    aclk
    SLICE_X21Y20         FDRE                                         r  col_in_reg[0]_rep/C
  -------------------------------------------------------------------    -------------------
    SLICE_X21Y20         FDRE (Prop_fdre_C_Q)         0.141     0.551 r  col_in_reg[0]_rep/Q
                         net (fo=219, routed)         0.330     0.881    lb1_reg_1792_1919_2_2/A0
    SLICE_X20Y20         RAMD64E                                      r  lb1_reg_1792_1919_2_2/SP.HIGH/WADR0
  -------------------------------------------------------------------    -------------------

                         (clock aclk rise edge)       0.000     0.000 r  <hidden>
                                                      0.000     0.000 r  aclk
                         net (fo=1855, unset)         0.432     0.432    lb1_reg_1792_1919_2_2/WCLK
    SLICE_X20Y20         RAMD64E                                      r  lb1_reg_1792_1919_2_2/SP.HIGH/CLK
                         clock pessimism              0.000     0.432    <hidden>
    SLICE_X20Y20         RAMD64E (Hold_ramd64e_CLK_WADR0)
                                                      0.310     0.742    lb1_reg_1792_1919_2_2/SP.HIGH
  -------------------------------------------------------------------
                         required time                         -0.742    <hidden>
                         arrival time                           0.881    <hidden>
  -------------------------------------------------------------------
                         slack                                  0.139    <hidden>

Slack (MET) :             0.139ns  (arrival time - required time)
  Source:                 col_in_reg[0]_rep/C
                            (rising edge-triggered cell FDRE clocked by aclk  {rise@0.000ns fall@3.367ns period=6.734ns})
  Destination:            lb1_reg_1792_1919_2_2/SP.LOW/WADR0
                            (rising edge-triggered cell RAMD64E clocked by aclk  {rise@0.000ns fall@3.367ns period=6.734ns})
  Path Group:             aclk
  Path Type:              Hold (Min at Fast Process Corner)
  Requirement:            0.000ns  (aclk rise@0.000ns - aclk rise@0.000ns)
  Data Path Delay:        0.471ns  (logic 0.141ns (29.953%)  route 0.330ns (70.047%))
  Logic Levels:           0  
  Clock Path Skew:        0.022ns (DCD - SCD - CPR)
    Destination Clock Delay (DCD):    0.432ns
    Source Clock Delay      (SCD):    0.410ns
    Clock Pessimism Removal (CPR):    -0.000ns

    Location             Delay type                Incr(ns)  Path(ns)    Netlist Resource(s)
  -------------------------------------------------------------------    -------------------
                         (clock aclk rise edge)       0.000     0.000 r  <hidden>
                                                      0.000     0.000 r  aclk
                         net (fo=1855, unset)         0.410     0.410    aclk
    SLICE_X21Y20         FDRE                                         r  col_in_reg[0]_rep/C
  -------------------------------------------------------------------    -------------------
    SLICE_X21Y20         FDRE (Prop_fdre_C_Q)         0.141     0.551 r  col_in_reg[0]_rep/Q
                         net (fo=219, routed)         0.330     0.881    lb1_reg_1792_1919_2_2/A0
    SLICE_X20Y20         RAMD64E                                      r  lb1_reg_1792_1919_2_2/SP.LOW/WADR0
  -------------------------------------------------------------------    -------------------

                         (clock aclk rise edge)       0.000     0.000 r  <hidden>
                                                      0.000     0.000 r  aclk
                         net (fo=1855, unset)         0.432     0.432    lb1_reg_1792_1919_2_2/WCLK
    SLICE_X20Y20         RAMD64E                                      r  lb1_reg_1792_1919_2_2/SP.LOW/CLK
                         clock pessimism              0.000     0.432    <hidden>
    SLICE_X20Y20         RAMD64E (Hold_ramd64e_CLK_WADR0)
                                                      0.310     0.742    lb1_reg_1792_1919_2_2/SP.LOW
  -------------------------------------------------------------------
                         required time                         -0.742    <hidden>
                         arrival time                           0.881    <hidden>
  -------------------------------------------------------------------
                         slack                                  0.139    <hidden>

Slack (MET) :             0.141ns  (arrival time - required time)
  Source:                 col_in_reg[3]_rep__2/C
                            (rising edge-triggered cell FDRE clocked by aclk  {rise@0.000ns fall@3.367ns period=6.734ns})
  Destination:            lb1_reg_256_383_6_6/DP.HIGH/WADR3
                            (rising edge-triggered cell RAMD64E clocked by aclk  {rise@0.000ns fall@3.367ns period=6.734ns})
  Path Group:             aclk
  Path Type:              Hold (Min at Fast Process Corner)
  Requirement:            0.000ns  (aclk rise@0.000ns - aclk rise@0.000ns)
  Data Path Delay:        0.403ns  (logic 0.141ns (35.027%)  route 0.262ns (64.973%))
  Logic Levels:           0  
  Clock Path Skew:        0.022ns (DCD - SCD - CPR)
    Destination Clock Delay (DCD):    0.432ns
    Source Clock Delay      (SCD):    0.410ns
    Clock Pessimism Removal (CPR):    -0.000ns

    Location             Delay type                Incr(ns)  Path(ns)    Netlist Resource(s)
  -------------------------------------------------------------------    -------------------
                         (clock aclk rise edge)       0.000     0.000 r  <hidden>
                                                      0.000     0.000 r  aclk
                         net (fo=1855, unset)         0.410     0.410    aclk
    SLICE_X17Y24         FDRE                                         r  col_in_reg[3]_rep__2/C
  -------------------------------------------------------------------    -------------------
    SLICE_X17Y24         FDRE (Prop_fdre_C_Q)         0.141     0.551 r  col_in_reg[3]_rep__2/Q
                         net (fo=222, routed)         0.262     0.813    lb1_reg_256_383_6_6/A3
    SLICE_X16Y23         RAMD64E                                      r  lb1_reg_256_383_6_6/DP.HIGH/WADR3
  -------------------------------------------------------------------    -------------------

                         (clock aclk rise edge)       0.000     0.000 r  <hidden>
                                                      0.000     0.000 r  aclk
                         net (fo=1855, unset)         0.432     0.432    lb1_reg_256_383_6_6/WCLK
    SLICE_X16Y23         RAMD64E                                      r  lb1_reg_256_383_6_6/DP.HIGH/CLK
                         clock pessimism              0.000     0.432    <hidden>
    SLICE_X16Y23         RAMD64E (Hold_ramd64e_CLK_WADR3)
                                                      0.240     0.672    lb1_reg_256_383_6_6/DP.HIGH
  -------------------------------------------------------------------
                         required time                         -0.672    <hidden>
                         arrival time                           0.813    <hidden>
  -------------------------------------------------------------------
                         slack                                  0.141    <hidden>

Slack (MET) :             0.141ns  (arrival time - required time)
  Source:                 col_in_reg[3]_rep__2/C
                            (rising edge-triggered cell FDRE clocked by aclk  {rise@0.000ns fall@3.367ns period=6.734ns})
  Destination:            lb1_reg_256_383_6_6/DP.LOW/WADR3
                            (rising edge-triggered cell RAMD64E clocked by aclk  {rise@0.000ns fall@3.367ns period=6.734ns})
  Path Group:             aclk
  Path Type:              Hold (Min at Fast Process Corner)
  Requirement:            0.000ns  (aclk rise@0.000ns - aclk rise@0.000ns)
  Data Path Delay:        0.403ns  (logic 0.141ns (35.027%)  route 0.262ns (64.973%))
  Logic Levels:           0  
  Clock Path Skew:        0.022ns (DCD - SCD - CPR)
    Destination Clock Delay (DCD):    0.432ns
    Source Clock Delay      (SCD):    0.410ns
    Clock Pessimism Removal (CPR):    -0.000ns

    Location             Delay type                Incr(ns)  Path(ns)    Netlist Resource(s)
  -------------------------------------------------------------------    -------------------
                         (clock aclk rise edge)       0.000     0.000 r  <hidden>
                                                      0.000     0.000 r  aclk
                         net (fo=1855, unset)         0.410     0.410    aclk
    SLICE_X17Y24         FDRE                                         r  col_in_reg[3]_rep__2/C
  -------------------------------------------------------------------    -------------------
    SLICE_X17Y24         FDRE (Prop_fdre_C_Q)         0.141     0.551 r  col_in_reg[3]_rep__2/Q
                         net (fo=222, routed)         0.262     0.813    lb1_reg_256_383_6_6/A3
    SLICE_X16Y23         RAMD64E                                      r  lb1_reg_256_383_6_6/DP.LOW/WADR3
  -------------------------------------------------------------------    -------------------

                         (clock aclk rise edge)       0.000     0.000 r  <hidden>
                                                      0.000     0.000 r  aclk
                         net (fo=1855, unset)         0.432     0.432    lb1_reg_256_383_6_6/WCLK
    SLICE_X16Y23         RAMD64E                                      r  lb1_reg_256_383_6_6/DP.LOW/CLK
                         clock pessimism              0.000     0.432    <hidden>
    SLICE_X16Y23         RAMD64E (Hold_ramd64e_CLK_WADR3)
                                                      0.240     0.672    lb1_reg_256_383_6_6/DP.LOW
  -------------------------------------------------------------------
                         required time                         -0.672    <hidden>
                         arrival time                           0.813    <hidden>
  -------------------------------------------------------------------
                         slack                                  0.141    <hidden>

Slack (MET) :             0.141ns  (arrival time - required time)
  Source:                 col_in_reg[3]_rep__2/C
                            (rising edge-triggered cell FDRE clocked by aclk  {rise@0.000ns fall@3.367ns period=6.734ns})
  Destination:            lb1_reg_256_383_6_6/SP.HIGH/WADR3
                            (rising edge-triggered cell RAMD64E clocked by aclk  {rise@0.000ns fall@3.367ns period=6.734ns})
  Path Group:             aclk
  Path Type:              Hold (Min at Fast Process Corner)
  Requirement:            0.000ns  (aclk rise@0.000ns - aclk rise@0.000ns)
  Data Path Delay:        0.403ns  (logic 0.141ns (35.027%)  route 0.262ns (64.973%))
  Logic Levels:           0  
  Clock Path Skew:        0.022ns (DCD - SCD - CPR)
    Destination Clock Delay (DCD):    0.432ns
    Source Clock Delay      (SCD):    0.410ns
    Clock Pessimism Removal (CPR):    -0.000ns

    Location             Delay type                Incr(ns)  Path(ns)    Netlist Resource(s)
  -------------------------------------------------------------------    -------------------
                         (clock aclk rise edge)       0.000     0.000 r  <hidden>
                                                      0.000     0.000 r  aclk
                         net (fo=1855, unset)         0.410     0.410    aclk
    SLICE_X17Y24         FDRE                                         r  col_in_reg[3]_rep__2/C
  -------------------------------------------------------------------    -------------------
    SLICE_X17Y24         FDRE (Prop_fdre_C_Q)         0.141     0.551 r  col_in_reg[3]_rep__2/Q
                         net (fo=222, routed)         0.262     0.813    lb1_reg_256_383_6_6/A3
    SLICE_X16Y23         RAMD64E                                      r  lb1_reg_256_383_6_6/SP.HIGH/WADR3
  -------------------------------------------------------------------    -------------------

                         (clock aclk rise edge)       0.000     0.000 r  <hidden>
                                                      0.000     0.000 r  aclk
                         net (fo=1855, unset)         0.432     0.432    lb1_reg_256_383_6_6/WCLK
    SLICE_X16Y23         RAMD64E                                      r  lb1_reg_256_383_6_6/SP.HIGH/CLK
                         clock pessimism              0.000     0.432    <hidden>
    SLICE_X16Y23         RAMD64E (Hold_ramd64e_CLK_WADR3)
                                                      0.240     0.672    lb1_reg_256_383_6_6/SP.HIGH
  -------------------------------------------------------------------
                         required time                         -0.672    <hidden>
                         arrival time                           0.813    <hidden>
  -------------------------------------------------------------------
                         slack                                  0.141    <hidden>

Slack (MET) :             0.141ns  (arrival time - required time)
  Source:                 col_in_reg[3]_rep__2/C
                            (rising edge-triggered cell FDRE clocked by aclk  {rise@0.000ns fall@3.367ns period=6.734ns})
  Destination:            lb1_reg_256_383_6_6/SP.LOW/WADR3
                            (rising edge-triggered cell RAMD64E clocked by aclk  {rise@0.000ns fall@3.367ns period=6.734ns})
  Path Group:             aclk
  Path Type:              Hold (Min at Fast Process Corner)
  Requirement:            0.000ns  (aclk rise@0.000ns - aclk rise@0.000ns)
  Data Path Delay:        0.403ns  (logic 0.141ns (35.027%)  route 0.262ns (64.973%))
  Logic Levels:           0  
  Clock Path Skew:        0.022ns (DCD - SCD - CPR)
    Destination Clock Delay (DCD):    0.432ns
    Source Clock Delay      (SCD):    0.410ns
    Clock Pessimism Removal (CPR):    -0.000ns

    Location             Delay type                Incr(ns)  Path(ns)    Netlist Resource(s)
  -------------------------------------------------------------------    -------------------
                         (clock aclk rise edge)       0.000     0.000 r  <hidden>
                                                      0.000     0.000 r  aclk
                         net (fo=1855, unset)         0.410     0.410    aclk
    SLICE_X17Y24         FDRE                                         r  col_in_reg[3]_rep__2/C
  -------------------------------------------------------------------    -------------------
    SLICE_X17Y24         FDRE (Prop_fdre_C_Q)         0.141     0.551 r  col_in_reg[3]_rep__2/Q
                         net (fo=222, routed)         0.262     0.813    lb1_reg_256_383_6_6/A3
    SLICE_X16Y23         RAMD64E                                      r  lb1_reg_256_383_6_6/SP.LOW/WADR3
  -------------------------------------------------------------------    -------------------

                         (clock aclk rise edge)       0.000     0.000 r  <hidden>
                                                      0.000     0.000 r  aclk
                         net (fo=1855, unset)         0.432     0.432    lb1_reg_256_383_6_6/WCLK
    SLICE_X16Y23         RAMD64E                                      r  lb1_reg_256_383_6_6/SP.LOW/CLK
                         clock pessimism              0.000     0.432    <hidden>
    SLICE_X16Y23         RAMD64E (Hold_ramd64e_CLK_WADR3)
                                                      0.240     0.672    lb1_reg_256_383_6_6/SP.LOW
  -------------------------------------------------------------------
                         required time                         -0.672    <hidden>
                         arrival time                           0.813    <hidden>
  -------------------------------------------------------------------
                         slack                                  0.141    <hidden>

Slack (MET) :             0.141ns  (arrival time - required time)
  Source:                 col_in_reg[0]_rep__1/C
                            (rising edge-triggered cell FDRE clocked by aclk  {rise@0.000ns fall@3.367ns period=6.734ns})
  Destination:            lb1_reg_256_383_3_3/DP.HIGH/WADR0
                            (rising edge-triggered cell RAMD64E clocked by aclk  {rise@0.000ns fall@3.367ns period=6.734ns})
  Path Group:             aclk
  Path Type:              Hold (Min at Fast Process Corner)
  Requirement:            0.000ns  (aclk rise@0.000ns - aclk rise@0.000ns)
  Data Path Delay:        0.473ns  (logic 0.141ns (29.815%)  route 0.332ns (70.185%))
  Logic Levels:           0  
  Clock Path Skew:        0.022ns (DCD - SCD - CPR)
    Destination Clock Delay (DCD):    0.432ns
    Source Clock Delay      (SCD):    0.410ns
    Clock Pessimism Removal (CPR):    -0.000ns

    Location             Delay type                Incr(ns)  Path(ns)    Netlist Resource(s)
  -------------------------------------------------------------------    -------------------
                         (clock aclk rise edge)       0.000     0.000 r  <hidden>
                                                      0.000     0.000 r  aclk
                         net (fo=1855, unset)         0.410     0.410    aclk
    SLICE_X19Y14         FDRE                                         r  col_in_reg[0]_rep__1/C
  -------------------------------------------------------------------    -------------------
    SLICE_X19Y14         FDRE (Prop_fdre_C_Q)         0.141     0.551 r  col_in_reg[0]_rep__1/Q
                         net (fo=223, routed)         0.332     0.883    lb1_reg_256_383_3_3/A0
    SLICE_X18Y14         RAMD64E                                      r  lb1_reg_256_383_3_3/DP.HIGH/WADR0
  -------------------------------------------------------------------    -------------------

                         (clock aclk rise edge)       0.000     0.000 r  <hidden>
                                                      0.000     0.000 r  aclk
                         net (fo=1855, unset)         0.432     0.432    lb1_reg_256_383_3_3/WCLK
    SLICE_X18Y14         RAMD64E                                      r  lb1_reg_256_383_3_3/DP.HIGH/CLK
                         clock pessimism              0.000     0.432    <hidden>
    SLICE_X18Y14         RAMD64E (Hold_ramd64e_CLK_WADR0)
                                                      0.310     0.742    lb1_reg_256_383_3_3/DP.HIGH
  -------------------------------------------------------------------
                         required time                         -0.742    <hidden>
                         arrival time                           0.883    <hidden>
  -------------------------------------------------------------------
                         slack                                  0.141    <hidden>

Slack (MET) :             0.141ns  (arrival time - required time)
  Source:                 col_in_reg[0]_rep__1/C
                            (rising edge-triggered cell FDRE clocked by aclk  {rise@0.000ns fall@3.367ns period=6.734ns})
  Destination:            lb1_reg_256_383_3_3/DP.LOW/WADR0
                            (rising edge-triggered cell RAMD64E clocked by aclk  {rise@0.000ns fall@3.367ns period=6.734ns})
  Path Group:             aclk
  Path Type:              Hold (Min at Fast Process Corner)
  Requirement:            0.000ns  (aclk rise@0.000ns - aclk rise@0.000ns)
  Data Path Delay:        0.473ns  (logic 0.141ns (29.815%)  route 0.332ns (70.185%))
  Logic Levels:           0  
  Clock Path Skew:        0.022ns (DCD - SCD - CPR)
    Destination Clock Delay (DCD):    0.432ns
    Source Clock Delay      (SCD):    0.410ns
    Clock Pessimism Removal (CPR):    -0.000ns

    Location             Delay type                Incr(ns)  Path(ns)    Netlist Resource(s)
  -------------------------------------------------------------------    -------------------
                         (clock aclk rise edge)       0.000     0.000 r  <hidden>
                                                      0.000     0.000 r  aclk
                         net (fo=1855, unset)         0.410     0.410    aclk
    SLICE_X19Y14         FDRE                                         r  col_in_reg[0]_rep__1/C
  -------------------------------------------------------------------    -------------------
    SLICE_X19Y14         FDRE (Prop_fdre_C_Q)         0.141     0.551 r  col_in_reg[0]_rep__1/Q
                         net (fo=223, routed)         0.332     0.883    lb1_reg_256_383_3_3/A0
    SLICE_X18Y14         RAMD64E                                      r  lb1_reg_256_383_3_3/DP.LOW/WADR0
  -------------------------------------------------------------------    -------------------

                         (clock aclk rise edge)       0.000     0.000 r  <hidden>
                                                      0.000     0.000 r  aclk
                         net (fo=1855, unset)         0.432     0.432    lb1_reg_256_383_3_3/WCLK
    SLICE_X18Y14         RAMD64E                                      r  lb1_reg_256_383_3_3/DP.LOW/CLK
                         clock pessimism              0.000     0.432    <hidden>
    SLICE_X18Y14         RAMD64E (Hold_ramd64e_CLK_WADR0)
                                                      0.310     0.742    lb1_reg_256_383_3_3/DP.LOW
  -------------------------------------------------------------------
                         required time                         -0.742    <hidden>
                         arrival time                           0.883    <hidden>
  -------------------------------------------------------------------
                         slack                                  0.141    <hidden>

Slack (MET) :             0.141ns  (arrival time - required time)
  Source:                 col_in_reg[0]_rep__1/C
                            (rising edge-triggered cell FDRE clocked by aclk  {rise@0.000ns fall@3.367ns period=6.734ns})
  Destination:            lb1_reg_256_383_3_3/SP.HIGH/WADR0
                            (rising edge-triggered cell RAMD64E clocked by aclk  {rise@0.000ns fall@3.367ns period=6.734ns})
  Path Group:             aclk
  Path Type:              Hold (Min at Fast Process Corner)
  Requirement:            0.000ns  (aclk rise@0.000ns - aclk rise@0.000ns)
  Data Path Delay:        0.473ns  (logic 0.141ns (29.815%)  route 0.332ns (70.185%))
  Logic Levels:           0  
  Clock Path Skew:        0.022ns (DCD - SCD - CPR)
    Destination Clock Delay (DCD):    0.432ns
    Source Clock Delay      (SCD):    0.410ns
    Clock Pessimism Removal (CPR):    -0.000ns

    Location             Delay type                Incr(ns)  Path(ns)    Netlist Resource(s)
  -------------------------------------------------------------------    -------------------
                         (clock aclk rise edge)       0.000     0.000 r  <hidden>
                                                      0.000     0.000 r  aclk
                         net (fo=1855, unset)         0.410     0.410    aclk
    SLICE_X19Y14         FDRE                                         r  col_in_reg[0]_rep__1/C
  -------------------------------------------------------------------    -------------------
    SLICE_X19Y14         FDRE (Prop_fdre_C_Q)         0.141     0.551 r  col_in_reg[0]_rep__1/Q
                         net (fo=223, routed)         0.332     0.883    lb1_reg_256_383_3_3/A0
    SLICE_X18Y14         RAMD64E                                      r  lb1_reg_256_383_3_3/SP.HIGH/WADR0
  -------------------------------------------------------------------    -------------------

                         (clock aclk rise edge)       0.000     0.000 r  <hidden>
                                                      0.000     0.000 r  aclk
                         net (fo=1855, unset)         0.432     0.432    lb1_reg_256_383_3_3/WCLK
    SLICE_X18Y14         RAMD64E                                      r  lb1_reg_256_383_3_3/SP.HIGH/CLK
                         clock pessimism              0.000     0.432    <hidden>
    SLICE_X18Y14         RAMD64E (Hold_ramd64e_CLK_WADR0)
                                                      0.310     0.742    lb1_reg_256_383_3_3/SP.HIGH
  -------------------------------------------------------------------
                         required time                         -0.742    <hidden>
                         arrival time                           0.883    <hidden>
  -------------------------------------------------------------------
                         slack                                  0.141    <hidden>





Pulse Width Checks
--------------------------------------------------------------------------------------
Clock Name:         aclk
Waveform(ns):       { 0.000 3.367 }
Period(ns):         6.734
Sources:            { aclk }

Check Type        Corner  Lib Pin      Reference Pin  Required(ns)  Actual(ns)  Slack(ns)  Location      Pin
Min Period        n/a     DSP48E1/CLK  n/a            3.884         6.734       2.850      DSP48_X2Y4    pr1_reg[1]/CLK
Min Period        n/a     DSP48E1/CLK  n/a            3.884         6.734       2.850      DSP48_X1Y5    pr1_reg[4]/CLK
Min Period        n/a     DSP48E1/CLK  n/a            3.884         6.734       2.850      DSP48_X1Y4    pr1_reg[7]/CLK
Min Period        n/a     DSP48E1/CLK  n/a            3.884         6.734       2.850      DSP48_X1Y6    pr2_reg[1]/CLK
Min Period        n/a     DSP48E1/CLK  n/a            3.884         6.734       2.850      DSP48_X0Y10   pr2_reg[4]/CLK
Min Period        n/a     DSP48E1/CLK  n/a            3.884         6.734       2.850      DSP48_X0Y6    pr2_reg[7]/CLK
Min Period        n/a     DSP48E1/CLK  n/a            3.687         6.734       3.047      DSP48_X1Y3    pr2_reg[3]/CLK
Min Period        n/a     DSP48E1/CLK  n/a            3.687         6.734       3.047      DSP48_X0Y12   pr2_reg[5]/CLK
Min Period        n/a     DSP48E1/CLK  n/a            2.154         6.734       4.580      DSP48_X0Y4    pr1_reg[0]/CLK
Min Period        n/a     DSP48E1/CLK  n/a            2.154         6.734       4.580      DSP48_X2Y2    pr1_reg[2]/CLK
Min Period        n/a     DSP48E1/CLK  n/a            2.154         6.734       4.580      DSP48_X1Y2    pr1_reg[3]/CLK
Min Period        n/a     DSP48E1/CLK  n/a            2.154         6.734       4.580      DSP48_X0Y8    pr1_reg[5]/CLK
Min Period        n/a     DSP48E1/CLK  n/a            2.154         6.734       4.580      DSP48_X0Y2    pr1_reg[6]/CLK
Min Period        n/a     DSP48E1/CLK  n/a            2.154         6.734       4.580      DSP48_X0Y7    pr1_reg[8]/CLK
Min Period        n/a     DSP48E1/CLK  n/a            2.154         6.734       4.580      DSP48_X0Y5    pr2_reg[0]/CLK
Min Period        n/a     DSP48E1/CLK  n/a            2.154         6.734       4.580      DSP48_X1Y7    pr2_reg[2]/CLK
Min Period        n/a     DSP48E1/CLK  n/a            2.154         6.734       4.580      DSP48_X0Y3    pr2_reg[6]/CLK
Min Period        n/a     DSP48E1/CLK  n/a            2.154         6.734       4.580      DSP48_X0Y9    pr2_reg[8]/CLK
Min Period        n/a     FDRE/C       n/a            1.000         6.734       5.734      SLICE_X31Y19  FSM_onehot_state_reg[0]/C
Min Period        n/a     FDSE/C       n/a            1.000         6.734       5.734      SLICE_X40Y18  FSM_onehot_state_reg[1]/C
Min Period        n/a     FDRE/C       n/a            1.000         6.734       5.734      SLICE_X33Y18  FSM_onehot_state_reg[2]/C
Min Period        n/a     FDRE/C       n/a            1.000         6.734       5.734      SLICE_X31Y19  FSM_onehot_state_reg[3]/C
Min Period        n/a     FDRE/C       n/a            1.000         6.734       5.734      SLICE_X6Y3    acc1_q_reg[0]/C
Min Period        n/a     FDRE/C       n/a            1.000         6.734       5.734      SLICE_X10Y5   acc1_q_reg[10]/C
Min Period        n/a     FDRE/C       n/a            1.000         6.734       5.734      SLICE_X10Y5   acc1_q_reg[11]/C
Low Pulse Width   Slow    RAMD64E/CLK  n/a            1.250         3.367       2.117      SLICE_X10Y13  lb1_reg_0_127_0_0/DP.HIGH/CLK
Low Pulse Width   Fast    RAMD64E/CLK  n/a            1.250         3.367       2.117      SLICE_X10Y13  lb1_reg_0_127_0_0/DP.HIGH/CLK
Low Pulse Width   Slow    RAMD64E/CLK  n/a            1.250         3.367       2.117      SLICE_X10Y13  lb1_reg_0_127_0_0/DP.LOW/CLK
Low Pulse Width   Fast    RAMD64E/CLK  n/a            1.250         3.367       2.117      SLICE_X10Y13  lb1_reg_0_127_0_0/DP.LOW/CLK
Low Pulse Width   Slow    RAMD64E/CLK  n/a            1.250         3.367       2.117      SLICE_X10Y13  lb1_reg_0_127_0_0/SP.HIGH/CLK
Low Pulse Width   Fast    RAMD64E/CLK  n/a            1.250         3.367       2.117      SLICE_X10Y13  lb1_reg_0_127_0_0/SP.HIGH/CLK
Low Pulse Width   Slow    RAMD64E/CLK  n/a            1.250         3.367       2.117      SLICE_X10Y13  lb1_reg_0_127_0_0/SP.LOW/CLK
Low Pulse Width   Fast    RAMD64E/CLK  n/a            1.250         3.367       2.117      SLICE_X10Y13  lb1_reg_0_127_0_0/SP.LOW/CLK
Low Pulse Width   Slow    RAMD64E/CLK  n/a            1.250         3.367       2.117      SLICE_X8Y23   lb1_reg_0_127_1_1/DP.HIGH/CLK
Low Pulse Width   Fast    RAMD64E/CLK  n/a            1.250         3.367       2.117      SLICE_X8Y23   lb1_reg_0_127_1_1/DP.HIGH/CLK
Low Pulse Width   Slow    RAMD64E/CLK  n/a            1.250         3.367       2.117      SLICE_X8Y23   lb1_reg_0_127_1_1/DP.LOW/CLK
Low Pulse Width   Fast    RAMD64E/CLK  n/a            1.250         3.367       2.117      SLICE_X8Y23   lb1_reg_0_127_1_1/DP.LOW/CLK
Low Pulse Width   Slow    RAMD64E/CLK  n/a            1.250         3.367       2.117      SLICE_X8Y23   lb1_reg_0_127_1_1/SP.HIGH/CLK
Low Pulse Width   Fast    RAMD64E/CLK  n/a            1.250         3.367       2.117      SLICE_X8Y23   lb1_reg_0_127_1_1/SP.HIGH/CLK
Low Pulse Width   Slow    RAMD64E/CLK  n/a            1.250         3.367       2.117      SLICE_X8Y23   lb1_reg_0_127_1_1/SP.LOW/CLK
Low Pulse Width   Fast    RAMD64E/CLK  n/a            1.250         3.367       2.117      SLICE_X8Y23   lb1_reg_0_127_1_1/SP.LOW/CLK
Low Pulse Width   Slow    RAMD64E/CLK  n/a            1.250         3.367       2.117      SLICE_X20Y21  lb1_reg_0_127_2_2/DP.HIGH/CLK
Low Pulse Width   Fast    RAMD64E/CLK  n/a            1.250         3.367       2.117      SLICE_X20Y21  lb1_reg_0_127_2_2/DP.HIGH/CLK
Low Pulse Width   Slow    RAMD64E/CLK  n/a            1.250         3.367       2.117      SLICE_X20Y21  lb1_reg_0_127_2_2/DP.LOW/CLK
Low Pulse Width   Fast    RAMD64E/CLK  n/a            1.250         3.367       2.117      SLICE_X20Y21  lb1_reg_0_127_2_2/DP.LOW/CLK
Low Pulse Width   Slow    RAMD64E/CLK  n/a            1.250         3.367       2.117      SLICE_X20Y21  lb1_reg_0_127_2_2/SP.HIGH/CLK
Low Pulse Width   Fast    RAMD64E/CLK  n/a            1.250         3.367       2.117      SLICE_X20Y21  lb1_reg_0_127_2_2/SP.HIGH/CLK
Low Pulse Width   Slow    RAMD64E/CLK  n/a            1.250         3.367       2.117      SLICE_X20Y21  lb1_reg_0_127_2_2/SP.LOW/CLK
Low Pulse Width   Fast    RAMD64E/CLK  n/a            1.250         3.367       2.117      SLICE_X20Y21  lb1_reg_0_127_2_2/SP.LOW/CLK
Low Pulse Width   Slow    RAMD64E/CLK  n/a            1.250         3.367       2.117      SLICE_X16Y13  lb1_reg_0_127_3_3/DP.HIGH/CLK
High Pulse Width  Slow    RAMD64E/CLK  n/a            1.250         3.367       2.117      SLICE_X10Y13  lb1_reg_0_127_0_0/DP.HIGH/CLK
High Pulse Width  Fast    RAMD64E/CLK  n/a            1.250         3.367       2.117      SLICE_X10Y13  lb1_reg_0_127_0_0/DP.HIGH/CLK
High Pulse Width  Slow    RAMD64E/CLK  n/a            1.250         3.367       2.117      SLICE_X10Y13  lb1_reg_0_127_0_0/DP.LOW/CLK
High Pulse Width  Fast    RAMD64E/CLK  n/a            1.250         3.367       2.117      SLICE_X10Y13  lb1_reg_0_127_0_0/DP.LOW/CLK
High Pulse Width  Slow    RAMD64E/CLK  n/a            1.250         3.367       2.117      SLICE_X10Y13  lb1_reg_0_127_0_0/SP.HIGH/CLK
High Pulse Width  Fast    RAMD64E/CLK  n/a            1.250         3.367       2.117      SLICE_X10Y13  lb1_reg_0_127_0_0/SP.HIGH/CLK
High Pulse Width  Slow    RAMD64E/CLK  n/a            1.250         3.367       2.117      SLICE_X10Y13  lb1_reg_0_127_0_0/SP.LOW/CLK
High Pulse Width  Fast    RAMD64E/CLK  n/a            1.250         3.367       2.117      SLICE_X10Y13  lb1_reg_0_127_0_0/SP.LOW/CLK
High Pulse Width  Slow    RAMD64E/CLK  n/a            1.250         3.367       2.117      SLICE_X8Y23   lb1_reg_0_127_1_1/DP.HIGH/CLK
High Pulse Width  Fast    RAMD64E/CLK  n/a            1.250         3.367       2.117      SLICE_X8Y23   lb1_reg_0_127_1_1/DP.HIGH/CLK
High Pulse Width  Slow    RAMD64E/CLK  n/a            1.250         3.367       2.117      SLICE_X8Y23   lb1_reg_0_127_1_1/DP.LOW/CLK
High Pulse Width  Fast    RAMD64E/CLK  n/a            1.250         3.367       2.117      SLICE_X8Y23   lb1_reg_0_127_1_1/DP.LOW/CLK
High Pulse Width  Slow    RAMD64E/CLK  n/a            1.250         3.367       2.117      SLICE_X8Y23   lb1_reg_0_127_1_1/SP.HIGH/CLK
High Pulse Width  Fast    RAMD64E/CLK  n/a            1.250         3.367       2.117      SLICE_X8Y23   lb1_reg_0_127_1_1/SP.HIGH/CLK
High Pulse Width  Slow    RAMD64E/CLK  n/a            1.250         3.367       2.117      SLICE_X8Y23   lb1_reg_0_127_1_1/SP.LOW/CLK
High Pulse Width  Fast    RAMD64E/CLK  n/a            1.250         3.367       2.117      SLICE_X8Y23   lb1_reg_0_127_1_1/SP.LOW/CLK
High Pulse Width  Slow    RAMD64E/CLK  n/a            1.250         3.367       2.117      SLICE_X20Y21  lb1_reg_0_127_2_2/DP.HIGH/CLK
High Pulse Width  Fast    RAMD64E/CLK  n/a            1.250         3.367       2.117      SLICE_X20Y21  lb1_reg_0_127_2_2/DP.HIGH/CLK
High Pulse Width  Slow    RAMD64E/CLK  n/a            1.250         3.367       2.117      SLICE_X20Y21  lb1_reg_0_127_2_2/DP.LOW/CLK
High Pulse Width  Fast    RAMD64E/CLK  n/a            1.250         3.367       2.117      SLICE_X20Y21  lb1_reg_0_127_2_2/DP.LOW/CLK
High Pulse Width  Slow    RAMD64E/CLK  n/a            1.250         3.367       2.117      SLICE_X20Y21  lb1_reg_0_127_2_2/SP.HIGH/CLK
High Pulse Width  Fast    RAMD64E/CLK  n/a            1.250         3.367       2.117      SLICE_X20Y21  lb1_reg_0_127_2_2/SP.HIGH/CLK
High Pulse Width  Slow    RAMD64E/CLK  n/a            1.250         3.367       2.117      SLICE_X20Y21  lb1_reg_0_127_2_2/SP.LOW/CLK
High Pulse Width  Fast    RAMD64E/CLK  n/a            1.250         3.367       2.117      SLICE_X20Y21  lb1_reg_0_127_2_2/SP.LOW/CLK
High Pulse Width  Slow    RAMD64E/CLK  n/a            1.250         3.367       2.117      SLICE_X16Y13  lb1_reg_0_127_3_3/DP.HIGH/CLK



