Copyright 1986-2022 Xilinx, Inc. All Rights Reserved. Copyright 2022-2026 Advanced Micro Devices, Inc. All Rights Reserved.
---------------------------------------------------------------------------------------------------------------------------------------------
| Tool Version : Vivado v.2026.1 (win64) Build 6511674 Tue Jun 16 11:02:23 MDT 2026
| Date         : Wed Sep 30 02:08:29 2026
| Host         : <redacted> running 64-bit major release  (build 9200)
| Command      : report_timing_summary -delay_type min_max -max_paths 25 -file sobel_fixed_W1920_extratiming_tim_impl.rpt
| Design       : sobel_fixed
| Device       : 7z020-clg400
| Speed File   : -1  PRODUCTION 1.12 2019-11-22
| Design State : Physopt postRoute
---------------------------------------------------------------------------------------------------------------------------------------------

Timing Summary Report

------------------------------------------------------------------------------------------------
| Timer Settings
| --------------
------------------------------------------------------------------------------------------------

  Enable Multi Corner Analysis               :  Yes
  Enable Pessimism Removal                   :  Yes
  Pessimism Removal Resolution               :  Nearest Common Node
  Enable Input Delay Default Clock           :  No
  Enable Preset / Clear Arcs                 :  No
  Disable Flight Delays                      :  No
  Ignore I/O Paths                           :  No
  Timing Early Launch at Borrowing Latches   :  No
  Borrow Time for Max Delay Exceptions       :  Yes
  Merge Timing Exceptions                    :  Yes
  Inter-SLR Compensation                     :  Conservative

  Corner  Analyze    Analyze    
  Name    Max Paths  Min Paths  
  ------  ---------  ---------  
  Slow    Yes        Yes        
  Fast    Yes        Yes        


------------------------------------------------------------------------------------------------
| Report Methodology
| ------------------
------------------------------------------------------------------------------------------------

No report available as report_methodology has not been run prior. Run report_methodology on the current design for the summary of methodology violations.



check_timing report

Table of Contents
-----------------
1. checking no_clock (0)
2. checking constant_clock (0)
3. checking pulse_width_clock (0)
4. checking unconstrained_internal_endpoints (0)
5. checking no_input_delay (0)
6. checking no_output_delay (0)
7. checking multiple_clock (0)
8. checking generated_clocks (0)
9. checking loops (0)
10. checking partial_input_delay (0)
11. checking partial_output_delay (0)
12. checking latch_loops (0)

1. checking no_clock (0)
------------------------
 There are 0 register/latch pins with no clock.


2. checking constant_clock (0)
------------------------------
 There are 0 register/latch pins with constant_clock.


3. checking pulse_width_clock (0)
---------------------------------
 There are 0 register/latch pins which need pulse_width check


4. checking unconstrained_internal_endpoints (0)
------------------------------------------------
 There are 0 pins that are not constrained for maximum delay.

 There are 0 pins that are not constrained for maximum delay due to constant clock.


5. checking no_input_delay (0)
------------------------------
 There are 0 input ports with no input delay specified.

 There are 0 input ports with no input delay but user has a false path constraint.


6. checking no_output_delay (0)
-------------------------------
 There are 0 ports with no output delay specified.

 There are 0 ports with no output delay but user has a false path constraint

 There are 0 ports with no output delay but with a timing clock defined on it or propagating through it


7. checking multiple_clock (0)
------------------------------
 There are 0 register/latch pins with multiple clocks.


8. checking generated_clocks (0)
--------------------------------
 There are 0 generated clocks that are not connected to a clock source.


9. checking loops (0)
---------------------
 There are 0 combinational loops in the design.


10. checking partial_input_delay (0)
------------------------------------
 There are 0 input ports with partial input delay specified.


11. checking partial_output_delay (0)
-------------------------------------
 There are 0 ports with partial output delay specified.


12. checking latch_loops (0)
----------------------------
 There are 0 combinational latch loops in the design through latch input



------------------------------------------------------------------------------------------------
| Design Timing Summary
| ---------------------
------------------------------------------------------------------------------------------------

    WNS(ns)      TNS(ns)  TNS Failing Endpoints  TNS Total Endpoints      WHS(ns)      THS(ns)  THS Failing Endpoints  THS Total Endpoints     WPWS(ns)     TPWS(ns)  TPWS Failing Endpoints  TPWS Total Endpoints  
    -------      -------  ---------------------  -------------------      -------      -------  ---------------------  -------------------     --------     --------  ----------------------  --------------------  
      0.290        0.000                      0                10110        0.053        0.000                      0                10110        2.117        0.000                       0                  1346  


All user specified timing constraints are met.


------------------------------------------------------------------------------------------------
| Clock Summary
| -------------
------------------------------------------------------------------------------------------------

Clock  Waveform(ns)         Period(ns)      Frequency(MHz)
-----  ------------         ----------      --------------
aclk   {0.000 3.367}        6.734           148.500         


------------------------------------------------------------------------------------------------
| Intra Clock Table
| -----------------
------------------------------------------------------------------------------------------------

Clock             WNS(ns)      TNS(ns)  TNS Failing Endpoints  TNS Total Endpoints      WHS(ns)      THS(ns)  THS Failing Endpoints  THS Total Endpoints     WPWS(ns)     TPWS(ns)  TPWS Failing Endpoints  TPWS Total Endpoints  
-----             -------      -------  ---------------------  -------------------      -------      -------  ---------------------  -------------------     --------     --------  ----------------------  --------------------  
aclk                0.290        0.000                      0                10110        0.053        0.000                      0                10110        2.117        0.000                       0                  1346  


------------------------------------------------------------------------------------------------
| Inter Clock Table
| -----------------
------------------------------------------------------------------------------------------------

From Clock    To Clock          WNS(ns)      TNS(ns)  TNS Failing Endpoints  TNS Total Endpoints      WHS(ns)      THS(ns)  THS Failing Endpoints  THS Total Endpoints  
----------    --------          -------      -------  ---------------------  -------------------      -------      -------  ---------------------  -------------------  


------------------------------------------------------------------------------------------------
| Other Path Groups Table
| -----------------------
------------------------------------------------------------------------------------------------

Path Group    From Clock    To Clock          WNS(ns)      TNS(ns)  TNS Failing Endpoints  TNS Total Endpoints      WHS(ns)      THS(ns)  THS Failing Endpoints  THS Total Endpoints  
----------    ----------    --------          -------      -------  ---------------------  -------------------      -------      -------  ---------------------  -------------------  


------------------------------------------------------------------------------------------------
| Timing Details
| --------------
------------------------------------------------------------------------------------------------


---------------------------------------------------------------------------------------------------
From Clock:  aclk
  To Clock:  aclk

Setup :            0  Failing Endpoints,  Worst Slack        0.290ns,  Total Violation        0.000ns
Hold  :            0  Failing Endpoints,  Worst Slack        0.053ns,  Total Violation        0.000ns
PW    :            0  Failing Endpoints,  Worst Slack        2.117ns,  Total Violation        0.000ns
---------------------------------------------------------------------------------------------------


Max Delay Paths
--------------------------------------------------------------------------------------
Slack (MET) :             0.290ns  (required time - arrival time)
  Source:                 aresetn
                            (input port clocked by aclk  {rise@0.000ns fall@3.367ns period=6.734ns})
  Destination:            col_ff_reg[0]_rep__3/R
                            (rising edge-triggered cell FDRE clocked by aclk  {rise@0.000ns fall@3.367ns period=6.734ns})
  Path Group:             aclk
  Path Type:              Setup (Max at Slow Process Corner)
  Requirement:            6.734ns  (aclk rise@6.734ns - aclk rise@0.000ns)
  Data Path Delay:        4.809ns  (logic 0.124ns (2.578%)  route 4.685ns (97.422%))
  Logic Levels:           1  (LUT1=1)
  Input Delay:            2.000ns
  Clock Path Skew:        0.924ns (DCD - SCD + CPR)
    Destination Clock Delay (DCD):    0.924ns = ( 7.658 - 6.734 ) 
    Source Clock Delay      (SCD):    0.000ns
    Clock Pessimism Removal (CPR):    0.000ns
  Clock Uncertainty:      0.035ns  ((TSJ^2 + TIJ^2)^1/2 + DJ) / 2 + PE
    Total System Jitter     (TSJ):    0.071ns
    Total Input Jitter      (TIJ):    0.000ns
    Discrete Jitter          (DJ):    0.000ns
    Phase Error              (PE):    0.000ns

    Location             Delay type                Incr(ns)  Path(ns)    Netlist Resource(s)
  -------------------------------------------------------------------    -------------------
                         (clock aclk rise edge)       0.000     0.000 r  <hidden>
                         input delay                  2.000     2.000    <hidden>
                                                      0.000     2.000 f  aresetn
                         net (fo=10, unset)           0.973     2.973    aresetn
    SLICE_X92Y101        LUT1 (Prop_lut1_I0_O)        0.124     3.097 r  m_axis_tdata[7]_i_1/O
                         net (fo=244, routed)         3.712     6.809    m_axis_tdata[7]_i_1_n_0
    SLICE_X90Y71         FDRE                                         r  col_ff_reg[0]_rep__3/R
  -------------------------------------------------------------------    -------------------

                         (clock aclk rise edge)       6.734     6.734 r  <hidden>
                                                      0.000     6.734 r  aclk
                         net (fo=1345, unset)         0.924     7.658    aclk
    SLICE_X90Y71         FDRE                                         r  col_ff_reg[0]_rep__3/C
                         clock pessimism              0.000     7.658    <hidden>
                         clock uncertainty           -0.035     7.623    <hidden>
    SLICE_X90Y71         FDRE (Setup_fdre_C_R)       -0.524     7.099    col_ff_reg[0]_rep__3
  -------------------------------------------------------------------
                         required time                          7.099    <hidden>
                         arrival time                          -6.809    <hidden>
  -------------------------------------------------------------------
                         slack                                  0.290    <hidden>

Slack (MET) :             0.334ns  (required time - arrival time)
  Source:                 aresetn
                            (input port clocked by aclk  {rise@0.000ns fall@3.367ns period=6.734ns})
  Destination:            col_in_reg[4]_rep__3/R
                            (rising edge-triggered cell FDRE clocked by aclk  {rise@0.000ns fall@3.367ns period=6.734ns})
  Path Group:             aclk
  Path Type:              Setup (Max at Slow Process Corner)
  Requirement:            6.734ns  (aclk rise@6.734ns - aclk rise@0.000ns)
  Data Path Delay:        4.860ns  (logic 0.124ns (2.552%)  route 4.736ns (97.448%))
  Logic Levels:           1  (LUT1=1)
  Input Delay:            2.000ns
  Clock Path Skew:        0.924ns (DCD - SCD + CPR)
    Destination Clock Delay (DCD):    0.924ns = ( 7.658 - 6.734 ) 
    Source Clock Delay      (SCD):    0.000ns
    Clock Pessimism Removal (CPR):    0.000ns
  Clock Uncertainty:      0.035ns  ((TSJ^2 + TIJ^2)^1/2 + DJ) / 2 + PE
    Total System Jitter     (TSJ):    0.071ns
    Total Input Jitter      (TIJ):    0.000ns
    Discrete Jitter          (DJ):    0.000ns
    Phase Error              (PE):    0.000ns

    Location             Delay type                Incr(ns)  Path(ns)    Netlist Resource(s)
  -------------------------------------------------------------------    -------------------
                         (clock aclk rise edge)       0.000     0.000 r  <hidden>
                         input delay                  2.000     2.000    <hidden>
                                                      0.000     2.000 f  aresetn
                         net (fo=10, unset)           0.973     2.973    aresetn
    SLICE_X92Y101        LUT1 (Prop_lut1_I0_O)        0.124     3.097 r  m_axis_tdata[7]_i_1/O
                         net (fo=244, routed)         3.763     6.860    m_axis_tdata[7]_i_1_n_0
    SLICE_X103Y69        FDRE                                         r  col_in_reg[4]_rep__3/R
  -------------------------------------------------------------------    -------------------

                         (clock aclk rise edge)       6.734     6.734 r  <hidden>
                                                      0.000     6.734 r  aclk
                         net (fo=1345, unset)         0.924     7.658    aclk
    SLICE_X103Y69        FDRE                                         r  col_in_reg[4]_rep__3/C
                         clock pessimism              0.000     7.658    <hidden>
                         clock uncertainty           -0.035     7.623    <hidden>
    SLICE_X103Y69        FDRE (Setup_fdre_C_R)       -0.429     7.194    col_in_reg[4]_rep__3
  -------------------------------------------------------------------
                         required time                          7.194    <hidden>
                         arrival time                          -6.860    <hidden>
  -------------------------------------------------------------------
                         slack                                  0.334    <hidden>

Slack (MET) :             0.339ns  (required time - arrival time)
  Source:                 aresetn
                            (input port clocked by aclk  {rise@0.000ns fall@3.367ns period=6.734ns})
  Destination:            col_in_reg[5]/R
                            (rising edge-triggered cell FDRE clocked by aclk  {rise@0.000ns fall@3.367ns period=6.734ns})
  Path Group:             aclk
  Path Type:              Setup (Max at Slow Process Corner)
  Requirement:            6.734ns  (aclk rise@6.734ns - aclk rise@0.000ns)
  Data Path Delay:        4.855ns  (logic 0.124ns (2.554%)  route 4.731ns (97.446%))
  Logic Levels:           1  (LUT1=1)
  Input Delay:            2.000ns
  Clock Path Skew:        0.924ns (DCD - SCD + CPR)
    Destination Clock Delay (DCD):    0.924ns = ( 7.658 - 6.734 ) 
    Source Clock Delay      (SCD):    0.000ns
    Clock Pessimism Removal (CPR):    0.000ns
  Clock Uncertainty:      0.035ns  ((TSJ^2 + TIJ^2)^1/2 + DJ) / 2 + PE
    Total System Jitter     (TSJ):    0.071ns
    Total Input Jitter      (TIJ):    0.000ns
    Discrete Jitter          (DJ):    0.000ns
    Phase Error              (PE):    0.000ns

    Location             Delay type                Incr(ns)  Path(ns)    Netlist Resource(s)
  -------------------------------------------------------------------    -------------------
                         (clock aclk rise edge)       0.000     0.000 r  <hidden>
                         input delay                  2.000     2.000    <hidden>
                                                      0.000     2.000 f  aresetn
                         net (fo=10, unset)           0.973     2.973    aresetn
    SLICE_X92Y101        LUT1 (Prop_lut1_I0_O)        0.124     3.097 r  m_axis_tdata[7]_i_1/O
                         net (fo=244, routed)         3.758     6.855    m_axis_tdata[7]_i_1_n_0
    SLICE_X101Y67        FDRE                                         r  col_in_reg[5]/R
  -------------------------------------------------------------------    -------------------

                         (clock aclk rise edge)       6.734     6.734 r  <hidden>
                                                      0.000     6.734 r  aclk
                         net (fo=1345, unset)         0.924     7.658    aclk
    SLICE_X101Y67        FDRE                                         r  col_in_reg[5]/C
                         clock pessimism              0.000     7.658    <hidden>
                         clock uncertainty           -0.035     7.623    <hidden>
    SLICE_X101Y67        FDRE (Setup_fdre_C_R)       -0.429     7.194    col_in_reg[5]
  -------------------------------------------------------------------
                         required time                          7.194    <hidden>
                         arrival time                          -6.855    <hidden>
  -------------------------------------------------------------------
                         slack                                  0.339    <hidden>

Slack (MET) :             0.343ns  (required time - arrival time)
  Source:                 aresetn
                            (input port clocked by aclk  {rise@0.000ns fall@3.367ns period=6.734ns})
  Destination:            col_in_reg[2]_rep__5/R
                            (rising edge-triggered cell FDRE clocked by aclk  {rise@0.000ns fall@3.367ns period=6.734ns})
  Path Group:             aclk
  Path Type:              Setup (Max at Slow Process Corner)
  Requirement:            6.734ns  (aclk rise@6.734ns - aclk rise@0.000ns)
  Data Path Delay:        4.851ns  (logic 0.124ns (2.556%)  route 4.727ns (97.444%))
  Logic Levels:           1  (LUT1=1)
  Input Delay:            2.000ns
  Clock Path Skew:        0.924ns (DCD - SCD + CPR)
    Destination Clock Delay (DCD):    0.924ns = ( 7.658 - 6.734 ) 
    Source Clock Delay      (SCD):    0.000ns
    Clock Pessimism Removal (CPR):    0.000ns
  Clock Uncertainty:      0.035ns  ((TSJ^2 + TIJ^2)^1/2 + DJ) / 2 + PE
    Total System Jitter     (TSJ):    0.071ns
    Total Input Jitter      (TIJ):    0.000ns
    Discrete Jitter          (DJ):    0.000ns
    Phase Error              (PE):    0.000ns

    Location             Delay type                Incr(ns)  Path(ns)    Netlist Resource(s)
  -------------------------------------------------------------------    -------------------
                         (clock aclk rise edge)       0.000     0.000 r  <hidden>
                         input delay                  2.000     2.000    <hidden>
                                                      0.000     2.000 f  aresetn
                         net (fo=10, unset)           0.973     2.973    aresetn
    SLICE_X92Y101        LUT1 (Prop_lut1_I0_O)        0.124     3.097 r  m_axis_tdata[7]_i_1/O
                         net (fo=244, routed)         3.754     6.851    m_axis_tdata[7]_i_1_n_0
    SLICE_X99Y65         FDRE                                         r  col_in_reg[2]_rep__5/R
  -------------------------------------------------------------------    -------------------

                         (clock aclk rise edge)       6.734     6.734 r  <hidden>
                                                      0.000     6.734 r  aclk
                         net (fo=1345, unset)         0.924     7.658    aclk
    SLICE_X99Y65         FDRE                                         r  col_in_reg[2]_rep__5/C
                         clock pessimism              0.000     7.658    <hidden>
                         clock uncertainty           -0.035     7.623    <hidden>
    SLICE_X99Y65         FDRE (Setup_fdre_C_R)       -0.429     7.194    col_in_reg[2]_rep__5
  -------------------------------------------------------------------
                         required time                          7.194    <hidden>
                         arrival time                          -6.851    <hidden>
  -------------------------------------------------------------------
                         slack                                  0.343    <hidden>

Slack (MET) :             0.388ns  (required time - arrival time)
  Source:                 aresetn
                            (input port clocked by aclk  {rise@0.000ns fall@3.367ns period=6.734ns})
  Destination:            col_in_reg[1]_rep__2/R
                            (rising edge-triggered cell FDRE clocked by aclk  {rise@0.000ns fall@3.367ns period=6.734ns})
  Path Group:             aclk
  Path Type:              Setup (Max at Slow Process Corner)
  Requirement:            6.734ns  (aclk rise@6.734ns - aclk rise@0.000ns)
  Data Path Delay:        4.806ns  (logic 0.124ns (2.580%)  route 4.682ns (97.420%))
  Logic Levels:           1  (LUT1=1)
  Input Delay:            2.000ns
  Clock Path Skew:        0.924ns (DCD - SCD + CPR)
    Destination Clock Delay (DCD):    0.924ns = ( 7.658 - 6.734 ) 
    Source Clock Delay      (SCD):    0.000ns
    Clock Pessimism Removal (CPR):    0.000ns
  Clock Uncertainty:      0.035ns  ((TSJ^2 + TIJ^2)^1/2 + DJ) / 2 + PE
    Total System Jitter     (TSJ):    0.071ns
    Total Input Jitter      (TIJ):    0.000ns
    Discrete Jitter          (DJ):    0.000ns
    Phase Error              (PE):    0.000ns

    Location             Delay type                Incr(ns)  Path(ns)    Netlist Resource(s)
  -------------------------------------------------------------------    -------------------
                         (clock aclk rise edge)       0.000     0.000 r  <hidden>
                         input delay                  2.000     2.000    <hidden>
                                                      0.000     2.000 f  aresetn
                         net (fo=10, unset)           0.973     2.973    aresetn
    SLICE_X92Y101        LUT1 (Prop_lut1_I0_O)        0.124     3.097 r  m_axis_tdata[7]_i_1/O
                         net (fo=244, routed)         3.709     6.806    m_axis_tdata[7]_i_1_n_0
    SLICE_X93Y72         FDRE                                         r  col_in_reg[1]_rep__2/R
  -------------------------------------------------------------------    -------------------

                         (clock aclk rise edge)       6.734     6.734 r  <hidden>
                                                      0.000     6.734 r  aclk
                         net (fo=1345, unset)         0.924     7.658    aclk
    SLICE_X93Y72         FDRE                                         r  col_in_reg[1]_rep__2/C
                         clock pessimism              0.000     7.658    <hidden>
                         clock uncertainty           -0.035     7.623    <hidden>
    SLICE_X93Y72         FDRE (Setup_fdre_C_R)       -0.429     7.194    col_in_reg[1]_rep__2
  -------------------------------------------------------------------
                         required time                          7.194    <hidden>
                         arrival time                          -6.806    <hidden>
  -------------------------------------------------------------------
                         slack                                  0.388    <hidden>

Slack (MET) :             0.388ns  (required time - arrival time)
  Source:                 aresetn
                            (input port clocked by aclk  {rise@0.000ns fall@3.367ns period=6.734ns})
  Destination:            col_in_reg[2]_rep__2/R
                            (rising edge-triggered cell FDRE clocked by aclk  {rise@0.000ns fall@3.367ns period=6.734ns})
  Path Group:             aclk
  Path Type:              Setup (Max at Slow Process Corner)
  Requirement:            6.734ns  (aclk rise@6.734ns - aclk rise@0.000ns)
  Data Path Delay:        4.806ns  (logic 0.124ns (2.580%)  route 4.682ns (97.420%))
  Logic Levels:           1  (LUT1=1)
  Input Delay:            2.000ns
  Clock Path Skew:        0.924ns (DCD - SCD + CPR)
    Destination Clock Delay (DCD):    0.924ns = ( 7.658 - 6.734 ) 
    Source Clock Delay      (SCD):    0.000ns
    Clock Pessimism Removal (CPR):    0.000ns
  Clock Uncertainty:      0.035ns  ((TSJ^2 + TIJ^2)^1/2 + DJ) / 2 + PE
    Total System Jitter     (TSJ):    0.071ns
    Total Input Jitter      (TIJ):    0.000ns
    Discrete Jitter          (DJ):    0.000ns
    Phase Error              (PE):    0.000ns

    Location             Delay type                Incr(ns)  Path(ns)    Netlist Resource(s)
  -------------------------------------------------------------------    -------------------
                         (clock aclk rise edge)       0.000     0.000 r  <hidden>
                         input delay                  2.000     2.000    <hidden>
                                                      0.000     2.000 f  aresetn
                         net (fo=10, unset)           0.973     2.973    aresetn
    SLICE_X92Y101        LUT1 (Prop_lut1_I0_O)        0.124     3.097 r  m_axis_tdata[7]_i_1/O
                         net (fo=244, routed)         3.709     6.806    m_axis_tdata[7]_i_1_n_0
    SLICE_X93Y72         FDRE                                         r  col_in_reg[2]_rep__2/R
  -------------------------------------------------------------------    -------------------

                         (clock aclk rise edge)       6.734     6.734 r  <hidden>
                                                      0.000     6.734 r  aclk
                         net (fo=1345, unset)         0.924     7.658    aclk
    SLICE_X93Y72         FDRE                                         r  col_in_reg[2]_rep__2/C
                         clock pessimism              0.000     7.658    <hidden>
                         clock uncertainty           -0.035     7.623    <hidden>
    SLICE_X93Y72         FDRE (Setup_fdre_C_R)       -0.429     7.194    col_in_reg[2]_rep__2
  -------------------------------------------------------------------
                         required time                          7.194    <hidden>
                         arrival time                          -6.806    <hidden>
  -------------------------------------------------------------------
                         slack                                  0.388    <hidden>

Slack (MET) :             0.403ns  (required time - arrival time)
  Source:                 aresetn
                            (input port clocked by aclk  {rise@0.000ns fall@3.367ns period=6.734ns})
  Destination:            col_in_reg[5]_rep/R
                            (rising edge-triggered cell FDRE clocked by aclk  {rise@0.000ns fall@3.367ns period=6.734ns})
  Path Group:             aclk
  Path Type:              Setup (Max at Slow Process Corner)
  Requirement:            6.734ns  (aclk rise@6.734ns - aclk rise@0.000ns)
  Data Path Delay:        4.791ns  (logic 0.124ns (2.588%)  route 4.667ns (97.412%))
  Logic Levels:           1  (LUT1=1)
  Input Delay:            2.000ns
  Clock Path Skew:        0.924ns (DCD - SCD + CPR)
    Destination Clock Delay (DCD):    0.924ns = ( 7.658 - 6.734 ) 
    Source Clock Delay      (SCD):    0.000ns
    Clock Pessimism Removal (CPR):    0.000ns
  Clock Uncertainty:      0.035ns  ((TSJ^2 + TIJ^2)^1/2 + DJ) / 2 + PE
    Total System Jitter     (TSJ):    0.071ns
    Total Input Jitter      (TIJ):    0.000ns
    Discrete Jitter          (DJ):    0.000ns
    Phase Error              (PE):    0.000ns

    Location             Delay type                Incr(ns)  Path(ns)    Netlist Resource(s)
  -------------------------------------------------------------------    -------------------
                         (clock aclk rise edge)       0.000     0.000 r  <hidden>
                         input delay                  2.000     2.000    <hidden>
                                                      0.000     2.000 f  aresetn
                         net (fo=10, unset)           0.973     2.973    aresetn
    SLICE_X92Y101        LUT1 (Prop_lut1_I0_O)        0.124     3.097 r  m_axis_tdata[7]_i_1/O
                         net (fo=244, routed)         3.694     6.791    m_axis_tdata[7]_i_1_n_0
    SLICE_X106Y65        FDRE                                         r  col_in_reg[5]_rep/R
  -------------------------------------------------------------------    -------------------

                         (clock aclk rise edge)       6.734     6.734 r  <hidden>
                                                      0.000     6.734 r  aclk
                         net (fo=1345, unset)         0.924     7.658    aclk
    SLICE_X106Y65        FDRE                                         r  col_in_reg[5]_rep/C
                         clock pessimism              0.000     7.658    <hidden>
                         clock uncertainty           -0.035     7.623    <hidden>
    SLICE_X106Y65        FDRE (Setup_fdre_C_R)       -0.429     7.194    col_in_reg[5]_rep
  -------------------------------------------------------------------
                         required time                          7.194    <hidden>
                         arrival time                          -6.791    <hidden>
  -------------------------------------------------------------------
                         slack                                  0.403    <hidden>

Slack (MET) :             0.403ns  (required time - arrival time)
  Source:                 aresetn
                            (input port clocked by aclk  {rise@0.000ns fall@3.367ns period=6.734ns})
  Destination:            col_in_reg[5]_rep__2/R
                            (rising edge-triggered cell FDRE clocked by aclk  {rise@0.000ns fall@3.367ns period=6.734ns})
  Path Group:             aclk
  Path Type:              Setup (Max at Slow Process Corner)
  Requirement:            6.734ns  (aclk rise@6.734ns - aclk rise@0.000ns)
  Data Path Delay:        4.791ns  (logic 0.124ns (2.588%)  route 4.667ns (97.412%))
  Logic Levels:           1  (LUT1=1)
  Input Delay:            2.000ns
  Clock Path Skew:        0.924ns (DCD - SCD + CPR)
    Destination Clock Delay (DCD):    0.924ns = ( 7.658 - 6.734 ) 
    Source Clock Delay      (SCD):    0.000ns
    Clock Pessimism Removal (CPR):    0.000ns
  Clock Uncertainty:      0.035ns  ((TSJ^2 + TIJ^2)^1/2 + DJ) / 2 + PE
    Total System Jitter     (TSJ):    0.071ns
    Total Input Jitter      (TIJ):    0.000ns
    Discrete Jitter          (DJ):    0.000ns
    Phase Error              (PE):    0.000ns

    Location             Delay type                Incr(ns)  Path(ns)    Netlist Resource(s)
  -------------------------------------------------------------------    -------------------
                         (clock aclk rise edge)       0.000     0.000 r  <hidden>
                         input delay                  2.000     2.000    <hidden>
                                                      0.000     2.000 f  aresetn
                         net (fo=10, unset)           0.973     2.973    aresetn
    SLICE_X92Y101        LUT1 (Prop_lut1_I0_O)        0.124     3.097 r  m_axis_tdata[7]_i_1/O
                         net (fo=244, routed)         3.694     6.791    m_axis_tdata[7]_i_1_n_0
    SLICE_X106Y65        FDRE                                         r  col_in_reg[5]_rep__2/R
  -------------------------------------------------------------------    -------------------

                         (clock aclk rise edge)       6.734     6.734 r  <hidden>
                                                      0.000     6.734 r  aclk
                         net (fo=1345, unset)         0.924     7.658    aclk
    SLICE_X106Y65        FDRE                                         r  col_in_reg[5]_rep__2/C
                         clock pessimism              0.000     7.658    <hidden>
                         clock uncertainty           -0.035     7.623    <hidden>
    SLICE_X106Y65        FDRE (Setup_fdre_C_R)       -0.429     7.194    col_in_reg[5]_rep__2
  -------------------------------------------------------------------
                         required time                          7.194    <hidden>
                         arrival time                          -6.791    <hidden>
  -------------------------------------------------------------------
                         slack                                  0.403    <hidden>

Slack (MET) :             0.403ns  (required time - arrival time)
  Source:                 aresetn
                            (input port clocked by aclk  {rise@0.000ns fall@3.367ns period=6.734ns})
  Destination:            col_in_reg[5]_rep__3/R
                            (rising edge-triggered cell FDRE clocked by aclk  {rise@0.000ns fall@3.367ns period=6.734ns})
  Path Group:             aclk
  Path Type:              Setup (Max at Slow Process Corner)
  Requirement:            6.734ns  (aclk rise@6.734ns - aclk rise@0.000ns)
  Data Path Delay:        4.791ns  (logic 0.124ns (2.588%)  route 4.667ns (97.412%))
  Logic Levels:           1  (LUT1=1)
  Input Delay:            2.000ns
  Clock Path Skew:        0.924ns (DCD - SCD + CPR)
    Destination Clock Delay (DCD):    0.924ns = ( 7.658 - 6.734 ) 
    Source Clock Delay      (SCD):    0.000ns
    Clock Pessimism Removal (CPR):    0.000ns
  Clock Uncertainty:      0.035ns  ((TSJ^2 + TIJ^2)^1/2 + DJ) / 2 + PE
    Total System Jitter     (TSJ):    0.071ns
    Total Input Jitter      (TIJ):    0.000ns
    Discrete Jitter          (DJ):    0.000ns
    Phase Error              (PE):    0.000ns

    Location             Delay type                Incr(ns)  Path(ns)    Netlist Resource(s)
  -------------------------------------------------------------------    -------------------
                         (clock aclk rise edge)       0.000     0.000 r  <hidden>
                         input delay                  2.000     2.000    <hidden>
                                                      0.000     2.000 f  aresetn
                         net (fo=10, unset)           0.973     2.973    aresetn
    SLICE_X92Y101        LUT1 (Prop_lut1_I0_O)        0.124     3.097 r  m_axis_tdata[7]_i_1/O
                         net (fo=244, routed)         3.694     6.791    m_axis_tdata[7]_i_1_n_0
    SLICE_X106Y65        FDRE                                         r  col_in_reg[5]_rep__3/R
  -------------------------------------------------------------------    -------------------

                         (clock aclk rise edge)       6.734     6.734 r  <hidden>
                                                      0.000     6.734 r  aclk
                         net (fo=1345, unset)         0.924     7.658    aclk
    SLICE_X106Y65        FDRE                                         r  col_in_reg[5]_rep__3/C
                         clock pessimism              0.000     7.658    <hidden>
                         clock uncertainty           -0.035     7.623    <hidden>
    SLICE_X106Y65        FDRE (Setup_fdre_C_R)       -0.429     7.194    col_in_reg[5]_rep__3
  -------------------------------------------------------------------
                         required time                          7.194    <hidden>
                         arrival time                          -6.791    <hidden>
  -------------------------------------------------------------------
                         slack                                  0.403    <hidden>

Slack (MET) :             0.422ns  (required time - arrival time)
  Source:                 aresetn
                            (input port clocked by aclk  {rise@0.000ns fall@3.367ns period=6.734ns})
  Destination:            col_ff_reg[2]_rep__5/R
                            (rising edge-triggered cell FDRE clocked by aclk  {rise@0.000ns fall@3.367ns period=6.734ns})
  Path Group:             aclk
  Path Type:              Setup (Max at Slow Process Corner)
  Requirement:            6.734ns  (aclk rise@6.734ns - aclk rise@0.000ns)
  Data Path Delay:        4.772ns  (logic 0.124ns (2.598%)  route 4.648ns (97.402%))
  Logic Levels:           1  (LUT1=1)
  Input Delay:            2.000ns
  Clock Path Skew:        0.924ns (DCD - SCD + CPR)
    Destination Clock Delay (DCD):    0.924ns = ( 7.658 - 6.734 ) 
    Source Clock Delay      (SCD):    0.000ns
    Clock Pessimism Removal (CPR):    0.000ns
  Clock Uncertainty:      0.035ns  ((TSJ^2 + TIJ^2)^1/2 + DJ) / 2 + PE
    Total System Jitter     (TSJ):    0.071ns
    Total Input Jitter      (TIJ):    0.000ns
    Discrete Jitter          (DJ):    0.000ns
    Phase Error              (PE):    0.000ns

    Location             Delay type                Incr(ns)  Path(ns)    Netlist Resource(s)
  -------------------------------------------------------------------    -------------------
                         (clock aclk rise edge)       0.000     0.000 r  <hidden>
                         input delay                  2.000     2.000    <hidden>
                                                      0.000     2.000 f  aresetn
                         net (fo=10, unset)           0.973     2.973    aresetn
    SLICE_X92Y101        LUT1 (Prop_lut1_I0_O)        0.124     3.097 r  m_axis_tdata[7]_i_1/O
                         net (fo=244, routed)         3.675     6.772    m_axis_tdata[7]_i_1_n_0
    SLICE_X106Y72        FDRE                                         r  col_ff_reg[2]_rep__5/R
  -------------------------------------------------------------------    -------------------

                         (clock aclk rise edge)       6.734     6.734 r  <hidden>
                                                      0.000     6.734 r  aclk
                         net (fo=1345, unset)         0.924     7.658    aclk
    SLICE_X106Y72        FDRE                                         r  col_ff_reg[2]_rep__5/C
                         clock pessimism              0.000     7.658    <hidden>
                         clock uncertainty           -0.035     7.623    <hidden>
    SLICE_X106Y72        FDRE (Setup_fdre_C_R)       -0.429     7.194    col_ff_reg[2]_rep__5
  -------------------------------------------------------------------
                         required time                          7.194    <hidden>
                         arrival time                          -6.772    <hidden>
  -------------------------------------------------------------------
                         slack                                  0.422    <hidden>

Slack (MET) :             0.427ns  (required time - arrival time)
  Source:                 aresetn
                            (input port clocked by aclk  {rise@0.000ns fall@3.367ns period=6.734ns})
  Destination:            col_ff_reg[1]_rep__2/R
                            (rising edge-triggered cell FDRE clocked by aclk  {rise@0.000ns fall@3.367ns period=6.734ns})
  Path Group:             aclk
  Path Type:              Setup (Max at Slow Process Corner)
  Requirement:            6.734ns  (aclk rise@6.734ns - aclk rise@0.000ns)
  Data Path Delay:        4.767ns  (logic 0.124ns (2.601%)  route 4.643ns (97.399%))
  Logic Levels:           1  (LUT1=1)
  Input Delay:            2.000ns
  Clock Path Skew:        0.924ns (DCD - SCD + CPR)
    Destination Clock Delay (DCD):    0.924ns = ( 7.658 - 6.734 ) 
    Source Clock Delay      (SCD):    0.000ns
    Clock Pessimism Removal (CPR):    0.000ns
  Clock Uncertainty:      0.035ns  ((TSJ^2 + TIJ^2)^1/2 + DJ) / 2 + PE
    Total System Jitter     (TSJ):    0.071ns
    Total Input Jitter      (TIJ):    0.000ns
    Discrete Jitter          (DJ):    0.000ns
    Phase Error              (PE):    0.000ns

    Location             Delay type                Incr(ns)  Path(ns)    Netlist Resource(s)
  -------------------------------------------------------------------    -------------------
                         (clock aclk rise edge)       0.000     0.000 r  <hidden>
                         input delay                  2.000     2.000    <hidden>
                                                      0.000     2.000 f  aresetn
                         net (fo=10, unset)           0.973     2.973    aresetn
    SLICE_X92Y101        LUT1 (Prop_lut1_I0_O)        0.124     3.097 r  m_axis_tdata[7]_i_1/O
                         net (fo=244, routed)         3.670     6.767    m_axis_tdata[7]_i_1_n_0
    SLICE_X103Y71        FDRE                                         r  col_ff_reg[1]_rep__2/R
  -------------------------------------------------------------------    -------------------

                         (clock aclk rise edge)       6.734     6.734 r  <hidden>
                                                      0.000     6.734 r  aclk
                         net (fo=1345, unset)         0.924     7.658    aclk
    SLICE_X103Y71        FDRE                                         r  col_ff_reg[1]_rep__2/C
                         clock pessimism              0.000     7.658    <hidden>
                         clock uncertainty           -0.035     7.623    <hidden>
    SLICE_X103Y71        FDRE (Setup_fdre_C_R)       -0.429     7.194    col_ff_reg[1]_rep__2
  -------------------------------------------------------------------
                         required time                          7.194    <hidden>
                         arrival time                          -6.767    <hidden>
  -------------------------------------------------------------------
                         slack                                  0.427    <hidden>

Slack (MET) :             0.431ns  (required time - arrival time)
  Source:                 aresetn
                            (input port clocked by aclk  {rise@0.000ns fall@3.367ns period=6.734ns})
  Destination:            col_in_reg[4]_rep__1/R
                            (rising edge-triggered cell FDRE clocked by aclk  {rise@0.000ns fall@3.367ns period=6.734ns})
  Path Group:             aclk
  Path Type:              Setup (Max at Slow Process Corner)
  Requirement:            6.734ns  (aclk rise@6.734ns - aclk rise@0.000ns)
  Data Path Delay:        4.763ns  (logic 0.124ns (2.603%)  route 4.639ns (97.397%))
  Logic Levels:           1  (LUT1=1)
  Input Delay:            2.000ns
  Clock Path Skew:        0.924ns (DCD - SCD + CPR)
    Destination Clock Delay (DCD):    0.924ns = ( 7.658 - 6.734 ) 
    Source Clock Delay      (SCD):    0.000ns
    Clock Pessimism Removal (CPR):    0.000ns
  Clock Uncertainty:      0.035ns  ((TSJ^2 + TIJ^2)^1/2 + DJ) / 2 + PE
    Total System Jitter     (TSJ):    0.071ns
    Total Input Jitter      (TIJ):    0.000ns
    Discrete Jitter          (DJ):    0.000ns
    Phase Error              (PE):    0.000ns

    Location             Delay type                Incr(ns)  Path(ns)    Netlist Resource(s)
  -------------------------------------------------------------------    -------------------
                         (clock aclk rise edge)       0.000     0.000 r  <hidden>
                         input delay                  2.000     2.000    <hidden>
                                                      0.000     2.000 f  aresetn
                         net (fo=10, unset)           0.973     2.973    aresetn
    SLICE_X92Y101        LUT1 (Prop_lut1_I0_O)        0.124     3.097 r  m_axis_tdata[7]_i_1/O
                         net (fo=244, routed)         3.666     6.763    m_axis_tdata[7]_i_1_n_0
    SLICE_X105Y72        FDRE                                         r  col_in_reg[4]_rep__1/R
  -------------------------------------------------------------------    -------------------

                         (clock aclk rise edge)       6.734     6.734 r  <hidden>
                                                      0.000     6.734 r  aclk
                         net (fo=1345, unset)         0.924     7.658    aclk
    SLICE_X105Y72        FDRE                                         r  col_in_reg[4]_rep__1/C
                         clock pessimism              0.000     7.658    <hidden>
                         clock uncertainty           -0.035     7.623    <hidden>
    SLICE_X105Y72        FDRE (Setup_fdre_C_R)       -0.429     7.194    col_in_reg[4]_rep__1
  -------------------------------------------------------------------
                         required time                          7.194    <hidden>
                         arrival time                          -6.763    <hidden>
  -------------------------------------------------------------------
                         slack                                  0.431    <hidden>

Slack (MET) :             0.448ns  (required time - arrival time)
  Source:                 aresetn
                            (input port clocked by aclk  {rise@0.000ns fall@3.367ns period=6.734ns})
  Destination:            col_in_reg[4]_rep__4/R
                            (rising edge-triggered cell FDRE clocked by aclk  {rise@0.000ns fall@3.367ns period=6.734ns})
  Path Group:             aclk
  Path Type:              Setup (Max at Slow Process Corner)
  Requirement:            6.734ns  (aclk rise@6.734ns - aclk rise@0.000ns)
  Data Path Delay:        4.746ns  (logic 0.124ns (2.612%)  route 4.622ns (97.388%))
  Logic Levels:           1  (LUT1=1)
  Input Delay:            2.000ns
  Clock Path Skew:        0.924ns (DCD - SCD + CPR)
    Destination Clock Delay (DCD):    0.924ns = ( 7.658 - 6.734 ) 
    Source Clock Delay      (SCD):    0.000ns
    Clock Pessimism Removal (CPR):    0.000ns
  Clock Uncertainty:      0.035ns  ((TSJ^2 + TIJ^2)^1/2 + DJ) / 2 + PE
    Total System Jitter     (TSJ):    0.071ns
    Total Input Jitter      (TIJ):    0.000ns
    Discrete Jitter          (DJ):    0.000ns
    Phase Error              (PE):    0.000ns

    Location             Delay type                Incr(ns)  Path(ns)    Netlist Resource(s)
  -------------------------------------------------------------------    -------------------
                         (clock aclk rise edge)       0.000     0.000 r  <hidden>
                         input delay                  2.000     2.000    <hidden>
                                                      0.000     2.000 f  aresetn
                         net (fo=10, unset)           0.973     2.973    aresetn
    SLICE_X92Y101        LUT1 (Prop_lut1_I0_O)        0.124     3.097 r  m_axis_tdata[7]_i_1/O
                         net (fo=244, routed)         3.649     6.746    m_axis_tdata[7]_i_1_n_0
    SLICE_X95Y70         FDRE                                         r  col_in_reg[4]_rep__4/R
  -------------------------------------------------------------------    -------------------

                         (clock aclk rise edge)       6.734     6.734 r  <hidden>
                                                      0.000     6.734 r  aclk
                         net (fo=1345, unset)         0.924     7.658    aclk
    SLICE_X95Y70         FDRE                                         r  col_in_reg[4]_rep__4/C
                         clock pessimism              0.000     7.658    <hidden>
                         clock uncertainty           -0.035     7.623    <hidden>
    SLICE_X95Y70         FDRE (Setup_fdre_C_R)       -0.429     7.194    col_in_reg[4]_rep__4
  -------------------------------------------------------------------
                         required time                          7.194    <hidden>
                         arrival time                          -6.746    <hidden>
  -------------------------------------------------------------------
                         slack                                  0.448    <hidden>

Slack (MET) :             0.449ns  (required time - arrival time)
  Source:                 aresetn
                            (input port clocked by aclk  {rise@0.000ns fall@3.367ns period=6.734ns})
  Destination:            col_in_reg[4]_rep/R
                            (rising edge-triggered cell FDRE clocked by aclk  {rise@0.000ns fall@3.367ns period=6.734ns})
  Path Group:             aclk
  Path Type:              Setup (Max at Slow Process Corner)
  Requirement:            6.734ns  (aclk rise@6.734ns - aclk rise@0.000ns)
  Data Path Delay:        4.745ns  (logic 0.124ns (2.613%)  route 4.621ns (97.387%))
  Logic Levels:           1  (LUT1=1)
  Input Delay:            2.000ns
  Clock Path Skew:        0.924ns (DCD - SCD + CPR)
    Destination Clock Delay (DCD):    0.924ns = ( 7.658 - 6.734 ) 
    Source Clock Delay      (SCD):    0.000ns
    Clock Pessimism Removal (CPR):    0.000ns
  Clock Uncertainty:      0.035ns  ((TSJ^2 + TIJ^2)^1/2 + DJ) / 2 + PE
    Total System Jitter     (TSJ):    0.071ns
    Total Input Jitter      (TIJ):    0.000ns
    Discrete Jitter          (DJ):    0.000ns
    Phase Error              (PE):    0.000ns

    Location             Delay type                Incr(ns)  Path(ns)    Netlist Resource(s)
  -------------------------------------------------------------------    -------------------
                         (clock aclk rise edge)       0.000     0.000 r  <hidden>
                         input delay                  2.000     2.000    <hidden>
                                                      0.000     2.000 f  aresetn
                         net (fo=10, unset)           0.973     2.973    aresetn
    SLICE_X92Y101        LUT1 (Prop_lut1_I0_O)        0.124     3.097 r  m_axis_tdata[7]_i_1/O
                         net (fo=244, routed)         3.648     6.745    m_axis_tdata[7]_i_1_n_0
    SLICE_X97Y70         FDRE                                         r  col_in_reg[4]_rep/R
  -------------------------------------------------------------------    -------------------

                         (clock aclk rise edge)       6.734     6.734 r  <hidden>
                                                      0.000     6.734 r  aclk
                         net (fo=1345, unset)         0.924     7.658    aclk
    SLICE_X97Y70         FDRE                                         r  col_in_reg[4]_rep/C
                         clock pessimism              0.000     7.658    <hidden>
                         clock uncertainty           -0.035     7.623    <hidden>
    SLICE_X97Y70         FDRE (Setup_fdre_C_R)       -0.429     7.194    col_in_reg[4]_rep
  -------------------------------------------------------------------
                         required time                          7.194    <hidden>
                         arrival time                          -6.745    <hidden>
  -------------------------------------------------------------------
                         slack                                  0.449    <hidden>

Slack (MET) :             0.449ns  (required time - arrival time)
  Source:                 aresetn
                            (input port clocked by aclk  {rise@0.000ns fall@3.367ns period=6.734ns})
  Destination:            col_ff_reg[1]_rep__0/R
                            (rising edge-triggered cell FDRE clocked by aclk  {rise@0.000ns fall@3.367ns period=6.734ns})
  Path Group:             aclk
  Path Type:              Setup (Max at Slow Process Corner)
  Requirement:            6.734ns  (aclk rise@6.734ns - aclk rise@0.000ns)
  Data Path Delay:        4.745ns  (logic 0.124ns (2.613%)  route 4.621ns (97.387%))
  Logic Levels:           1  (LUT1=1)
  Input Delay:            2.000ns
  Clock Path Skew:        0.924ns (DCD - SCD + CPR)
    Destination Clock Delay (DCD):    0.924ns = ( 7.658 - 6.734 ) 
    Source Clock Delay      (SCD):    0.000ns
    Clock Pessimism Removal (CPR):    0.000ns
  Clock Uncertainty:      0.035ns  ((TSJ^2 + TIJ^2)^1/2 + DJ) / 2 + PE
    Total System Jitter     (TSJ):    0.071ns
    Total Input Jitter      (TIJ):    0.000ns
    Discrete Jitter          (DJ):    0.000ns
    Phase Error              (PE):    0.000ns

    Location             Delay type                Incr(ns)  Path(ns)    Netlist Resource(s)
  -------------------------------------------------------------------    -------------------
                         (clock aclk rise edge)       0.000     0.000 r  <hidden>
                         input delay                  2.000     2.000    <hidden>
                                                      0.000     2.000 f  aresetn
                         net (fo=10, unset)           0.973     2.973    aresetn
    SLICE_X92Y101        LUT1 (Prop_lut1_I0_O)        0.124     3.097 r  m_axis_tdata[7]_i_1/O
                         net (fo=244, routed)         3.648     6.745    m_axis_tdata[7]_i_1_n_0
    SLICE_X99Y70         FDRE                                         r  col_ff_reg[1]_rep__0/R
  -------------------------------------------------------------------    -------------------

                         (clock aclk rise edge)       6.734     6.734 r  <hidden>
                                                      0.000     6.734 r  aclk
                         net (fo=1345, unset)         0.924     7.658    aclk
    SLICE_X99Y70         FDRE                                         r  col_ff_reg[1]_rep__0/C
                         clock pessimism              0.000     7.658    <hidden>
                         clock uncertainty           -0.035     7.623    <hidden>
    SLICE_X99Y70         FDRE (Setup_fdre_C_R)       -0.429     7.194    col_ff_reg[1]_rep__0
  -------------------------------------------------------------------
                         required time                          7.194    <hidden>
                         arrival time                          -6.745    <hidden>
  -------------------------------------------------------------------
                         slack                                  0.449    <hidden>

Slack (MET) :             0.449ns  (required time - arrival time)
  Source:                 aresetn
                            (input port clocked by aclk  {rise@0.000ns fall@3.367ns period=6.734ns})
  Destination:            col_ff_reg[1]_rep__1/R
                            (rising edge-triggered cell FDRE clocked by aclk  {rise@0.000ns fall@3.367ns period=6.734ns})
  Path Group:             aclk
  Path Type:              Setup (Max at Slow Process Corner)
  Requirement:            6.734ns  (aclk rise@6.734ns - aclk rise@0.000ns)
  Data Path Delay:        4.745ns  (logic 0.124ns (2.613%)  route 4.621ns (97.387%))
  Logic Levels:           1  (LUT1=1)
  Input Delay:            2.000ns
  Clock Path Skew:        0.924ns (DCD - SCD + CPR)
    Destination Clock Delay (DCD):    0.924ns = ( 7.658 - 6.734 ) 
    Source Clock Delay      (SCD):    0.000ns
    Clock Pessimism Removal (CPR):    0.000ns
  Clock Uncertainty:      0.035ns  ((TSJ^2 + TIJ^2)^1/2 + DJ) / 2 + PE
    Total System Jitter     (TSJ):    0.071ns
    Total Input Jitter      (TIJ):    0.000ns
    Discrete Jitter          (DJ):    0.000ns
    Phase Error              (PE):    0.000ns

    Location             Delay type                Incr(ns)  Path(ns)    Netlist Resource(s)
  -------------------------------------------------------------------    -------------------
                         (clock aclk rise edge)       0.000     0.000 r  <hidden>
                         input delay                  2.000     2.000    <hidden>
                                                      0.000     2.000 f  aresetn
                         net (fo=10, unset)           0.973     2.973    aresetn
    SLICE_X92Y101        LUT1 (Prop_lut1_I0_O)        0.124     3.097 r  m_axis_tdata[7]_i_1/O
                         net (fo=244, routed)         3.648     6.745    m_axis_tdata[7]_i_1_n_0
    SLICE_X99Y70         FDRE                                         r  col_ff_reg[1]_rep__1/R
  -------------------------------------------------------------------    -------------------

                         (clock aclk rise edge)       6.734     6.734 r  <hidden>
                                                      0.000     6.734 r  aclk
                         net (fo=1345, unset)         0.924     7.658    aclk
    SLICE_X99Y70         FDRE                                         r  col_ff_reg[1]_rep__1/C
                         clock pessimism              0.000     7.658    <hidden>
                         clock uncertainty           -0.035     7.623    <hidden>
    SLICE_X99Y70         FDRE (Setup_fdre_C_R)       -0.429     7.194    col_ff_reg[1]_rep__1
  -------------------------------------------------------------------
                         required time                          7.194    <hidden>
                         arrival time                          -6.745    <hidden>
  -------------------------------------------------------------------
                         slack                                  0.449    <hidden>

Slack (MET) :             0.451ns  (required time - arrival time)
  Source:                 aresetn
                            (input port clocked by aclk  {rise@0.000ns fall@3.367ns period=6.734ns})
  Destination:            col_in_reg[6]_rep/R
                            (rising edge-triggered cell FDRE clocked by aclk  {rise@0.000ns fall@3.367ns period=6.734ns})
  Path Group:             aclk
  Path Type:              Setup (Max at Slow Process Corner)
  Requirement:            6.734ns  (aclk rise@6.734ns - aclk rise@0.000ns)
  Data Path Delay:        4.743ns  (logic 0.124ns (2.615%)  route 4.619ns (97.385%))
  Logic Levels:           1  (LUT1=1)
  Input Delay:            2.000ns
  Clock Path Skew:        0.924ns (DCD - SCD + CPR)
    Destination Clock Delay (DCD):    0.924ns = ( 7.658 - 6.734 ) 
    Source Clock Delay      (SCD):    0.000ns
    Clock Pessimism Removal (CPR):    0.000ns
  Clock Uncertainty:      0.035ns  ((TSJ^2 + TIJ^2)^1/2 + DJ) / 2 + PE
    Total System Jitter     (TSJ):    0.071ns
    Total Input Jitter      (TIJ):    0.000ns
    Discrete Jitter          (DJ):    0.000ns
    Phase Error              (PE):    0.000ns

    Location             Delay type                Incr(ns)  Path(ns)    Netlist Resource(s)
  -------------------------------------------------------------------    -------------------
                         (clock aclk rise edge)       0.000     0.000 r  <hidden>
                         input delay                  2.000     2.000    <hidden>
                                                      0.000     2.000 f  aresetn
                         net (fo=10, unset)           0.973     2.973    aresetn
    SLICE_X92Y101        LUT1 (Prop_lut1_I0_O)        0.124     3.097 r  m_axis_tdata[7]_i_1/O
                         net (fo=244, routed)         3.646     6.743    m_axis_tdata[7]_i_1_n_0
    SLICE_X106Y68        FDRE                                         r  col_in_reg[6]_rep/R
  -------------------------------------------------------------------    -------------------

                         (clock aclk rise edge)       6.734     6.734 r  <hidden>
                                                      0.000     6.734 r  aclk
                         net (fo=1345, unset)         0.924     7.658    aclk
    SLICE_X106Y68        FDRE                                         r  col_in_reg[6]_rep/C
                         clock pessimism              0.000     7.658    <hidden>
                         clock uncertainty           -0.035     7.623    <hidden>
    SLICE_X106Y68        FDRE (Setup_fdre_C_R)       -0.429     7.194    col_in_reg[6]_rep
  -------------------------------------------------------------------
                         required time                          7.194    <hidden>
                         arrival time                          -6.743    <hidden>
  -------------------------------------------------------------------
                         slack                                  0.451    <hidden>

Slack (MET) :             0.451ns  (required time - arrival time)
  Source:                 aresetn
                            (input port clocked by aclk  {rise@0.000ns fall@3.367ns period=6.734ns})
  Destination:            col_in_reg[6]_rep__0/R
                            (rising edge-triggered cell FDRE clocked by aclk  {rise@0.000ns fall@3.367ns period=6.734ns})
  Path Group:             aclk
  Path Type:              Setup (Max at Slow Process Corner)
  Requirement:            6.734ns  (aclk rise@6.734ns - aclk rise@0.000ns)
  Data Path Delay:        4.743ns  (logic 0.124ns (2.615%)  route 4.619ns (97.385%))
  Logic Levels:           1  (LUT1=1)
  Input Delay:            2.000ns
  Clock Path Skew:        0.924ns (DCD - SCD + CPR)
    Destination Clock Delay (DCD):    0.924ns = ( 7.658 - 6.734 ) 
    Source Clock Delay      (SCD):    0.000ns
    Clock Pessimism Removal (CPR):    0.000ns
  Clock Uncertainty:      0.035ns  ((TSJ^2 + TIJ^2)^1/2 + DJ) / 2 + PE
    Total System Jitter     (TSJ):    0.071ns
    Total Input Jitter      (TIJ):    0.000ns
    Discrete Jitter          (DJ):    0.000ns
    Phase Error              (PE):    0.000ns

    Location             Delay type                Incr(ns)  Path(ns)    Netlist Resource(s)
  -------------------------------------------------------------------    -------------------
                         (clock aclk rise edge)       0.000     0.000 r  <hidden>
                         input delay                  2.000     2.000    <hidden>
                                                      0.000     2.000 f  aresetn
                         net (fo=10, unset)           0.973     2.973    aresetn
    SLICE_X92Y101        LUT1 (Prop_lut1_I0_O)        0.124     3.097 r  m_axis_tdata[7]_i_1/O
                         net (fo=244, routed)         3.646     6.743    m_axis_tdata[7]_i_1_n_0
    SLICE_X106Y68        FDRE                                         r  col_in_reg[6]_rep__0/R
  -------------------------------------------------------------------    -------------------

                         (clock aclk rise edge)       6.734     6.734 r  <hidden>
                                                      0.000     6.734 r  aclk
                         net (fo=1345, unset)         0.924     7.658    aclk
    SLICE_X106Y68        FDRE                                         r  col_in_reg[6]_rep__0/C
                         clock pessimism              0.000     7.658    <hidden>
                         clock uncertainty           -0.035     7.623    <hidden>
    SLICE_X106Y68        FDRE (Setup_fdre_C_R)       -0.429     7.194    col_in_reg[6]_rep__0
  -------------------------------------------------------------------
                         required time                          7.194    <hidden>
                         arrival time                          -6.743    <hidden>
  -------------------------------------------------------------------
                         slack                                  0.451    <hidden>

Slack (MET) :             0.451ns  (required time - arrival time)
  Source:                 aresetn
                            (input port clocked by aclk  {rise@0.000ns fall@3.367ns period=6.734ns})
  Destination:            col_in_reg[6]_rep__1/R
                            (rising edge-triggered cell FDRE clocked by aclk  {rise@0.000ns fall@3.367ns period=6.734ns})
  Path Group:             aclk
  Path Type:              Setup (Max at Slow Process Corner)
  Requirement:            6.734ns  (aclk rise@6.734ns - aclk rise@0.000ns)
  Data Path Delay:        4.743ns  (logic 0.124ns (2.615%)  route 4.619ns (97.385%))
  Logic Levels:           1  (LUT1=1)
  Input Delay:            2.000ns
  Clock Path Skew:        0.924ns (DCD - SCD + CPR)
    Destination Clock Delay (DCD):    0.924ns = ( 7.658 - 6.734 ) 
    Source Clock Delay      (SCD):    0.000ns
    Clock Pessimism Removal (CPR):    0.000ns
  Clock Uncertainty:      0.035ns  ((TSJ^2 + TIJ^2)^1/2 + DJ) / 2 + PE
    Total System Jitter     (TSJ):    0.071ns
    Total Input Jitter      (TIJ):    0.000ns
    Discrete Jitter          (DJ):    0.000ns
    Phase Error              (PE):    0.000ns

    Location             Delay type                Incr(ns)  Path(ns)    Netlist Resource(s)
  -------------------------------------------------------------------    -------------------
                         (clock aclk rise edge)       0.000     0.000 r  <hidden>
                         input delay                  2.000     2.000    <hidden>
                                                      0.000     2.000 f  aresetn
                         net (fo=10, unset)           0.973     2.973    aresetn
    SLICE_X92Y101        LUT1 (Prop_lut1_I0_O)        0.124     3.097 r  m_axis_tdata[7]_i_1/O
                         net (fo=244, routed)         3.646     6.743    m_axis_tdata[7]_i_1_n_0
    SLICE_X106Y68        FDRE                                         r  col_in_reg[6]_rep__1/R
  -------------------------------------------------------------------    -------------------

                         (clock aclk rise edge)       6.734     6.734 r  <hidden>
                                                      0.000     6.734 r  aclk
                         net (fo=1345, unset)         0.924     7.658    aclk
    SLICE_X106Y68        FDRE                                         r  col_in_reg[6]_rep__1/C
                         clock pessimism              0.000     7.658    <hidden>
                         clock uncertainty           -0.035     7.623    <hidden>
    SLICE_X106Y68        FDRE (Setup_fdre_C_R)       -0.429     7.194    col_in_reg[6]_rep__1
  -------------------------------------------------------------------
                         required time                          7.194    <hidden>
                         arrival time                          -6.743    <hidden>
  -------------------------------------------------------------------
                         slack                                  0.451    <hidden>

Slack (MET) :             0.452ns  (required time - arrival time)
  Source:                 aresetn
                            (input port clocked by aclk  {rise@0.000ns fall@3.367ns period=6.734ns})
  Destination:            col_ff_reg[3]_rep__1/R
                            (rising edge-triggered cell FDRE clocked by aclk  {rise@0.000ns fall@3.367ns period=6.734ns})
  Path Group:             aclk
  Path Type:              Setup (Max at Slow Process Corner)
  Requirement:            6.734ns  (aclk rise@6.734ns - aclk rise@0.000ns)
  Data Path Delay:        4.742ns  (logic 0.124ns (2.615%)  route 4.618ns (97.385%))
  Logic Levels:           1  (LUT1=1)
  Input Delay:            2.000ns
  Clock Path Skew:        0.924ns (DCD - SCD + CPR)
    Destination Clock Delay (DCD):    0.924ns = ( 7.658 - 6.734 ) 
    Source Clock Delay      (SCD):    0.000ns
    Clock Pessimism Removal (CPR):    0.000ns
  Clock Uncertainty:      0.035ns  ((TSJ^2 + TIJ^2)^1/2 + DJ) / 2 + PE
    Total System Jitter     (TSJ):    0.071ns
    Total Input Jitter      (TIJ):    0.000ns
    Discrete Jitter          (DJ):    0.000ns
    Phase Error              (PE):    0.000ns

    Location             Delay type                Incr(ns)  Path(ns)    Netlist Resource(s)
  -------------------------------------------------------------------    -------------------
                         (clock aclk rise edge)       0.000     0.000 r  <hidden>
                         input delay                  2.000     2.000    <hidden>
                                                      0.000     2.000 f  aresetn
                         net (fo=10, unset)           0.973     2.973    aresetn
    SLICE_X92Y101        LUT1 (Prop_lut1_I0_O)        0.124     3.097 r  m_axis_tdata[7]_i_1/O
                         net (fo=244, routed)         3.645     6.742    m_axis_tdata[7]_i_1_n_0
    SLICE_X99Y73         FDRE                                         r  col_ff_reg[3]_rep__1/R
  -------------------------------------------------------------------    -------------------

                         (clock aclk rise edge)       6.734     6.734 r  <hidden>
                                                      0.000     6.734 r  aclk
                         net (fo=1345, unset)         0.924     7.658    aclk
    SLICE_X99Y73         FDRE                                         r  col_ff_reg[3]_rep__1/C
                         clock pessimism              0.000     7.658    <hidden>
                         clock uncertainty           -0.035     7.623    <hidden>
    SLICE_X99Y73         FDRE (Setup_fdre_C_R)       -0.429     7.194    col_ff_reg[3]_rep__1
  -------------------------------------------------------------------
                         required time                          7.194    <hidden>
                         arrival time                          -6.742    <hidden>
  -------------------------------------------------------------------
                         slack                                  0.452    <hidden>

Slack (MET) :             0.452ns  (required time - arrival time)
  Source:                 aresetn
                            (input port clocked by aclk  {rise@0.000ns fall@3.367ns period=6.734ns})
  Destination:            col_in_reg[2]_rep__0/R
                            (rising edge-triggered cell FDRE clocked by aclk  {rise@0.000ns fall@3.367ns period=6.734ns})
  Path Group:             aclk
  Path Type:              Setup (Max at Slow Process Corner)
  Requirement:            6.734ns  (aclk rise@6.734ns - aclk rise@0.000ns)
  Data Path Delay:        4.742ns  (logic 0.124ns (2.615%)  route 4.618ns (97.385%))
  Logic Levels:           1  (LUT1=1)
  Input Delay:            2.000ns
  Clock Path Skew:        0.924ns (DCD - SCD + CPR)
    Destination Clock Delay (DCD):    0.924ns = ( 7.658 - 6.734 ) 
    Source Clock Delay      (SCD):    0.000ns
    Clock Pessimism Removal (CPR):    0.000ns
  Clock Uncertainty:      0.035ns  ((TSJ^2 + TIJ^2)^1/2 + DJ) / 2 + PE
    Total System Jitter     (TSJ):    0.071ns
    Total Input Jitter      (TIJ):    0.000ns
    Discrete Jitter          (DJ):    0.000ns
    Phase Error              (PE):    0.000ns

    Location             Delay type                Incr(ns)  Path(ns)    Netlist Resource(s)
  -------------------------------------------------------------------    -------------------
                         (clock aclk rise edge)       0.000     0.000 r  <hidden>
                         input delay                  2.000     2.000    <hidden>
                                                      0.000     2.000 f  aresetn
                         net (fo=10, unset)           0.973     2.973    aresetn
    SLICE_X92Y101        LUT1 (Prop_lut1_I0_O)        0.124     3.097 r  m_axis_tdata[7]_i_1/O
                         net (fo=244, routed)         3.645     6.742    m_axis_tdata[7]_i_1_n_0
    SLICE_X106Y67        FDRE                                         r  col_in_reg[2]_rep__0/R
  -------------------------------------------------------------------    -------------------

                         (clock aclk rise edge)       6.734     6.734 r  <hidden>
                                                      0.000     6.734 r  aclk
                         net (fo=1345, unset)         0.924     7.658    aclk
    SLICE_X106Y67        FDRE                                         r  col_in_reg[2]_rep__0/C
                         clock pessimism              0.000     7.658    <hidden>
                         clock uncertainty           -0.035     7.623    <hidden>
    SLICE_X106Y67        FDRE (Setup_fdre_C_R)       -0.429     7.194    col_in_reg[2]_rep__0
  -------------------------------------------------------------------
                         required time                          7.194    <hidden>
                         arrival time                          -6.742    <hidden>
  -------------------------------------------------------------------
                         slack                                  0.452    <hidden>

Slack (MET) :             0.452ns  (required time - arrival time)
  Source:                 aresetn
                            (input port clocked by aclk  {rise@0.000ns fall@3.367ns period=6.734ns})
  Destination:            col_in_reg[2]_rep__1/R
                            (rising edge-triggered cell FDRE clocked by aclk  {rise@0.000ns fall@3.367ns period=6.734ns})
  Path Group:             aclk
  Path Type:              Setup (Max at Slow Process Corner)
  Requirement:            6.734ns  (aclk rise@6.734ns - aclk rise@0.000ns)
  Data Path Delay:        4.742ns  (logic 0.124ns (2.615%)  route 4.618ns (97.385%))
  Logic Levels:           1  (LUT1=1)
  Input Delay:            2.000ns
  Clock Path Skew:        0.924ns (DCD - SCD + CPR)
    Destination Clock Delay (DCD):    0.924ns = ( 7.658 - 6.734 ) 
    Source Clock Delay      (SCD):    0.000ns
    Clock Pessimism Removal (CPR):    0.000ns
  Clock Uncertainty:      0.035ns  ((TSJ^2 + TIJ^2)^1/2 + DJ) / 2 + PE
    Total System Jitter     (TSJ):    0.071ns
    Total Input Jitter      (TIJ):    0.000ns
    Discrete Jitter          (DJ):    0.000ns
    Phase Error              (PE):    0.000ns

    Location             Delay type                Incr(ns)  Path(ns)    Netlist Resource(s)
  -------------------------------------------------------------------    -------------------
                         (clock aclk rise edge)       0.000     0.000 r  <hidden>
                         input delay                  2.000     2.000    <hidden>
                                                      0.000     2.000 f  aresetn
                         net (fo=10, unset)           0.973     2.973    aresetn
    SLICE_X92Y101        LUT1 (Prop_lut1_I0_O)        0.124     3.097 r  m_axis_tdata[7]_i_1/O
                         net (fo=244, routed)         3.645     6.742    m_axis_tdata[7]_i_1_n_0
    SLICE_X106Y67        FDRE                                         r  col_in_reg[2]_rep__1/R
  -------------------------------------------------------------------    -------------------

                         (clock aclk rise edge)       6.734     6.734 r  <hidden>
                                                      0.000     6.734 r  aclk
                         net (fo=1345, unset)         0.924     7.658    aclk
    SLICE_X106Y67        FDRE                                         r  col_in_reg[2]_rep__1/C
                         clock pessimism              0.000     7.658    <hidden>
                         clock uncertainty           -0.035     7.623    <hidden>
    SLICE_X106Y67        FDRE (Setup_fdre_C_R)       -0.429     7.194    col_in_reg[2]_rep__1
  -------------------------------------------------------------------
                         required time                          7.194    <hidden>
                         arrival time                          -6.742    <hidden>
  -------------------------------------------------------------------
                         slack                                  0.452    <hidden>

Slack (MET) :             0.452ns  (required time - arrival time)
  Source:                 aresetn
                            (input port clocked by aclk  {rise@0.000ns fall@3.367ns period=6.734ns})
  Destination:            col_in_reg[5]_rep__1/R
                            (rising edge-triggered cell FDRE clocked by aclk  {rise@0.000ns fall@3.367ns period=6.734ns})
  Path Group:             aclk
  Path Type:              Setup (Max at Slow Process Corner)
  Requirement:            6.734ns  (aclk rise@6.734ns - aclk rise@0.000ns)
  Data Path Delay:        4.742ns  (logic 0.124ns (2.615%)  route 4.618ns (97.385%))
  Logic Levels:           1  (LUT1=1)
  Input Delay:            2.000ns
  Clock Path Skew:        0.924ns (DCD - SCD + CPR)
    Destination Clock Delay (DCD):    0.924ns = ( 7.658 - 6.734 ) 
    Source Clock Delay      (SCD):    0.000ns
    Clock Pessimism Removal (CPR):    0.000ns
  Clock Uncertainty:      0.035ns  ((TSJ^2 + TIJ^2)^1/2 + DJ) / 2 + PE
    Total System Jitter     (TSJ):    0.071ns
    Total Input Jitter      (TIJ):    0.000ns
    Discrete Jitter          (DJ):    0.000ns
    Phase Error              (PE):    0.000ns

    Location             Delay type                Incr(ns)  Path(ns)    Netlist Resource(s)
  -------------------------------------------------------------------    -------------------
                         (clock aclk rise edge)       0.000     0.000 r  <hidden>
                         input delay                  2.000     2.000    <hidden>
                                                      0.000     2.000 f  aresetn
                         net (fo=10, unset)           0.973     2.973    aresetn
    SLICE_X92Y101        LUT1 (Prop_lut1_I0_O)        0.124     3.097 r  m_axis_tdata[7]_i_1/O
                         net (fo=244, routed)         3.645     6.742    m_axis_tdata[7]_i_1_n_0
    SLICE_X106Y67        FDRE                                         r  col_in_reg[5]_rep__1/R
  -------------------------------------------------------------------    -------------------

                         (clock aclk rise edge)       6.734     6.734 r  <hidden>
                                                      0.000     6.734 r  aclk
                         net (fo=1345, unset)         0.924     7.658    aclk
    SLICE_X106Y67        FDRE                                         r  col_in_reg[5]_rep__1/C
                         clock pessimism              0.000     7.658    <hidden>
                         clock uncertainty           -0.035     7.623    <hidden>
    SLICE_X106Y67        FDRE (Setup_fdre_C_R)       -0.429     7.194    col_in_reg[5]_rep__1
  -------------------------------------------------------------------
                         required time                          7.194    <hidden>
                         arrival time                          -6.742    <hidden>
  -------------------------------------------------------------------
                         slack                                  0.452    <hidden>

Slack (MET) :             0.452ns  (required time - arrival time)
  Source:                 aresetn
                            (input port clocked by aclk  {rise@0.000ns fall@3.367ns period=6.734ns})
  Destination:            col_in_reg[6]_rep__4/R
                            (rising edge-triggered cell FDRE clocked by aclk  {rise@0.000ns fall@3.367ns period=6.734ns})
  Path Group:             aclk
  Path Type:              Setup (Max at Slow Process Corner)
  Requirement:            6.734ns  (aclk rise@6.734ns - aclk rise@0.000ns)
  Data Path Delay:        4.742ns  (logic 0.124ns (2.615%)  route 4.618ns (97.385%))
  Logic Levels:           1  (LUT1=1)
  Input Delay:            2.000ns
  Clock Path Skew:        0.924ns (DCD - SCD + CPR)
    Destination Clock Delay (DCD):    0.924ns = ( 7.658 - 6.734 ) 
    Source Clock Delay      (SCD):    0.000ns
    Clock Pessimism Removal (CPR):    0.000ns
  Clock Uncertainty:      0.035ns  ((TSJ^2 + TIJ^2)^1/2 + DJ) / 2 + PE
    Total System Jitter     (TSJ):    0.071ns
    Total Input Jitter      (TIJ):    0.000ns
    Discrete Jitter          (DJ):    0.000ns
    Phase Error              (PE):    0.000ns

    Location             Delay type                Incr(ns)  Path(ns)    Netlist Resource(s)
  -------------------------------------------------------------------    -------------------
                         (clock aclk rise edge)       0.000     0.000 r  <hidden>
                         input delay                  2.000     2.000    <hidden>
                                                      0.000     2.000 f  aresetn
                         net (fo=10, unset)           0.973     2.973    aresetn
    SLICE_X92Y101        LUT1 (Prop_lut1_I0_O)        0.124     3.097 r  m_axis_tdata[7]_i_1/O
                         net (fo=244, routed)         3.645     6.742    m_axis_tdata[7]_i_1_n_0
    SLICE_X106Y67        FDRE                                         r  col_in_reg[6]_rep__4/R
  -------------------------------------------------------------------    -------------------

                         (clock aclk rise edge)       6.734     6.734 r  <hidden>
                                                      0.000     6.734 r  aclk
                         net (fo=1345, unset)         0.924     7.658    aclk
    SLICE_X106Y67        FDRE                                         r  col_in_reg[6]_rep__4/C
                         clock pessimism              0.000     7.658    <hidden>
                         clock uncertainty           -0.035     7.623    <hidden>
    SLICE_X106Y67        FDRE (Setup_fdre_C_R)       -0.429     7.194    col_in_reg[6]_rep__4
  -------------------------------------------------------------------
                         required time                          7.194    <hidden>
                         arrival time                          -6.742    <hidden>
  -------------------------------------------------------------------
                         slack                                  0.452    <hidden>

Slack (MET) :             0.457ns  (required time - arrival time)
  Source:                 aresetn
                            (input port clocked by aclk  {rise@0.000ns fall@3.367ns period=6.734ns})
  Destination:            col_in_reg[1]_rep__3/R
                            (rising edge-triggered cell FDRE clocked by aclk  {rise@0.000ns fall@3.367ns period=6.734ns})
  Path Group:             aclk
  Path Type:              Setup (Max at Slow Process Corner)
  Requirement:            6.734ns  (aclk rise@6.734ns - aclk rise@0.000ns)
  Data Path Delay:        4.737ns  (logic 0.124ns (2.618%)  route 4.613ns (97.382%))
  Logic Levels:           1  (LUT1=1)
  Input Delay:            2.000ns
  Clock Path Skew:        0.924ns (DCD - SCD + CPR)
    Destination Clock Delay (DCD):    0.924ns = ( 7.658 - 6.734 ) 
    Source Clock Delay      (SCD):    0.000ns
    Clock Pessimism Removal (CPR):    0.000ns
  Clock Uncertainty:      0.035ns  ((TSJ^2 + TIJ^2)^1/2 + DJ) / 2 + PE
    Total System Jitter     (TSJ):    0.071ns
    Total Input Jitter      (TIJ):    0.000ns
    Discrete Jitter          (DJ):    0.000ns
    Phase Error              (PE):    0.000ns

    Location             Delay type                Incr(ns)  Path(ns)    Netlist Resource(s)
  -------------------------------------------------------------------    -------------------
                         (clock aclk rise edge)       0.000     0.000 r  <hidden>
                         input delay                  2.000     2.000    <hidden>
                                                      0.000     2.000 f  aresetn
                         net (fo=10, unset)           0.973     2.973    aresetn
    SLICE_X92Y101        LUT1 (Prop_lut1_I0_O)        0.124     3.097 r  m_axis_tdata[7]_i_1/O
                         net (fo=244, routed)         3.640     6.737    m_axis_tdata[7]_i_1_n_0
    SLICE_X107Y67        FDRE                                         r  col_in_reg[1]_rep__3/R
  -------------------------------------------------------------------    -------------------

                         (clock aclk rise edge)       6.734     6.734 r  <hidden>
                                                      0.000     6.734 r  aclk
                         net (fo=1345, unset)         0.924     7.658    aclk
    SLICE_X107Y67        FDRE                                         r  col_in_reg[1]_rep__3/C
                         clock pessimism              0.000     7.658    <hidden>
                         clock uncertainty           -0.035     7.623    <hidden>
    SLICE_X107Y67        FDRE (Setup_fdre_C_R)       -0.429     7.194    col_in_reg[1]_rep__3
  -------------------------------------------------------------------
                         required time                          7.194    <hidden>
                         arrival time                          -6.737    <hidden>
  -------------------------------------------------------------------
                         slack                                  0.457    <hidden>





Min Delay Paths
--------------------------------------------------------------------------------------
Slack (MET) :             0.053ns  (arrival time - required time)
  Source:                 col_in_reg[0]_rep__0/C
                            (rising edge-triggered cell FDRE clocked by aclk  {rise@0.000ns fall@3.367ns period=6.734ns})
  Destination:            lb2_reg_1280_1407_4_4/DP.HIGH/WADR0
                            (rising edge-triggered cell RAMD64E clocked by aclk  {rise@0.000ns fall@3.367ns period=6.734ns})
  Path Group:             aclk
  Path Type:              Hold (Min at Fast Process Corner)
  Requirement:            0.000ns  (aclk rise@0.000ns - aclk rise@0.000ns)
  Data Path Delay:        0.385ns  (logic 0.141ns (36.626%)  route 0.244ns (63.374%))
  Logic Levels:           0  
  Clock Path Skew:        0.022ns (DCD - SCD - CPR)
    Destination Clock Delay (DCD):    0.432ns
    Source Clock Delay      (SCD):    0.410ns
    Clock Pessimism Removal (CPR):    -0.000ns

    Location             Delay type                Incr(ns)  Path(ns)    Netlist Resource(s)
  -------------------------------------------------------------------    -------------------
                         (clock aclk rise edge)       0.000     0.000 r  <hidden>
                                                      0.000     0.000 r  aclk
                         net (fo=1345, unset)         0.410     0.410    aclk
    SLICE_X93Y81         FDRE                                         r  col_in_reg[0]_rep__0/C
  -------------------------------------------------------------------    -------------------
    SLICE_X93Y81         FDRE (Prop_fdre_C_Q)         0.141     0.551 r  col_in_reg[0]_rep__0/Q
                         net (fo=224, routed)         0.244     0.795    lb2_reg_1280_1407_4_4/A0
    SLICE_X92Y81         RAMD64E                                      r  lb2_reg_1280_1407_4_4/DP.HIGH/WADR0
  -------------------------------------------------------------------    -------------------

                         (clock aclk rise edge)       0.000     0.000 r  <hidden>
                                                      0.000     0.000 r  aclk
                         net (fo=1345, unset)         0.432     0.432    lb2_reg_1280_1407_4_4/WCLK
    SLICE_X92Y81         RAMD64E                                      r  lb2_reg_1280_1407_4_4/DP.HIGH/CLK
                         clock pessimism              0.000     0.432    <hidden>
    SLICE_X92Y81         RAMD64E (Hold_ramd64e_CLK_WADR0)
                                                      0.310     0.742    lb2_reg_1280_1407_4_4/DP.HIGH
  -------------------------------------------------------------------
                         required time                         -0.742    <hidden>
                         arrival time                           0.795    <hidden>
  -------------------------------------------------------------------
                         slack                                  0.053    <hidden>

Slack (MET) :             0.053ns  (arrival time - required time)
  Source:                 col_in_reg[0]_rep__0/C
                            (rising edge-triggered cell FDRE clocked by aclk  {rise@0.000ns fall@3.367ns period=6.734ns})
  Destination:            lb2_reg_1280_1407_4_4/DP.LOW/WADR0
                            (rising edge-triggered cell RAMD64E clocked by aclk  {rise@0.000ns fall@3.367ns period=6.734ns})
  Path Group:             aclk
  Path Type:              Hold (Min at Fast Process Corner)
  Requirement:            0.000ns  (aclk rise@0.000ns - aclk rise@0.000ns)
  Data Path Delay:        0.385ns  (logic 0.141ns (36.626%)  route 0.244ns (63.374%))
  Logic Levels:           0  
  Clock Path Skew:        0.022ns (DCD - SCD - CPR)
    Destination Clock Delay (DCD):    0.432ns
    Source Clock Delay      (SCD):    0.410ns
    Clock Pessimism Removal (CPR):    -0.000ns

    Location             Delay type                Incr(ns)  Path(ns)    Netlist Resource(s)
  -------------------------------------------------------------------    -------------------
                         (clock aclk rise edge)       0.000     0.000 r  <hidden>
                                                      0.000     0.000 r  aclk
                         net (fo=1345, unset)         0.410     0.410    aclk
    SLICE_X93Y81         FDRE                                         r  col_in_reg[0]_rep__0/C
  -------------------------------------------------------------------    -------------------
    SLICE_X93Y81         FDRE (Prop_fdre_C_Q)         0.141     0.551 r  col_in_reg[0]_rep__0/Q
                         net (fo=224, routed)         0.244     0.795    lb2_reg_1280_1407_4_4/A0
    SLICE_X92Y81         RAMD64E                                      r  lb2_reg_1280_1407_4_4/DP.LOW/WADR0
  -------------------------------------------------------------------    -------------------

                         (clock aclk rise edge)       0.000     0.000 r  <hidden>
                                                      0.000     0.000 r  aclk
                         net (fo=1345, unset)         0.432     0.432    lb2_reg_1280_1407_4_4/WCLK
    SLICE_X92Y81         RAMD64E                                      r  lb2_reg_1280_1407_4_4/DP.LOW/CLK
                         clock pessimism              0.000     0.432    <hidden>
    SLICE_X92Y81         RAMD64E (Hold_ramd64e_CLK_WADR0)
                                                      0.310     0.742    lb2_reg_1280_1407_4_4/DP.LOW
  -------------------------------------------------------------------
                         required time                         -0.742    <hidden>
                         arrival time                           0.795    <hidden>
  -------------------------------------------------------------------
                         slack                                  0.053    <hidden>

Slack (MET) :             0.053ns  (arrival time - required time)
  Source:                 col_in_reg[0]_rep__0/C
                            (rising edge-triggered cell FDRE clocked by aclk  {rise@0.000ns fall@3.367ns period=6.734ns})
  Destination:            lb2_reg_1280_1407_4_4/SP.HIGH/WADR0
                            (rising edge-triggered cell RAMD64E clocked by aclk  {rise@0.000ns fall@3.367ns period=6.734ns})
  Path Group:             aclk
  Path Type:              Hold (Min at Fast Process Corner)
  Requirement:            0.000ns  (aclk rise@0.000ns - aclk rise@0.000ns)
  Data Path Delay:        0.385ns  (logic 0.141ns (36.626%)  route 0.244ns (63.374%))
  Logic Levels:           0  
  Clock Path Skew:        0.022ns (DCD - SCD - CPR)
    Destination Clock Delay (DCD):    0.432ns
    Source Clock Delay      (SCD):    0.410ns
    Clock Pessimism Removal (CPR):    -0.000ns

    Location             Delay type                Incr(ns)  Path(ns)    Netlist Resource(s)
  -------------------------------------------------------------------    -------------------
                         (clock aclk rise edge)       0.000     0.000 r  <hidden>
                                                      0.000     0.000 r  aclk
                         net (fo=1345, unset)         0.410     0.410    aclk
    SLICE_X93Y81         FDRE                                         r  col_in_reg[0]_rep__0/C
  -------------------------------------------------------------------    -------------------
    SLICE_X93Y81         FDRE (Prop_fdre_C_Q)         0.141     0.551 r  col_in_reg[0]_rep__0/Q
                         net (fo=224, routed)         0.244     0.795    lb2_reg_1280_1407_4_4/A0
    SLICE_X92Y81         RAMD64E                                      r  lb2_reg_1280_1407_4_4/SP.HIGH/WADR0
  -------------------------------------------------------------------    -------------------

                         (clock aclk rise edge)       0.000     0.000 r  <hidden>
                                                      0.000     0.000 r  aclk
                         net (fo=1345, unset)         0.432     0.432    lb2_reg_1280_1407_4_4/WCLK
    SLICE_X92Y81         RAMD64E                                      r  lb2_reg_1280_1407_4_4/SP.HIGH/CLK
                         clock pessimism              0.000     0.432    <hidden>
    SLICE_X92Y81         RAMD64E (Hold_ramd64e_CLK_WADR0)
                                                      0.310     0.742    lb2_reg_1280_1407_4_4/SP.HIGH
  -------------------------------------------------------------------
                         required time                         -0.742    <hidden>
                         arrival time                           0.795    <hidden>
  -------------------------------------------------------------------
                         slack                                  0.053    <hidden>

Slack (MET) :             0.053ns  (arrival time - required time)
  Source:                 col_in_reg[0]_rep__0/C
                            (rising edge-triggered cell FDRE clocked by aclk  {rise@0.000ns fall@3.367ns period=6.734ns})
  Destination:            lb2_reg_1280_1407_4_4/SP.LOW/WADR0
                            (rising edge-triggered cell RAMD64E clocked by aclk  {rise@0.000ns fall@3.367ns period=6.734ns})
  Path Group:             aclk
  Path Type:              Hold (Min at Fast Process Corner)
  Requirement:            0.000ns  (aclk rise@0.000ns - aclk rise@0.000ns)
  Data Path Delay:        0.385ns  (logic 0.141ns (36.626%)  route 0.244ns (63.374%))
  Logic Levels:           0  
  Clock Path Skew:        0.022ns (DCD - SCD - CPR)
    Destination Clock Delay (DCD):    0.432ns
    Source Clock Delay      (SCD):    0.410ns
    Clock Pessimism Removal (CPR):    -0.000ns

    Location             Delay type                Incr(ns)  Path(ns)    Netlist Resource(s)
  -------------------------------------------------------------------    -------------------
                         (clock aclk rise edge)       0.000     0.000 r  <hidden>
                                                      0.000     0.000 r  aclk
                         net (fo=1345, unset)         0.410     0.410    aclk
    SLICE_X93Y81         FDRE                                         r  col_in_reg[0]_rep__0/C
  -------------------------------------------------------------------    -------------------
    SLICE_X93Y81         FDRE (Prop_fdre_C_Q)         0.141     0.551 r  col_in_reg[0]_rep__0/Q
                         net (fo=224, routed)         0.244     0.795    lb2_reg_1280_1407_4_4/A0
    SLICE_X92Y81         RAMD64E                                      r  lb2_reg_1280_1407_4_4/SP.LOW/WADR0
  -------------------------------------------------------------------    -------------------

                         (clock aclk rise edge)       0.000     0.000 r  <hidden>
                                                      0.000     0.000 r  aclk
                         net (fo=1345, unset)         0.432     0.432    lb2_reg_1280_1407_4_4/WCLK
    SLICE_X92Y81         RAMD64E                                      r  lb2_reg_1280_1407_4_4/SP.LOW/CLK
                         clock pessimism              0.000     0.432    <hidden>
    SLICE_X92Y81         RAMD64E (Hold_ramd64e_CLK_WADR0)
                                                      0.310     0.742    lb2_reg_1280_1407_4_4/SP.LOW
  -------------------------------------------------------------------
                         required time                         -0.742    <hidden>
                         arrival time                           0.795    <hidden>
  -------------------------------------------------------------------
                         slack                                  0.053    <hidden>

Slack (MET) :             0.081ns  (arrival time - required time)
  Source:                 col_in_reg[1]_rep__3/C
                            (rising edge-triggered cell FDRE clocked by aclk  {rise@0.000ns fall@3.367ns period=6.734ns})
  Destination:            lb2_reg_1024_1151_1_1/DP.HIGH/WADR1
                            (rising edge-triggered cell RAMD64E clocked by aclk  {rise@0.000ns fall@3.367ns period=6.734ns})
  Path Group:             aclk
  Path Type:              Hold (Min at Fast Process Corner)
  Requirement:            0.000ns  (aclk rise@0.000ns - aclk rise@0.000ns)
  Data Path Delay:        0.412ns  (logic 0.141ns (34.247%)  route 0.271ns (65.753%))
  Logic Levels:           0  
  Clock Path Skew:        0.022ns (DCD - SCD - CPR)
    Destination Clock Delay (DCD):    0.432ns
    Source Clock Delay      (SCD):    0.410ns
    Clock Pessimism Removal (CPR):    -0.000ns

    Location             Delay type                Incr(ns)  Path(ns)    Netlist Resource(s)
  -------------------------------------------------------------------    -------------------
                         (clock aclk rise edge)       0.000     0.000 r  <hidden>
                                                      0.000     0.000 r  aclk
                         net (fo=1345, unset)         0.410     0.410    aclk
    SLICE_X107Y67        FDRE                                         r  col_in_reg[1]_rep__3/C
  -------------------------------------------------------------------    -------------------
    SLICE_X107Y67        FDRE (Prop_fdre_C_Q)         0.141     0.551 r  col_in_reg[1]_rep__3/Q
                         net (fo=234, routed)         0.271     0.822    lb2_reg_1024_1151_1_1/A1
    SLICE_X108Y66        RAMD64E                                      r  lb2_reg_1024_1151_1_1/DP.HIGH/WADR1
  -------------------------------------------------------------------    -------------------

                         (clock aclk rise edge)       0.000     0.000 r  <hidden>
                                                      0.000     0.000 r  aclk
                         net (fo=1345, unset)         0.432     0.432    lb2_reg_1024_1151_1_1/WCLK
    SLICE_X108Y66        RAMD64E                                      r  lb2_reg_1024_1151_1_1/DP.HIGH/CLK
                         clock pessimism              0.000     0.432    <hidden>
    SLICE_X108Y66        RAMD64E (Hold_ramd64e_CLK_WADR1)
                                                      0.309     0.741    lb2_reg_1024_1151_1_1/DP.HIGH
  -------------------------------------------------------------------
                         required time                         -0.741    <hidden>
                         arrival time                           0.822    <hidden>
  -------------------------------------------------------------------
                         slack                                  0.081    <hidden>

Slack (MET) :             0.081ns  (arrival time - required time)
  Source:                 col_in_reg[1]_rep__3/C
                            (rising edge-triggered cell FDRE clocked by aclk  {rise@0.000ns fall@3.367ns period=6.734ns})
  Destination:            lb2_reg_1024_1151_1_1/DP.LOW/WADR1
                            (rising edge-triggered cell RAMD64E clocked by aclk  {rise@0.000ns fall@3.367ns period=6.734ns})
  Path Group:             aclk
  Path Type:              Hold (Min at Fast Process Corner)
  Requirement:            0.000ns  (aclk rise@0.000ns - aclk rise@0.000ns)
  Data Path Delay:        0.412ns  (logic 0.141ns (34.247%)  route 0.271ns (65.753%))
  Logic Levels:           0  
  Clock Path Skew:        0.022ns (DCD - SCD - CPR)
    Destination Clock Delay (DCD):    0.432ns
    Source Clock Delay      (SCD):    0.410ns
    Clock Pessimism Removal (CPR):    -0.000ns

    Location             Delay type                Incr(ns)  Path(ns)    Netlist Resource(s)
  -------------------------------------------------------------------    -------------------
                         (clock aclk rise edge)       0.000     0.000 r  <hidden>
                                                      0.000     0.000 r  aclk
                         net (fo=1345, unset)         0.410     0.410    aclk
    SLICE_X107Y67        FDRE                                         r  col_in_reg[1]_rep__3/C
  -------------------------------------------------------------------    -------------------
    SLICE_X107Y67        FDRE (Prop_fdre_C_Q)         0.141     0.551 r  col_in_reg[1]_rep__3/Q
                         net (fo=234, routed)         0.271     0.822    lb2_reg_1024_1151_1_1/A1
    SLICE_X108Y66        RAMD64E                                      r  lb2_reg_1024_1151_1_1/DP.LOW/WADR1
  -------------------------------------------------------------------    -------------------

                         (clock aclk rise edge)       0.000     0.000 r  <hidden>
                                                      0.000     0.000 r  aclk
                         net (fo=1345, unset)         0.432     0.432    lb2_reg_1024_1151_1_1/WCLK
    SLICE_X108Y66        RAMD64E                                      r  lb2_reg_1024_1151_1_1/DP.LOW/CLK
                         clock pessimism              0.000     0.432    <hidden>
    SLICE_X108Y66        RAMD64E (Hold_ramd64e_CLK_WADR1)
                                                      0.309     0.741    lb2_reg_1024_1151_1_1/DP.LOW
  -------------------------------------------------------------------
                         required time                         -0.741    <hidden>
                         arrival time                           0.822    <hidden>
  -------------------------------------------------------------------
                         slack                                  0.081    <hidden>

Slack (MET) :             0.081ns  (arrival time - required time)
  Source:                 col_in_reg[1]_rep__3/C
                            (rising edge-triggered cell FDRE clocked by aclk  {rise@0.000ns fall@3.367ns period=6.734ns})
  Destination:            lb2_reg_1024_1151_1_1/SP.HIGH/WADR1
                            (rising edge-triggered cell RAMD64E clocked by aclk  {rise@0.000ns fall@3.367ns period=6.734ns})
  Path Group:             aclk
  Path Type:              Hold (Min at Fast Process Corner)
  Requirement:            0.000ns  (aclk rise@0.000ns - aclk rise@0.000ns)
  Data Path Delay:        0.412ns  (logic 0.141ns (34.247%)  route 0.271ns (65.753%))
  Logic Levels:           0  
  Clock Path Skew:        0.022ns (DCD - SCD - CPR)
    Destination Clock Delay (DCD):    0.432ns
    Source Clock Delay      (SCD):    0.410ns
    Clock Pessimism Removal (CPR):    -0.000ns

    Location             Delay type                Incr(ns)  Path(ns)    Netlist Resource(s)
  -------------------------------------------------------------------    -------------------
                         (clock aclk rise edge)       0.000     0.000 r  <hidden>
                                                      0.000     0.000 r  aclk
                         net (fo=1345, unset)         0.410     0.410    aclk
    SLICE_X107Y67        FDRE                                         r  col_in_reg[1]_rep__3/C
  -------------------------------------------------------------------    -------------------
    SLICE_X107Y67        FDRE (Prop_fdre_C_Q)         0.141     0.551 r  col_in_reg[1]_rep__3/Q
                         net (fo=234, routed)         0.271     0.822    lb2_reg_1024_1151_1_1/A1
    SLICE_X108Y66        RAMD64E                                      r  lb2_reg_1024_1151_1_1/SP.HIGH/WADR1
  -------------------------------------------------------------------    -------------------

                         (clock aclk rise edge)       0.000     0.000 r  <hidden>
                                                      0.000     0.000 r  aclk
                         net (fo=1345, unset)         0.432     0.432    lb2_reg_1024_1151_1_1/WCLK
    SLICE_X108Y66        RAMD64E                                      r  lb2_reg_1024_1151_1_1/SP.HIGH/CLK
                         clock pessimism              0.000     0.432    <hidden>
    SLICE_X108Y66        RAMD64E (Hold_ramd64e_CLK_WADR1)
                                                      0.309     0.741    lb2_reg_1024_1151_1_1/SP.HIGH
  -------------------------------------------------------------------
                         required time                         -0.741    <hidden>
                         arrival time                           0.822    <hidden>
  -------------------------------------------------------------------
                         slack                                  0.081    <hidden>

Slack (MET) :             0.081ns  (arrival time - required time)
  Source:                 col_in_reg[1]_rep__3/C
                            (rising edge-triggered cell FDRE clocked by aclk  {rise@0.000ns fall@3.367ns period=6.734ns})
  Destination:            lb2_reg_1024_1151_1_1/SP.LOW/WADR1
                            (rising edge-triggered cell RAMD64E clocked by aclk  {rise@0.000ns fall@3.367ns period=6.734ns})
  Path Group:             aclk
  Path Type:              Hold (Min at Fast Process Corner)
  Requirement:            0.000ns  (aclk rise@0.000ns - aclk rise@0.000ns)
  Data Path Delay:        0.412ns  (logic 0.141ns (34.247%)  route 0.271ns (65.753%))
  Logic Levels:           0  
  Clock Path Skew:        0.022ns (DCD - SCD - CPR)
    Destination Clock Delay (DCD):    0.432ns
    Source Clock Delay      (SCD):    0.410ns
    Clock Pessimism Removal (CPR):    -0.000ns

    Location             Delay type                Incr(ns)  Path(ns)    Netlist Resource(s)
  -------------------------------------------------------------------    -------------------
                         (clock aclk rise edge)       0.000     0.000 r  <hidden>
                                                      0.000     0.000 r  aclk
                         net (fo=1345, unset)         0.410     0.410    aclk
    SLICE_X107Y67        FDRE                                         r  col_in_reg[1]_rep__3/C
  -------------------------------------------------------------------    -------------------
    SLICE_X107Y67        FDRE (Prop_fdre_C_Q)         0.141     0.551 r  col_in_reg[1]_rep__3/Q
                         net (fo=234, routed)         0.271     0.822    lb2_reg_1024_1151_1_1/A1
    SLICE_X108Y66        RAMD64E                                      r  lb2_reg_1024_1151_1_1/SP.LOW/WADR1
  -------------------------------------------------------------------    -------------------

                         (clock aclk rise edge)       0.000     0.000 r  <hidden>
                                                      0.000     0.000 r  aclk
                         net (fo=1345, unset)         0.432     0.432    lb2_reg_1024_1151_1_1/WCLK
    SLICE_X108Y66        RAMD64E                                      r  lb2_reg_1024_1151_1_1/SP.LOW/CLK
                         clock pessimism              0.000     0.432    <hidden>
    SLICE_X108Y66        RAMD64E (Hold_ramd64e_CLK_WADR1)
                                                      0.309     0.741    lb2_reg_1024_1151_1_1/SP.LOW
  -------------------------------------------------------------------
                         required time                         -0.741    <hidden>
                         arrival time                           0.822    <hidden>
  -------------------------------------------------------------------
                         slack                                  0.081    <hidden>

Slack (MET) :             0.106ns  (arrival time - required time)
  Source:                 col_in_reg[5]_rep__2/C
                            (rising edge-triggered cell FDRE clocked by aclk  {rise@0.000ns fall@3.367ns period=6.734ns})
  Destination:            lb2_reg_1536_1663_1_1/DP.HIGH/WADR5
                            (rising edge-triggered cell RAMD64E clocked by aclk  {rise@0.000ns fall@3.367ns period=6.734ns})
  Path Group:             aclk
  Path Type:              Hold (Min at Fast Process Corner)
  Requirement:            0.000ns  (aclk rise@0.000ns - aclk rise@0.000ns)
  Data Path Delay:        0.298ns  (logic 0.141ns (47.381%)  route 0.157ns (52.619%))
  Logic Levels:           0  
  Clock Path Skew:        0.022ns (DCD - SCD - CPR)
    Destination Clock Delay (DCD):    0.432ns
    Source Clock Delay      (SCD):    0.410ns
    Clock Pessimism Removal (CPR):    -0.000ns

    Location             Delay type                Incr(ns)  Path(ns)    Netlist Resource(s)
  -------------------------------------------------------------------    -------------------
                         (clock aclk rise edge)       0.000     0.000 r  <hidden>
                                                      0.000     0.000 r  aclk
                         net (fo=1345, unset)         0.410     0.410    aclk
    SLICE_X106Y65        FDRE                                         r  col_in_reg[5]_rep__2/C
  -------------------------------------------------------------------    -------------------
    SLICE_X106Y65        FDRE (Prop_fdre_C_Q)         0.141     0.551 r  col_in_reg[5]_rep__2/Q
                         net (fo=222, routed)         0.157     0.708    lb2_reg_1536_1663_1_1/A5
    SLICE_X108Y64        RAMD64E                                      r  lb2_reg_1536_1663_1_1/DP.HIGH/WADR5
  -------------------------------------------------------------------    -------------------

                         (clock aclk rise edge)       0.000     0.000 r  <hidden>
                                                      0.000     0.000 r  aclk
                         net (fo=1345, unset)         0.432     0.432    lb2_reg_1536_1663_1_1/WCLK
    SLICE_X108Y64        RAMD64E                                      r  lb2_reg_1536_1663_1_1/DP.HIGH/CLK
                         clock pessimism              0.000     0.432    <hidden>
    SLICE_X108Y64        RAMD64E (Hold_ramd64e_CLK_WADR5)
                                                      0.170     0.602    lb2_reg_1536_1663_1_1/DP.HIGH
  -------------------------------------------------------------------
                         required time                         -0.602    <hidden>
                         arrival time                           0.708    <hidden>
  -------------------------------------------------------------------
                         slack                                  0.106    <hidden>

Slack (MET) :             0.106ns  (arrival time - required time)
  Source:                 col_in_reg[5]_rep__2/C
                            (rising edge-triggered cell FDRE clocked by aclk  {rise@0.000ns fall@3.367ns period=6.734ns})
  Destination:            lb2_reg_1536_1663_1_1/DP.LOW/WADR5
                            (rising edge-triggered cell RAMD64E clocked by aclk  {rise@0.000ns fall@3.367ns period=6.734ns})
  Path Group:             aclk
  Path Type:              Hold (Min at Fast Process Corner)
  Requirement:            0.000ns  (aclk rise@0.000ns - aclk rise@0.000ns)
  Data Path Delay:        0.298ns  (logic 0.141ns (47.381%)  route 0.157ns (52.619%))
  Logic Levels:           0  
  Clock Path Skew:        0.022ns (DCD - SCD - CPR)
    Destination Clock Delay (DCD):    0.432ns
    Source Clock Delay      (SCD):    0.410ns
    Clock Pessimism Removal (CPR):    -0.000ns

    Location             Delay type                Incr(ns)  Path(ns)    Netlist Resource(s)
  -------------------------------------------------------------------    -------------------
                         (clock aclk rise edge)       0.000     0.000 r  <hidden>
                                                      0.000     0.000 r  aclk
                         net (fo=1345, unset)         0.410     0.410    aclk
    SLICE_X106Y65        FDRE                                         r  col_in_reg[5]_rep__2/C
  -------------------------------------------------------------------    -------------------
    SLICE_X106Y65        FDRE (Prop_fdre_C_Q)         0.141     0.551 r  col_in_reg[5]_rep__2/Q
                         net (fo=222, routed)         0.157     0.708    lb2_reg_1536_1663_1_1/A5
    SLICE_X108Y64        RAMD64E                                      r  lb2_reg_1536_1663_1_1/DP.LOW/WADR5
  -------------------------------------------------------------------    -------------------

                         (clock aclk rise edge)       0.000     0.000 r  <hidden>
                                                      0.000     0.000 r  aclk
                         net (fo=1345, unset)         0.432     0.432    lb2_reg_1536_1663_1_1/WCLK
    SLICE_X108Y64        RAMD64E                                      r  lb2_reg_1536_1663_1_1/DP.LOW/CLK
                         clock pessimism              0.000     0.432    <hidden>
    SLICE_X108Y64        RAMD64E (Hold_ramd64e_CLK_WADR5)
                                                      0.170     0.602    lb2_reg_1536_1663_1_1/DP.LOW
  -------------------------------------------------------------------
                         required time                         -0.602    <hidden>
                         arrival time                           0.708    <hidden>
  -------------------------------------------------------------------
                         slack                                  0.106    <hidden>

Slack (MET) :             0.106ns  (arrival time - required time)
  Source:                 col_in_reg[5]_rep__2/C
                            (rising edge-triggered cell FDRE clocked by aclk  {rise@0.000ns fall@3.367ns period=6.734ns})
  Destination:            lb2_reg_1536_1663_1_1/SP.HIGH/WADR5
                            (rising edge-triggered cell RAMD64E clocked by aclk  {rise@0.000ns fall@3.367ns period=6.734ns})
  Path Group:             aclk
  Path Type:              Hold (Min at Fast Process Corner)
  Requirement:            0.000ns  (aclk rise@0.000ns - aclk rise@0.000ns)
  Data Path Delay:        0.298ns  (logic 0.141ns (47.381%)  route 0.157ns (52.619%))
  Logic Levels:           0  
  Clock Path Skew:        0.022ns (DCD - SCD - CPR)
    Destination Clock Delay (DCD):    0.432ns
    Source Clock Delay      (SCD):    0.410ns
    Clock Pessimism Removal (CPR):    -0.000ns

    Location             Delay type                Incr(ns)  Path(ns)    Netlist Resource(s)
  -------------------------------------------------------------------    -------------------
                         (clock aclk rise edge)       0.000     0.000 r  <hidden>
                                                      0.000     0.000 r  aclk
                         net (fo=1345, unset)         0.410     0.410    aclk
    SLICE_X106Y65        FDRE                                         r  col_in_reg[5]_rep__2/C
  -------------------------------------------------------------------    -------------------
    SLICE_X106Y65        FDRE (Prop_fdre_C_Q)         0.141     0.551 r  col_in_reg[5]_rep__2/Q
                         net (fo=222, routed)         0.157     0.708    lb2_reg_1536_1663_1_1/A5
    SLICE_X108Y64        RAMD64E                                      r  lb2_reg_1536_1663_1_1/SP.HIGH/WADR5
  -------------------------------------------------------------------    -------------------

                         (clock aclk rise edge)       0.000     0.000 r  <hidden>
                                                      0.000     0.000 r  aclk
                         net (fo=1345, unset)         0.432     0.432    lb2_reg_1536_1663_1_1/WCLK
    SLICE_X108Y64        RAMD64E                                      r  lb2_reg_1536_1663_1_1/SP.HIGH/CLK
                         clock pessimism              0.000     0.432    <hidden>
    SLICE_X108Y64        RAMD64E (Hold_ramd64e_CLK_WADR5)
                                                      0.170     0.602    lb2_reg_1536_1663_1_1/SP.HIGH
  -------------------------------------------------------------------
                         required time                         -0.602    <hidden>
                         arrival time                           0.708    <hidden>
  -------------------------------------------------------------------
                         slack                                  0.106    <hidden>

Slack (MET) :             0.106ns  (arrival time - required time)
  Source:                 col_in_reg[5]_rep__2/C
                            (rising edge-triggered cell FDRE clocked by aclk  {rise@0.000ns fall@3.367ns period=6.734ns})
  Destination:            lb2_reg_1536_1663_1_1/SP.LOW/WADR5
                            (rising edge-triggered cell RAMD64E clocked by aclk  {rise@0.000ns fall@3.367ns period=6.734ns})
  Path Group:             aclk
  Path Type:              Hold (Min at Fast Process Corner)
  Requirement:            0.000ns  (aclk rise@0.000ns - aclk rise@0.000ns)
  Data Path Delay:        0.298ns  (logic 0.141ns (47.381%)  route 0.157ns (52.619%))
  Logic Levels:           0  
  Clock Path Skew:        0.022ns (DCD - SCD - CPR)
    Destination Clock Delay (DCD):    0.432ns
    Source Clock Delay      (SCD):    0.410ns
    Clock Pessimism Removal (CPR):    -0.000ns

    Location             Delay type                Incr(ns)  Path(ns)    Netlist Resource(s)
  -------------------------------------------------------------------    -------------------
                         (clock aclk rise edge)       0.000     0.000 r  <hidden>
                                                      0.000     0.000 r  aclk
                         net (fo=1345, unset)         0.410     0.410    aclk
    SLICE_X106Y65        FDRE                                         r  col_in_reg[5]_rep__2/C
  -------------------------------------------------------------------    -------------------
    SLICE_X106Y65        FDRE (Prop_fdre_C_Q)         0.141     0.551 r  col_in_reg[5]_rep__2/Q
                         net (fo=222, routed)         0.157     0.708    lb2_reg_1536_1663_1_1/A5
    SLICE_X108Y64        RAMD64E                                      r  lb2_reg_1536_1663_1_1/SP.LOW/WADR5
  -------------------------------------------------------------------    -------------------

                         (clock aclk rise edge)       0.000     0.000 r  <hidden>
                                                      0.000     0.000 r  aclk
                         net (fo=1345, unset)         0.432     0.432    lb2_reg_1536_1663_1_1/WCLK
    SLICE_X108Y64        RAMD64E                                      r  lb2_reg_1536_1663_1_1/SP.LOW/CLK
                         clock pessimism              0.000     0.432    <hidden>
    SLICE_X108Y64        RAMD64E (Hold_ramd64e_CLK_WADR5)
                                                      0.170     0.602    lb2_reg_1536_1663_1_1/SP.LOW
  -------------------------------------------------------------------
                         required time                         -0.602    <hidden>
                         arrival time                           0.708    <hidden>
  -------------------------------------------------------------------
                         slack                                  0.106    <hidden>

Slack (MET) :             0.106ns  (arrival time - required time)
  Source:                 col_in_reg[0]_rep__3/C
                            (rising edge-triggered cell FDRE clocked by aclk  {rise@0.000ns fall@3.367ns period=6.734ns})
  Destination:            lb1_reg_1920_2047_7_7/DP.HIGH/WADR0
                            (rising edge-triggered cell RAMD64E clocked by aclk  {rise@0.000ns fall@3.367ns period=6.734ns})
  Path Group:             aclk
  Path Type:              Hold (Min at Fast Process Corner)
  Requirement:            0.000ns  (aclk rise@0.000ns - aclk rise@0.000ns)
  Data Path Delay:        0.438ns  (logic 0.141ns (32.206%)  route 0.297ns (67.794%))
  Logic Levels:           0  
  Clock Path Skew:        0.022ns (DCD - SCD - CPR)
    Destination Clock Delay (DCD):    0.432ns
    Source Clock Delay      (SCD):    0.410ns
    Clock Pessimism Removal (CPR):    -0.000ns

    Location             Delay type                Incr(ns)  Path(ns)    Netlist Resource(s)
  -------------------------------------------------------------------    -------------------
                         (clock aclk rise edge)       0.000     0.000 r  <hidden>
                                                      0.000     0.000 r  aclk
                         net (fo=1345, unset)         0.410     0.410    aclk
    SLICE_X106Y93        FDRE                                         r  col_in_reg[0]_rep__3/C
  -------------------------------------------------------------------    -------------------
    SLICE_X106Y93        FDRE (Prop_fdre_C_Q)         0.141     0.551 r  col_in_reg[0]_rep__3/Q
                         net (fo=229, routed)         0.297     0.848    lb1_reg_1920_2047_7_7/A0
    SLICE_X108Y92        RAMD64E                                      r  lb1_reg_1920_2047_7_7/DP.HIGH/WADR0
  -------------------------------------------------------------------    -------------------

                         (clock aclk rise edge)       0.000     0.000 r  <hidden>
                                                      0.000     0.000 r  aclk
                         net (fo=1345, unset)         0.432     0.432    lb1_reg_1920_2047_7_7/WCLK
    SLICE_X108Y92        RAMD64E                                      r  lb1_reg_1920_2047_7_7/DP.HIGH/CLK
                         clock pessimism              0.000     0.432    <hidden>
    SLICE_X108Y92        RAMD64E (Hold_ramd64e_CLK_WADR0)
                                                      0.310     0.742    lb1_reg_1920_2047_7_7/DP.HIGH
  -------------------------------------------------------------------
                         required time                         -0.742    <hidden>
                         arrival time                           0.848    <hidden>
  -------------------------------------------------------------------
                         slack                                  0.106    <hidden>

Slack (MET) :             0.106ns  (arrival time - required time)
  Source:                 col_in_reg[0]_rep__3/C
                            (rising edge-triggered cell FDRE clocked by aclk  {rise@0.000ns fall@3.367ns period=6.734ns})
  Destination:            lb1_reg_1920_2047_7_7/DP.LOW/WADR0
                            (rising edge-triggered cell RAMD64E clocked by aclk  {rise@0.000ns fall@3.367ns period=6.734ns})
  Path Group:             aclk
  Path Type:              Hold (Min at Fast Process Corner)
  Requirement:            0.000ns  (aclk rise@0.000ns - aclk rise@0.000ns)
  Data Path Delay:        0.438ns  (logic 0.141ns (32.206%)  route 0.297ns (67.794%))
  Logic Levels:           0  
  Clock Path Skew:        0.022ns (DCD - SCD - CPR)
    Destination Clock Delay (DCD):    0.432ns
    Source Clock Delay      (SCD):    0.410ns
    Clock Pessimism Removal (CPR):    -0.000ns

    Location             Delay type                Incr(ns)  Path(ns)    Netlist Resource(s)
  -------------------------------------------------------------------    -------------------
                         (clock aclk rise edge)       0.000     0.000 r  <hidden>
                                                      0.000     0.000 r  aclk
                         net (fo=1345, unset)         0.410     0.410    aclk
    SLICE_X106Y93        FDRE                                         r  col_in_reg[0]_rep__3/C
  -------------------------------------------------------------------    -------------------
    SLICE_X106Y93        FDRE (Prop_fdre_C_Q)         0.141     0.551 r  col_in_reg[0]_rep__3/Q
                         net (fo=229, routed)         0.297     0.848    lb1_reg_1920_2047_7_7/A0
    SLICE_X108Y92        RAMD64E                                      r  lb1_reg_1920_2047_7_7/DP.LOW/WADR0
  -------------------------------------------------------------------    -------------------

                         (clock aclk rise edge)       0.000     0.000 r  <hidden>
                                                      0.000     0.000 r  aclk
                         net (fo=1345, unset)         0.432     0.432    lb1_reg_1920_2047_7_7/WCLK
    SLICE_X108Y92        RAMD64E                                      r  lb1_reg_1920_2047_7_7/DP.LOW/CLK
                         clock pessimism              0.000     0.432    <hidden>
    SLICE_X108Y92        RAMD64E (Hold_ramd64e_CLK_WADR0)
                                                      0.310     0.742    lb1_reg_1920_2047_7_7/DP.LOW
  -------------------------------------------------------------------
                         required time                         -0.742    <hidden>
                         arrival time                           0.848    <hidden>
  -------------------------------------------------------------------
                         slack                                  0.106    <hidden>

Slack (MET) :             0.106ns  (arrival time - required time)
  Source:                 col_in_reg[0]_rep__3/C
                            (rising edge-triggered cell FDRE clocked by aclk  {rise@0.000ns fall@3.367ns period=6.734ns})
  Destination:            lb1_reg_1920_2047_7_7/SP.HIGH/WADR0
                            (rising edge-triggered cell RAMD64E clocked by aclk  {rise@0.000ns fall@3.367ns period=6.734ns})
  Path Group:             aclk
  Path Type:              Hold (Min at Fast Process Corner)
  Requirement:            0.000ns  (aclk rise@0.000ns - aclk rise@0.000ns)
  Data Path Delay:        0.438ns  (logic 0.141ns (32.206%)  route 0.297ns (67.794%))
  Logic Levels:           0  
  Clock Path Skew:        0.022ns (DCD - SCD - CPR)
    Destination Clock Delay (DCD):    0.432ns
    Source Clock Delay      (SCD):    0.410ns
    Clock Pessimism Removal (CPR):    -0.000ns

    Location             Delay type                Incr(ns)  Path(ns)    Netlist Resource(s)
  -------------------------------------------------------------------    -------------------
                         (clock aclk rise edge)       0.000     0.000 r  <hidden>
                                                      0.000     0.000 r  aclk
                         net (fo=1345, unset)         0.410     0.410    aclk
    SLICE_X106Y93        FDRE                                         r  col_in_reg[0]_rep__3/C
  -------------------------------------------------------------------    -------------------
    SLICE_X106Y93        FDRE (Prop_fdre_C_Q)         0.141     0.551 r  col_in_reg[0]_rep__3/Q
                         net (fo=229, routed)         0.297     0.848    lb1_reg_1920_2047_7_7/A0
    SLICE_X108Y92        RAMD64E                                      r  lb1_reg_1920_2047_7_7/SP.HIGH/WADR0
  -------------------------------------------------------------------    -------------------

                         (clock aclk rise edge)       0.000     0.000 r  <hidden>
                                                      0.000     0.000 r  aclk
                         net (fo=1345, unset)         0.432     0.432    lb1_reg_1920_2047_7_7/WCLK
    SLICE_X108Y92        RAMD64E                                      r  lb1_reg_1920_2047_7_7/SP.HIGH/CLK
                         clock pessimism              0.000     0.432    <hidden>
    SLICE_X108Y92        RAMD64E (Hold_ramd64e_CLK_WADR0)
                                                      0.310     0.742    lb1_reg_1920_2047_7_7/SP.HIGH
  -------------------------------------------------------------------
                         required time                         -0.742    <hidden>
                         arrival time                           0.848    <hidden>
  -------------------------------------------------------------------
                         slack                                  0.106    <hidden>

Slack (MET) :             0.106ns  (arrival time - required time)
  Source:                 col_in_reg[0]_rep__3/C
                            (rising edge-triggered cell FDRE clocked by aclk  {rise@0.000ns fall@3.367ns period=6.734ns})
  Destination:            lb1_reg_1920_2047_7_7/SP.LOW/WADR0
                            (rising edge-triggered cell RAMD64E clocked by aclk  {rise@0.000ns fall@3.367ns period=6.734ns})
  Path Group:             aclk
  Path Type:              Hold (Min at Fast Process Corner)
  Requirement:            0.000ns  (aclk rise@0.000ns - aclk rise@0.000ns)
  Data Path Delay:        0.438ns  (logic 0.141ns (32.206%)  route 0.297ns (67.794%))
  Logic Levels:           0  
  Clock Path Skew:        0.022ns (DCD - SCD - CPR)
    Destination Clock Delay (DCD):    0.432ns
    Source Clock Delay      (SCD):    0.410ns
    Clock Pessimism Removal (CPR):    -0.000ns

    Location             Delay type                Incr(ns)  Path(ns)    Netlist Resource(s)
  -------------------------------------------------------------------    -------------------
                         (clock aclk rise edge)       0.000     0.000 r  <hidden>
                                                      0.000     0.000 r  aclk
                         net (fo=1345, unset)         0.410     0.410    aclk
    SLICE_X106Y93        FDRE                                         r  col_in_reg[0]_rep__3/C
  -------------------------------------------------------------------    -------------------
    SLICE_X106Y93        FDRE (Prop_fdre_C_Q)         0.141     0.551 r  col_in_reg[0]_rep__3/Q
                         net (fo=229, routed)         0.297     0.848    lb1_reg_1920_2047_7_7/A0
    SLICE_X108Y92        RAMD64E                                      r  lb1_reg_1920_2047_7_7/SP.LOW/WADR0
  -------------------------------------------------------------------    -------------------

                         (clock aclk rise edge)       0.000     0.000 r  <hidden>
                                                      0.000     0.000 r  aclk
                         net (fo=1345, unset)         0.432     0.432    lb1_reg_1920_2047_7_7/WCLK
    SLICE_X108Y92        RAMD64E                                      r  lb1_reg_1920_2047_7_7/SP.LOW/CLK
                         clock pessimism              0.000     0.432    <hidden>
    SLICE_X108Y92        RAMD64E (Hold_ramd64e_CLK_WADR0)
                                                      0.310     0.742    lb1_reg_1920_2047_7_7/SP.LOW
  -------------------------------------------------------------------
                         required time                         -0.742    <hidden>
                         arrival time                           0.848    <hidden>
  -------------------------------------------------------------------
                         slack                                  0.106    <hidden>

Slack (MET) :             0.126ns  (arrival time - required time)
  Source:                 col_in_reg[0]_rep__3/C
                            (rising edge-triggered cell FDRE clocked by aclk  {rise@0.000ns fall@3.367ns period=6.734ns})
  Destination:            lb1_reg_1664_1791_7_7/DP.HIGH/WADR0
                            (rising edge-triggered cell RAMD64E clocked by aclk  {rise@0.000ns fall@3.367ns period=6.734ns})
  Path Group:             aclk
  Path Type:              Hold (Min at Fast Process Corner)
  Requirement:            0.000ns  (aclk rise@0.000ns - aclk rise@0.000ns)
  Data Path Delay:        0.458ns  (logic 0.141ns (30.786%)  route 0.317ns (69.214%))
  Logic Levels:           0  
  Clock Path Skew:        0.022ns (DCD - SCD - CPR)
    Destination Clock Delay (DCD):    0.432ns
    Source Clock Delay      (SCD):    0.410ns
    Clock Pessimism Removal (CPR):    -0.000ns

    Location             Delay type                Incr(ns)  Path(ns)    Netlist Resource(s)
  -------------------------------------------------------------------    -------------------
                         (clock aclk rise edge)       0.000     0.000 r  <hidden>
                                                      0.000     0.000 r  aclk
                         net (fo=1345, unset)         0.410     0.410    aclk
    SLICE_X106Y93        FDRE                                         r  col_in_reg[0]_rep__3/C
  -------------------------------------------------------------------    -------------------
    SLICE_X106Y93        FDRE (Prop_fdre_C_Q)         0.141     0.551 r  col_in_reg[0]_rep__3/Q
                         net (fo=229, routed)         0.317     0.868    lb1_reg_1664_1791_7_7/A0
    SLICE_X108Y94        RAMD64E                                      r  lb1_reg_1664_1791_7_7/DP.HIGH/WADR0
  -------------------------------------------------------------------    -------------------

                         (clock aclk rise edge)       0.000     0.000 r  <hidden>
                                                      0.000     0.000 r  aclk
                         net (fo=1345, unset)         0.432     0.432    lb1_reg_1664_1791_7_7/WCLK
    SLICE_X108Y94        RAMD64E                                      r  lb1_reg_1664_1791_7_7/DP.HIGH/CLK
                         clock pessimism              0.000     0.432    <hidden>
    SLICE_X108Y94        RAMD64E (Hold_ramd64e_CLK_WADR0)
                                                      0.310     0.742    lb1_reg_1664_1791_7_7/DP.HIGH
  -------------------------------------------------------------------
                         required time                         -0.742    <hidden>
                         arrival time                           0.868    <hidden>
  -------------------------------------------------------------------
                         slack                                  0.126    <hidden>

Slack (MET) :             0.126ns  (arrival time - required time)
  Source:                 col_in_reg[0]_rep__3/C
                            (rising edge-triggered cell FDRE clocked by aclk  {rise@0.000ns fall@3.367ns period=6.734ns})
  Destination:            lb1_reg_1664_1791_7_7/DP.LOW/WADR0
                            (rising edge-triggered cell RAMD64E clocked by aclk  {rise@0.000ns fall@3.367ns period=6.734ns})
  Path Group:             aclk
  Path Type:              Hold (Min at Fast Process Corner)
  Requirement:            0.000ns  (aclk rise@0.000ns - aclk rise@0.000ns)
  Data Path Delay:        0.458ns  (logic 0.141ns (30.786%)  route 0.317ns (69.214%))
  Logic Levels:           0  
  Clock Path Skew:        0.022ns (DCD - SCD - CPR)
    Destination Clock Delay (DCD):    0.432ns
    Source Clock Delay      (SCD):    0.410ns
    Clock Pessimism Removal (CPR):    -0.000ns

    Location             Delay type                Incr(ns)  Path(ns)    Netlist Resource(s)
  -------------------------------------------------------------------    -------------------
                         (clock aclk rise edge)       0.000     0.000 r  <hidden>
                                                      0.000     0.000 r  aclk
                         net (fo=1345, unset)         0.410     0.410    aclk
    SLICE_X106Y93        FDRE                                         r  col_in_reg[0]_rep__3/C
  -------------------------------------------------------------------    -------------------
    SLICE_X106Y93        FDRE (Prop_fdre_C_Q)         0.141     0.551 r  col_in_reg[0]_rep__3/Q
                         net (fo=229, routed)         0.317     0.868    lb1_reg_1664_1791_7_7/A0
    SLICE_X108Y94        RAMD64E                                      r  lb1_reg_1664_1791_7_7/DP.LOW/WADR0
  -------------------------------------------------------------------    -------------------

                         (clock aclk rise edge)       0.000     0.000 r  <hidden>
                                                      0.000     0.000 r  aclk
                         net (fo=1345, unset)         0.432     0.432    lb1_reg_1664_1791_7_7/WCLK
    SLICE_X108Y94        RAMD64E                                      r  lb1_reg_1664_1791_7_7/DP.LOW/CLK
                         clock pessimism              0.000     0.432    <hidden>
    SLICE_X108Y94        RAMD64E (Hold_ramd64e_CLK_WADR0)
                                                      0.310     0.742    lb1_reg_1664_1791_7_7/DP.LOW
  -------------------------------------------------------------------
                         required time                         -0.742    <hidden>
                         arrival time                           0.868    <hidden>
  -------------------------------------------------------------------
                         slack                                  0.126    <hidden>

Slack (MET) :             0.126ns  (arrival time - required time)
  Source:                 col_in_reg[0]_rep__3/C
                            (rising edge-triggered cell FDRE clocked by aclk  {rise@0.000ns fall@3.367ns period=6.734ns})
  Destination:            lb1_reg_1664_1791_7_7/SP.HIGH/WADR0
                            (rising edge-triggered cell RAMD64E clocked by aclk  {rise@0.000ns fall@3.367ns period=6.734ns})
  Path Group:             aclk
  Path Type:              Hold (Min at Fast Process Corner)
  Requirement:            0.000ns  (aclk rise@0.000ns - aclk rise@0.000ns)
  Data Path Delay:        0.458ns  (logic 0.141ns (30.786%)  route 0.317ns (69.214%))
  Logic Levels:           0  
  Clock Path Skew:        0.022ns (DCD - SCD - CPR)
    Destination Clock Delay (DCD):    0.432ns
    Source Clock Delay      (SCD):    0.410ns
    Clock Pessimism Removal (CPR):    -0.000ns

    Location             Delay type                Incr(ns)  Path(ns)    Netlist Resource(s)
  -------------------------------------------------------------------    -------------------
                         (clock aclk rise edge)       0.000     0.000 r  <hidden>
                                                      0.000     0.000 r  aclk
                         net (fo=1345, unset)         0.410     0.410    aclk
    SLICE_X106Y93        FDRE                                         r  col_in_reg[0]_rep__3/C
  -------------------------------------------------------------------    -------------------
    SLICE_X106Y93        FDRE (Prop_fdre_C_Q)         0.141     0.551 r  col_in_reg[0]_rep__3/Q
                         net (fo=229, routed)         0.317     0.868    lb1_reg_1664_1791_7_7/A0
    SLICE_X108Y94        RAMD64E                                      r  lb1_reg_1664_1791_7_7/SP.HIGH/WADR0
  -------------------------------------------------------------------    -------------------

                         (clock aclk rise edge)       0.000     0.000 r  <hidden>
                                                      0.000     0.000 r  aclk
                         net (fo=1345, unset)         0.432     0.432    lb1_reg_1664_1791_7_7/WCLK
    SLICE_X108Y94        RAMD64E                                      r  lb1_reg_1664_1791_7_7/SP.HIGH/CLK
                         clock pessimism              0.000     0.432    <hidden>
    SLICE_X108Y94        RAMD64E (Hold_ramd64e_CLK_WADR0)
                                                      0.310     0.742    lb1_reg_1664_1791_7_7/SP.HIGH
  -------------------------------------------------------------------
                         required time                         -0.742    <hidden>
                         arrival time                           0.868    <hidden>
  -------------------------------------------------------------------
                         slack                                  0.126    <hidden>

Slack (MET) :             0.126ns  (arrival time - required time)
  Source:                 col_in_reg[0]_rep__3/C
                            (rising edge-triggered cell FDRE clocked by aclk  {rise@0.000ns fall@3.367ns period=6.734ns})
  Destination:            lb1_reg_1664_1791_7_7/SP.LOW/WADR0
                            (rising edge-triggered cell RAMD64E clocked by aclk  {rise@0.000ns fall@3.367ns period=6.734ns})
  Path Group:             aclk
  Path Type:              Hold (Min at Fast Process Corner)
  Requirement:            0.000ns  (aclk rise@0.000ns - aclk rise@0.000ns)
  Data Path Delay:        0.458ns  (logic 0.141ns (30.786%)  route 0.317ns (69.214%))
  Logic Levels:           0  
  Clock Path Skew:        0.022ns (DCD - SCD - CPR)
    Destination Clock Delay (DCD):    0.432ns
    Source Clock Delay      (SCD):    0.410ns
    Clock Pessimism Removal (CPR):    -0.000ns

    Location             Delay type                Incr(ns)  Path(ns)    Netlist Resource(s)
  -------------------------------------------------------------------    -------------------
                         (clock aclk rise edge)       0.000     0.000 r  <hidden>
                                                      0.000     0.000 r  aclk
                         net (fo=1345, unset)         0.410     0.410    aclk
    SLICE_X106Y93        FDRE                                         r  col_in_reg[0]_rep__3/C
  -------------------------------------------------------------------    -------------------
    SLICE_X106Y93        FDRE (Prop_fdre_C_Q)         0.141     0.551 r  col_in_reg[0]_rep__3/Q
                         net (fo=229, routed)         0.317     0.868    lb1_reg_1664_1791_7_7/A0
    SLICE_X108Y94        RAMD64E                                      r  lb1_reg_1664_1791_7_7/SP.LOW/WADR0
  -------------------------------------------------------------------    -------------------

                         (clock aclk rise edge)       0.000     0.000 r  <hidden>
                                                      0.000     0.000 r  aclk
                         net (fo=1345, unset)         0.432     0.432    lb1_reg_1664_1791_7_7/WCLK
    SLICE_X108Y94        RAMD64E                                      r  lb1_reg_1664_1791_7_7/SP.LOW/CLK
                         clock pessimism              0.000     0.432    <hidden>
    SLICE_X108Y94        RAMD64E (Hold_ramd64e_CLK_WADR0)
                                                      0.310     0.742    lb1_reg_1664_1791_7_7/SP.LOW
  -------------------------------------------------------------------
                         required time                         -0.742    <hidden>
                         arrival time                           0.868    <hidden>
  -------------------------------------------------------------------
                         slack                                  0.126    <hidden>

Slack (MET) :             0.144ns  (arrival time - required time)
  Source:                 rowp_q_reg[4]/C
                            (rising edge-triggered cell FDRE clocked by aclk  {rise@0.000ns fall@3.367ns period=6.734ns})
  Destination:            row1_q_reg[4]/D
                            (rising edge-triggered cell FDRE clocked by aclk  {rise@0.000ns fall@3.367ns period=6.734ns})
  Path Group:             aclk
  Path Type:              Hold (Min at Fast Process Corner)
  Requirement:            0.000ns  (aclk rise@0.000ns - aclk rise@0.000ns)
  Data Path Delay:        0.241ns  (logic 0.141ns (58.505%)  route 0.100ns (41.495%))
  Logic Levels:           0  
  Clock Path Skew:        0.022ns (DCD - SCD - CPR)
    Destination Clock Delay (DCD):    0.432ns
    Source Clock Delay      (SCD):    0.410ns
    Clock Pessimism Removal (CPR):    -0.000ns

    Location             Delay type                Incr(ns)  Path(ns)    Netlist Resource(s)
  -------------------------------------------------------------------    -------------------
                         (clock aclk rise edge)       0.000     0.000 r  <hidden>
                                                      0.000     0.000 r  aclk
                         net (fo=1345, unset)         0.410     0.410    aclk
    SLICE_X85Y103        FDRE                                         r  rowp_q_reg[4]/C
  -------------------------------------------------------------------    -------------------
    SLICE_X85Y103        FDRE (Prop_fdre_C_Q)         0.141     0.551 r  rowp_q_reg[4]/Q
                         net (fo=1, routed)           0.100     0.651    rowp_q[4]
    SLICE_X83Y103        FDRE                                         r  row1_q_reg[4]/D
  -------------------------------------------------------------------    -------------------

                         (clock aclk rise edge)       0.000     0.000 r  <hidden>
                                                      0.000     0.000 r  aclk
                         net (fo=1345, unset)         0.432     0.432    aclk
    SLICE_X83Y103        FDRE                                         r  row1_q_reg[4]/C
                         clock pessimism              0.000     0.432    <hidden>
    SLICE_X83Y103        FDRE (Hold_fdre_C_D)         0.075     0.507    row1_q_reg[4]
  -------------------------------------------------------------------
                         required time                         -0.507    <hidden>
                         arrival time                           0.651    <hidden>
  -------------------------------------------------------------------
                         slack                                  0.144    <hidden>

Slack (MET) :             0.148ns  (arrival time - required time)
  Source:                 rowp_q_reg[5]/C
                            (rising edge-triggered cell FDRE clocked by aclk  {rise@0.000ns fall@3.367ns period=6.734ns})
  Destination:            row1_q_reg[5]/D
                            (rising edge-triggered cell FDRE clocked by aclk  {rise@0.000ns fall@3.367ns period=6.734ns})
  Path Group:             aclk
  Path Type:              Hold (Min at Fast Process Corner)
  Requirement:            0.000ns  (aclk rise@0.000ns - aclk rise@0.000ns)
  Data Path Delay:        0.241ns  (logic 0.141ns (58.505%)  route 0.100ns (41.495%))
  Logic Levels:           0  
  Clock Path Skew:        0.022ns (DCD - SCD - CPR)
    Destination Clock Delay (DCD):    0.432ns
    Source Clock Delay      (SCD):    0.410ns
    Clock Pessimism Removal (CPR):    -0.000ns

    Location             Delay type                Incr(ns)  Path(ns)    Netlist Resource(s)
  -------------------------------------------------------------------    -------------------
                         (clock aclk rise edge)       0.000     0.000 r  <hidden>
                                                      0.000     0.000 r  aclk
                         net (fo=1345, unset)         0.410     0.410    aclk
    SLICE_X85Y103        FDRE                                         r  rowp_q_reg[5]/C
  -------------------------------------------------------------------    -------------------
    SLICE_X85Y103        FDRE (Prop_fdre_C_Q)         0.141     0.551 r  rowp_q_reg[5]/Q
                         net (fo=1, routed)           0.100     0.651    rowp_q[5]
    SLICE_X83Y103        FDRE                                         r  row1_q_reg[5]/D
  -------------------------------------------------------------------    -------------------

                         (clock aclk rise edge)       0.000     0.000 r  <hidden>
                                                      0.000     0.000 r  aclk
                         net (fo=1345, unset)         0.432     0.432    aclk
    SLICE_X83Y103        FDRE                                         r  row1_q_reg[5]/C
                         clock pessimism              0.000     0.432    <hidden>
    SLICE_X83Y103        FDRE (Hold_fdre_C_D)         0.071     0.503    row1_q_reg[5]
  -------------------------------------------------------------------
                         required time                         -0.503    <hidden>
                         arrival time                           0.651    <hidden>
  -------------------------------------------------------------------
                         slack                                  0.148    <hidden>

Slack (MET) :             0.149ns  (arrival time - required time)
  Source:                 rowp_q_reg[8]/C
                            (rising edge-triggered cell FDRE clocked by aclk  {rise@0.000ns fall@3.367ns period=6.734ns})
  Destination:            row1_q_reg[8]/D
                            (rising edge-triggered cell FDRE clocked by aclk  {rise@0.000ns fall@3.367ns period=6.734ns})
  Path Group:             aclk
  Path Type:              Hold (Min at Fast Process Corner)
  Requirement:            0.000ns  (aclk rise@0.000ns - aclk rise@0.000ns)
  Data Path Delay:        0.241ns  (logic 0.141ns (58.505%)  route 0.100ns (41.495%))
  Logic Levels:           0  
  Clock Path Skew:        0.022ns (DCD - SCD - CPR)
    Destination Clock Delay (DCD):    0.432ns
    Source Clock Delay      (SCD):    0.410ns
    Clock Pessimism Removal (CPR):    -0.000ns

    Location             Delay type                Incr(ns)  Path(ns)    Netlist Resource(s)
  -------------------------------------------------------------------    -------------------
                         (clock aclk rise edge)       0.000     0.000 r  <hidden>
                                                      0.000     0.000 r  aclk
                         net (fo=1345, unset)         0.410     0.410    aclk
    SLICE_X85Y101        FDRE                                         r  rowp_q_reg[8]/C
  -------------------------------------------------------------------    -------------------
    SLICE_X85Y101        FDRE (Prop_fdre_C_Q)         0.141     0.551 r  rowp_q_reg[8]/Q
                         net (fo=1, routed)           0.100     0.651    rowp_q[8]
    SLICE_X83Y101        FDRE                                         r  row1_q_reg[8]/D
  -------------------------------------------------------------------    -------------------

                         (clock aclk rise edge)       0.000     0.000 r  <hidden>
                                                      0.000     0.000 r  aclk
                         net (fo=1345, unset)         0.432     0.432    aclk
    SLICE_X83Y101        FDRE                                         r  row1_q_reg[8]/C
                         clock pessimism              0.000     0.432    <hidden>
    SLICE_X83Y101        FDRE (Hold_fdre_C_D)         0.070     0.502    row1_q_reg[8]
  -------------------------------------------------------------------
                         required time                         -0.502    <hidden>
                         arrival time                           0.651    <hidden>
  -------------------------------------------------------------------
                         slack                                  0.149    <hidden>

Slack (MET) :             0.159ns  (arrival time - required time)
  Source:                 t1_m_reg[2]/C
                            (rising edge-triggered cell FDRE clocked by aclk  {rise@0.000ns fall@3.367ns period=6.734ns})
  Destination:            t0_m_reg[2]/D
                            (rising edge-triggered cell FDRE clocked by aclk  {rise@0.000ns fall@3.367ns period=6.734ns})
  Path Group:             aclk
  Path Type:              Hold (Min at Fast Process Corner)
  Requirement:            0.000ns  (aclk rise@0.000ns - aclk rise@0.000ns)
  Data Path Delay:        0.244ns  (logic 0.141ns (57.827%)  route 0.103ns (42.173%))
  Logic Levels:           0  
  Clock Path Skew:        0.022ns (DCD - SCD - CPR)
    Destination Clock Delay (DCD):    0.432ns
    Source Clock Delay      (SCD):    0.410ns
    Clock Pessimism Removal (CPR):    -0.000ns

    Location             Delay type                Incr(ns)  Path(ns)    Netlist Resource(s)
  -------------------------------------------------------------------    -------------------
                         (clock aclk rise edge)       0.000     0.000 r  <hidden>
                                                      0.000     0.000 r  aclk
                         net (fo=1345, unset)         0.410     0.410    aclk
    SLICE_X88Y88         FDRE                                         r  t1_m_reg[2]/C
  -------------------------------------------------------------------    -------------------
    SLICE_X88Y88         FDRE (Prop_fdre_C_Q)         0.141     0.551 r  t1_m_reg[2]/Q
                         net (fo=3, routed)           0.103     0.654    t1_m[2]
    SLICE_X86Y88         FDRE                                         r  t0_m_reg[2]/D
  -------------------------------------------------------------------    -------------------

                         (clock aclk rise edge)       0.000     0.000 r  <hidden>
                                                      0.000     0.000 r  aclk
                         net (fo=1345, unset)         0.432     0.432    aclk
    SLICE_X86Y88         FDRE                                         r  t0_m_reg[2]/C
                         clock pessimism              0.000     0.432    <hidden>
    SLICE_X86Y88         FDRE (Hold_fdre_C_D)         0.063     0.495    t0_m_reg[2]
  -------------------------------------------------------------------
                         required time                         -0.495    <hidden>
                         arrival time                           0.654    <hidden>
  -------------------------------------------------------------------
                         slack                                  0.159    <hidden>

Slack (MET) :             0.163ns  (arrival time - required time)
  Source:                 row_out_reg[14]/C
                            (rising edge-triggered cell FDRE clocked by aclk  {rise@0.000ns fall@3.367ns period=6.734ns})
  Destination:            rowp_q_reg[14]/D
                            (rising edge-triggered cell FDRE clocked by aclk  {rise@0.000ns fall@3.367ns period=6.734ns})
  Path Group:             aclk
  Path Type:              Hold (Min at Fast Process Corner)
  Requirement:            0.000ns  (aclk rise@0.000ns - aclk rise@0.000ns)
  Data Path Delay:        0.255ns  (logic 0.141ns (55.353%)  route 0.114ns (44.647%))
  Logic Levels:           0  
  Clock Path Skew:        0.022ns (DCD - SCD - CPR)
    Destination Clock Delay (DCD):    0.432ns
    Source Clock Delay      (SCD):    0.410ns
    Clock Pessimism Removal (CPR):    -0.000ns

    Location             Delay type                Incr(ns)  Path(ns)    Netlist Resource(s)
  -------------------------------------------------------------------    -------------------
                         (clock aclk rise edge)       0.000     0.000 r  <hidden>
                                                      0.000     0.000 r  aclk
                         net (fo=1345, unset)         0.410     0.410    aclk
    SLICE_X84Y104        FDRE                                         r  row_out_reg[14]/C
  -------------------------------------------------------------------    -------------------
    SLICE_X84Y104        FDRE (Prop_fdre_C_Q)         0.141     0.551 r  row_out_reg[14]/Q
                         net (fo=3, routed)           0.114     0.665    row_out_reg_n_0_[14]
    SLICE_X83Y104        FDRE                                         r  rowp_q_reg[14]/D
  -------------------------------------------------------------------    -------------------

                         (clock aclk rise edge)       0.000     0.000 r  <hidden>
                                                      0.000     0.000 r  aclk
                         net (fo=1345, unset)         0.432     0.432    aclk
    SLICE_X83Y104        FDRE                                         r  rowp_q_reg[14]/C
                         clock pessimism              0.000     0.432    <hidden>
    SLICE_X83Y104        FDRE (Hold_fdre_C_D)         0.070     0.502    rowp_q_reg[14]
  -------------------------------------------------------------------
                         required time                         -0.502    <hidden>
                         arrival time                           0.665    <hidden>
  -------------------------------------------------------------------
                         slack                                  0.163    <hidden>





Pulse Width Checks
--------------------------------------------------------------------------------------
Clock Name:         aclk
Waveform(ns):       { 0.000 3.367 }
Period(ns):         6.734
Sources:            { aclk }

Check Type        Corner  Lib Pin      Reference Pin  Required(ns)  Actual(ns)  Slack(ns)  Location       Pin
Min Period        n/a     FDRE/C       n/a            1.000         6.734       5.734      SLICE_X89Y98   FSM_onehot_state_reg[0]/C
Min Period        n/a     FDSE/C       n/a            1.000         6.734       5.734      SLICE_X87Y99   FSM_onehot_state_reg[1]/C
Min Period        n/a     FDRE/C       n/a            1.000         6.734       5.734      SLICE_X87Y99   FSM_onehot_state_reg[2]/C
Min Period        n/a     FDRE/C       n/a            1.000         6.734       5.734      SLICE_X89Y98   FSM_onehot_state_reg[3]/C
Min Period        n/a     FDRE/C       n/a            1.000         6.734       5.734      SLICE_X84Y95   cc1_q_reg[0]/C
Min Period        n/a     FDRE/C       n/a            1.000         6.734       5.734      SLICE_X82Y96   cc1_q_reg[10]/C
Min Period        n/a     FDRE/C       n/a            1.000         6.734       5.734      SLICE_X83Y96   cc1_q_reg[1]/C
Min Period        n/a     FDRE/C       n/a            1.000         6.734       5.734      SLICE_X83Y96   cc1_q_reg[2]/C
Min Period        n/a     FDRE/C       n/a            1.000         6.734       5.734      SLICE_X84Y95   cc1_q_reg[3]/C
Min Period        n/a     FDRE/C       n/a            1.000         6.734       5.734      SLICE_X83Y96   cc1_q_reg[4]/C
Min Period        n/a     FDRE/C       n/a            1.000         6.734       5.734      SLICE_X83Y96   cc1_q_reg[5]/C
Min Period        n/a     FDRE/C       n/a            1.000         6.734       5.734      SLICE_X83Y96   cc1_q_reg[6]/C
Min Period        n/a     FDRE/C       n/a            1.000         6.734       5.734      SLICE_X82Y96   cc1_q_reg[7]/C
Min Period        n/a     FDRE/C       n/a            1.000         6.734       5.734      SLICE_X82Y96   cc1_q_reg[8]/C
Min Period        n/a     FDRE/C       n/a            1.000         6.734       5.734      SLICE_X82Y96   cc1_q_reg[9]/C
Min Period        n/a     FDRE/C       n/a            1.000         6.734       5.734      SLICE_X106Y89  col_ff_reg[0]/C
Min Period        n/a     FDRE/C       n/a            1.000         6.734       5.734      SLICE_X107Y90  col_ff_reg[0]_rep/C
Min Period        n/a     FDRE/C       n/a            1.000         6.734       5.734      SLICE_X107Y90  col_ff_reg[0]_rep__0/C
Min Period        n/a     FDRE/C       n/a            1.000         6.734       5.734      SLICE_X106Y83  col_ff_reg[0]_rep__1/C
Min Period        n/a     FDRE/C       n/a            1.000         6.734       5.734      SLICE_X101Y79  col_ff_reg[0]_rep__2/C
Min Period        n/a     FDRE/C       n/a            1.000         6.734       5.734      SLICE_X90Y71   col_ff_reg[0]_rep__3/C
Min Period        n/a     FDRE/C       n/a            1.000         6.734       5.734      SLICE_X91Y70   col_ff_reg[0]_rep__4/C
Min Period        n/a     FDRE/C       n/a            1.000         6.734       5.734      SLICE_X103Y72  col_ff_reg[0]_rep__5/C
Min Period        n/a     FDRE/C       n/a            1.000         6.734       5.734      SLICE_X101Y84  col_ff_reg[10]/C
Min Period        n/a     FDRE/C       n/a            1.000         6.734       5.734      SLICE_X99Y84   col_ff_reg[1]/C
Low Pulse Width   Slow    RAMD64E/CLK  n/a            1.250         3.367       2.117      SLICE_X96Y73   lb1_reg_0_127_0_0/DP.HIGH/CLK
Low Pulse Width   Fast    RAMD64E/CLK  n/a            1.250         3.367       2.117      SLICE_X96Y73   lb1_reg_0_127_0_0/DP.HIGH/CLK
Low Pulse Width   Slow    RAMD64E/CLK  n/a            1.250         3.367       2.117      SLICE_X96Y73   lb1_reg_0_127_0_0/DP.LOW/CLK
Low Pulse Width   Fast    RAMD64E/CLK  n/a            1.250         3.367       2.117      SLICE_X96Y73   lb1_reg_0_127_0_0/DP.LOW/CLK
Low Pulse Width   Slow    RAMD64E/CLK  n/a            1.250         3.367       2.117      SLICE_X96Y73   lb1_reg_0_127_0_0/SP.HIGH/CLK
Low Pulse Width   Fast    RAMD64E/CLK  n/a            1.250         3.367       2.117      SLICE_X96Y73   lb1_reg_0_127_0_0/SP.HIGH/CLK
Low Pulse Width   Slow    RAMD64E/CLK  n/a            1.250         3.367       2.117      SLICE_X96Y73   lb1_reg_0_127_0_0/SP.LOW/CLK
Low Pulse Width   Fast    RAMD64E/CLK  n/a            1.250         3.367       2.117      SLICE_X96Y73   lb1_reg_0_127_0_0/SP.LOW/CLK
Low Pulse Width   Slow    RAMD64E/CLK  n/a            1.250         3.367       2.117      SLICE_X92Y71   lb1_reg_0_127_1_1/DP.HIGH/CLK
Low Pulse Width   Fast    RAMD64E/CLK  n/a            1.250         3.367       2.117      SLICE_X92Y71   lb1_reg_0_127_1_1/DP.HIGH/CLK
Low Pulse Width   Slow    RAMD64E/CLK  n/a            1.250         3.367       2.117      SLICE_X92Y71   lb1_reg_0_127_1_1/DP.LOW/CLK
Low Pulse Width   Fast    RAMD64E/CLK  n/a            1.250         3.367       2.117      SLICE_X92Y71   lb1_reg_0_127_1_1/DP.LOW/CLK
Low Pulse Width   Slow    RAMD64E/CLK  n/a            1.250         3.367       2.117      SLICE_X92Y71   lb1_reg_0_127_1_1/SP.HIGH/CLK
Low Pulse Width   Fast    RAMD64E/CLK  n/a            1.250         3.367       2.117      SLICE_X92Y71   lb1_reg_0_127_1_1/SP.HIGH/CLK
Low Pulse Width   Slow    RAMD64E/CLK  n/a            1.250         3.367       2.117      SLICE_X92Y71   lb1_reg_0_127_1_1/SP.LOW/CLK
Low Pulse Width   Fast    RAMD64E/CLK  n/a            1.250         3.367       2.117      SLICE_X92Y71   lb1_reg_0_127_1_1/SP.LOW/CLK
Low Pulse Width   Slow    RAMD64E/CLK  n/a            1.250         3.367       2.117      SLICE_X94Y67   lb1_reg_0_127_2_2/DP.HIGH/CLK
Low Pulse Width   Fast    RAMD64E/CLK  n/a            1.250         3.367       2.117      SLICE_X94Y67   lb1_reg_0_127_2_2/DP.HIGH/CLK
Low Pulse Width   Slow    RAMD64E/CLK  n/a            1.250         3.367       2.117      SLICE_X94Y67   lb1_reg_0_127_2_2/DP.LOW/CLK
Low Pulse Width   Fast    RAMD64E/CLK  n/a            1.250         3.367       2.117      SLICE_X94Y67   lb1_reg_0_127_2_2/DP.LOW/CLK
Low Pulse Width   Slow    RAMD64E/CLK  n/a            1.250         3.367       2.117      SLICE_X94Y67   lb1_reg_0_127_2_2/SP.HIGH/CLK
Low Pulse Width   Fast    RAMD64E/CLK  n/a            1.250         3.367       2.117      SLICE_X94Y67   lb1_reg_0_127_2_2/SP.HIGH/CLK
Low Pulse Width   Slow    RAMD64E/CLK  n/a            1.250         3.367       2.117      SLICE_X94Y67   lb1_reg_0_127_2_2/SP.LOW/CLK
Low Pulse Width   Fast    RAMD64E/CLK  n/a            1.250         3.367       2.117      SLICE_X94Y67   lb1_reg_0_127_2_2/SP.LOW/CLK
Low Pulse Width   Slow    RAMD64E/CLK  n/a            1.250         3.367       2.117      SLICE_X100Y70  lb1_reg_0_127_3_3/DP.HIGH/CLK
High Pulse Width  Slow    RAMD64E/CLK  n/a            1.250         3.367       2.117      SLICE_X96Y73   lb1_reg_0_127_0_0/DP.HIGH/CLK
High Pulse Width  Fast    RAMD64E/CLK  n/a            1.250         3.367       2.117      SLICE_X96Y73   lb1_reg_0_127_0_0/DP.HIGH/CLK
High Pulse Width  Slow    RAMD64E/CLK  n/a            1.250         3.367       2.117      SLICE_X96Y73   lb1_reg_0_127_0_0/DP.LOW/CLK
High Pulse Width  Fast    RAMD64E/CLK  n/a            1.250         3.367       2.117      SLICE_X96Y73   lb1_reg_0_127_0_0/DP.LOW/CLK
High Pulse Width  Slow    RAMD64E/CLK  n/a            1.250         3.367       2.117      SLICE_X96Y73   lb1_reg_0_127_0_0/SP.HIGH/CLK
High Pulse Width  Fast    RAMD64E/CLK  n/a            1.250         3.367       2.117      SLICE_X96Y73   lb1_reg_0_127_0_0/SP.HIGH/CLK
High Pulse Width  Slow    RAMD64E/CLK  n/a            1.250         3.367       2.117      SLICE_X96Y73   lb1_reg_0_127_0_0/SP.LOW/CLK
High Pulse Width  Fast    RAMD64E/CLK  n/a            1.250         3.367       2.117      SLICE_X96Y73   lb1_reg_0_127_0_0/SP.LOW/CLK
High Pulse Width  Slow    RAMD64E/CLK  n/a            1.250         3.367       2.117      SLICE_X92Y71   lb1_reg_0_127_1_1/DP.HIGH/CLK
High Pulse Width  Fast    RAMD64E/CLK  n/a            1.250         3.367       2.117      SLICE_X92Y71   lb1_reg_0_127_1_1/DP.HIGH/CLK
High Pulse Width  Slow    RAMD64E/CLK  n/a            1.250         3.367       2.117      SLICE_X92Y71   lb1_reg_0_127_1_1/DP.LOW/CLK
High Pulse Width  Fast    RAMD64E/CLK  n/a            1.250         3.367       2.117      SLICE_X92Y71   lb1_reg_0_127_1_1/DP.LOW/CLK
High Pulse Width  Slow    RAMD64E/CLK  n/a            1.250         3.367       2.117      SLICE_X92Y71   lb1_reg_0_127_1_1/SP.HIGH/CLK
High Pulse Width  Fast    RAMD64E/CLK  n/a            1.250         3.367       2.117      SLICE_X92Y71   lb1_reg_0_127_1_1/SP.HIGH/CLK
High Pulse Width  Slow    RAMD64E/CLK  n/a            1.250         3.367       2.117      SLICE_X92Y71   lb1_reg_0_127_1_1/SP.LOW/CLK
High Pulse Width  Fast    RAMD64E/CLK  n/a            1.250         3.367       2.117      SLICE_X92Y71   lb1_reg_0_127_1_1/SP.LOW/CLK
High Pulse Width  Slow    RAMD64E/CLK  n/a            1.250         3.367       2.117      SLICE_X94Y67   lb1_reg_0_127_2_2/DP.HIGH/CLK
High Pulse Width  Fast    RAMD64E/CLK  n/a            1.250         3.367       2.117      SLICE_X94Y67   lb1_reg_0_127_2_2/DP.HIGH/CLK
High Pulse Width  Slow    RAMD64E/CLK  n/a            1.250         3.367       2.117      SLICE_X94Y67   lb1_reg_0_127_2_2/DP.LOW/CLK
High Pulse Width  Fast    RAMD64E/CLK  n/a            1.250         3.367       2.117      SLICE_X94Y67   lb1_reg_0_127_2_2/DP.LOW/CLK
High Pulse Width  Slow    RAMD64E/CLK  n/a            1.250         3.367       2.117      SLICE_X94Y67   lb1_reg_0_127_2_2/SP.HIGH/CLK
High Pulse Width  Fast    RAMD64E/CLK  n/a            1.250         3.367       2.117      SLICE_X94Y67   lb1_reg_0_127_2_2/SP.HIGH/CLK
High Pulse Width  Slow    RAMD64E/CLK  n/a            1.250         3.367       2.117      SLICE_X94Y67   lb1_reg_0_127_2_2/SP.LOW/CLK
High Pulse Width  Fast    RAMD64E/CLK  n/a            1.250         3.367       2.117      SLICE_X94Y67   lb1_reg_0_127_2_2/SP.LOW/CLK
High Pulse Width  Slow    RAMD64E/CLK  n/a            1.250         3.367       2.117      SLICE_X100Y70  lb1_reg_0_127_3_3/DP.HIGH/CLK



